{"kaarfor.strasbourg":[{"target":"gnt.ventspils","urgency":0,"shortest_distance_km":1795,"ferry_time":0,"ferry_price":0,"cargo":"cargo.used_plast","company_truck":"scania_streamline_4x2_b","trailer_variant":"trailer.scs_dry_a","trailer_definition":"trailer_def.scs.box.single_3.dryvan","units_count":33,"fill_ratio":1,"trailer_place":0}],"transinet.cambridge":[{"target":"blt_ru.petersburg","urgency":0,"shortest_distance_km":2782,"ferry_time":35,"ferry_price":300,"cargo":"cargo.digger1000","company_truck":"daf_4x2_a","trailer_variant":"trailer.overweight.digger1000","trailer_definition":"trailer_def.digger1000.overweight.digger1000","units_count":100,"fill_ratio":1,"trailer_place":0}],"itcc.liege":[{"target":"lkwlog.luxembourg","urgency":2,"shortest_distance_km":147,"ferry_time":0,"ferry_price":0,"cargo":"cargo.concr_beams2","company_truck":"man_6x4_b","trailer_variant":"trailer.scs_flat_c_g","trailer_definition":"trailer_def.scs.flatbed.single_3.container","units_count":2,"fill_ratio":1,"trailer_place":0}],"transinet.szczecin":[{"target":"suprema.lahti","urgency":0,"shortest_distance_km":1433,"ferry_time":150,"ferry_price":430,"cargo":"cargo.oranges","company_truck":"daf_4x2_a","trailer_variant":"trailer.scs_ins","trailer_definition":"trailer_def.scs.box.single_3.insulated","units_count":33,"fill_ratio":1,"trailer_place":0}],"sellplan.prague":[{"target":"rosmark.liepaja","urgency":0,"shortest_distance_km":1181,"ferry_time":0,"ferry_price":0,"cargo":"cargo.used_plast","company_truck":"iveco_4x2_c","trailer_variant":"trailer.scs_dry_ms","trailer_definition":"trailer_def.scs.box.single_3.dryvan_m","units_count":33,"fill_ratio":1,"trailer_place":0}],"tradeaux.prague":[{"target":"rosmark.riga","urgency":0,"shortest_distance_km":1242,"ferry_time":0,"ferry_price":0,"cargo":"cargo.flour","company_truck":"mercedes_6x4_a","trailer_variant":"trailer.scs_dry","trailer_definition":"trailer_def.scs.box.single_3.dryvan","units_count":33,"fill_ratio":1,"trailer_place":0}],"sellplan.sheffield":[{"target":"nch.turku","urgency":0,"shortest_distance_km":1191,"ferry_time":1680,"ferry_price":2484,"cargo":"cargo.used_packag","company_truck":"mercedes_4x2_a","trailer_variant":"trailer.scs_dry","trailer_definition":"trailer_def.scs.box.single_3.dryvan","units_count":33,"fill_ratio":1,"trailer_place":0}],"eurogoodies.cardiff":[{"target":"suprema_ru.pskov","urgency":0,"shortest_distance_km":2637,"ferry_time":35,"ferry_price":300,"cargo":"cargo.nuts","company_truck":"scania_4x2_b","trailer_variant":"trailer.scs_curt_s","trailer_definition":"trailer_def.scs.box.single_3.curtain","units_count":33,"fill_ratio":1,"trailer_place":0}],"tradeaux.grimsby":[{"target":"lkwlog.manchester","urgency":1,"shortest_distance_km":199,"ferry_time":0,"ferry_price":0,"cargo":"cargo.train_part","company_truck":"renault_magnum_6x4_a","trailer_variant":"trailer.scs_flat_c_g","trailer_definition":"trailer_def.scs.flatbed.single_3.container","units_count":2,"fill_ratio":1,"trailer_place":0}],"nbfc.berlin":[{"target":"ns_chem_ru.luga","urgency":1,"shortest_distance_km":1418,"ferry_time":0,"ferry_price":0,"cargo":"cargo.chemicals","company_truck":"mercedes_actros_2014_4x2_b","trailer_variant":"trailer.chcistern","trailer_definition":"trailer_def.chemicals.chcistern","units_count":100,"fill_ratio":1,"trailer_place":0}],"itcc.glasgow":[{"target":"lkwlog.duisburg","urgency":2,"shortest_distance_km":1398,"ferry_time":35,"ferry_price":300,"cargo":"cargo.concr_stair","company_truck":"scania_r_6x2_450","trailer_variant":"trailer.scs_flat_b","trailer_definition":"trailer_def.scs.flatbed.single_3.flatbed_w","units_count":2,"fill_ratio":1,"trailer_place":0}],"lkwlog.stuttgart":[{"target":"tradeaux.paris","urgency":2,"shortest_distance_km":668,"ferry_time":0,"ferry_price":0,"cargo":"cargo.concr_beams2","company_truck":"scania_s_6x4_730","trailer_variant":"trailer.scs_flat_r","trailer_definition":"trailer_def.scs.flatbed.single_3.flatbed_w","units_count":2,"fill_ratio":1,"trailer_place":0}],"itcc.sheffield":[{"target":"cemelt_win.liepaja","urgency":2,"shortest_distance_km":2418,"ferry_time":35,"ferry_price":300,"cargo":"cargo.concr_stair","company_truck":"iveco_4x2_b","trailer_variant":"trailer.scs_flat_b","trailer_definition":"trailer_def.scs.flatbed.single_3.flatbed_w","units_count":2,"fill_ratio":1,"trailer_place":0}],"posped.verona":[{"target":"cargotras.milano","urgency":2,"shortest_distance_km":177,"ferry_time":0,"ferry_price":0,"cargo":"cargo.concr_beams2","company_truck":"scania_streamline_4x2_b","trailer_variant":"trailer.scs_flat_c_r","trailer_definition":"trailer_def.scs.flatbed.single_3.container","units_count":2,"fill_ratio":1,"trailer_place":0}],"radus.kouvola":[{"target":"blt_ru.petersburg","urgency":0,"shortest_distance_km":348,"ferry_time":0,"ferry_price":0,"cargo":"cargo.digger1000","company_truck":"renault_t_4x2","trailer_variant":"trailer.overweight.digger1000","trailer_definition":"trailer_def.digger1000.overweight.digger1000","units_count":100,"fill_ratio":1,"trailer_place":0},{"target":"sal_fi.helsinki","urgency":2,"shortest_distance_km":242,"ferry_time":0,"ferry_price":0,"cargo":"cargo.emptytank","company_truck":"renault_premium_6x4_a","trailer_variant":"trailer.scs_flat_c_g","trailer_definition":"trailer_def.scs.flatbed.single_3.container","units_count":2,"fill_ratio":1,"trailer_place":0},{"target":"baltomorsk.kaunas","urgency":1,"shortest_distance_km":803,"ferry_time":150,"ferry_price":430,"cargo":"cargo.diggers","company_truck":"daf_xf_euro6_6x4_c","trailer_variant":"trailer.overweight.digger","trailer_definition":"trailer_def.diggers.overweight.digger","units_count":98,"fill_ratio":1,"trailer_place":0}],"nosko.klaipeda":[{"target":"nch_ru.petersburg","urgency":1,"shortest_distance_km":804,"ferry_time":0,"ferry_price":0,"cargo":"cargo.vinegar","company_truck":"scania_s_4x2_370","trailer_variant":"trailer.scs_dry","trailer_definition":"trailer_def.scs.box.single_3.dryvan","units_count":33,"fill_ratio":1,"trailer_place":0}],"baltomorsk.kaunas":[{"target":"domdepo.utena","urgency":1,"shortest_distance_km":163,"ferry_time":0,"ferry_price":0,"cargo":"cargo.logs","company_truck":"scania_streamline_4x2_c","trailer_variant":"trailer.scs_log","trailer_definition":"trailer_def.scs.log.single_3.steel","units_count":2,"fill_ratio":1,"trailer_place":0}],"aerobalt_ru.petersburg":[{"target":"renar.narva","urgency":0,"shortest_distance_km":163,"ferry_time":0,"ferry_price":0,"cargo":"cargo.med_equip","company_truck":"man_tgx_euro6_4x2_xxl","trailer_variant":"trailer.scs_curt_a","trailer_definition":"trailer_def.scs.box.single_3.curtain","units_count":33,"fill_ratio":1,"trailer_place":0}],"ns_chem.riga":[{"target":"nch.tallinn","urgency":2,"shortest_distance_km":331,"ferry_time":0,"ferry_price":0,"cargo":"cargo.hchemicals","company_truck":"mercedes_4x2_c","trailer_variant":"trailer.chcistern","trailer_definition":"trailer_def.hchemicals.chcistern","units_count":100,"fill_ratio":1,"trailer_place":0},{"target":"nch.vilnius","urgency":0,"shortest_distance_km":283,"ferry_time":0,"ferry_price":0,"cargo":"cargo.mercuric","company_truck":"man_6x4_b","trailer_variant":"trailer.scs_gosck40","trailer_definition":"trailer_def.scs.gooseneck.singl_3e_40.container","units_count":80,"fill_ratio":1,"trailer_place":0}],"ns_chem.pori":[{"target":"bltmetal.pori","urgency":0,"shortest_distance_km":58,"ferry_time":0,"ferry_price":0,"cargo":"cargo.graph_grease","company_truck":"mercedes_4x2","trailer_variant":"trailer.scs_curt_s","trailer_definition":"trailer_def.scs.box.single_3.curtain","units_count":33,"fill_ratio":1,"trailer_place":0},{"target":"onnelik.parnu","urgency":2,"shortest_distance_km":457,"ferry_time":150,"ferry_price":430,"cargo":"cargo.pesticide","company_truck":"mercedes_actros_2014_4x2_c","trailer_variant":"trailer.scs_flat_c_r","trailer_definition":"trailer_def.scs.flatbed.single_3.container","units_count":87,"fill_ratio":1,"trailer_place":0}],"ukko.loviisa":[{"target":"kamen_ru.vyborg","urgency":2,"shortest_distance_km":230,"ferry_time":0,"ferry_price":0,"cargo":"cargo.excavator","company_truck":"man_tgx_euro6_4x2_xxl","trailer_variant":"trailer.overweight.excavator","trailer_definition":"trailer_def.excavator.overweight.excavator","units_count":94,"fill_ratio":1,"trailer_place":0}],"gnt.valmiera":[{"target":"blt.paldiski","urgency":0,"shortest_distance_km":355,"ferry_time":0,"ferry_price":0,"cargo":"cargo.honey","company_truck":"scania_r_6x2_450","trailer_variant":"trailer.scs_curt_a","trailer_definition":"trailer_def.scs.box.single_3.curtain","units_count":33,"fill_ratio":1,"trailer_place":0}],"suprema.tampere":[{"target":"sal_fi.helsinki","urgency":0,"shortest_distance_km":242,"ferry_time":0,"ferry_price":0,"cargo":"cargo.used_plast","company_truck":"scania_r_4x2_370","trailer_variant":"trailer.scs_dry_m","trailer_definition":"trailer_def.scs.box.single_3.dryvan_m","units_count":33,"fill_ratio":1,"trailer_place":0}],"rosmark.rezekne":[{"target":"suprema.rezekne","urgency":1,"shortest_distance_km":83,"ferry_time":0,"ferry_price":0,"cargo":"cargo.cauliflower","company_truck":"scania_s_6x2_450","trailer_variant":"trailer.scs_curt","trailer_definition":"trailer_def.scs.box.single_3.curtain","units_count":33,"fill_ratio":1,"trailer_place":0},{"target":"baltomors_ru.pskov","urgency":0,"shortest_distance_km":145,"ferry_time":0,"ferry_price":0,"cargo":"cargo.digger1000","company_truck":"mercedes_4x2_c","trailer_variant":"trailer.overweight.digger1000","trailer_definition":"trailer_def.digger1000.overweight.digger1000","units_count":100,"fill_ratio":1,"trailer_place":0}],"blt_ru.petersburg":[{"target":"renar.narva","urgency":1,"shortest_distance_km":211,"ferry_time":0,"ferry_price":0,"cargo":"cargo.tomatoes","company_truck":"daf_4x2_a","trailer_variant":"trailer.scs_ref_a","trailer_definition":"trailer_def.scs.box.single_3.reefer","units_count":33,"fill_ratio":1,"trailer_place":0},{"target":"rosmark_ru.luga","urgency":0,"shortest_distance_km":183,"ferry_time":0,"ferry_price":0,"cargo":"cargo.icecream","company_truck":"daf_xf_euro6_4x2_c","trailer_variant":"trailer.scs_ref_a","trailer_definition":"trailer_def.scs.box.single_3.reefer","units_count":33,"fill_ratio":1,"trailer_place":0}],"sal_fi.helsinki":[{"target":"nch.turku","urgency":0,"shortest_distance_km":203,"ferry_time":0,"ferry_price":0,"cargo":"cargo.used_plast","company_truck":"man_6x4_b","trailer_variant":"trailer.scs_dry_2","trailer_definition":"trailer_def.scs.box.double_3_2.dryvan","units_count":53,"fill_ratio":1,"trailer_place":0}],"onnelik_a.tartu":[{"target":"nch.vilnius","urgency":0,"shortest_distance_km":545,"ferry_time":0,"ferry_price":0,"cargo":"cargo.milk_t","company_truck":"scania_r_4x2_520","trailer_variant":"trailer.scs_fodt","trailer_definition":"trailer_def.scs.foodtank.single_3.paint","units_count":23,"fill_ratio":1,"trailer_place":0}],"agrominta_a.utena":[{"target":"suprema.panevezys","urgency":1,"shortest_distance_km":166,"ferry_time":0,"ferry_price":0,"cargo":"cargo.beef_meat","company_truck":"mercedes_4x2_b","trailer_variant":"trailer.scs_ref_s","trailer_definition":"trailer_def.scs.box.single_3.reefer","units_count":33,"fill_ratio":1,"trailer_place":0},{"target":"blt.siauliai","urgency":1,"shortest_distance_km":201,"ferry_time":0,"ferry_price":0,"cargo":"cargo.cheese","company_truck":"mercedes_4x2","trailer_variant":"trailer.scs_ref_a","trailer_definition":"trailer_def.scs.box.single_3.reefer","units_count":33,"fill_ratio":1,"trailer_place":0}],"ibp.helsinki":[{"target":"ns_oil.tallinn","urgency":2,"shortest_distance_km":214,"ferry_time":150,"ferry_price":430,"cargo":"cargo.lpg","company_truck":"scania_r_4x2_520","trailer_variant":"trailer.fuel_cistern","trailer_definition":"trailer_def.lpg.fuel_cistern","units_count":100,"fill_ratio":1,"trailer_place":0}],"nch_ru.petersburg":[{"target":"baltomors_ru.petersburg","urgency":2,"shortest_distance_km":158,"ferry_time":0,"ferry_price":0,"cargo":"cargo.kerosene","company_truck":"man_6x4_b","trailer_variant":"trailer.willig.fuel_cistern","trailer_definition":"trailer_def.kerosene.willig.fuel_cistern","units_count":100,"fill_ratio":1,"trailer_place":0},{"target":"renar.lahti","urgency":2,"shortest_distance_km":457,"ferry_time":0,"ferry_price":0,"cargo":"cargo.hipresstank","company_truck":"scania_r_6x4_650","trailer_variant":"trailer.scs_flat_b","trailer_definition":"trailer_def.scs.flatbed.single_3.flatbed_w","units_count":2,"fill_ratio":1,"trailer_place":0}],"lvr.riga":[{"target":"sal_fi.helsinki","urgency":1,"shortest_distance_km":378,"ferry_time":150,"ferry_price":430,"cargo":"cargo.train_part","company_truck":"man_6x4_b","trailer_variant":"trailer.scs_flat_c_r","trailer_definition":"trailer_def.scs.flatbed.single_3.container","units_count":2,"fill_ratio":1,"trailer_place":0}],"gnt.ventspils":[{"target":"renar.kotka","urgency":2,"shortest_distance_km":733,"ferry_time":150,"ferry_price":430,"cargo":"cargo.empty_palet","company_truck":"mercedes_4x2_c","trailer_variant":"trailer.scs_curt","trailer_definition":"trailer_def.scs.box.single_3.curtain","units_count":33,"fill_ratio":1,"trailer_place":0}],"ika_bohag.vilnius":[{"target":"ns_oil.paldiski","urgency":2,"shortest_distance_km":521,"ferry_time":0,"ferry_price":0,"cargo":"cargo.empty_palet","company_truck":"scania_streamline_6x4_a","trailer_variant":"trailer.scs_dry_m","trailer_definition":"trailer_def.scs.box.single_3.dryvan_m","units_count":32,"fill_ratio":1,"trailer_place":0},{"target":"nch.vilnius","urgency":0,"shortest_distance_km":2,"ferry_time":0,"ferry_price":0,"cargo":"cargo.used_packag","company_truck":"scania_4x2_b","trailer_variant":"trailer.scs_dry_a","trailer_definition":"trailer_def.scs.box.single_3.dryvan","units_count":33,"fill_ratio":1,"trailer_place":0}],"nch.kouvola":[{"target":"blt.kaunas","urgency":0,"shortest_distance_km":838,"ferry_time":150,"ferry_price":430,"cargo":"cargo.outdr_flr_tl","company_truck":"scania_s_4x2_580","trailer_variant":"trailer.scs_curt","trailer_definition":"trailer_def.scs.box.single_3.curtain","units_count":33,"fill_ratio":1,"trailer_place":0}],"fintyre.tampere":[{"target":"sal_fi.helsinki","urgency":1,"shortest_distance_km":237,"ferry_time":0,"ferry_price":0,"cargo":"cargo.tyres","company_truck":"double/mercedes_4x2_a","trailer_variant":"trailer.scs_curt_b2","trailer_definition":"trailer_def.scs.box.bdouble_3_3.curtain","units_count":53,"fill_ratio":1,"trailer_place":0}],"nch.riga":[{"target":"blt.kaunas","urgency":2,"shortest_distance_km":286,"ferry_time":0,"ferry_price":0,"cargo":"cargo.scrap_metals","company_truck":"man_6x4_b","trailer_variant":"trailer.s_ki_solid.cover","trailer_definition":"trailer_def.scrap_metals.s_ki_solid.cover","units_count":100,"fill_ratio":1,"trailer_place":0}],"ns_chem_ru.luga":[{"target":"nch.turku","urgency":0,"shortest_distance_km":757,"ferry_time":0,"ferry_price":0,"cargo":"cargo.cyanide","company_truck":"scania_streamline_4x2_b","trailer_variant":"trailer.scs_gosck20","trailer_definition":"trailer_def.scs.gooseneck.singl_3e_20.container","units_count":40,"fill_ratio":1,"trailer_place":0},{"target":"ns_chem.riga","urgency":0,"shortest_distance_km":369,"ferry_time":0,"ferry_price":0,"cargo":"cargo.hmetal","company_truck":"mercedes_6x2_b","trailer_variant":"trailer.scs_gosck20","trailer_definition":"trailer_def.scs.gooseneck.singl_3e_20.container","units_count":40,"fill_ratio":1,"trailer_place":0},{"target":"ns_oil_ru.pskov","urgency":2,"shortest_distance_km":131,"ferry_time":0,"ferry_price":0,"cargo":"cargo.empty_palet","company_truck":"mercedes_6x4_a","trailer_variant":"trailer.scs_dry","trailer_definition":"trailer_def.scs.box.single_3.dryvan","units_count":33,"fill_ratio":1,"trailer_place":0}],"gnt.vilnius":[{"target":"suprema.panevezys","urgency":0,"shortest_distance_km":138,"ferry_time":0,"ferry_price":0,"cargo":"cargo.mason_jars","company_truck":"renault_magnum_4x2_a","trailer_variant":"trailer.scs_dry_a","trailer_definition":"trailer_def.scs.box.single_3.dryvan","units_count":33,"fill_ratio":1,"trailer_place":0},{"target":"blt.utena","urgency":2,"shortest_distance_km":80,"ferry_time":0,"ferry_price":0,"cargo":"cargo.train_part2","company_truck":"mercedes_6x4_a","trailer_variant":"trailer.scs_flat_c_g","trailer_definition":"trailer_def.scs.flatbed.single_3.container","units_count":2,"fill_ratio":1,"trailer_place":0}],"bltmetal.siauliai":[{"target":"nch.vilnius","urgency":0,"shortest_distance_km":169,"ferry_time":0,"ferry_price":0,"cargo":"cargo.forklifts","company_truck":"scania_streamline_6x2_b","trailer_variant":"trailer.overweight.forklifts","trailer_definition":"trailer_def.forklifts.overweight.forklifts","units_count":100,"fill_ratio":1,"trailer_place":0},{"target":"ukko.loviisa","urgency":2,"shortest_distance_km":656,"ferry_time":150,"ferry_price":430,"cargo":"cargo.hipresstank","company_truck":"scania_streamline_6x2_b","trailer_variant":"trailer.scs_flat_c_g","trailer_definition":"trailer_def.scs.flatbed.single_3.container","units_count":2,"fill_ratio":1,"trailer_place":0},{"target":"blt.siauliai","urgency":1,"shortest_distance_km":1,"ferry_time":0,"ferry_price":0,"cargo":"cargo.train_part","company_truck":"renault_premium_4x2_c","trailer_variant":"trailer.scs_flat_b","trailer_definition":"trailer_def.scs.flatbed.single_3.flatbed_w","units_count":2,"fill_ratio":1,"trailer_place":0},{"target":"blt.siauliai","urgency":2,"shortest_distance_km":1,"ferry_time":0,"ferry_price":0,"cargo":"cargo.excavator","company_truck":"daf_xf_euro6_4x2_c","trailer_variant":"trailer.overweight.excavator","trailer_definition":"trailer_def.excavator.overweight.excavator","units_count":94,"fill_ratio":1,"trailer_place":0}],"suprema.parnu":[{"target":"renar.kotka","urgency":0,"shortest_distance_km":375,"ferry_time":150,"ferry_price":430,"cargo":"cargo.used_packag","company_truck":"mercedes_actros_2014_4x2_c","trailer_variant":"trailer.scs_dry_ms","trailer_definition":"trailer_def.scs.box.single_3.dryvan_m","units_count":33,"fill_ratio":1,"trailer_place":0},{"target":"renar.tallinn","urgency":2,"shortest_distance_km":96,"ferry_time":0,"ferry_price":0,"cargo":"cargo.empty_palet","company_truck":"renault_premium_6x2_a","trailer_variant":"trailer.scs_dry_ms","trailer_definition":"trailer_def.scs.box.single_3.dryvan_m","units_count":32,"fill_ratio":1,"trailer_place":0}],"egres.kouvola":[{"target":"sal_fi.kouvola","urgency":2,"shortest_distance_km":47,"ferry_time":0,"ferry_price":0,"cargo":"cargo.carrots_c","company_truck":"man_6x4_b","trailer_variant":"trailer.scs_gosck220","trailer_definition":"trailer_def.scs.gooseneck.singl_3e_220.container","units_count":30,"fill_ratio":1,"trailer_place":0},{"target":"nch.kouvola","urgency":0,"shortest_distance_km":27,"ferry_time":0,"ferry_price":0,"cargo":"cargo.cont_trees","company_truck":"scania_s_4x2_580","trailer_variant":"trailer.scs_dry_s","trailer_definition":"trailer_def.scs.box.single_3.dryvan","units_count":33,"fill_ratio":1,"trailer_place":0}],"egres.helsinki":[{"target":"nch.kouvola","urgency":0,"shortest_distance_km":305,"ferry_time":0,"ferry_price":0,"cargo":"cargo.cont_trees","company_truck":"scania_r_6x4_650","trailer_variant":"trailer.scs_curt_s","trailer_definition":"trailer_def.scs.box.single_3.curtain","units_count":33,"fill_ratio":1,"trailer_place":0},{"target":"suprema.lahti","urgency":0,"shortest_distance_km":252,"ferry_time":0,"ferry_price":0,"cargo":"cargo.plums","company_truck":"mercedes_4x2","trailer_variant":"trailer.scs_ref_s","trailer_definition":"trailer_def.scs.box.single_3.reefer","units_count":33,"fill_ratio":1,"trailer_place":0}],"ns_oil.tallinn":[{"target":"rosmark_ru.vyborg","urgency":0,"shortest_distance_km":428,"ferry_time":0,"ferry_price":0,"cargo":"cargo.petrol","company_truck":"daf_xf_euro6_4x2_b","trailer_variant":"trailer.fuel_cistern","trailer_definition":"trailer_def.petrol.fuel_cistern","units_count":100,"fill_ratio":1,"trailer_place":0},{"target":"ns_oil_ru.pskov","urgency":2,"shortest_distance_km":343,"ferry_time":0,"ferry_price":0,"cargo":"cargo.lpg","company_truck":"renault_t_4x2","trailer_variant":"trailer.fuel_cistern","trailer_definition":"trailer_def.lpg.fuel_cistern","units_count":100,"fill_ratio":1,"trailer_place":0},{"target":"blt.kunda","urgency":1,"shortest_distance_km":75,"ferry_time":0,"ferry_price":0,"cargo":"cargo.oil","company_truck":"mercedes_6x4_a","trailer_variant":"trailer.fuel_cistern","trailer_definition":"trailer_def.oil.fuel_cistern","units_count":100,"fill_ratio":1,"trailer_place":0}],"bltmetal.tallinn":[{"target":"cemelt_fla.valmiera","urgency":0,"shortest_distance_km":323,"ferry_time":0,"ferry_price":0,"cargo":"cargo.wallpanels","company_truck":"iveco_h_4x2_a","trailer_variant":"trailer.panel_trans.wall","trailer_definition":"trailer_def.wallpanels.panel_trans.wall","units_count":85,"fill_ratio":1,"trailer_place":0},{"target":"sal_fi.helsinki","urgency":1,"shortest_distance_km":142,"ferry_time":150,"ferry_price":430,"cargo":"cargo.floorpanels","company_truck":"daf_xf_euro6_4x2_b","trailer_variant":"trailer.panel_trans.floor","trailer_definition":"trailer_def.floorpanels.panel_trans.floor","units_count":82,"fill_ratio":1,"trailer_place":0}],"ukko.olkiluoto":[{"target":"baltomorsk.daugavpils","urgency":2,"shortest_distance_km":806,"ferry_time":150,"ferry_price":430,"cargo":"cargo.excavator","company_truck":"daf_xf_euro6_6x2_a","trailer_variant":"trailer.overweight.excavator","trailer_definition":"trailer_def.excavator.overweight.excavator","units_count":94,"fill_ratio":1,"trailer_place":0}],"polarislines.ventspils":[{"target":"nch.riga","urgency":1,"shortest_distance_km":226,"ferry_time":0,"ferry_price":0,"cargo":"cargo.tyres","company_truck":"scania_4x2_c","trailer_variant":"trailer.scs_curt","trailer_definition":"trailer_def.scs.box.single_3.curtain","units_count":33,"fill_ratio":1,"trailer_place":0},{"target":"renar.tampere","urgency":0,"shortest_distance_km":764,"ferry_time":150,"ferry_price":430,"cargo":"cargo.maple_syrup","company_truck":"man_6x4_b","trailer_variant":"trailer.scs_dry","trailer_definition":"trailer_def.scs.box.single_3.dryvan","units_count":33,"fill_ratio":1,"trailer_place":0}],"renar.kotka":[{"target":"ladoga.turku","urgency":2,"shortest_distance_km":375,"ferry_time":0,"ferry_price":0,"cargo":"cargo.vent_tube","company_truck":"renault_magnum_6x4_a","trailer_variant":"trailer.scs_flat_b","trailer_definition":"trailer_def.scs.flatbed.single_3.flatbed_w","units_count":2,"fill_ratio":1,"trailer_place":0}],"baltomors_ru.petersburg":[{"target":"onnelik_a.tartu","urgency":0,"shortest_distance_km":292,"ferry_time":0,"ferry_price":0,"cargo":"cargo.lumber","company_truck":"renault_premium_6x4_a","trailer_variant":"trailer.scs_flat_r","trailer_definition":"trailer_def.scs.flatbed.single_3.flatbed_w","units_count":2,"fill_ratio":1,"trailer_place":0}],"blt_yacht_ru.petersburg":[{"target":"gnt.klaipeda","urgency":0,"shortest_distance_km":871,"ferry_time":0,"ferry_price":0,"cargo":"cargo.princess","company_truck":"scania_s_6x2_450","trailer_variant":"trailer.overweight.boat","trailer_definition":"trailer_def.princess.overweight.boat","units_count":100,"fill_ratio":1,"trailer_place":0}],"suprema.panevezys":[{"target":"renar.parnu","urgency":0,"shortest_distance_km":298,"ferry_time":0,"ferry_price":0,"cargo":"cargo.used_packag","company_truck":"scania_4x2_b","trailer_variant":"trailer.scs_curt","trailer_definition":"trailer_def.scs.box.single_3.curtain","units_count":33,"fill_ratio":1,"trailer_place":0},{"target":"nch.riga","urgency":0,"shortest_distance_km":160,"ferry_time":0,"ferry_price":0,"cargo":"cargo.used_plast_c","company_truck":"mercedes_actros_2014_4x2_a","trailer_variant":"trailer.scs_gosck40","trailer_definition":"trailer_def.scs.gooseneck.singl_3e_40.container","units_count":30,"fill_ratio":1,"trailer_place":0}],"domdepo.valmiera":[{"target":"renar.kotka","urgency":2,"shortest_distance_km":597,"ferry_time":150,"ferry_price":430,"cargo":"cargo.chimney_syst","company_truck":"scania_s_6x4_730","trailer_variant":"trailer.scs_dry_s","trailer_definition":"trailer_def.scs.box.single_3.dryvan","units_count":33,"fill_ratio":1,"trailer_place":0}],"radus.tampere":[{"target":"cemelt_fla.valmiera","urgency":2,"shortest_distance_km":605,"ferry_time":150,"ferry_price":430,"cargo":"cargo.concr_beams2","company_truck":"daf_4x2_a","trailer_variant":"trailer.scs_flat_r","trailer_definition":"trailer_def.scs.flatbed.single_3.flatbed_w","units_count":2,"fill_ratio":1,"trailer_place":0},{"target":"sal_fi.helsinki","urgency":2,"shortest_distance_km":242,"ferry_time":0,"ferry_price":0,"cargo":"cargo.concr_stair","company_truck":"man_6x4_b","trailer_variant":"trailer.scs_flat_c_r","trailer_definition":"trailer_def.scs.flatbed.single_3.container","units_count":2,"fill_ratio":1,"trailer_place":0}],"ns_oil.klaipeda":[{"target":"baltomorsk.ventspils","urgency":2,"shortest_distance_km":193,"ferry_time":0,"ferry_price":0,"cargo":"cargo.lpg","company_truck":"man_tgx_euro6_4x2_xl","trailer_variant":"trailer.willig.fuel_cistern","trailer_definition":"trailer_def.lpg.willig.fuel_cistern","units_count":101,"fill_ratio":1,"trailer_place":0},{"target":"cont_port.klaipeda","urgency":0,"shortest_distance_km":5,"ferry_time":0,"ferry_price":0,"cargo":"cargo.motor_oil_c","company_truck":"renault_magnum_6x2_a","trailer_variant":"trailer.scs_gosck220","trailer_definition":"trailer_def.scs.gooseneck.singl_3e_220.container","units_count":30,"fill_ratio":1,"trailer_place":0}],"suprema.tartu":[{"target":"rosmark_ru.luga","urgency":0,"shortest_distance_km":319,"ferry_time":0,"ferry_price":0,"cargo":"cargo.used_plast","company_truck":"man_6x4_b","trailer_variant":"trailer.scs_dry_m","trailer_definition":"trailer_def.scs.box.single_3.dryvan_m","units_count":33,"fill_ratio":1,"trailer_place":0},{"target":"rosmark.rezekne","urgency":0,"shortest_distance_km":317,"ferry_time":0,"ferry_price":0,"cargo":"cargo.used_plast_c","company_truck":"man_6x4_b","trailer_variant":"trailer.scs_gosck20","trailer_definition":"trailer_def.scs.gooseneck.singl_3e_20.container","units_count":15,"fill_ratio":1,"trailer_place":0}],"eviksi.riga":[{"target":"suprema.tartu","urgency":2,"shortest_distance_km":373,"ferry_time":0,"ferry_price":0,"cargo":"cargo.carrots_c","company_truck":"daf_4x2_b","trailer_variant":"trailer.scs_flat_c_g","trailer_definition":"trailer_def.scs.flatbed.single_3.container","units_count":33,"fill_ratio":1,"trailer_place":0},{"target":"suprema.tartu","urgency":0,"shortest_distance_km":373,"ferry_time":0,"ferry_price":0,"cargo":"cargo.beans","company_truck":"renault_t_4x2","trailer_variant":"trailer.scs_dry","trailer_definition":"trailer_def.scs.box.single_3.dryvan","units_count":33,"fill_ratio":1,"trailer_place":0}],"blt_yacht.turku":[{"target":"gnt.ventspils","urgency":2,"shortest_distance_km":744,"ferry_time":150,"ferry_price":430,"cargo":"cargo.scrap_metals","company_truck":"man_6x4_b","trailer_variant":"trailer.s_ki_solid.cover","trailer_definition":"trailer_def.scrap_metals.s_ki_solid.cover","units_count":100,"fill_ratio":1,"trailer_place":0},{"target":"nch.turku","urgency":0,"shortest_distance_km":97,"ferry_time":0,"ferry_price":0,"cargo":"cargo.princess","company_truck":"iveco_6x2_a","trailer_variant":"trailer.overweight.boat","trailer_definition":"trailer_def.princess.overweight.boat","units_count":100,"fill_ratio":1,"trailer_place":0}],"ladoga_ru.petersburg":[{"target":"blt.kunda","urgency":0,"shortest_distance_km":281,"ferry_time":0,"ferry_price":0,"cargo":"cargo.used_packag","company_truck":"renault_premium_4x2_c","trailer_variant":"trailer.scs_curt","trailer_definition":"trailer_def.scs.box.single_3.curtain","units_count":33,"fill_ratio":1,"trailer_place":0},{"target":"rosmark.rezekne","urgency":1,"shortest_distance_km":474,"ferry_time":0,"ferry_price":0,"cargo":"cargo.used_battery","company_truck":"iveco_h_4x2_a","trailer_variant":"trailer.scs_dry_a","trailer_definition":"trailer_def.scs.box.single_3.dryvan","units_count":33,"fill_ratio":1,"trailer_place":0}],"rosmark.riga":[{"target":"bltmetal_ru.pskov","urgency":1,"shortest_distance_km":238,"ferry_time":0,"ferry_price":0,"cargo":"cargo.coal","company_truck":"mercedes_actros_2014_6x4_b","trailer_variant":"trailer.s_ki_solid.coal","trailer_definition":"trailer_def.coal.s_ki_solid.coal","units_count":100,"fill_ratio":1,"trailer_place":0},{"target":"gnt.vilnius","urgency":1,"shortest_distance_km":290,"ferry_time":0,"ferry_price":0,"cargo":"cargo.copp_rf_gutt","company_truck":"scania_r_4x2_370","trailer_variant":"trailer.scs_curt","trailer_definition":"trailer_def.scs.box.single_3.curtain","units_count":33,"fill_ratio":1,"trailer_place":0}],"kivi.kotka":[{"target":"rosmark_ru.vyborg","urgency":2,"shortest_distance_km":174,"ferry_time":0,"ferry_price":0,"cargo":"cargo.excavator","company_truck":"renault_premium_4x2_c","trailer_variant":"trailer.overweight.excavator","trailer_definition":"trailer_def.excavator.overweight.excavator","units_count":94,"fill_ratio":1,"trailer_place":0},{"target":"domdepo_ru.vyborg","urgency":2,"shortest_distance_km":174,"ferry_time":0,"ferry_price":0,"cargo":"cargo.stones","company_truck":"man_6x4_b","trailer_variant":"trailer.s_ki_solid.cover","trailer_definition":"trailer_def.stones.s_ki_solid.cover","units_count":100,"fill_ratio":1,"trailer_place":0}],"ika_bohag.tampere":[{"target":"rosmark.rezekne","urgency":0,"shortest_distance_km":677,"ferry_time":150,"ferry_price":430,"cargo":"cargo.used_packag","company_truck":"scania_r_4x2_520","trailer_variant":"trailer.scs_dry_m","trailer_definition":"trailer_def.scs.box.single_3.dryvan_m","units_count":33,"fill_ratio":1,"trailer_place":0}],"nch.turku":[{"target":"suprema.lahti","urgency":0,"shortest_distance_km":269,"ferry_time":0,"ferry_price":0,"cargo":"cargo.nuts","company_truck":"iveco_6x2_a","trailer_variant":"trailer.scs_dry_ms","trailer_definition":"trailer_def.scs.box.single_3.dryvan_m","units_count":33,"fill_ratio":1,"trailer_place":0},{"target":"ns_chem.riga","urgency":0,"shortest_distance_km":533,"ferry_time":150,"ferry_price":430,"cargo":"cargo.sodium","company_truck":"scania_s_4x2_370","trailer_variant":"trailer.scs_flat_c_g","trailer_definition":"trailer_def.scs.flatbed.single_3.container","units_count":87,"fill_ratio":1,"trailer_place":0}],"viljo_paper.tampere":[{"target":"nch.riga","urgency":0,"shortest_distance_km":593,"ferry_time":150,"ferry_price":430,"cargo":"cargo.used_packag","company_truck":"mercedes_actros_2014_4x2_b","trailer_variant":"trailer.scs_curt","trailer_definition":"trailer_def.scs.box.single_3.curtain","units_count":33,"fill_ratio":1,"trailer_place":0}],"blt.utena":[{"target":"gnt.panevezys","urgency":1,"shortest_distance_km":190,"ferry_time":0,"ferry_price":0,"cargo":"cargo.electronics","company_truck":"mercedes_6x4_a","trailer_variant":"trailer.scs_dry_ms","trailer_definition":"trailer_def.scs.box.single_3.dryvan_m","units_count":33,"fill_ratio":1,"trailer_place":0},{"target":"gnt.ventspils","urgency":2,"shortest_distance_km":419,"ferry_time":0,"ferry_price":0,"cargo":"cargo.paper","company_truck":"iveco_4x2_b","trailer_variant":"trailer.scs_curt_a","trailer_definition":"trailer_def.scs.box.single_3.curtain","units_count":33,"fill_ratio":1,"trailer_place":0},{"target":"nch.riga","urgency":1,"shortest_distance_km":268,"ferry_time":0,"ferry_price":0,"cargo":"cargo.cauliflower","company_truck":"mercedes_6x4_a","trailer_variant":"trailer.scs_dry_a","trailer_definition":"trailer_def.scs.box.single_3.dryvan","units_count":33,"fill_ratio":1,"trailer_place":0}],"ns_oil.paldiski":[{"target":"ibp.naantali","urgency":2,"shortest_distance_km":315,"ferry_time":150,"ferry_price":430,"cargo":"cargo.fueltanker","company_truck":"man_6x4_b","trailer_variant":"trailer.scs_flat_c_r","trailer_definition":"trailer_def.scs.flatbed.single_3.container","units_count":87,"fill_ratio":1,"trailer_place":0},{"target":"ibp.helsinki","urgency":2,"shortest_distance_km":246,"ferry_time":150,"ferry_price":430,"cargo":"cargo.lpg","company_truck":"iveco_4x2_a","trailer_variant":"trailer.fuel_cistern","trailer_definition":"trailer_def.lpg.fuel_cistern","units_count":100,"fill_ratio":1,"trailer_place":0},{"target":"bltmetal.siauliai","urgency":0,"shortest_distance_km":419,"ferry_time":0,"ferry_price":0,"cargo":"cargo.petrol","company_truck":"daf_xf_euro6_4x2_c","trailer_variant":"trailer.willig.fuel_cistern","trailer_definition":"trailer_def.petrol.willig.fuel_cistern","units_count":101,"fill_ratio":1,"trailer_place":0},{"target":"nch.vilnius","urgency":0,"shortest_distance_km":519,"ferry_time":0,"ferry_price":0,"cargo":"cargo.motor_oil","company_truck":"man_6x4_b","trailer_variant":"trailer.scs_curt","trailer_definition":"trailer_def.scs.box.single_3.curtain","units_count":33,"fill_ratio":1,"trailer_place":0}],"lintukainen.pori":[{"target":"renar.tampere","urgency":1,"shortest_distance_km":107,"ferry_time":0,"ferry_price":0,"cargo":"cargo.diggers","company_truck":"man_6x4_b","trailer_variant":"trailer.overweight.digger","trailer_definition":"trailer_def.diggers.overweight.digger","units_count":100,"fill_ratio":1,"trailer_place":0}],"lintukainen.kouvola":[{"target":"domdepo_ru.luga","urgency":1,"shortest_distance_km":439,"ferry_time":0,"ferry_price":0,"cargo":"cargo.logs","company_truck":"renault_magnum_6x4_a","trailer_variant":"trailer.scs_log","trailer_definition":"trailer_def.scs.log.single_3.steel","units_count":2,"fill_ratio":1,"trailer_place":0},{"target":"kamen_ru.vyborg","urgency":2,"shortest_distance_km":183,"ferry_time":0,"ferry_price":0,"cargo":"cargo.excavator","company_truck":"mercedes_actros_2014_6x2_a","trailer_variant":"trailer.overweight.excavator","trailer_definition":"trailer_def.excavator.overweight.excavator","units_count":94,"fill_ratio":1,"trailer_place":0}],"agrominta.utena":[{"target":"gnt.panevezys","urgency":0,"shortest_distance_km":232,"ferry_time":0,"ferry_price":0,"cargo":"cargo.cont_trees","company_truck":"renault_magnum_4x2_a","trailer_variant":"trailer.scs_ins_s","trailer_definition":"trailer_def.scs.box.single_3.insulated","units_count":33,"fill_ratio":1,"trailer_place":0}],"ee_paper.kunda":[{"target":"blt_ru.petersburg","urgency":0,"shortest_distance_km":291,"ferry_time":0,"ferry_price":0,"cargo":"cargo.used_packag","company_truck":"man_6x4_b","trailer_variant":"trailer.scs_dry_s","trailer_definition":"trailer_def.scs.box.single_3.dryvan","units_count":33,"fill_ratio":1,"trailer_place":0}],"baltomors_ru.pskov":[{"target":"lintukainen.tartu","urgency":2,"shortest_distance_km":194,"ferry_time":0,"ferry_price":0,"cargo":"cargo.excavator","company_truck":"renault_magnum_6x4_a","trailer_variant":"trailer.overweight.excavator","trailer_definition":"trailer_def.excavator.overweight.excavator","units_count":94,"fill_ratio":1,"trailer_place":0},{"target":"sal_fi.helsinki","urgency":1,"shortest_distance_km":386,"ferry_time":150,"ferry_price":430,"cargo":"cargo.wshavings","company_truck":"man_4x2_a","trailer_variant":"trailer.s_ki_solid.cover","trailer_definition":"trailer_def.wshavings.s_ki_solid.cover","units_count":100,"fill_ratio":1,"trailer_place":0}],"sal_fi.pori":[{"target":"blt.paldiski","urgency":2,"shortest_distance_km":350,"ferry_time":150,"ferry_price":430,"cargo":"cargo.scrap_metals","company_truck":"scania_r_6x4_650","trailer_variant":"trailer.s_ki_solid.cover","trailer_definition":"trailer_def.scrap_metals.s_ki_solid.cover","units_count":100,"fill_ratio":1,"trailer_place":0},{"target":"gnt.valmiera","urgency":0,"shortest_distance_km":636,"ferry_time":150,"ferry_price":430,"cargo":"cargo.princess","company_truck":"man_6x4_b","trailer_variant":"trailer.overweight.boat","trailer_definition":"trailer_def.princess.overweight.boat","units_count":100,"fill_ratio":1,"trailer_place":0},{"target":"renar.narva","urgency":0,"shortest_distance_km":467,"ferry_time":150,"ferry_price":430,"cargo":"cargo.potatoes","company_truck":"man_4x2_a","trailer_variant":"trailer.scs_dry_a","trailer_definition":"trailer_def.scs.box.single_3.dryvan","units_count":33,"fill_ratio":1,"trailer_place":0}],"bhv.panevezys":[{"target":"nch.tallinn","urgency":1,"shortest_distance_km":463,"ferry_time":0,"ferry_price":0,"cargo":"cargo.mondeos","company_truck":"daf_xf_euro6_6x2_a","trailer_variant":"trailer.car_trans3","trailer_definition":"trailer_def.mondeos.car_trans3","units_count":100,"fill_ratio":1,"trailer_place":0}],"polarislines.paldiski":[{"target":"rosmark.rezekne","urgency":0,"shortest_distance_km":502,"ferry_time":0,"ferry_price":0,"cargo":"cargo.chem_sorb_c","company_truck":"man_6x4_b","trailer_variant":"trailer.scs_flat_c_r","trailer_definition":"trailer_def.scs.flatbed.single_3.container","units_count":33,"fill_ratio":1,"trailer_place":0}],"gnt.daugavpils":[{"target":"blt_ru.pskov","urgency":0,"shortest_distance_km":269,"ferry_time":0,"ferry_price":0,"cargo":"cargo.metal_beams","company_truck":"scania_s_6x4_730","trailer_variant":"trailer.scs_flat_b","trailer_definition":"trailer_def.scs.flatbed.single_3.flatbed_w","units_count":10,"fill_ratio":1,"trailer_place":0},{"target":"blt.kaunas","urgency":1,"shortest_distance_km":239,"ferry_time":0,"ferry_price":0,"cargo":"cargo.carb_water","company_truck":"scania_r_4x2_520","trailer_variant":"trailer.scs_curt_a","trailer_definition":"trailer_def.scs.box.single_3.curtain","units_count":31,"fill_ratio":1,"trailer_place":0}],"domdepo_ru.vyborg":[{"target":"nch.tallinn","urgency":2,"shortest_distance_km":428,"ferry_time":0,"ferry_price":0,"cargo":"cargo.glass","company_truck":"man_6x4_b","trailer_variant":"trailer.panel_trans.glass","trailer_definition":"trailer_def.glass.panel_trans.glass","units_count":90,"fill_ratio":1,"trailer_place":0},{"target":"nch_ru.petersburg","urgency":0,"shortest_distance_km":215,"ferry_time":0,"ferry_price":0,"cargo":"cargo.stone_dust","company_truck":"iveco_h_4x2_a","trailer_variant":"trailer.s_ki_solid.cover","trailer_definition":"trailer_def.stone_dust.s_ki_solid.cover","units_count":100,"fill_ratio":1,"trailer_place":0},{"target":"egres.helsinki","urgency":0,"shortest_distance_km":391,"ferry_time":0,"ferry_price":0,"cargo":"cargo.excav_soil","company_truck":"man_4x2_a","trailer_variant":"trailer.s_ki_solid.cover","trailer_definition":"trailer_def.excav_soil.s_ki_solid.cover","units_count":99,"fill_ratio":1,"trailer_place":0},{"target":"domdepo.utena","urgency":0,"shortest_distance_km":764,"ferry_time":0,"ferry_price":0,"cargo":"cargo.re_bars","company_truck":"iveco_4x2_a","trailer_variant":"trailer.scs_flat_c_r","trailer_definition":"trailer_def.scs.flatbed.single_3.container","units_count":9,"fill_ratio":1,"trailer_place":0}],"ns_oil_ru.pskov":[{"target":"bltmetal.liepaja","urgency":2,"shortest_distance_km":478,"ferry_time":0,"ferry_price":0,"cargo":"cargo.kerosene","company_truck":"daf_xf_euro6_4x2_b","trailer_variant":"trailer.fuel_cistern","trailer_definition":"trailer_def.kerosene.fuel_cistern","units_count":100,"fill_ratio":1,"trailer_place":0},{"target":"bltmetal.liepaja","urgency":0,"shortest_distance_km":478,"ferry_time":0,"ferry_price":0,"cargo":"cargo.petrol","company_truck":"scania_streamline_6x2_b","trailer_variant":"trailer.willig.fuel_cistern","trailer_definition":"trailer_def.petrol.willig.fuel_cistern","units_count":101,"fill_ratio":1,"trailer_place":0},{"target":"baltomorsk.daugavpils","urgency":1,"shortest_distance_km":262,"ferry_time":0,"ferry_price":0,"cargo":"cargo.diesel","company_truck":"iveco_h_4x2_a","trailer_variant":"trailer.willig.fuel_cistern","trailer_definition":"trailer_def.diesel.willig.fuel_cistern","units_count":95,"fill_ratio":1,"trailer_place":0},{"target":"ns_oil.valmiera","urgency":1,"shortest_distance_km":220,"ferry_time":0,"ferry_price":0,"cargo":"cargo.oil","company_truck":"mercedes_4x2_a","trailer_variant":"trailer.fuel_cistern","trailer_definition":"trailer_def.oil.fuel_cistern","units_count":100,"fill_ratio":1,"trailer_place":0},{"target":"nch.riga","urgency":2,"shortest_distance_km":250,"ferry_time":0,"ferry_price":0,"cargo":"cargo.fueltanker","company_truck":"scania_s_4x2_370","trailer_variant":"trailer.scs_flat_c_g","trailer_definition":"trailer_def.scs.flatbed.single_3.container","units_count":87,"fill_ratio":1,"trailer_place":0}],"viln_paper.vilnius":[{"target":"renat.tartu","urgency":2,"shortest_distance_km":597,"ferry_time":0,"ferry_price":0,"cargo":"cargo.paper","company_truck":"daf_xf_euro6_4x2_c","trailer_variant":"trailer.scs_dry_ms","trailer_definition":"trailer_def.scs.box.single_3.dryvan_m","units_count":33,"fill_ratio":1,"trailer_place":0},{"target":"bltmetal.siauliai","urgency":2,"shortest_distance_km":198,"ferry_time":0,"ferry_price":0,"cargo":"cargo.emptytank","company_truck":"mercedes_6x2_b","trailer_variant":"trailer.scs_flat_c_g","trailer_definition":"trailer_def.scs.flatbed.single_3.container","units_count":2,"fill_ratio":1,"trailer_place":0},{"target":"blt.kaunas","urgency":2,"shortest_distance_km":52,"ferry_time":0,"ferry_price":0,"cargo":"cargo.empty_palet","company_truck":"scania_6x4_a","trailer_variant":"trailer.scs_dry_ms","trailer_definition":"trailer_def.scs.box.single_3.dryvan_m","units_count":32,"fill_ratio":1,"trailer_place":0}],"renar.narva":[{"target":"blt.tartu","urgency":1,"shortest_distance_km":182,"ferry_time":0,"ferry_price":0,"cargo":"cargo.cauliflower","company_truck":"scania_6x2_b","trailer_variant":"trailer.scs_curt","trailer_definition":"trailer_def.scs.box.single_3.curtain","units_count":33,"fill_ratio":1,"trailer_place":0}],"blt.siauliai":[{"target":"polarislines.helsinki","urgency":0,"shortest_distance_km":453,"ferry_time":150,"ferry_price":430,"cargo":"cargo.toys","company_truck":"man_4x2_a","trailer_variant":"trailer.scs_dry_s","trailer_definition":"trailer_def.scs.box.single_3.dryvan","units_count":33,"fill_ratio":1,"trailer_place":0},{"target":"rosmark_ru.luga","urgency":1,"shortest_distance_km":543,"ferry_time":0,"ferry_price":0,"cargo":"cargo.floorpanels","company_truck":"man_tgx_euro6_6x4_xlx","trailer_variant":"trailer.panel_trans.floor","trailer_definition":"trailer_def.floorpanels.panel_trans.floor","units_count":82,"fill_ratio":1,"trailer_place":0},{"target":"cemelt_bas.kaunas","urgency":2,"shortest_distance_km":173,"ferry_time":0,"ferry_price":0,"cargo":"cargo.concr_stair","company_truck":"renault_t_6x2","trailer_variant":"trailer.scs_flat_c_g","trailer_definition":"trailer_def.scs.flatbed.single_3.container","units_count":2,"fill_ratio":1,"trailer_place":0}],"lateds.valmiera":[{"target":"nch.tallinn","urgency":2,"shortest_distance_km":357,"ferry_time":0,"ferry_price":0,"cargo":"cargo.chewing_gums","company_truck":"scania_streamline_6x4_a","trailer_variant":"trailer.scs_dry_ms","trailer_definition":"trailer_def.scs.box.single_3.dryvan_m","units_count":30,"fill_ratio":1,"trailer_place":0}],"suprema.kaunas":[{"target":"gnt.klaipeda","urgency":0,"shortest_distance_km":206,"ferry_time":0,"ferry_price":0,"cargo":"cargo.used_packag","company_truck":"man_tgx_euro6_6x4_xlx","trailer_variant":"trailer.scs_dry_ms","trailer_definition":"trailer_def.scs.box.single_3.dryvan_m","units_count":33,"fill_ratio":1,"trailer_place":0},{"target":"rosmark.rezekne","urgency":0,"shortest_distance_km":348,"ferry_time":0,"ferry_price":0,"cargo":"cargo.used_plast_c","company_truck":"mercedes_actros_2014_4x2_b","trailer_variant":"trailer.scs_gosck20","trailer_definition":"trailer_def.scs.gooseneck.singl_3e_20.container","units_count":15,"fill_ratio":1,"trailer_place":0}],"bhv.siauliai":[{"target":"nch.vilnius","urgency":0,"shortest_distance_km":176,"ferry_time":0,"ferry_price":0,"cargo":"cargo.car_balt2","company_truck":"daf_4x2_b","trailer_variant":"trailer.car_trans_b2","trailer_definition":"trailer_def.car_balt2.car_trans_b2","units_count":100,"fill_ratio":1,"trailer_place":0}],"renat.helsinki":[{"target":"renar.turku","urgency":0,"shortest_distance_km":160,"ferry_time":0,"ferry_price":0,"cargo":"cargo.furniture","company_truck":"scania_4x2_c","trailer_variant":"trailer.scs_dry_ms","trailer_definition":"trailer_def.scs.box.single_3.dryvan_m","units_count":33,"fill_ratio":1,"trailer_place":0},{"target":"sal_fi.pori","urgency":0,"shortest_distance_km":223,"ferry_time":0,"ferry_price":0,"cargo":"cargo.forklifts","company_truck":"mercedes_actros_2014_4x2_b","trailer_variant":"trailer.overweight.forklifts","trailer_definition":"trailer_def.forklifts.overweight.forklifts","units_count":100,"fill_ratio":1,"trailer_place":0}],"suprema_ru.kaliningrad":[{"target":"blt.siauliai","urgency":0,"shortest_distance_km":221,"ferry_time":0,"ferry_price":0,"cargo":"cargo.used_packag","company_truck":"man_tgx_euro6_6x4_xlx","trailer_variant":"trailer.scs_curt_a","trailer_definition":"trailer_def.scs.box.single_3.curtain","units_count":33,"fill_ratio":1,"trailer_place":0}],"sal_fi.kouvola":[{"target":"renar.tampere","urgency":0,"shortest_distance_km":209,"ferry_time":0,"ferry_price":0,"cargo":"cargo.used_plast_c","company_truck":"mercedes_4x2","trailer_variant":"trailer.scs_gosck220","trailer_definition":"trailer_def.scs.gooseneck.singl_3e_220.container","units_count":30,"fill_ratio":1,"trailer_place":0},{"target":"rosmark_ru.luga","urgency":1,"shortest_distance_km":458,"ferry_time":0,"ferry_price":0,"cargo":"cargo.electronics","company_truck":"scania_s_4x2_580","trailer_variant":"trailer.scs_curt_a","trailer_definition":"trailer_def.scs.box.single_3.curtain","units_count":33,"fill_ratio":1,"trailer_place":0},{"target":"nch.turku","urgency":1,"shortest_distance_km":318,"ferry_time":0,"ferry_price":0,"cargo":"cargo.plastic_gra","company_truck":"man_6x4_b","trailer_variant":"trailer.cement","trailer_definition":"trailer_def.plastic_gra.cement","units_count":100,"fill_ratio":1,"trailer_place":0}],"ns_chem.kaunas":[{"target":"nch.vilnius","urgency":1,"shortest_distance_km":90,"ferry_time":0,"ferry_price":0,"cargo":"cargo.lead","company_truck":"mercedes_actros_2014_6x4_b","trailer_variant":"trailer.scs_flat_c_r","trailer_definition":"trailer_def.scs.flatbed.single_3.container","units_count":87,"fill_ratio":1,"trailer_place":0}],"renar.tampere":[{"target":"blt.paldiski","urgency":0,"shortest_distance_km":324,"ferry_time":150,"ferry_price":430,"cargo":"cargo.roof_tiles","company_truck":"man_4x2_c","trailer_variant":"trailer.scs_brick_r","trailer_definition":"trailer_def.scs.flatbed.single_3.brick","units_count":33,"fill_ratio":1,"trailer_place":0}],"ika_ru.petersburg":[{"target":"blt.kunda","urgency":0,"shortest_distance_km":295,"ferry_time":0,"ferry_price":0,"cargo":"cargo.used_packag","company_truck":"iveco_4x2_c","trailer_variant":"trailer.scs_dry","trailer_definition":"trailer_def.scs.box.single_3.dryvan","units_count":33,"fill_ratio":1,"trailer_place":0}],"rosmark_ru.luga":[{"target":"renar.narva","urgency":0,"shortest_distance_km":179,"ferry_time":0,"ferry_price":0,"cargo":"cargo.used_plast","company_truck":"daf_xf_euro6_4x2_c","trailer_variant":"trailer.scs_dry_ms","trailer_definition":"trailer_def.scs.box.single_3.dryvan_m","units_count":33,"fill_ratio":1,"trailer_place":0},{"target":"blt.paldiski","urgency":1,"shortest_distance_km":420,"ferry_time":0,"ferry_price":0,"cargo":"cargo.sand","company_truck":"man_6x4_b","trailer_variant":"trailer.s_ki_solid.sand","trailer_definition":"trailer_def.sand.s_ki_solid.sand","units_count":100,"fill_ratio":1,"trailer_place":0}],"zelenye.petersburg":[{"target":"rosmark_ru.vyborg","urgency":1,"shortest_distance_km":204,"ferry_time":0,"ferry_price":0,"cargo":"cargo.tomatoes","company_truck":"scania_r_6x4_650","trailer_variant":"trailer.scs_ref_s","trailer_definition":"trailer_def.scs.box.single_3.reefer","units_count":33,"fill_ratio":1,"trailer_place":0}],"fintyre_ru.petersburg":[{"target":"blt.kunda","urgency":2,"shortest_distance_km":345,"ferry_time":0,"ferry_price":0,"cargo":"cargo.scrap_metals","company_truck":"scania_4x2_c","trailer_variant":"trailer.s_ki_solid.cover","trailer_definition":"trailer_def.scrap_metals.s_ki_solid.cover","units_count":100,"fill_ratio":1,"trailer_place":0}],"ns_oil.valmiera":[{"target":"nch.riga","urgency":0,"shortest_distance_km":59,"ferry_time":0,"ferry_price":0,"cargo":"cargo.petrol","company_truck":"renault_t_4x2","trailer_variant":"trailer.willig.fuel_cistern","trailer_definition":"trailer_def.petrol.willig.fuel_cistern","units_count":101,"fill_ratio":1,"trailer_place":0},{"target":"lintukainen.tartu","urgency":1,"shortest_distance_km":270,"ferry_time":0,"ferry_price":0,"cargo":"cargo.diesel","company_truck":"man_4x2_c","trailer_variant":"trailer.fuel_cistern","trailer_definition":"trailer_def.diesel.fuel_cistern","units_count":94,"fill_ratio":1,"trailer_place":0},{"target":"nch.kouvola","urgency":2,"shortest_distance_km":592,"ferry_time":150,"ferry_price":430,"cargo":"cargo.lpg","company_truck":"man_6x4_b","trailer_variant":"trailer.fuel_cistern","trailer_definition":"trailer_def.lpg.fuel_cistern","units_count":100,"fill_ratio":1,"trailer_place":0}],"onnelik.narva":[{"target":"sal_fi.helsinki","urgency":2,"shortest_distance_km":220,"ferry_time":150,"ferry_price":430,"cargo":"cargo.apples","company_truck":"scania_s_4x2_370","trailer_variant":"trailer.scs_dry_m","trailer_definition":"trailer_def.scs.box.single_3.dryvan_m","units_count":33,"fill_ratio":1,"trailer_place":0},{"target":"blt.tartu","urgency":0,"shortest_distance_km":148,"ferry_time":0,"ferry_price":0,"cargo":"cargo.maple_syrup","company_truck":"mercedes_6x4_a","trailer_variant":"trailer.scs_dry_ms","trailer_definition":"trailer_def.scs.box.single_3.dryvan_m","units_count":33,"fill_ratio":1,"trailer_place":0}],"gnt.klaipeda":[{"target":"nch.vilnius","urgency":0,"shortest_distance_km":288,"ferry_time":0,"ferry_price":0,"cargo":"cargo.overweight","company_truck":"scania_streamline_4x2_a","trailer_variant":"trailer.scs_flat_b","trailer_definition":"trailer_def.scs.flatbed.single_3.flatbed_w","units_count":1,"fill_ratio":1,"trailer_place":0},{"target":"blt_ru.petersburg","urgency":1,"shortest_distance_km":864,"ferry_time":0,"ferry_price":0,"cargo":"cargo.train_part","company_truck":"scania_4x2_c","trailer_variant":"trailer.scs_flat_c_g","trailer_definition":"trailer_def.scs.flatbed.single_3.container","units_count":2,"fill_ratio":1,"trailer_place":0}],"eviksi_a.valmiera":[{"target":"nch.tallinn","urgency":1,"shortest_distance_km":372,"ferry_time":0,"ferry_price":0,"cargo":"cargo.cheese","company_truck":"mercedes_actros_2014_4x2_b","trailer_variant":"trailer.scs_ref_s","trailer_definition":"trailer_def.scs.box.single_3.reefer","units_count":33,"fill_ratio":1,"trailer_place":0}],"bltmetal.pori":[{"target":"blt_yacht.riga","urgency":1,"shortest_distance_km":764,"ferry_time":150,"ferry_price":430,"cargo":"cargo.floorpanels","company_truck":"daf_xf_euro6_4x2_b","trailer_variant":"trailer.panel_trans.floor","trailer_definition":"trailer_def.floorpanels.panel_trans.floor","units_count":82,"fill_ratio":1,"trailer_place":0},{"target":"lintukainen.tartu","urgency":0,"shortest_distance_km":466,"ferry_time":150,"ferry_price":430,"cargo":"cargo.forklifts","company_truck":"scania_4x2_c","trailer_variant":"trailer.overweight.forklifts","trailer_definition":"trailer_def.forklifts.overweight.forklifts","units_count":100,"fill_ratio":1,"trailer_place":0},{"target":"lintukainen.pori","urgency":2,"shortest_distance_km":54,"ferry_time":0,"ferry_price":0,"cargo":"cargo.excavator","company_truck":"renault_t_4x2","trailer_variant":"trailer.overweight.excavator","trailer_definition":"trailer_def.excavator.overweight.excavator","units_count":100,"fill_ratio":1,"trailer_place":0}],"ibp.naantali":[{"target":"cont_port.kotka","urgency":0,"shortest_distance_km":368,"ferry_time":0,"ferry_price":0,"cargo":"cargo.motor_oil_c","company_truck":"renault_t_6x2","trailer_variant":"trailer.scs_gosck220","trailer_definition":"trailer_def.scs.gooseneck.singl_3e_220.container","units_count":30,"fill_ratio":1,"trailer_place":0}],"lintukainen.tartu":[{"target":"gnt.klaipeda","urgency":2,"shortest_distance_km":668,"ferry_time":0,"ferry_price":0,"cargo":"cargo.empty_palet","company_truck":"renault_premium_6x2_a","trailer_variant":"trailer.scs_dry_a","trailer_definition":"trailer_def.scs.box.single_3.dryvan","units_count":33,"fill_ratio":1,"trailer_place":0}],"ns_oil.daugavpils":[{"target":"bltmetal_ru.pskov","urgency":0,"shortest_distance_km":275,"ferry_time":0,"ferry_price":0,"cargo":"cargo.motor_oil_c","company_truck":"mercedes_4x2_b","trailer_variant":"trailer.scs_gosck40","trailer_definition":"trailer_def.scs.gooseneck.singl_3e_40.container","units_count":30,"fill_ratio":1,"trailer_place":0},{"target":"nch.riga","urgency":0,"shortest_distance_km":215,"ferry_time":0,"ferry_price":0,"cargo":"cargo.motor_oil","company_truck":"mercedes_actros_2014_4x2_a","trailer_variant":"trailer.scs_curt_s","trailer_definition":"trailer_def.scs.box.single_3.curtain","units_count":33,"fill_ratio":1,"trailer_place":0},{"target":"rosmark_ru.vyborg","urgency":2,"shortest_distance_km":661,"ferry_time":0,"ferry_price":0,"cargo":"cargo.fueltanker","company_truck":"daf_xf_euro6_4x2_a","trailer_variant":"trailer.scs_gosck40","trailer_definition":"trailer_def.scs.gooseneck.singl_3e_40.container","units_count":80,"fill_ratio":1,"trailer_place":0}],"renat.riga":[{"target":"renar.kotka","urgency":0,"shortest_distance_km":538,"ferry_time":150,"ferry_price":430,"cargo":"cargo.furniture","company_truck":"man_tgx_euro6_4x2_xl","trailer_variant":"trailer.scs_curt_s","trailer_definition":"trailer_def.scs.box.single_3.curtain","units_count":33,"fill_ratio":1,"trailer_place":0}],"kivi.utena":[{"target":"domdepo.utena","urgency":0,"shortest_distance_km":38,"ferry_time":0,"ferry_price":0,"cargo":"cargo.stone_dust","company_truck":"mercedes_actros_2014_6x4_b","trailer_variant":"trailer.s_ki_solid.cover","trailer_definition":"trailer_def.stone_dust.s_ki_solid.cover","units_count":100,"fill_ratio":1,"trailer_place":0},{"target":"nch.vilnius","urgency":2,"shortest_distance_km":108,"ferry_time":0,"ferry_price":0,"cargo":"cargo.stones","company_truck":"iveco_4x2_b","trailer_variant":"trailer.s_ki_solid.cover","trailer_definition":"trailer_def.stones.s_ki_solid.cover","units_count":100,"fill_ratio":1,"trailer_place":0}],"blt.kaunas":[{"target":"rosmark.liepaja","urgency":0,"shortest_distance_km":272,"ferry_time":0,"ferry_price":0,"cargo":"cargo.toys","company_truck":"man_4x2_a","trailer_variant":"trailer.scs_dry_ms","trailer_definition":"trailer_def.scs.box.single_3.dryvan_m","units_count":33,"fill_ratio":1,"trailer_place":0}],"cemelt_win.klaipeda":[{"target":"baltomorsk.daugavpils","urgency":0,"shortest_distance_km":452,"ferry_time":0,"ferry_price":0,"cargo":"cargo.forklifts","company_truck":"renault_t_4x2","trailer_variant":"trailer.overweight.forklifts","trailer_definition":"trailer_def.forklifts.overweight.forklifts","units_count":100,"fill_ratio":1,"trailer_place":0},{"target":"rosmark.liepaja","urgency":2,"shortest_distance_km":69,"ferry_time":0,"ferry_price":0,"cargo":"cargo.empty_palet","company_truck":"mercedes_6x2_b","trailer_variant":"trailer.scs_curt_a","trailer_definition":"trailer_def.scs.box.single_3.curtain","units_count":33,"fill_ratio":1,"trailer_place":0}],"blt.paldiski":[{"target":"nch.tallinn","urgency":0,"shortest_distance_km":103,"ferry_time":0,"ferry_price":0,"cargo":"cargo.roof_tiles","company_truck":"mercedes_actros_2014_4x2_b","trailer_variant":"trailer.scs_dry_a","trailer_definition":"trailer_def.scs.box.single_3.dryvan","units_count":33,"fill_ratio":1,"trailer_place":0}],"kivi.tartu":[{"target":"domdepo.valmiera","urgency":0,"shortest_distance_km":287,"ferry_time":0,"ferry_price":0,"cargo":"cargo.stone_dust","company_truck":"man_6x4_b","trailer_variant":"trailer.s_ki_solid.cover","trailer_definition":"trailer_def.stone_dust.s_ki_solid.cover","units_count":100,"fill_ratio":1,"trailer_place":0}],"baltomors_ru.luga":[{"target":"domdepo.utena","urgency":0,"shortest_distance_km":517,"ferry_time":0,"ferry_price":0,"cargo":"cargo.lumber","company_truck":"scania_s_4x2_370","trailer_variant":"trailer.scs_flat_r","trailer_definition":"trailer_def.scs.flatbed.single_3.flatbed_w","units_count":2,"fill_ratio":1,"trailer_place":0}],"nch.tallinn":[{"target":"agrominta.utena","urgency":2,"shortest_distance_km":604,"ferry_time":0,"ferry_price":0,"cargo":"cargo.pesticide","company_truck":"scania_streamline_6x4_a","trailer_variant":"trailer.scs_flat_c_g","trailer_definition":"trailer_def.scs.flatbed.single_3.container","units_count":87,"fill_ratio":1,"trailer_place":0}],"lvr.daugavpils":[{"target":"blt.kaunas","urgency":2,"shortest_distance_km":241,"ferry_time":0,"ferry_price":0,"cargo":"cargo.hipresstank","company_truck":"mercedes_actros_2014_6x2_a","trailer_variant":"trailer.scs_flat_b","trailer_definition":"trailer_def.scs.flatbed.single_3.flatbed_w","units_count":2,"fill_ratio":1,"trailer_place":0},{"target":"rosmark.riga","urgency":2,"shortest_distance_km":235,"ferry_time":0,"ferry_price":0,"cargo":"cargo.train_part2","company_truck":"man_6x4_b","trailer_variant":"trailer.scs_flat_b","trailer_definition":"trailer_def.scs.flatbed.single_3.flatbed_w","units_count":2,"fill_ratio":1,"trailer_place":0},{"target":"blt_ru.petersburg","urgency":1,"shortest_distance_km":571,"ferry_time":0,"ferry_price":0,"cargo":"cargo.train_part","company_truck":"renault_t_4x2h","trailer_variant":"trailer.scs_flat_r","trailer_definition":"trailer_def.scs.flatbed.single_3.flatbed_w","units_count":2,"fill_ratio":1,"trailer_place":0}],"suprema_ru.pskov":[{"target":"rosmark_ru.kaliningrad","urgency":0,"shortest_distance_km":696,"ferry_time":0,"ferry_price":0,"cargo":"cargo.used_plast_c","company_truck":"man_6x4_b","trailer_variant":"trailer.scs_gosck20","trailer_definition":"trailer_def.scs.gooseneck.singl_3e_20.container","units_count":15,"fill_ratio":1,"trailer_place":0}],"cemelt_fla.valmiera":[{"target":"blt_ru.petersburg","urgency":2,"shortest_distance_km":517,"ferry_time":0,"ferry_price":0,"cargo":"cargo.empty_palet","company_truck":"man_4x2_c","trailer_variant":"trailer.scs_dry_a","trailer_definition":"trailer_def.scs.box.single_3.dryvan","units_count":33,"fill_ratio":1,"trailer_place":0},{"target":"renar.narva","urgency":1,"shortest_distance_km":359,"ferry_time":0,"ferry_price":0,"cargo":"cargo.diggers","company_truck":"scania_4x2_c","trailer_variant":"trailer.overweight.digger","trailer_definition":"trailer_def.diggers.overweight.digger","units_count":98,"fill_ratio":1,"trailer_place":0}],"bltmetal.liepaja":[{"target":"nch.riga","urgency":2,"shortest_distance_km":240,"ferry_time":0,"ferry_price":0,"cargo":"cargo.excavator","company_truck":"daf_4x2_a","trailer_variant":"trailer.overweight.excavator","trailer_definition":"trailer_def.excavator.overweight.excavator","units_count":94,"fill_ratio":1,"trailer_place":0}],"nch.vilnius":[{"target":"gnt.vilnius","urgency":0,"shortest_distance_km":7,"ferry_time":0,"ferry_price":0,"cargo":"cargo.precast_strs","company_truck":"scania_s_4x2_370","trailer_variant":"trailer.scs_curt","trailer_definition":"trailer_def.scs.box.single_3.curtain","units_count":33,"fill_ratio":1,"trailer_place":0}],"rosmark.liepaja":[{"target":"gnt.klaipeda","urgency":1,"shortest_distance_km":89,"ferry_time":0,"ferry_price":0,"cargo":"cargo.electronics","company_truck":"renault_magnum_6x4_a","trailer_variant":"trailer.scs_dry_m","trailer_definition":"trailer_def.scs.box.single_3.dryvan_m","units_count":33,"fill_ratio":1,"trailer_place":0},{"target":"blt.kaunas","urgency":0,"shortest_distance_km":264,"ferry_time":0,"ferry_price":0,"cargo":"cargo.used_plast_c","company_truck":"scania_4x2_b","trailer_variant":"trailer.scs_gosck40","trailer_definition":"trailer_def.scs.gooseneck.singl_3e_40.container","units_count":30,"fill_ratio":1,"trailer_place":0},{"target":"blt.siauliai","urgency":1,"shortest_distance_km":208,"ferry_time":0,"ferry_price":0,"cargo":"cargo.sandwch_pnls","company_truck":"scania_s_4x2_370","trailer_variant":"trailer.scs_dry_ms","trailer_definition":"trailer_def.scs.box.single_3.dryvan_m","units_count":33,"fill_ratio":1,"trailer_place":0}],"cont_port.klaipeda":[{"target":"gnt.valmiera","urgency":0,"shortest_distance_km":445,"ferry_time":0,"ferry_price":0,"cargo":"cargo.chem_sorb_c","company_truck":"scania_r_6x2_450","trailer_variant":"trailer.scs_flat_c_r","trailer_definition":"trailer_def.scs.flatbed.single_3.container","units_count":33,"fill_ratio":1,"trailer_place":0}],"zelenye_a.kaliningrad":[{"target":"nch.vilnius","urgency":1,"shortest_distance_km":220,"ferry_time":0,"ferry_price":0,"cargo":"cargo.cheese","company_truck":"iveco_4x2_b","trailer_variant":"trailer.scs_ref_a","trailer_definition":"trailer_def.scs.box.single_3.reefer","units_count":33,"fill_ratio":1,"trailer_place":0}],"cont_port.helsinki":[{"target":"ladoga_ru.petersburg","urgency":0,"shortest_distance_km":308,"ferry_time":0,"ferry_price":0,"cargo":"cargo.motor_oil_c","company_truck":"man_tgx_euro6_4x2_xxl","trailer_variant":"trailer.scs_flat_c_r","trailer_definition":"trailer_def.scs.flatbed.single_3.container","units_count":33,"fill_ratio":1,"trailer_place":0}],"severoatm_ru.sosnovy_bor":[{"target":"zelenye.petersburg","urgency":0,"shortest_distance_km":257,"ferry_time":0,"ferry_price":0,"cargo":"cargo.excav_soil","company_truck":"scania_r_6x4_650","trailer_variant":"trailer.s_ki_solid.cover","trailer_definition":"trailer_def.excav_soil.s_ki_solid.cover","units_count":99,"fill_ratio":1,"trailer_place":0},{"target":"cemelt_bas.kaunas","urgency":2,"shortest_distance_km":797,"ferry_time":0,"ferry_price":0,"cargo":"cargo.excavator","company_truck":"scania_streamline_4x2_a","trailer_variant":"trailer.overweight.excavator","trailer_definition":"trailer_def.excavator.overweight.excavator","units_count":94,"fill_ratio":1,"trailer_place":0}],"polarislines.naantali":[{"target":"ika_bohag.helsinki","urgency":1,"shortest_distance_km":187,"ferry_time":0,"ferry_price":0,"cargo":"cargo.plant_substr","company_truck":"man_6x4_b","trailer_variant":"trailer.scs_dry_a","trailer_definition":"trailer_def.scs.box.single_3.dryvan","units_count":33,"fill_ratio":1,"trailer_place":0}],"renar.lahti":[{"target":"viljo_paper.tampere","urgency":1,"shortest_distance_km":178,"ferry_time":0,"ferry_price":0,"cargo":"cargo.wshavings","company_truck":"man_tgx_euro6_4x2_xxl","trailer_variant":"trailer.s_ki_solid.cover","trailer_definition":"trailer_def.wshavings.s_ki_solid.cover","units_count":100,"fill_ratio":1,"trailer_place":0}],"viljo_paper.kouvola":[{"target":"ibp.naantali","urgency":2,"shortest_distance_km":369,"ferry_time":0,"ferry_price":0,"cargo":"cargo.empty_palet","company_truck":"daf_xf_euro6_6x2_a","trailer_variant":"trailer.scs_dry_m","trailer_definition":"trailer_def.scs.box.single_3.dryvan_m","units_count":33,"fill_ratio":1,"trailer_place":0},{"target":"renar.tallinn","urgency":0,"shortest_distance_km":316,"ferry_time":150,"ferry_price":430,"cargo":"cargo.used_packag","company_truck":"mercedes_4x2_c","trailer_variant":"trailer.scs_curt","trailer_definition":"trailer_def.scs.box.single_3.curtain","units_count":33,"fill_ratio":1,"trailer_place":0}],"renat.rezekne":[{"target":"ika_ru.petersburg","urgency":0,"shortest_distance_km":457,"ferry_time":0,"ferry_price":0,"cargo":"cargo.furniture","company_truck":"renault_premium_6x4_a","trailer_variant":"trailer.scs_curt_a","trailer_definition":"trailer_def.scs.box.single_3.curtain","units_count":33,"fill_ratio":1,"trailer_place":0},{"target":"bltmetal_ru.pskov","urgency":0,"shortest_distance_km":166,"ferry_time":0,"ferry_price":0,"cargo":"cargo.forklifts","company_truck":"daf_xf_euro6_6x2_a","trailer_variant":"trailer.overweight.forklifts","trailer_definition":"trailer_def.forklifts.overweight.forklifts","units_count":100,"fill_ratio":1,"trailer_place":0}],"radus_ru.petersburg":[{"target":"rosmark_ru.vyborg","urgency":2,"shortest_distance_km":206,"ferry_time":0,"ferry_price":0,"cargo":"cargo.concr_stair","company_truck":"man_6x4_b","trailer_variant":"trailer.scs_flat_r","trailer_definition":"trailer_def.scs.flatbed.single_3.flatbed_w","units_count":2,"fill_ratio":1,"trailer_place":0},{"target":"nch.tallinn","urgency":0,"shortest_distance_km":410,"ferry_time":0,"ferry_price":0,"cargo":"cargo.digger1000","company_truck":"man_4x2_a","trailer_variant":"trailer.overweight.digger1000","trailer_definition":"trailer_def.digger1000.overweight.digger1000","units_count":100,"fill_ratio":1,"trailer_place":0}],"kamen_ru.vyborg":[{"target":"baltomors_ru.pskov","urgency":0,"shortest_distance_km":442,"ferry_time":0,"ferry_price":0,"cargo":"cargo.digger1000","company_truck":"scania_streamline_6x2_b","trailer_variant":"trailer.overweight.digger1000","trailer_definition":"trailer_def.digger1000.overweight.digger1000","units_count":100,"fill_ratio":1,"trailer_place":0},{"target":"blt.kunda","urgency":0,"shortest_distance_km":388,"ferry_time":0,"ferry_price":0,"cargo":"cargo.gravel","company_truck":"scania_s_6x2_450","trailer_variant":"trailer.s_ki_solid.gravel","trailer_definition":"trailer_def.gravel.s_ki_solid.gravel","units_count":100,"fill_ratio":1,"trailer_place":0}],"aerobalt.vilnius":[{"target":"sal_fi.helsinki","urgency":0,"shortest_distance_km":634,"ferry_time":150,"ferry_price":430,"cargo":"cargo.med_equip","company_truck":"renault_premium_4x2_a","trailer_variant":"trailer.scs_ref_a","trailer_definition":"trailer_def.scs.box.single_3.reefer","units_count":33,"fill_ratio":1,"trailer_place":0}],"onnelik.parnu":[{"target":"gnt.valmiera","urgency":2,"shortest_distance_km":297,"ferry_time":0,"ferry_price":0,"cargo":"cargo.carrots_c","company_truck":"renault_t_4x2h","trailer_variant":"trailer.scs_gosck20","trailer_definition":"trailer_def.scs.gooseneck.singl_3e_20.container","units_count":15,"fill_ratio":1,"trailer_place":0}],"cont_port.kotka":[{"target":"renar.narva","urgency":2,"shortest_distance_km":440,"ferry_time":0,"ferry_price":0,"cargo":"cargo.carrots_c","company_truck":"iveco_6x2_a","trailer_variant":"trailer.scs_gosck220","trailer_definition":"trailer_def.scs.gooseneck.singl_3e_220.container","units_count":30,"fill_ratio":1,"trailer_place":0},{"target":"blt.paldiski","urgency":0,"shortest_distance_km":306,"ferry_time":150,"ferry_price":430,"cargo":"cargo.used_plast_c","company_truck":"scania_4x2_a","trailer_variant":"trailer.scs_gosck220","trailer_definition":"trailer_def.scs.gooseneck.singl_3e_220.container","units_count":30,"fill_ratio":1,"trailer_place":0}],"bltmetal_ru.pskov":[{"target":"rosmark_ru.luga","urgency":1,"shortest_distance_km":149,"ferry_time":0,"ferry_price":0,"cargo":"cargo.train_part","company_truck":"renault_t_6x2","trailer_variant":"trailer.scs_flat_r","trailer_definition":"trailer_def.scs.flatbed.single_3.flatbed_w","units_count":2,"fill_ratio":1,"trailer_place":0},{"target":"rosmark_ru.luga","urgency":1,"shortest_distance_km":149,"ferry_time":0,"ferry_price":0,"cargo":"cargo.largetubes","company_truck":"daf_4x2_a","trailer_variant":"trailer.scs_flat_c_r","trailer_definition":"trailer_def.scs.flatbed.single_3.container","units_count":2,"fill_ratio":1,"trailer_place":0},{"target":"rosmark_ru.luga","urgency":2,"shortest_distance_km":149,"ferry_time":0,"ferry_price":0,"cargo":"cargo.concr_stair","company_truck":"scania_s_4x2_580","trailer_variant":"trailer.scs_flat_r","trailer_definition":"trailer_def.scs.flatbed.single_3.flatbed_w","units_count":2,"fill_ratio":1,"trailer_place":0}],"renat.daugavpils":[{"target":"baltomorsk.valmiera","urgency":0,"shortest_distance_km":268,"ferry_time":0,"ferry_price":0,"cargo":"cargo.forklifts","company_truck":"scania_streamline_4x2_b","trailer_variant":"trailer.overweight.forklifts","trailer_definition":"trailer_def.forklifts.overweight.forklifts","units_count":100,"fill_ratio":1,"trailer_place":0}],"suprema.rezekne":[{"target":"rosmark.riga","urgency":2,"shortest_distance_km":265,"ferry_time":0,"ferry_price":0,"cargo":"cargo.empty_palet","company_truck":"man_6x4_b","trailer_variant":"trailer.scs_dry","trailer_definition":"trailer_def.scs.box.single_3.dryvan","units_count":33,"fill_ratio":1,"trailer_place":0},{"target":"blt.utena","urgency":0,"shortest_distance_km":171,"ferry_time":0,"ferry_price":0,"cargo":"cargo.used_plast","company_truck":"scania_6x2_b","trailer_variant":"trailer.scs_curt_a","trailer_definition":"trailer_def.scs.box.single_3.curtain","units_count":33,"fill_ratio":1,"trailer_place":0}],"renat.siauliai":[{"target":"renar.tallinn","urgency":0,"shortest_distance_km":383,"ferry_time":0,"ferry_price":0,"cargo":"cargo.furniture","company_truck":"renault_magnum_4x2_a","trailer_variant":"trailer.scs_dry_ms","trailer_definition":"trailer_def.scs.box.single_3.dryvan_m","units_count":33,"fill_ratio":1,"trailer_place":0},{"target":"egres.helsinki","urgency":0,"shortest_distance_km":535,"ferry_time":150,"ferry_price":430,"cargo":"cargo.forklifts","company_truck":"scania_4x2_c","trailer_variant":"trailer.overweight.forklifts","trailer_definition":"trailer_def.forklifts.overweight.forklifts","units_count":100,"fill_ratio":1,"trailer_place":0}],"ns_oil_ru.kaliningrad":[{"target":"blt_yacht.tallinn","urgency":1,"shortest_distance_km":700,"ferry_time":0,"ferry_price":0,"cargo":"cargo.diesel","company_truck":"renault_magnum_4x2_a","trailer_variant":"trailer.willig.fuel_cistern","trailer_definition":"trailer_def.diesel.willig.fuel_cistern","units_count":95,"fill_ratio":1,"trailer_place":0},{"target":"nch.riga","urgency":0,"shortest_distance_km":473,"ferry_time":0,"ferry_price":0,"cargo":"cargo.motor_oil_c","company_truck":"daf_xf_euro6_4x2_c","trailer_variant":"trailer.scs_flat_c_g","trailer_definition":"trailer_def.scs.flatbed.single_3.container","units_count":33,"fill_ratio":1,"trailer_place":0},{"target":"lintukainen.kotka","urgency":2,"shortest_distance_km":981,"ferry_time":150,"ferry_price":430,"cargo":"cargo.lpg","company_truck":"man_tgx_euro6_6x4_xlx","trailer_variant":"trailer.fuel_cistern","trailer_definition":"trailer_def.lpg.fuel_cistern","units_count":100,"fill_ratio":1,"trailer_place":0}],"gnt.panevezys":[{"target":"ika_bohag.vilnius","urgency":0,"shortest_distance_km":177,"ferry_time":0,"ferry_price":0,"cargo":"cargo.clothes","company_truck":"scania_r_4x2_370","trailer_variant":"trailer.scs_dry","trailer_definition":"trailer_def.scs.box.single_3.dryvan","units_count":33,"fill_ratio":1,"trailer_place":0},{"target":"bhv.siauliai","urgency":1,"shortest_distance_km":85,"ferry_time":0,"ferry_price":0,"cargo":"cargo.mondeos","company_truck":"scania_streamline_4x2_b","trailer_variant":"trailer.car_trans2","trailer_definition":"trailer_def.mondeos.car_trans2","units_count":100,"fill_ratio":1,"trailer_place":0}],"baltomorsk.klaipeda":[{"target":"onnelik_a.tartu","urgency":0,"shortest_distance_km":597,"ferry_time":0,"ferry_price":0,"cargo":"cargo.lumber","company_truck":"mercedes_4x2_c","trailer_variant":"trailer.scs_flat_b","trailer_definition":"trailer_def.scs.flatbed.single_3.flatbed_w","units_count":2,"fill_ratio":1,"trailer_place":0}],"polarislines.liepaja":[{"target":"renar.parnu","urgency":0,"shortest_distance_km":380,"ferry_time":0,"ferry_price":0,"cargo":"cargo.potatoes","company_truck":"man_6x4_b","trailer_variant":"trailer.scs_curt_s","trailer_definition":"trailer_def.scs.box.single_3.curtain","units_count":33,"fill_ratio":1,"trailer_place":0}],"kivi.riga":[{"target":"rosmark_ru.luga","urgency":2,"shortest_distance_km":392,"ferry_time":0,"ferry_price":0,"cargo":"cargo.excavator","company_truck":"scania_streamline_4x2_b","trailer_variant":"trailer.overweight.excavator","trailer_definition":"trailer_def.excavator.overweight.excavator","units_count":94,"fill_ratio":1,"trailer_place":0},{"target":"rosmark.liepaja","urgency":0,"shortest_distance_km":243,"ferry_time":0,"ferry_price":0,"cargo":"cargo.gravel","company_truck":"man_tgx_euro6_6x4_xlx","trailer_variant":"trailer.s_ki_solid.gravel","trailer_definition":"trailer_def.gravel.s_ki_solid.gravel","units_count":100,"fill_ratio":1,"trailer_place":0}],"cemelt_fl_ru.kaliningrad":[{"target":"baltomorsk.rezekne","urgency":0,"shortest_distance_km":669,"ferry_time":0,"ferry_price":0,"cargo":"cargo.forklifts","company_truck":"scania_streamline_6x4_a","trailer_variant":"trailer.overweight.forklifts","trailer_definition":"trailer_def.forklifts.overweight.forklifts","units_count":100,"fill_ratio":1,"trailer_place":0},{"target":"kivi.turku","urgency":0,"shortest_distance_km":957,"ferry_time":150,"ferry_price":430,"cargo":"cargo.digger500","company_truck":"scania_6x2_b","trailer_variant":"trailer.overweight.digger500","trailer_definition":"trailer_def.digger500.overweight.digger500","units_count":100,"fill_ratio":1,"trailer_place":0}],"polarislines.tallinn":[{"target":"sal_fi.helsinki","urgency":0,"shortest_distance_km":84,"ferry_time":150,"ferry_price":430,"cargo":"cargo.flour","company_truck":"renault_t_4x2h","trailer_variant":"trailer.scs_dry_s","trailer_definition":"trailer_def.scs.box.single_3.dryvan","units_count":33,"fill_ratio":1,"trailer_place":0},{"target":"nch.kouvola","urgency":0,"shortest_distance_km":283,"ferry_time":150,"ferry_price":430,"cargo":"cargo.motor_oil_c","company_truck":"mercedes_actros_2014_6x2_a","trailer_variant":"trailer.scs_gosck220","trailer_definition":"trailer_def.scs.gooseneck.singl_3e_220.container","units_count":30,"fill_ratio":1,"trailer_place":0}],"polarislines.helsinki":[{"target":"renar.turku","urgency":0,"shortest_distance_km":246,"ferry_time":0,"ferry_price":0,"cargo":"cargo.flour","company_truck":"scania_r_4x2_520","trailer_variant":"trailer.scs_curt_s","trailer_definition":"trailer_def.scs.box.single_3.curtain","units_count":33,"fill_ratio":1,"trailer_place":0}],"aerobalt.riga":[{"target":"sal_fi.pori","urgency":0,"shortest_distance_km":686,"ferry_time":150,"ferry_price":430,"cargo":"cargo.med_equip","company_truck":"renault_magnum_6x2_a","trailer_variant":"trailer.scs_dry_a","trailer_definition":"trailer_def.scs.box.single_3.dryvan","units_count":33,"fill_ratio":1,"trailer_place":0}],"bhv.vilnius":[{"target":"gnt.vilnius","urgency":0,"shortest_distance_km":1,"ferry_time":0,"ferry_price":0,"cargo":"cargo.car_balt2","company_truck":"scania_r_4x2_520","trailer_variant":"trailer.car_trans_b2","trailer_definition":"trailer_def.car_balt2.car_trans_b2","units_count":100,"fill_ratio":1,"trailer_place":0}],"domdepo_ru.luga":[{"target":"blt_ru.pskov","urgency":0,"shortest_distance_km":172,"ferry_time":0,"ferry_price":0,"cargo":"cargo.gravel","company_truck":"iveco_4x2_a","trailer_variant":"trailer.s_ki_solid.gravel","trailer_definition":"trailer_def.gravel.s_ki_solid.gravel","units_count":100,"fill_ratio":1,"trailer_place":0}],"eviksi_a.ventspils":[{"target":"nosko.klaipeda","urgency":0,"shortest_distance_km":171,"ferry_time":0,"ferry_price":0,"cargo":"cargo.drymilk","company_truck":"mercedes_actros_2014_6x4_b","trailer_variant":"trailer.scs_dry_ms","trailer_definition":"trailer_def.scs.box.single_3.dryvan_m","units_count":33,"fill_ratio":1,"trailer_place":0}],"ladoga.turku":[{"target":"sal_fi.pori","urgency":1,"shortest_distance_km":97,"ferry_time":0,"ferry_price":0,"cargo":"cargo.car_balt1","company_truck":"renault_t_4x2","trailer_variant":"trailer.car_trans_b","trailer_definition":"trailer_def.car_balt1.car_trans_b","units_count":100,"fill_ratio":1,"trailer_place":0},{"target":"rosmark.liepaja","urgency":2,"shortest_distance_km":785,"ferry_time":150,"ferry_price":430,"cargo":"cargo.scrap_metals","company_truck":"man_6x4_b","trailer_variant":"trailer.s_ki_solid.cover","trailer_definition":"trailer_def.scrap_metals.s_ki_solid.cover","units_count":100,"fill_ratio":1,"trailer_place":0}],"ns_oil.ventspils":[{"target":"bltmetal.siauliai","urgency":0,"shortest_distance_km":281,"ferry_time":0,"ferry_price":0,"cargo":"cargo.motor_oil","company_truck":"scania_6x4_a","trailer_variant":"trailer.scs_curt_s","trailer_definition":"trailer_def.scs.box.single_3.curtain","units_count":33,"fill_ratio":1,"trailer_place":0},{"target":"sal_fi.pori","urgency":2,"shortest_distance_km":803,"ferry_time":150,"ferry_price":430,"cargo":"cargo.fueltanker","company_truck":"scania_6x4_a","trailer_variant":"trailer.scs_flat_c_r","trailer_definition":"trailer_def.scs.flatbed.single_3.container","units_count":87,"fill_ratio":1,"trailer_place":0},{"target":"onnelik_a.tartu","urgency":1,"shortest_distance_km":501,"ferry_time":0,"ferry_price":0,"cargo":"cargo.diesel","company_truck":"iveco_6x2_a","trailer_variant":"trailer.willig.fuel_cistern","trailer_definition":"trailer_def.diesel.willig.fuel_cistern","units_count":95,"fill_ratio":1,"trailer_place":0}],"ns_oil.kotka":[{"target":"kivi.tartu","urgency":2,"shortest_distance_km":346,"ferry_time":150,"ferry_price":430,"cargo":"cargo.fueltanker","company_truck":"renault_t_4x2h","trailer_variant":"trailer.scs_flat_c_g","trailer_definition":"trailer_def.scs.flatbed.single_3.container","units_count":87,"fill_ratio":1,"trailer_place":0},{"target":"sal_fi.helsinki","urgency":0,"shortest_distance_km":207,"ferry_time":0,"ferry_price":0,"cargo":"cargo.petrol","company_truck":"iveco_4x2_b","trailer_variant":"trailer.willig.fuel_cistern","trailer_definition":"trailer_def.petrol.willig.fuel_cistern","units_count":101,"fill_ratio":1,"trailer_place":0},{"target":"baltomorsk.ventspils","urgency":2,"shortest_distance_km":743,"ferry_time":150,"ferry_price":430,"cargo":"cargo.kerosene","company_truck":"renault_t_4x2h","trailer_variant":"trailer.willig.fuel_cistern","trailer_definition":"trailer_def.kerosene.willig.fuel_cistern","units_count":100,"fill_ratio":1,"trailer_place":0},{"target":"bltmetal.tallinn","urgency":0,"shortest_distance_km":298,"ferry_time":150,"ferry_price":430,"cargo":"cargo.motor_oil","company_truck":"man_6x4_b","trailer_variant":"trailer.scs_curt_a","trailer_definition":"trailer_def.scs.box.single_3.curtain","units_count":33,"fill_ratio":1,"trailer_place":0}],"kivi.turku":[{"target":"nch.turku","urgency":2,"shortest_distance_km":88,"ferry_time":0,"ferry_price":0,"cargo":"cargo.stones","company_truck":"scania_s_6x2_450","trailer_variant":"trailer.s_ki_solid.cover","trailer_definition":"trailer_def.stones.s_ki_solid.cover","units_count":100,"fill_ratio":1,"trailer_place":0},{"target":"sal_fi.kouvola","urgency":0,"shortest_distance_km":273,"ferry_time":0,"ferry_price":0,"cargo":"cargo.digger1000","company_truck":"mercedes_actros_2014_4x2_a","trailer_variant":"trailer.overweight.digger1000","trailer_definition":"trailer_def.digger1000.overweight.digger1000","units_count":100,"fill_ratio":1,"trailer_place":0}],"ibp.mazeikiai":[{"target":"blt.siauliai","urgency":1,"shortest_distance_km":108,"ferry_time":0,"ferry_price":0,"cargo":"cargo.oil","company_truck":"scania_4x2_a","trailer_variant":"trailer.willig.fuel_cistern","trailer_definition":"trailer_def.oil.willig.fuel_cistern","units_count":101,"fill_ratio":1,"trailer_place":0}],"cont_port_ru.petersburg":[{"target":"blt.tartu","urgency":2,"shortest_distance_km":274,"ferry_time":0,"ferry_price":0,"cargo":"cargo.carrots_c","company_truck":"scania_s_4x2_580","trailer_variant":"trailer.scs_flat_c_g","trailer_definition":"trailer_def.scs.flatbed.single_3.container","units_count":33,"fill_ratio":1,"trailer_place":0}],"cemelt_win.liepaja":[{"target":"nch.turku","urgency":2,"shortest_distance_km":749,"ferry_time":150,"ferry_price":430,"cargo":"cargo.empty_palet","company_truck":"mercedes_actros_2014_4x2_c","trailer_variant":"trailer.scs_dry_ms","trailer_definition":"trailer_def.scs.box.single_3.dryvan_m","units_count":32,"fill_ratio":1,"trailer_place":0}],"suprema.lahti":[{"target":"sal_fi.pori","urgency":0,"shortest_distance_km":254,"ferry_time":0,"ferry_price":0,"cargo":"cargo.used_packag","company_truck":"double/iveco_4x2_a","trailer_variant":"trailer.scs_curt_2","trailer_definition":"trailer_def.scs.box.double_3_2.curtain","units_count":53,"fill_ratio":1,"trailer_place":0}],"lintukainen.tallinn":[{"target":"blt.tartu","urgency":2,"shortest_distance_km":202,"ferry_time":0,"ferry_price":0,"cargo":"cargo.excavator","company_truck":"man_4x2_a","trailer_variant":"trailer.overweight.excavator","trailer_definition":"trailer_def.excavator.overweight.excavator","units_count":94,"fill_ratio":1,"trailer_place":0},{"target":"kivi.kotka","urgency":0,"shortest_distance_km":277,"ferry_time":150,"ferry_price":430,"cargo":"cargo.digger1000","company_truck":"man_tgx_euro6_4x2_xl","trailer_variant":"trailer.overweight.digger1000","trailer_definition":"trailer_def.digger1000.overweight.digger1000","units_count":100,"fill_ratio":1,"trailer_place":0},{"target":"nch_ru.petersburg","urgency":1,"shortest_distance_km":316,"ferry_time":0,"ferry_price":0,"cargo":"cargo.logs","company_truck":"iveco_4x2_b","trailer_variant":"trailer.scs_log","trailer_definition":"trailer_def.scs.log.single_3.steel","units_count":2,"fill_ratio":1,"trailer_place":0}],"lintukainen.kotka":[{"target":"renar.kotka","urgency":2,"shortest_distance_km":18,"ferry_time":0,"ferry_price":0,"cargo":"cargo.sawpanels","company_truck":"daf_4x2_b","trailer_variant":"trailer.scs_curt_a","trailer_definition":"trailer_def.scs.box.single_3.curtain","units_count":33,"fill_ratio":1,"trailer_place":0}],"blt.tartu":[{"target":"rosmark.liepaja","urgency":0,"shortest_distance_km":503,"ferry_time":0,"ferry_price":0,"cargo":"cargo.concr_cent","company_truck":"renault_magnum_6x4_a","trailer_variant":"trailer.scs_flat_c_r","trailer_definition":"trailer_def.scs.flatbed.single_3.container","units_count":2,"fill_ratio":1,"trailer_place":0},{"target":"rosmark_ru.luga","urgency":1,"shortest_distance_km":274,"ferry_time":0,"ferry_price":0,"cargo":"cargo.oil","company_truck":"scania_s_4x2_580","trailer_variant":"trailer.willig.fuel_cistern","trailer_definition":"trailer_def.oil.willig.fuel_cistern","units_count":101,"fill_ratio":1,"trailer_place":0}],"eviksi_a.liepaja":[{"target":"suprema.kaunas","urgency":1,"shortest_distance_km":262,"ferry_time":0,"ferry_price":0,"cargo":"cargo.cheese","company_truck":"man_4x2_c","trailer_variant":"trailer.scs_ins","trailer_definition":"trailer_def.scs.box.single_3.insulated","units_count":33,"fill_ratio":1,"trailer_place":0}],"renat.tartu":[{"target":"renar.turku","urgency":0,"shortest_distance_km":367,"ferry_time":150,"ferry_price":430,"cargo":"cargo.furniture","company_truck":"mercedes_4x2_c","trailer_variant":"trailer.scs_dry_ms","trailer_definition":"trailer_def.scs.box.single_3.dryvan_m","units_count":33,"fill_ratio":1,"trailer_place":0},{"target":"lateds.valmiera","urgency":0,"shortest_distance_km":215,"ferry_time":0,"ferry_price":0,"cargo":"cargo.forklifts","company_truck":"scania_r_4x2_520","trailer_variant":"trailer.overweight.forklifts","trailer_definition":"trailer_def.forklifts.overweight.forklifts","units_count":100,"fill_ratio":1,"trailer_place":0}]}