{"tesore_gust.milano":[{"target":"transinet.torino","urgency":2,"shortest_distance_km":134,"ferry_time":0,"ferry_price":0,"cargo":"cargo.chewing_gums","company_truck":"mercedes_actros_2014_4x2_c","trailer_variant":"trailer.scs_dry_m","trailer_definition":"trailer_def.scs.box.single_3.dryvan_m","units_count":33,"fill_ratio":1,"trailer_place":0}],"bcp.kassel":[{"target":"tradeaux.rostock","urgency":0,"shortest_distance_km":486,"ferry_time":0,"ferry_price":0,"cargo":"cargo.digger500","company_truck":"iveco_4x2_c","trailer_variant":"trailer.overweight.digger500","trailer_definition":"trailer_def.digger500.overweight.digger500","units_count":100,"fill_ratio":1,"trailer_place":0}],"sellplan.wien":[{"target":"stokes.plymouth","urgency":0,"shortest_distance_km":1758,"ferry_time":35,"ferry_price":300,"cargo":"cargo.used_plast_c","company_truck":"iveco_4x2_b","trailer_variant":"trailer.scs_gosck220","trailer_definition":"trailer_def.scs.gooseneck.singl_3e_220.container","units_count":30,"fill_ratio":1,"trailer_place":0},{"target":"posped.bratislava","urgency":2,"shortest_distance_km":69,"ferry_time":0,"ferry_price":0,"cargo":"cargo.empty_palet","company_truck":"mercedes_actros_2014_4x2_a","trailer_variant":"trailer.scs_dry_m","trailer_definition":"trailer_def.scs.box.single_3.dryvan_m","units_count":32,"fill_ratio":1,"trailer_place":0},{"target":"lkwlog.brno","urgency":0,"shortest_distance_km":120,"ferry_time":0,"ferry_price":0,"cargo":"cargo.used_plast","company_truck":"scania_r_6x2_450","trailer_variant":"trailer.scs_dry_a","trailer_definition":"trailer_def.scs.box.single_3.dryvan","units_count":33,"fill_ratio":1,"trailer_place":0}],"kaarfor.strasbourg":[{"target":"transinet.osnabruck","urgency":2,"shortest_distance_km":555,"ferry_time":0,"ferry_price":0,"cargo":"cargo.empty_palet","company_truck":"scania_s_6x2_450","trailer_variant":"trailer.scs_dry","trailer_definition":"trailer_def.scs.box.single_3.dryvan","units_count":33,"fill_ratio":1,"trailer_place":0}],"voitureux.paris":[{"target":"transinet.brussel","urgency":0,"shortest_distance_km":325,"ferry_time":0,"ferry_price":0,"cargo":"cargo.used_plast_c","company_truck":"iveco_6x2_a","trailer_variant":"trailer.scs_gosck40","trailer_definition":"trailer_def.scs.gooseneck.singl_3e_40.container","units_count":30,"fill_ratio":1,"trailer_place":0},{"target":"tradeaux.paris","urgency":0,"shortest_distance_km":95,"ferry_time":0,"ferry_price":0,"cargo":"cargo.used_packag","company_truck":"scania_6x2_b","trailer_variant":"trailer.scs_dry_m","trailer_definition":"trailer_def.scs.box.single_3.dryvan_m","units_count":33,"fill_ratio":1,"trailer_place":0}],"wgcc.frankfurt":[{"target":"euroacres.liverpool","urgency":1,"shortest_distance_km":1208,"ferry_time":35,"ferry_price":300,"cargo":"cargo.oil","company_truck":"mercedes_6x2_b","trailer_variant":"trailer.fuel_cistern","trailer_definition":"trailer_def.oil.fuel_cistern","units_count":100,"fill_ratio":1,"trailer_place":0},{"target":"euroacres.magdeburg","urgency":0,"shortest_distance_km":478,"ferry_time":0,"ferry_price":0,"cargo":"cargo.fertilizer","company_truck":"man_6x4_b","trailer_variant":"trailer.scs_curt_b2","trailer_definition":"trailer_def.scs.box.bdouble_3_3.curtain","units_count":28,"fill_ratio":1,"trailer_place":0}],"eurogoodies.plymouth":[{"target":"transinet.southampton","urgency":2,"shortest_distance_km":269,"ferry_time":0,"ferry_price":0,"cargo":"cargo.vinegar_c","company_truck":"mercedes_4x2_b","trailer_variant":"trailer.scs_flat_c_r","trailer_definition":"trailer_def.scs.flatbed.single_3.container","units_count":33,"fill_ratio":1,"trailer_place":0}],"lkwlog.felixstowe":[{"target":"posped.rotterdam","urgency":1,"shortest_distance_km":130,"ferry_time":480,"ferry_price":960,"cargo":"cargo.beverages","company_truck":"iveco_4x2_b","trailer_variant":"trailer.scs_ref_a","trailer_definition":"trailer_def.scs.box.single_3.reefer","units_count":30,"fill_ratio":1,"trailer_place":0},{"target":"stokes.cardiff","urgency":1,"shortest_distance_km":446,"ferry_time":0,"ferry_price":0,"cargo":"cargo.beverages_c","company_truck":"renault_magnum_6x2_a","trailer_variant":"trailer.scs_flat_c_r","trailer_definition":"trailer_def.scs.flatbed.single_3.container","units_count":33,"fill_ratio":1,"trailer_place":0},{"target":"transinet.rotterdam","urgency":1,"shortest_distance_km":129,"ferry_time":480,"ferry_price":960,"cargo":"cargo.oil_filters","company_truck":"man_6x4_b","trailer_variant":"trailer.scs_curt","trailer_definition":"trailer_def.scs.box.single_3.curtain","units_count":33,"fill_ratio":1,"trailer_place":0},{"target":"stokes.amsterdam","urgency":0,"shortest_distance_km":206,"ferry_time":480,"ferry_price":960,"cargo":"cargo.med_equip","company_truck":"daf_xf_euro6_4x2_a","trailer_variant":"trailer.scs_curt_a","trailer_definition":"trailer_def.scs.box.single_3.curtain","units_count":33,"fill_ratio":1,"trailer_place":0}],"tradeaux.klagenfurt":[{"target":"posped.graz","urgency":2,"shortest_distance_km":116,"ferry_time":0,"ferry_price":0,"cargo":"cargo.chem_sorbent","company_truck":"scania_4x2_b","trailer_variant":"trailer.scs_curt","trailer_definition":"trailer_def.scs.box.single_3.curtain","units_count":33,"fill_ratio":1,"trailer_place":0},{"target":"posped.graz","urgency":2,"shortest_distance_km":116,"ferry_time":0,"ferry_price":0,"cargo":"cargo.oil_filt_c","company_truck":"scania_streamline_4x2_a","trailer_variant":"trailer.scs_gosck40","trailer_definition":"trailer_def.scs.gooseneck.singl_3e_40.container","units_count":30,"fill_ratio":1,"trailer_place":0},{"target":"posped.linz","urgency":0,"shortest_distance_km":306,"ferry_time":0,"ferry_price":0,"cargo":"cargo.digger1000","company_truck":"iveco_4x2_a","trailer_variant":"trailer.overweight.digger1000","trailer_definition":"trailer_def.digger1000.overweight.digger1000","units_count":100,"fill_ratio":1,"trailer_place":0}],"nbfc.london":[{"target":"wgcc.glasgow","urgency":0,"shortest_distance_km":665,"ferry_time":0,"ferry_price":0,"cargo":"cargo.mercuric","company_truck":"scania_s_4x2_580","trailer_variant":"trailer.scs_flat_c_r","trailer_definition":"trailer_def.scs.flatbed.single_3.container","units_count":87,"fill_ratio":1,"trailer_place":0},{"target":"itcc.liege","urgency":1,"shortest_distance_km":483,"ferry_time":35,"ferry_price":300,"cargo":"cargo.diesel","company_truck":"man_4x2_a","trailer_variant":"trailer.fuel_cistern","trailer_definition":"trailer_def.diesel.fuel_cistern","units_count":94,"fill_ratio":1,"trailer_place":0}],"tree_et.dortmund":[{"target":"stokes.dusseldorf","urgency":0,"shortest_distance_km":120,"ferry_time":0,"ferry_price":0,"cargo":"cargo.digger500","company_truck":"scania_streamline_4x2_b","trailer_variant":"trailer.overweight.digger500","trailer_definition":"trailer_def.digger500.overweight.digger500","units_count":100,"fill_ratio":1,"trailer_place":0},{"target":"stokes.dusseldorf","urgency":2,"shortest_distance_km":120,"ferry_time":0,"ferry_price":0,"cargo":"cargo.sawpanels","company_truck":"man_6x4_b","trailer_variant":"trailer.scs_dry","trailer_definition":"trailer_def.scs.box.single_3.dryvan","units_count":33,"fill_ratio":1,"trailer_place":0}],"wgcc.bratislava":[{"target":"transinet.szczecin","urgency":2,"shortest_distance_km":771,"ferry_time":0,"ferry_price":0,"cargo":"cargo.lpg","company_truck":"renault_premium_6x4_a","trailer_variant":"trailer.willig.fuel_cistern","trailer_definition":"trailer_def.lpg.willig.fuel_cistern","units_count":101,"fill_ratio":1,"trailer_place":0}],"nbfc.aberdeen":[{"target":"wgcc.glasgow","urgency":0,"shortest_distance_km":239,"ferry_time":0,"ferry_price":0,"cargo":"cargo.ammunition","company_truck":"renault_premium_6x2_a","trailer_variant":"trailer.scs_curt_a","trailer_definition":"trailer_def.scs.box.single_3.curtain","units_count":33,"fill_ratio":1,"trailer_place":0},{"target":"wgcc.glasgow","urgency":0,"shortest_distance_km":239,"ferry_time":0,"ferry_price":0,"cargo":"cargo.hmetal","company_truck":"scania_streamline_6x2_b","trailer_variant":"trailer.scs_flat_c_g","trailer_definition":"trailer_def.scs.flatbed.single_3.container","units_count":87,"fill_ratio":1,"trailer_place":0},{"target":"bcp.birmingham","urgency":0,"shortest_distance_km":703,"ferry_time":0,"ferry_price":0,"cargo":"cargo.motor_oil_c","company_truck":"daf_4x2_b","trailer_variant":"trailer.scs_gosck220","trailer_definition":"trailer_def.scs.gooseneck.singl_3e_220.container","units_count":30,"fill_ratio":1,"trailer_place":0}],"eurogoodies.liverpool":[{"target":"lkwlog.manchester","urgency":2,"shortest_distance_km":88,"ferry_time":0,"ferry_price":0,"cargo":"cargo.apples","company_truck":"daf_xf_euro6_6x2_a","trailer_variant":"trailer.scs_curt_s","trailer_definition":"trailer_def.scs.box.single_3.curtain","units_count":33,"fill_ratio":1,"trailer_place":0},{"target":"posped.london","urgency":2,"shortest_distance_km":343,"ferry_time":0,"ferry_price":0,"cargo":"cargo.pnut_butter","company_truck":"scania_6x2_b","trailer_variant":"trailer.scs_ins","trailer_definition":"trailer_def.scs.box.single_3.insulated","units_count":33,"fill_ratio":1,"trailer_place":0}],"itcc.luxembourg":[{"target":"lkwlog.luxembourg","urgency":2,"shortest_distance_km":1,"ferry_time":0,"ferry_price":0,"cargo":"cargo.excavator","company_truck":"scania_4x2_a","trailer_variant":"trailer.overweight.excavator","trailer_definition":"trailer_def.excavator.overweight.excavator","units_count":100,"fill_ratio":1,"trailer_place":0},{"target":"posped.strasbourg","urgency":0,"shortest_distance_km":220,"ferry_time":0,"ferry_price":0,"cargo":"cargo.precast_strs","company_truck":"man_6x4_b","trailer_variant":"trailer.scs_dry_ms","trailer_definition":"trailer_def.scs.box.single_3.dryvan_m","units_count":33,"fill_ratio":1,"trailer_place":0}],"transinet.brussel":[{"target":"tradeaux.grimsby","urgency":1,"shortest_distance_km":665,"ferry_time":35,"ferry_price":300,"cargo":"cargo.sand","company_truck":"scania_streamline_4x2_c","trailer_variant":"trailer.s_ki_solid.sand","trailer_definition":"trailer_def.sand.s_ki_solid.sand","units_count":100,"fill_ratio":1,"trailer_place":0}],"stokes.dusseldorf":[{"target":"lkwlog.amsterdam","urgency":1,"shortest_distance_km":309,"ferry_time":0,"ferry_price":0,"cargo":"cargo.straw_bales","company_truck":"double/mercedes_actros_2014_4x2_a","trailer_variant":"trailer.scs_curt_b2","trailer_definition":"trailer_def.scs.box.bdouble_3_3.curtain","units_count":38,"fill_ratio":1,"trailer_place":0}],"eurogoodies.dover":[{"target":"stokes.dusseldorf","urgency":1,"shortest_distance_km":489,"ferry_time":91,"ferry_price":384,"cargo":"cargo.beverages_c","company_truck":"man_6x4_b","trailer_variant":"trailer.scs_gosck20","trailer_definition":"trailer_def.scs.gooseneck.singl_3e_20.container","units_count":15,"fill_ratio":1,"trailer_place":0}],"quarry.stuttgart":[{"target":"lkwlog.duisburg","urgency":1,"shortest_distance_km":404,"ferry_time":0,"ferry_price":0,"cargo":"cargo.sand","company_truck":"renault_premium_4x2_c","trailer_variant":"trailer.s_ki_solid.sand","trailer_definition":"trailer_def.sand.s_ki_solid.sand","units_count":100,"fill_ratio":1,"trailer_place":0},{"target":"lkwlog.luxembourg","urgency":1,"shortest_distance_km":301,"ferry_time":0,"ferry_price":0,"cargo":"cargo.largetubes","company_truck":"daf_xf_euro6_6x4_c","trailer_variant":"trailer.scs_log","trailer_definition":"trailer_def.scs.log.single_3.steel","units_count":2,"fill_ratio":1,"trailer_place":0},{"target":"tree_et.frankfurt","urgency":0,"shortest_distance_km":154,"ferry_time":0,"ferry_price":0,"cargo":"cargo.digger1000","company_truck":"scania_6x2_b","trailer_variant":"trailer.overweight.digger1000","trailer_definition":"trailer_def.digger1000.overweight.digger1000","units_count":100,"fill_ratio":1,"trailer_place":0}],"wgcc.manchester":[{"target":"nbfc.duisburg","urgency":2,"shortest_distance_km":1087,"ferry_time":35,"ferry_price":300,"cargo":"cargo.emptytank","company_truck":"scania_6x2_b","trailer_variant":"trailer.scs_flat_b","trailer_definition":"trailer_def.scs.flatbed.single_3.flatbed_w","units_count":2,"fill_ratio":1,"trailer_place":0},{"target":"itcc.sheffield","urgency":2,"shortest_distance_km":124,"ferry_time":0,"ferry_price":0,"cargo":"cargo.kerosene","company_truck":"scania_streamline_6x4_a","trailer_variant":"trailer.willig.fuel_cistern","trailer_definition":"trailer_def.kerosene.willig.fuel_cistern","units_count":100,"fill_ratio":1,"trailer_place":0},{"target":"transinet.rotterdam","urgency":0,"shortest_distance_km":223,"ferry_time":660,"ferry_price":995,"cargo":"cargo.petrol","company_truck":"mercedes_actros_2014_6x2_a","trailer_variant":"trailer.willig.fuel_cistern","trailer_definition":"trailer_def.petrol.willig.fuel_cistern","units_count":101,"fill_ratio":1,"trailer_place":0},{"target":"nbfc.duisburg","urgency":1,"shortest_distance_km":1087,"ferry_time":35,"ferry_price":300,"cargo":"cargo.potassium","company_truck":"mercedes_4x2_b","trailer_variant":"trailer.scs_flat_c_r","trailer_definition":"trailer_def.scs.flatbed.single_3.container","units_count":87,"fill_ratio":1,"trailer_place":0}],"tradeaux.kassel":[{"target":"posped.london","urgency":2,"shortest_distance_km":825,"ferry_time":35,"ferry_price":300,"cargo":"cargo.glass","company_truck":"scania_s_4x2_580","trailer_variant":"trailer.panel_trans.glass","trailer_definition":"trailer_def.glass.panel_trans.glass","units_count":90,"fill_ratio":1,"trailer_place":0},{"target":"lkwlog.luxembourg","urgency":0,"shortest_distance_km":437,"ferry_time":0,"ferry_price":0,"cargo":"cargo.bottle_water","company_truck":"daf_6x2_a","trailer_variant":"trailer.scs_curt_a","trailer_definition":"trailer_def.scs.box.single_3.curtain","units_count":31,"fill_ratio":1,"trailer_place":0}],"nbfc.duisburg":[{"target":"sanbuilders.erfurt","urgency":1,"shortest_distance_km":443,"ferry_time":0,"ferry_price":0,"cargo":"cargo.chemicals","company_truck":"mercedes_6x2_b","trailer_variant":"trailer.chcistern","trailer_definition":"trailer_def.chemicals.chcistern","units_count":100,"fill_ratio":1,"trailer_place":0},{"target":"trameri.dresden","urgency":0,"shortest_distance_km":636,"ferry_time":0,"ferry_price":0,"cargo":"cargo.hmetal","company_truck":"scania_4x2_b","trailer_variant":"trailer.scs_flat_c_r","trailer_definition":"trailer_def.scs.flatbed.single_3.container","units_count":87,"fill_ratio":1,"trailer_place":0}],"euroacres.liverpool":[{"target":"sellplan.sheffield","urgency":0,"shortest_distance_km":189,"ferry_time":0,"ferry_price":0,"cargo":"cargo.watermelons","company_truck":"mercedes_6x4_a","trailer_variant":"trailer.scs_ref_a","trailer_definition":"trailer_def.scs.box.single_3.reefer","units_count":33,"fill_ratio":1,"trailer_place":0}],"eurogoodies.munchen":[{"target":"tradeaux.frankfurt","urgency":0,"shortest_distance_km":399,"ferry_time":0,"ferry_price":0,"cargo":"cargo.icecream","company_truck":"double/daf_xf_euro6_4x2_a","trailer_variant":"trailer.scs_ref_b2","trailer_definition":"trailer_def.scs.box.bdouble_3_3.reefer","units_count":33,"fill_ratio":1,"trailer_place":0}],"tree_et.metz":[{"target":"euroacres.plymouth","urgency":0,"shortest_distance_km":853,"ferry_time":35,"ferry_price":300,"cargo":"cargo.lumber","company_truck":"renault_t_4x2h","trailer_variant":"trailer.scs_flat_r","trailer_definition":"trailer_def.scs.flatbed.single_3.flatbed_w","units_count":2,"fill_ratio":1,"trailer_place":0},{"target":"sanbuilders.rotterdam","urgency":1,"shortest_distance_km":452,"ferry_time":0,"ferry_price":0,"cargo":"cargo.logs","company_truck":"scania_s_6x2_450","trailer_variant":"trailer.scs_log","trailer_definition":"trailer_def.scs.log.single_3.steel","units_count":2,"fill_ratio":1,"trailer_place":0},{"target":"lkwlog.dover","urgency":1,"shortest_distance_km":416,"ferry_time":91,"ferry_price":384,"cargo":"cargo.diggers","company_truck":"man_tgx_euro6_4x2_xxl","trailer_variant":"trailer.overweight.digger","trailer_definition":"trailer_def.diggers.overweight.digger","units_count":98,"fill_ratio":1,"trailer_place":0}],"cesare_smar.milano":[{"target":"posped.verona","urgency":0,"shortest_distance_km":227,"ferry_time":0,"ferry_price":0,"cargo":"cargo.used_plast","company_truck":"mercedes_6x2_b","trailer_variant":"trailer.scs_curt_s","trailer_definition":"trailer_def.scs.box.single_3.curtain","units_count":33,"fill_ratio":1,"trailer_place":0}],"euroacres.groningen":[{"target":"eurogoodies.osnabruck","urgency":2,"shortest_distance_km":201,"ferry_time":0,"ferry_price":0,"cargo":"cargo.grapes","company_truck":"renault_premium_4x2_a","trailer_variant":"trailer.scs_ins_a","trailer_definition":"trailer_def.scs.box.single_3.insulated","units_count":33,"fill_ratio":1,"trailer_place":0}],"stokes.dijon":[{"target":"transinet.torino","urgency":1,"shortest_distance_km":520,"ferry_time":0,"ferry_price":0,"cargo":"cargo.tyres","company_truck":"mercedes_6x2_b","trailer_variant":"trailer.scs_curt_a","trailer_definition":"trailer_def.scs.box.single_3.curtain","units_count":33,"fill_ratio":1,"trailer_place":0}],"tree_et.innsbruck":[{"target":"stokes.zurich","urgency":2,"shortest_distance_km":246,"ferry_time":0,"ferry_price":0,"cargo":"cargo.empty_palet","company_truck":"scania_s_4x2_580","trailer_variant":"trailer.scs_dry_s","trailer_definition":"trailer_def.scs.box.single_3.dryvan","units_count":33,"fill_ratio":1,"trailer_place":0},{"target":"transinet.dortmund","urgency":2,"shortest_distance_km":777,"ferry_time":0,"ferry_price":0,"cargo":"cargo.excavator","company_truck":"scania_4x2_a","trailer_variant":"trailer.overweight.excavator","trailer_definition":"trailer_def.excavator.overweight.excavator","units_count":94,"fill_ratio":1,"trailer_place":0}],"euroacres.wroclaw":[{"target":"stokes.dijon","urgency":0,"shortest_distance_km":1149,"ferry_time":0,"ferry_price":0,"cargo":"cargo.carrots","company_truck":"mercedes_actros_2014_6x4_b","trailer_variant":"trailer.scs_curt","trailer_definition":"trailer_def.scs.box.single_3.curtain","units_count":33,"fill_ratio":1,"trailer_place":0}],"posped.bremen":[{"target":"lkwlog.hamburg","urgency":1,"shortest_distance_km":128,"ferry_time":0,"ferry_price":0,"cargo":"cargo.ketchup","company_truck":"double/iveco_h_4x2_a","trailer_variant":"trailer.scs_curt_b2","trailer_definition":"trailer_def.scs.box.bdouble_3_3.curtain","units_count":38,"fill_ratio":1,"trailer_place":0}],"euroacres.brussel":[{"target":"stokes.liege","urgency":2,"shortest_distance_km":175,"ferry_time":0,"ferry_price":0,"cargo":"cargo.carrots_c","company_truck":"scania_6x4_a","trailer_variant":"trailer.scs_flat_c_g","trailer_definition":"trailer_def.scs.flatbed.single_3.container","units_count":33,"fill_ratio":1,"trailer_place":0}],"nbfc.liverpool":[{"target":"posped.swansea","urgency":1,"shortest_distance_km":261,"ferry_time":0,"ferry_price":0,"cargo":"cargo.diesel","company_truck":"scania_streamline_4x2_b","trailer_variant":"trailer.willig.fuel_cistern","trailer_definition":"trailer_def.diesel.willig.fuel_cistern","units_count":95,"fill_ratio":1,"trailer_place":0},{"target":"quarry.sheffield","urgency":2,"shortest_distance_km":205,"ferry_time":0,"ferry_price":0,"cargo":"cargo.dynamite","company_truck":"scania_streamline_4x2_c","trailer_variant":"trailer.scs_curt_a","trailer_definition":"trailer_def.scs.box.single_3.curtain","units_count":33,"fill_ratio":1,"trailer_place":0},{"target":"itcc.glasgow","urgency":2,"shortest_distance_km":368,"ferry_time":0,"ferry_price":0,"cargo":"cargo.vent_tube","company_truck":"man_6x4_b","trailer_variant":"trailer.scs_flat_b","trailer_definition":"trailer_def.scs.flatbed.single_3.flatbed_w","units_count":2,"fill_ratio":1,"trailer_place":0},{"target":"wgcc.manchester","urgency":2,"shortest_distance_km":70,"ferry_time":0,"ferry_price":0,"cargo":"cargo.hchemicals","company_truck":"mercedes_actros_2014_4x2_b","trailer_variant":"trailer.chcistern","trailer_definition":"trailer_def.hchemicals.chcistern","units_count":100,"fill_ratio":1,"trailer_place":0}],"euroacres.erfurt":[{"target":"posped.linz","urgency":2,"shortest_distance_km":585,"ferry_time":0,"ferry_price":0,"cargo":"cargo.carrots_c","company_truck":"man_6x4_b","trailer_variant":"trailer.scs_flat_c_g","trailer_definition":"trailer_def.scs.flatbed.single_3.container","units_count":33,"fill_ratio":1,"trailer_place":0}],"transinet.cambridge":[{"target":"stokes.liege","urgency":2,"shortest_distance_km":560,"ferry_time":35,"ferry_price":300,"cargo":"cargo.pnut_butter","company_truck":"mercedes_actros_2014_6x4_b","trailer_variant":"trailer.scs_dry_ms","trailer_definition":"trailer_def.scs.box.single_3.dryvan_m","units_count":33,"fill_ratio":1,"trailer_place":0}],"bcp.birmingham":[{"target":"lkwlog.manchester","urgency":0,"shortest_distance_km":198,"ferry_time":0,"ferry_price":0,"cargo":"cargo.used_plast","company_truck":"scania_6x4_a","trailer_variant":"trailer.scs_dry_s","trailer_definition":"trailer_def.scs.box.single_3.dryvan","units_count":33,"fill_ratio":1,"trailer_place":0}],"eurogoodies.groningen":[{"target":"lkwlog.hamburg","urgency":1,"shortest_distance_km":290,"ferry_time":0,"ferry_price":0,"cargo":"cargo.beef_meat","company_truck":"renault_premium_6x2_a","trailer_variant":"trailer.scs_ref_s","trailer_definition":"trailer_def.scs.box.single_3.reefer","units_count":33,"fill_ratio":1,"trailer_place":0}],"sellplan.magdeburg":[{"target":"posped.graz","urgency":0,"shortest_distance_km":781,"ferry_time":0,"ferry_price":0,"cargo":"cargo.used_packag","company_truck":"mercedes_6x4_a","trailer_variant":"trailer.scs_curt_s","trailer_definition":"trailer_def.scs.box.single_3.curtain","units_count":33,"fill_ratio":1,"trailer_place":0},{"target":"lkwlog.amsterdam","urgency":2,"shortest_distance_km":483,"ferry_time":0,"ferry_price":0,"cargo":"cargo.empty_palet","company_truck":"scania_r_6x2_450","trailer_variant":"trailer.scs_dry","trailer_definition":"trailer_def.scs.box.single_3.dryvan","units_count":33,"fill_ratio":1,"trailer_place":0}],"quarry.reims":[{"target":"lkwlog.luxembourg","urgency":2,"shortest_distance_km":119,"ferry_time":0,"ferry_price":0,"cargo":"cargo.fueltanker","company_truck":"scania_s_4x2_580","trailer_variant":"trailer.scs_flat_c_r","trailer_definition":"trailer_def.scs.flatbed.single_3.container","units_count":87,"fill_ratio":1,"trailer_place":0}],"tree_et.aberdeen":[{"target":"stokes.aberdeen","urgency":0,"shortest_distance_km":3,"ferry_time":0,"ferry_price":0,"cargo":"cargo.digger500","company_truck":"renault_premium_6x4_a","trailer_variant":"trailer.overweight.digger500","trailer_definition":"trailer_def.digger500.overweight.digger500","units_count":100,"fill_ratio":1,"trailer_place":0}],"lkwlog.manchester":[{"target":"sanbuilders.newcastle","urgency":1,"shortest_distance_km":232,"ferry_time":0,"ferry_price":0,"cargo":"cargo.floorpanels","company_truck":"renault_magnum_6x2_a","trailer_variant":"trailer.panel_trans.floor","trailer_definition":"trailer_def.floorpanels.panel_trans.floor","units_count":90,"fill_ratio":1,"trailer_place":0}],"sellplan.klagenfurt":[{"target":"posped.graz","urgency":0,"shortest_distance_km":115,"ferry_time":0,"ferry_price":0,"cargo":"cargo.used_plast_c","company_truck":"man_6x4_b","trailer_variant":"trailer.scs_flat_c_r","trailer_definition":"trailer_def.scs.flatbed.single_3.container","units_count":33,"fill_ratio":1,"trailer_place":0}],"stokes.liege":[{"target":"tradeaux.hannover","urgency":2,"shortest_distance_km":422,"ferry_time":0,"ferry_price":0,"cargo":"cargo.grapes","company_truck":"scania_s_4x2_370","trailer_variant":"trailer.scs_ref","trailer_definition":"trailer_def.scs.box.single_3.reefer","units_count":33,"fill_ratio":1,"trailer_place":0}],"euroacres.magdeburg":[{"target":"sellplan.groningen","urgency":2,"shortest_distance_km":420,"ferry_time":0,"ferry_price":0,"cargo":"cargo.peas","company_truck":"renault_premium_4x2_c","trailer_variant":"trailer.scs_curt","trailer_definition":"trailer_def.scs.box.single_3.curtain","units_count":33,"fill_ratio":1,"trailer_place":0}],"euroacres.plymouth":[{"target":"stokes.plymouth","urgency":0,"shortest_distance_km":2,"ferry_time":0,"ferry_price":0,"cargo":"cargo.digger500","company_truck":"mercedes_4x2_c","trailer_variant":"trailer.overweight.digger500","trailer_definition":"trailer_def.digger500.overweight.digger500","units_count":100,"fill_ratio":1,"trailer_place":0}],"kaarfor.verona":[{"target":"cargotras.milano","urgency":0,"shortest_distance_km":176,"ferry_time":0,"ferry_price":0,"cargo":"cargo.used_packag","company_truck":"scania_4x2_a","trailer_variant":"trailer.scs_dry_a","trailer_definition":"trailer_def.scs.box.single_3.dryvan","units_count":33,"fill_ratio":1,"trailer_place":0}],"quarry.wroclaw":[{"target":"itcc.szczecin","urgency":2,"shortest_distance_km":442,"ferry_time":0,"ferry_price":0,"cargo":"cargo.ore","company_truck":"scania_s_6x4_730","trailer_variant":"trailer.s_ki_solid.ore","trailer_definition":"trailer_def.ore.s_ki_solid.ore","units_count":100,"fill_ratio":1,"trailer_place":0},{"target":"lkwlog.brno","urgency":2,"shortest_distance_km":267,"ferry_time":0,"ferry_price":0,"cargo":"cargo.fueltanker","company_truck":"renault_premium_4x2_a","trailer_variant":"trailer.scs_flat_c_r","trailer_definition":"trailer_def.scs.flatbed.single_3.container","units_count":87,"fill_ratio":1,"trailer_place":0},{"target":"transinet.mannheim","urgency":1,"shortest_distance_km":675,"ferry_time":0,"ferry_price":0,"cargo":"cargo.sand","company_truck":"daf_xf_euro6_4x2_c","trailer_variant":"trailer.s_ki_solid.sand","trailer_definition":"trailer_def.sand.s_ki_solid.sand","units_count":100,"fill_ratio":1,"trailer_place":0}],"euroacres.carlisle":[{"target":"quarry.glasgow","urgency":0,"shortest_distance_km":248,"ferry_time":0,"ferry_price":0,"cargo":"cargo.digger500","company_truck":"renault_premium_4x2_a","trailer_variant":"trailer.overweight.digger500","trailer_definition":"trailer_def.digger500.overweight.digger500","units_count":100,"fill_ratio":1,"trailer_place":0}],"quarry.glasgow":[{"target":"wgcc.manchester","urgency":2,"shortest_distance_km":439,"ferry_time":0,"ferry_price":0,"cargo":"cargo.emptytank","company_truck":"scania_r_6x2_450","trailer_variant":"trailer.scs_flat_r","trailer_definition":"trailer_def.scs.flatbed.single_3.flatbed_w","units_count":2,"fill_ratio":1,"trailer_place":0},{"target":"sanbuilders.edinburgh","urgency":0,"shortest_distance_km":147,"ferry_time":0,"ferry_price":0,"cargo":"cargo.digger500","company_truck":"scania_streamline_4x2_a","trailer_variant":"trailer.overweight.digger500","trailer_definition":"trailer_def.digger500.overweight.digger500","units_count":100,"fill_ratio":1,"trailer_place":0},{"target":"stokes.cardiff","urgency":2,"shortest_distance_km":690,"ferry_time":0,"ferry_price":0,"cargo":"cargo.ore","company_truck":"renault_premium_4x2_c","trailer_variant":"trailer.s_ki_solid.ore","trailer_definition":"trailer_def.ore.s_ki_solid.ore","units_count":100,"fill_ratio":1,"trailer_place":0}],"batisse_hs.paris":[{"target":"posped.swansea","urgency":0,"shortest_distance_km":670,"ferry_time":35,"ferry_price":300,"cargo":"cargo.digger500","company_truck":"renault_premium_4x2_a","trailer_variant":"trailer.overweight.digger500","trailer_definition":"trailer_def.digger500.overweight.digger500","units_count":100,"fill_ratio":1,"trailer_place":0},{"target":"tradeaux.lille","urgency":0,"shortest_distance_km":227,"ferry_time":0,"ferry_price":0,"cargo":"cargo.forklifts","company_truck":"man_6x4_b","trailer_variant":"trailer.overweight.forklifts","trailer_definition":"trailer_def.forklifts.overweight.forklifts","units_count":100,"fill_ratio":1,"trailer_place":0}],"itcc.liege":[{"target":"transinet.cambridge","urgency":0,"shortest_distance_km":580,"ferry_time":35,"ferry_price":300,"cargo":"cargo.outdr_flr_tl","company_truck":"man_6x4_b","trailer_variant":"trailer.scs_dry","trailer_definition":"trailer_def.scs.box.single_3.dryvan","units_count":33,"fill_ratio":1,"trailer_place":0}],"kaarfor.swansea":[{"target":"transinet.cambridge","urgency":0,"shortest_distance_km":436,"ferry_time":0,"ferry_price":0,"cargo":"cargo.used_plast_c","company_truck":"man_4x2_a","trailer_variant":"trailer.scs_gosck220","trailer_definition":"trailer_def.scs.gooseneck.singl_3e_220.container","units_count":30,"fill_ratio":1,"trailer_place":0},{"target":"posped.swansea","urgency":2,"shortest_distance_km":1,"ferry_time":0,"ferry_price":0,"cargo":"cargo.empty_palet","company_truck":"scania_r_4x2_370","trailer_variant":"trailer.scs_dry","trailer_definition":"trailer_def.scs.box.single_3.dryvan","units_count":33,"fill_ratio":1,"trailer_place":0},{"target":"lkwlog.felixstowe","urgency":0,"shortest_distance_km":483,"ferry_time":0,"ferry_price":0,"cargo":"cargo.used_packag","company_truck":"daf_xf_euro6_4x2_b","trailer_variant":"trailer.scs_dry","trailer_definition":"trailer_def.scs.box.single_3.dryvan","units_count":33,"fill_ratio":1,"trailer_place":0}],"stokes.zurich":[{"target":"tradeaux.geneve","urgency":0,"shortest_distance_km":250,"ferry_time":0,"ferry_price":0,"cargo":"cargo.petrol","company_truck":"man_6x4_b","trailer_variant":"trailer.fuel_cistern","trailer_definition":"trailer_def.petrol.fuel_cistern","units_count":100,"fill_ratio":1,"trailer_place":0}],"lkwlog.luxembourg":[{"target":"itcc.koln","urgency":0,"shortest_distance_km":223,"ferry_time":0,"ferry_price":0,"cargo":"cargo.overweight","company_truck":"daf_4x2_a","trailer_variant":"trailer.scs_flat_c_g","trailer_definition":"trailer_def.scs.flatbed.single_3.container","units_count":1,"fill_ratio":1,"trailer_place":0}],"eurogoodies.salzburg":[{"target":"sellplan.torino","urgency":2,"shortest_distance_km":776,"ferry_time":0,"ferry_price":0,"cargo":"cargo.vinegar_c","company_truck":"man_6x4_b","trailer_variant":"trailer.scs_gosck20","trailer_definition":"trailer_def.scs.gooseneck.singl_3e_20.container","units_count":15,"fill_ratio":1,"trailer_place":0},{"target":"kaarfor.munchen","urgency":2,"shortest_distance_km":181,"ferry_time":0,"ferry_price":0,"cargo":"cargo.peas","company_truck":"man_4x2_c","trailer_variant":"trailer.scs_dry_a","trailer_definition":"trailer_def.scs.box.single_3.dryvan","units_count":33,"fill_ratio":1,"trailer_place":0}],"kaarfor.bern":[{"target":"tradeaux.geneve","urgency":2,"shortest_distance_km":138,"ferry_time":0,"ferry_price":0,"cargo":"cargo.empty_palet","company_truck":"scania_streamline_4x2_b","trailer_variant":"trailer.scs_dry_m","trailer_definition":"trailer_def.scs.box.single_3.dryvan_m","units_count":32,"fill_ratio":1,"trailer_place":0}],"fcp.leipzig":[{"target":"transinet.dresden","urgency":1,"shortest_distance_km":160,"ferry_time":0,"ferry_price":0,"cargo":"cargo.mondeos","company_truck":"iveco_4x2_c","trailer_variant":"trailer.car_trans","trailer_definition":"trailer_def.mondeos.car_trans","units_count":100,"fill_ratio":1,"trailer_place":0}],"trameri.carlisle":[{"target":"lkwlog.manchester","urgency":2,"shortest_distance_km":208,"ferry_time":0,"ferry_price":0,"cargo":"cargo.empty_palet","company_truck":"renault_magnum_6x2_a","trailer_variant":"trailer.scs_curt_s","trailer_definition":"trailer_def.scs.box.single_3.curtain","units_count":33,"fill_ratio":1,"trailer_place":0},{"target":"posped.carlisle","urgency":0,"shortest_distance_km":1,"ferry_time":0,"ferry_price":0,"cargo":"cargo.used_plast_c","company_truck":"renault_premium_4x2_c","trailer_variant":"trailer.scs_gosck20","trailer_definition":"trailer_def.scs.gooseneck.singl_3e_20.container","units_count":15,"fill_ratio":1,"trailer_place":0},{"target":"quarry.sheffield","urgency":2,"shortest_distance_km":302,"ferry_time":0,"ferry_price":0,"cargo":"cargo.emptytank","company_truck":"daf_xf_euro6_4x2_a","trailer_variant":"trailer.scs_flat_b","trailer_definition":"trailer_def.scs.flatbed.single_3.flatbed_w","units_count":2,"fill_ratio":1,"trailer_place":0}],"kaarfor.poznan":[{"target":"stokes.poznan","urgency":2,"shortest_distance_km":1,"ferry_time":0,"ferry_price":0,"cargo":"cargo.empty_palet","company_truck":"scania_r_6x4_650","trailer_variant":"trailer.scs_dry_s","trailer_definition":"trailer_def.scs.box.single_3.dryvan","units_count":33,"fill_ratio":1,"trailer_place":0}],"eurogoodies.dijon":[{"target":"cargotras.milano","urgency":2,"shortest_distance_km":689,"ferry_time":0,"ferry_price":0,"cargo":"cargo.grapes","company_truck":"mercedes_4x2_a","trailer_variant":"trailer.scs_ins_s","trailer_definition":"trailer_def.scs.box.single_3.insulated","units_count":33,"fill_ratio":1,"trailer_place":0},{"target":"kaarfor.bern","urgency":1,"shortest_distance_km":239,"ferry_time":0,"ferry_price":0,"cargo":"cargo.beef_meat","company_truck":"scania_r_4x2_370","trailer_variant":"trailer.scs_ref_a","trailer_definition":"trailer_def.scs.box.single_3.reefer","units_count":33,"fill_ratio":1,"trailer_place":0}],"eurogoodies.edinburgh":[{"target":"transinet.rotterdam","urgency":2,"shortest_distance_km":425,"ferry_time":660,"ferry_price":995,"cargo":"cargo.grapes","company_truck":"mercedes_actros_2014_6x2_a","trailer_variant":"trailer.scs_ref","trailer_definition":"trailer_def.scs.box.single_3.reefer","units_count":33,"fill_ratio":1,"trailer_place":0}],"tree_et.hannover":[{"target":"transinet.mannheim","urgency":0,"shortest_distance_km":398,"ferry_time":0,"ferry_price":0,"cargo":"cargo.digger500","company_truck":"man_6x4_b","trailer_variant":"trailer.overweight.digger500","trailer_definition":"trailer_def.digger500.overweight.digger500","units_count":100,"fill_ratio":1,"trailer_place":0},{"target":"lkwlog.amsterdam","urgency":1,"shortest_distance_km":341,"ferry_time":0,"ferry_price":0,"cargo":"cargo.diggers","company_truck":"scania_r_4x2_370","trailer_variant":"trailer.overweight.digger","trailer_definition":"trailer_def.diggers.overweight.digger","units_count":98,"fill_ratio":1,"trailer_place":0}],"trameri.dresden":[{"target":"transinet.osnabruck","urgency":2,"shortest_distance_km":590,"ferry_time":0,"ferry_price":0,"cargo":"cargo.rooflights","company_truck":"renault_premium_6x4_a","trailer_variant":"trailer.scs_dry_m","trailer_definition":"trailer_def.scs.box.single_3.dryvan_m","units_count":33,"fill_ratio":1,"trailer_place":0},{"target":"tradeaux.prague","urgency":0,"shortest_distance_km":115,"ferry_time":0,"ferry_price":0,"cargo":"cargo.roof_tiles","company_truck":"daf_4x2_b","trailer_variant":"trailer.scs_curt","trailer_definition":"trailer_def.scs.box.single_3.curtain","units_count":33,"fill_ratio":1,"trailer_place":0}],"euroacres.berlin":[{"target":"kaarfor.poznan","urgency":0,"shortest_distance_km":231,"ferry_time":0,"ferry_price":0,"cargo":"cargo.watermelons","company_truck":"scania_s_6x2_450","trailer_variant":"trailer.scs_ref_a","trailer_definition":"trailer_def.scs.box.single_3.reefer","units_count":33,"fill_ratio":1,"trailer_place":0}],"eurogoodies.metz":[{"target":"lkwlog.amsterdam","urgency":1,"shortest_distance_km":499,"ferry_time":0,"ferry_price":0,"cargo":"cargo.beef_meat","company_truck":"iveco_4x2_b","trailer_variant":"trailer.scs_ref_a","trailer_definition":"trailer_def.scs.box.single_3.reefer","units_count":33,"fill_ratio":1,"trailer_place":0}],"stokes.kiel":[{"target":"lkwlog.brno","urgency":1,"shortest_distance_km":881,"ferry_time":0,"ferry_price":0,"cargo":"cargo.wshavings","company_truck":"daf_4x2_b","trailer_variant":"trailer.s_ki_solid.cover","trailer_definition":"trailer_def.wshavings.s_ki_solid.cover","units_count":100,"fill_ratio":1,"trailer_place":0}],"kaarfor.munchen":[{"target":"transinet.hamburg","urgency":0,"shortest_distance_km":768,"ferry_time":0,"ferry_price":0,"cargo":"cargo.used_plast_c","company_truck":"iveco_4x2_c","trailer_variant":"trailer.scs_gosck20","trailer_definition":"trailer_def.scs.gooseneck.singl_3e_20.container","units_count":15,"fill_ratio":1,"trailer_place":0},{"target":"cargotras.milano","urgency":2,"shortest_distance_km":606,"ferry_time":0,"ferry_price":0,"cargo":"cargo.empty_palet","company_truck":"scania_streamline_4x2_b","trailer_variant":"trailer.scs_curt_a","trailer_definition":"trailer_def.scs.box.single_3.curtain","units_count":33,"fill_ratio":1,"trailer_place":0}],"tradeaux.felixstowe":[{"target":"stokes.amsterdam","urgency":0,"shortest_distance_km":205,"ferry_time":480,"ferry_price":960,"cargo":"cargo.glass_packed","company_truck":"mercedes_actros_2014_6x2_a","trailer_variant":"trailer.gls_trailer","trailer_definition":"trailer_def.glass_packed.gls_trailer","units_count":100,"fill_ratio":1,"trailer_place":0}],"transinet.osnabruck":[{"target":"stokes.nurnberg","urgency":1,"shortest_distance_km":563,"ferry_time":0,"ferry_price":0,"cargo":"cargo.electronics","company_truck":"mercedes_actros_2014_4x2_a","trailer_variant":"trailer.scs_dry_ms","trailer_definition":"trailer_def.scs.box.single_3.dryvan_m","units_count":33,"fill_ratio":1,"trailer_place":0}],"lkwlog.calais":[{"target":"sellplan.london","urgency":0,"shortest_distance_km":123,"ferry_time":91,"ferry_price":384,"cargo":"cargo.maple_syrup","company_truck":"scania_streamline_4x2_c","trailer_variant":"trailer.scs_curt_a","trailer_definition":"trailer_def.scs.box.single_3.curtain","units_count":33,"fill_ratio":1,"trailer_place":0}],"sellplan.prague":[{"target":"stokes.poznan","urgency":2,"shortest_distance_km":357,"ferry_time":0,"ferry_price":0,"cargo":"cargo.empty_palet","company_truck":"mercedes_actros_2014_4x2_a","trailer_variant":"trailer.scs_dry_ms","trailer_definition":"trailer_def.scs.box.single_3.dryvan_m","units_count":32,"fill_ratio":1,"trailer_place":0}],"wgcc.grimsby":[{"target":"trameri.dresden","urgency":2,"shortest_distance_km":1434,"ferry_time":35,"ferry_price":300,"cargo":"cargo.magnesium","company_truck":"mercedes_6x4_a","trailer_variant":"trailer.scs_gosck20","trailer_definition":"trailer_def.scs.gooseneck.singl_3e_20.container","units_count":40,"fill_ratio":1,"trailer_place":0},{"target":"nbfc.london","urgency":0,"shortest_distance_km":287,"ferry_time":0,"ferry_price":0,"cargo":"cargo.hmetal","company_truck":"daf_xf_euro6_4x2_a","trailer_variant":"trailer.scs_gosck40","trailer_definition":"trailer_def.scs.gooseneck.singl_3e_40.container","units_count":80,"fill_ratio":1,"trailer_place":0}],"fcp.manchester":[{"target":"sanbuilders.newcastle","urgency":0,"shortest_distance_km":232,"ferry_time":0,"ferry_price":0,"cargo":"cargo.digger1000","company_truck":"mercedes_4x2_a","trailer_variant":"trailer.overweight.digger1000","trailer_definition":"trailer_def.digger1000.overweight.digger1000","units_count":100,"fill_ratio":1,"trailer_place":0}],"trameri.lille":[{"target":"sanbuilders.london","urgency":2,"shortest_distance_km":266,"ferry_time":35,"ferry_price":300,"cargo":"cargo.fueltanker","company_truck":"daf_xf_euro6_4x2_a","trailer_variant":"trailer.scs_gosck220","trailer_definition":"trailer_def.scs.gooseneck.singl_3e_220.container","units_count":80,"fill_ratio":1,"trailer_place":0}],"euroacres.bremen":[{"target":"transinet.osnabruck","urgency":0,"shortest_distance_km":142,"ferry_time":0,"ferry_price":0,"cargo":"cargo.honey","company_truck":"man_6x4_b","trailer_variant":"trailer.scs_dry_m","trailer_definition":"trailer_def.scs.box.single_3.dryvan_m","units_count":33,"fill_ratio":1,"trailer_place":0},{"target":"sellplan.rostock","urgency":0,"shortest_distance_km":295,"ferry_time":0,"ferry_price":0,"cargo":"cargo.beans","company_truck":"scania_6x2_b","trailer_variant":"trailer.scs_dry_a","trailer_definition":"trailer_def.scs.box.single_3.dryvan","units_count":33,"fill_ratio":1,"trailer_place":0}],"euroacres.brno":[{"target":"posped.graz","urgency":2,"shortest_distance_km":325,"ferry_time":0,"ferry_price":0,"cargo":"cargo.carrots_c","company_truck":"scania_r_6x2_450","trailer_variant":"trailer.scs_flat_c_g","trailer_definition":"trailer_def.scs.flatbed.single_3.container","units_count":33,"fill_ratio":1,"trailer_place":0}],"eurogoodies.osnabruck":[{"target":"sellplan.magdeburg","urgency":0,"shortest_distance_km":279,"ferry_time":0,"ferry_price":0,"cargo":"cargo.nuts","company_truck":"scania_streamline_4x2_c","trailer_variant":"trailer.scs_dry_s","trailer_definition":"trailer_def.scs.box.single_3.dryvan","units_count":33,"fill_ratio":1,"trailer_place":0}],"wgcc.strasbourg":[{"target":"nbfc.duisburg","urgency":0,"shortest_distance_km":507,"ferry_time":0,"ferry_price":0,"cargo":"cargo.sodium","company_truck":"renault_premium_6x4_a","trailer_variant":"trailer.scs_flat_c_g","trailer_definition":"trailer_def.scs.flatbed.single_3.container","units_count":87,"fill_ratio":1,"trailer_place":0}],"tree_et.zurich":[{"target":"tradeaux.lyon","urgency":1,"shortest_distance_km":432,"ferry_time":0,"ferry_price":0,"cargo":"cargo.logs","company_truck":"daf_xf_euro6_6x2_a","trailer_variant":"trailer.scs_log","trailer_definition":"trailer_def.scs.log.single_3.steel","units_count":2,"fill_ratio":1,"trailer_place":0},{"target":"euroacres.torino","urgency":0,"shortest_distance_km":456,"ferry_time":0,"ferry_price":0,"cargo":"cargo.lumber","company_truck":"daf_4x2_a","trailer_variant":"trailer.scs_flat_r","trailer_definition":"trailer_def.scs.flatbed.single_3.flatbed_w","units_count":2,"fill_ratio":1,"trailer_place":0}],"posped.carlisle":[{"target":"tree_et.frankfurt","urgency":2,"shortest_distance_km":1384,"ferry_time":35,"ferry_price":300,"cargo":"cargo.hipresstank","company_truck":"iveco_4x2_c","trailer_variant":"trailer.scs_flat_c_g","trailer_definition":"trailer_def.scs.flatbed.single_3.container","units_count":2,"fill_ratio":1,"trailer_place":0}],"euroacres.dijon":[{"target":"stokes.zurich","urgency":2,"shortest_distance_km":337,"ferry_time":0,"ferry_price":0,"cargo":"cargo.peas","company_truck":"renault_t_6x2","trailer_variant":"trailer.scs_dry_a","trailer_definition":"trailer_def.scs.box.single_3.dryvan","units_count":33,"fill_ratio":1,"trailer_place":0}],"wgcc.glasgow":[{"target":"tradeaux.grimsby","urgency":0,"shortest_distance_km":488,"ferry_time":0,"ferry_price":0,"cargo":"cargo.graph_grease","company_truck":"man_6x4_b","trailer_variant":"trailer.scs_dry_ms","trailer_definition":"trailer_def.scs.box.single_3.dryvan_m","units_count":33,"fill_ratio":1,"trailer_place":0},{"target":"nbfc.aberdeen","urgency":0,"shortest_distance_km":236,"ferry_time":0,"ferry_price":0,"cargo":"cargo.mercuric","company_truck":"iveco_4x2_b","trailer_variant":"trailer.scs_flat_c_r","trailer_definition":"trailer_def.scs.flatbed.single_3.container","units_count":87,"fill_ratio":1,"trailer_place":0},{"target":"euroacres.magdeburg","urgency":1,"shortest_distance_km":1690,"ferry_time":35,"ferry_price":300,"cargo":"cargo.diesel","company_truck":"man_6x4_b","trailer_variant":"trailer.willig.fuel_cistern","trailer_definition":"trailer_def.diesel.willig.fuel_cistern","units_count":95,"fill_ratio":1,"trailer_place":0}],"bcp.berlin":[{"target":"sanbuilders.nurnberg","urgency":0,"shortest_distance_km":440,"ferry_time":0,"ferry_price":0,"cargo":"cargo.forklifts","company_truck":"man_tgx_euro6_4x2_xxl","trailer_variant":"trailer.overweight.forklifts","trailer_definition":"trailer_def.forklifts.overweight.forklifts","units_count":100,"fill_ratio":1,"trailer_place":0}],"lkwlog.amsterdam":[{"target":"sanbuilders.london","urgency":0,"shortest_distance_km":604,"ferry_time":35,"ferry_price":300,"cargo":"cargo.precast_strs","company_truck":"mercedes_4x2_c","trailer_variant":"trailer.scs_dry_s","trailer_definition":"trailer_def.scs.box.single_3.dryvan","units_count":33,"fill_ratio":1,"trailer_place":0}],"nbfc.berlin":[{"target":"wgcc.rotterdam","urgency":0,"shortest_distance_km":657,"ferry_time":0,"ferry_price":0,"cargo":"cargo.forklifts","company_truck":"scania_s_6x2_450","trailer_variant":"trailer.overweight.forklifts","trailer_definition":"trailer_def.forklifts.overweight.forklifts","units_count":100,"fill_ratio":1,"trailer_place":0}],"skoda.prague":[{"target":"tradeaux.paris","urgency":0,"shortest_distance_km":1032,"ferry_time":0,"ferry_price":0,"cargo":"cargo.used_packag","company_truck":"scania_s_4x2_370","trailer_variant":"trailer.scs_dry_m","trailer_definition":"trailer_def.scs.box.single_3.dryvan_m","units_count":33,"fill_ratio":1,"trailer_place":0}],"nbfc.calais":[{"target":"wgcc.rotterdam","urgency":1,"shortest_distance_km":376,"ferry_time":0,"ferry_price":0,"cargo":"cargo.contamin","company_truck":"scania_4x2_b","trailer_variant":"trailer.scs_flat_c_g","trailer_definition":"trailer_def.scs.flatbed.single_3.container","units_count":87,"fill_ratio":1,"trailer_place":0},{"target":"sanbuilders.birmingham","urgency":0,"shortest_distance_km":325,"ferry_time":91,"ferry_price":384,"cargo":"cargo.forklifts","company_truck":"iveco_4x2_b","trailer_variant":"trailer.overweight.forklifts","trailer_definition":"trailer_def.forklifts.overweight.forklifts","units_count":100,"fill_ratio":1,"trailer_place":0}],"lkwlog.hamburg":[{"target":"tradeaux.hannover","urgency":1,"shortest_distance_km":171,"ferry_time":0,"ferry_price":0,"cargo":"cargo.carb_water","company_truck":"double/man_euro6_4x2_xxl","trailer_variant":"trailer.scs_curt_2","trailer_definition":"trailer_def.scs.box.double_3_2.curtain","units_count":25,"fill_ratio":1,"trailer_place":0}],"fcp.poznan":[{"target":"sanbuilders.berlin","urgency":0,"shortest_distance_km":221,"ferry_time":0,"ferry_price":0,"cargo":"cargo.digger500","company_truck":"scania_s_4x2_580","trailer_variant":"trailer.overweight.digger500","trailer_definition":"trailer_def.digger500.overweight.digger500","units_count":100,"fill_ratio":1,"trailer_place":0}],"quarry.salzburg":[{"target":"sanbuilders.salzburg","urgency":1,"shortest_distance_km":77,"ferry_time":0,"ferry_price":0,"cargo":"cargo.sand","company_truck":"daf_xf_euro6_6x2_a","trailer_variant":"trailer.s_ki_solid.sand","trailer_definition":"trailer_def.sand.s_ki_solid.sand","units_count":100,"fill_ratio":1,"trailer_place":0}],"eurogoodies.erfurt":[{"target":"posped.london","urgency":0,"shortest_distance_km":965,"ferry_time":35,"ferry_price":300,"cargo":"cargo.carrots","company_truck":"scania_r_6x2_450","trailer_variant":"trailer.scs_curt_s","trailer_definition":"trailer_def.scs.box.single_3.curtain","units_count":33,"fill_ratio":1,"trailer_place":0}],"stokes.aberdeen":[{"target":"eurogoodies.glasgow","urgency":1,"shortest_distance_km":237,"ferry_time":0,"ferry_price":0,"cargo":"cargo.beef_meat","company_truck":"scania_streamline_4x2_c","trailer_variant":"trailer.scs_ref_s","trailer_definition":"trailer_def.scs.box.single_3.reefer","units_count":33,"fill_ratio":1,"trailer_place":0}],"quarry.strasbourg":[{"target":"tree_et.liege","urgency":0,"shortest_distance_km":397,"ferry_time":0,"ferry_price":0,"cargo":"cargo.digger1000","company_truck":"scania_streamline_4x2_c","trailer_variant":"trailer.overweight.digger1000","trailer_definition":"trailer_def.digger1000.overweight.digger1000","units_count":100,"fill_ratio":1,"trailer_place":0}],"eurogoodies.magdeburg":[{"target":"tradeaux.kassel","urgency":0,"shortest_distance_km":317,"ferry_time":0,"ferry_price":0,"cargo":"cargo.canned_beans","company_truck":"scania_4x2_c","trailer_variant":"trailer.scs_curt_a","trailer_definition":"trailer_def.scs.box.single_3.curtain","units_count":33,"fill_ratio":1,"trailer_place":0}],"eurogoodies.liege":[{"target":"lkwlog.luxembourg","urgency":0,"shortest_distance_km":159,"ferry_time":0,"ferry_price":0,"cargo":"cargo.potatoes","company_truck":"mercedes_6x4_a","trailer_variant":"trailer.scs_dry_s","trailer_definition":"trailer_def.scs.box.single_3.dryvan","units_count":33,"fill_ratio":1,"trailer_place":0}],"transinet.southampton":[{"target":"stokes.calais","urgency":1,"shortest_distance_km":249,"ferry_time":35,"ferry_price":300,"cargo":"cargo.apples_c","company_truck":"scania_r_6x2_450","trailer_variant":"trailer.scs_gosck40","trailer_definition":"trailer_def.scs.gooseneck.singl_3e_40.container","units_count":30,"fill_ratio":1,"trailer_place":0},{"target":"sanbuilders.birmingham","urgency":2,"shortest_distance_km":313,"ferry_time":0,"ferry_price":0,"cargo":"cargo.chimney_syst","company_truck":"mercedes_actros_2014_4x2_a","trailer_variant":"trailer.scs_dry_s","trailer_definition":"trailer_def.scs.box.single_3.dryvan","units_count":33,"fill_ratio":1,"trailer_place":0}],"sellplan.osnabruck":[{"target":"stokes.dusseldorf","urgency":0,"shortest_distance_km":203,"ferry_time":0,"ferry_price":0,"cargo":"cargo.used_packag","company_truck":"renault_t_6x2","trailer_variant":"trailer.scs_dry_s","trailer_definition":"trailer_def.scs.box.single_3.dryvan","units_count":33,"fill_ratio":1,"trailer_place":0}],"trameri.klagenfurt":[{"target":"lkwlog.brno","urgency":2,"shortest_distance_km":340,"ferry_time":0,"ferry_price":0,"cargo":"cargo.chimney_syst","company_truck":"scania_streamline_4x2_b","trailer_variant":"trailer.scs_curt_a","trailer_definition":"trailer_def.scs.box.single_3.curtain","units_count":33,"fill_ratio":1,"trailer_place":0}],"euroacres.torino":[{"target":"lkwlog.venezia","urgency":0,"shortest_distance_km":395,"ferry_time":0,"ferry_price":0,"cargo":"cargo.potatoes","company_truck":"man_6x4_b","trailer_variant":"trailer.scs_curt_s","trailer_definition":"trailer_def.scs.box.single_3.curtain","units_count":33,"fill_ratio":1,"trailer_place":0}],"lkwlog.stuttgart":[{"target":"tradeaux.frankfurt","urgency":0,"shortest_distance_km":226,"ferry_time":0,"ferry_price":0,"cargo":"cargo.forklifts","company_truck":"scania_r_6x4_650","trailer_variant":"trailer.overweight.forklifts","trailer_definition":"trailer_def.forklifts.overweight.forklifts","units_count":100,"fill_ratio":1,"trailer_place":0},{"target":"bcp.munchen","urgency":2,"shortest_distance_km":216,"ferry_time":0,"ferry_price":0,"cargo":"cargo.emptytank","company_truck":"mercedes_actros_2014_4x2_b","trailer_variant":"trailer.scs_flat_c_g","trailer_definition":"trailer_def.scs.flatbed.single_3.container","units_count":2,"fill_ratio":1,"trailer_place":0}],"tree_et.manchester":[{"target":"tradeaux.felixstowe","urgency":1,"shortest_distance_km":418,"ferry_time":0,"ferry_price":0,"cargo":"cargo.wshavings","company_truck":"scania_4x2_a","trailer_variant":"trailer.s_ki_solid.cover","trailer_definition":"trailer_def.wshavings.s_ki_solid.cover","units_count":100,"fill_ratio":1,"trailer_place":0}],"quarry.sheffield":[{"target":"stokes.aberdeen","urgency":1,"shortest_distance_km":611,"ferry_time":0,"ferry_price":0,"cargo":"cargo.sand","company_truck":"man_tgx_euro6_4x2_xxl","trailer_variant":"trailer.s_ki_solid.sand","trailer_definition":"trailer_def.sand.s_ki_solid.sand","units_count":100,"fill_ratio":1,"trailer_place":0},{"target":"itcc.liege","urgency":2,"shortest_distance_km":792,"ferry_time":35,"ferry_price":300,"cargo":"cargo.fueltanker","company_truck":"renault_magnum_6x2_a","trailer_variant":"trailer.scs_flat_c_g","trailer_definition":"trailer_def.scs.flatbed.single_3.container","units_count":87,"fill_ratio":1,"trailer_place":0},{"target":"tradeaux.grimsby","urgency":1,"shortest_distance_km":121,"ferry_time":0,"ferry_price":0,"cargo":"cargo.largetubes","company_truck":"scania_streamline_6x2_b","trailer_variant":"trailer.scs_flat_c_g","trailer_definition":"trailer_def.scs.flatbed.single_3.container","units_count":2,"fill_ratio":1,"trailer_place":0}],"sellplan.rostock":[{"target":"posped.birmingham","urgency":2,"shortest_distance_km":1380,"ferry_time":35,"ferry_price":300,"cargo":"cargo.empty_palet","company_truck":"man_6x4_b","trailer_variant":"trailer.scs_dry_s","trailer_definition":"trailer_def.scs.box.single_3.dryvan","units_count":33,"fill_ratio":1,"trailer_place":0}],"libellula.milano":[{"target":"transinet.torino","urgency":2,"shortest_distance_km":137,"ferry_time":0,"ferry_price":0,"cargo":"cargo.empty_palet","company_truck":"daf_xf_euro6_6x4_c","trailer_variant":"trailer.scs_curt_a","trailer_definition":"trailer_def.scs.box.single_3.curtain","units_count":33,"fill_ratio":1,"trailer_place":0}],"sellplan.london":[{"target":"posped.carlisle","urgency":0,"shortest_distance_km":503,"ferry_time":0,"ferry_price":0,"cargo":"cargo.used_plast","company_truck":"man_6x4_b","trailer_variant":"trailer.scs_curt_s","trailer_definition":"trailer_def.scs.box.single_3.curtain","units_count":33,"fill_ratio":1,"trailer_place":0},{"target":"transinet.cambridge","urgency":2,"shortest_distance_km":121,"ferry_time":0,"ferry_price":0,"cargo":"cargo.empty_palet","company_truck":"mercedes_actros_2014_6x4_b","trailer_variant":"trailer.scs_curt_s","trailer_definition":"trailer_def.scs.box.single_3.curtain","units_count":33,"fill_ratio":1,"trailer_place":0},{"target":"stokes.cardiff","urgency":0,"shortest_distance_km":318,"ferry_time":0,"ferry_price":0,"cargo":"cargo.used_packag","company_truck":"scania_6x2_b","trailer_variant":"trailer.scs_dry_a","trailer_definition":"trailer_def.scs.box.single_3.dryvan","units_count":33,"fill_ratio":1,"trailer_place":0}],"spinelli.milano":[{"target":"tradeaux.lyon","urgency":0,"shortest_distance_km":477,"ferry_time":0,"ferry_price":0,"cargo":"cargo.forklifts","company_truck":"daf_4x2_a","trailer_variant":"trailer.overweight.forklifts","trailer_definition":"trailer_def.forklifts.overweight.forklifts","units_count":100,"fill_ratio":1,"trailer_place":0}],"quarry.hannover":[{"target":"sanbuilders.hamburg","urgency":2,"shortest_distance_km":189,"ferry_time":0,"ferry_price":0,"cargo":"cargo.stones","company_truck":"scania_r_6x2_450","trailer_variant":"trailer.s_ki_solid.cover","trailer_definition":"trailer_def.stones.s_ki_solid.cover","units_count":100,"fill_ratio":1,"trailer_place":0},{"target":"transinet.osnabruck","urgency":2,"shortest_distance_km":214,"ferry_time":0,"ferry_price":0,"cargo":"cargo.ore","company_truck":"iveco_h_4x2_a","trailer_variant":"trailer.s_ki_solid.ore","trailer_definition":"trailer_def.ore.s_ki_solid.ore","units_count":100,"fill_ratio":1,"trailer_place":0},{"target":"posped.strasbourg","urgency":1,"shortest_distance_km":614,"ferry_time":0,"ferry_price":0,"cargo":"cargo.sand","company_truck":"daf_4x2_a","trailer_variant":"trailer.s_ki_solid.sand","trailer_definition":"trailer_def.sand.s_ki_solid.sand","units_count":100,"fill_ratio":1,"trailer_place":0},{"target":"tradeaux.kassel","urgency":2,"shortest_distance_km":264,"ferry_time":0,"ferry_price":0,"cargo":"cargo.excavator","company_truck":"scania_s_4x2_370","trailer_variant":"trailer.overweight.excavator","trailer_definition":"trailer_def.excavator.overweight.excavator","units_count":94,"fill_ratio":1,"trailer_place":0}],"kaarfor.frankfurt":[{"target":"stokes.nurnberg","urgency":0,"shortest_distance_km":222,"ferry_time":0,"ferry_price":0,"cargo":"cargo.used_plast_c","company_truck":"scania_6x4_a","trailer_variant":"trailer.scs_flat_c_r","trailer_definition":"trailer_def.scs.flatbed.single_3.container","units_count":33,"fill_ratio":1,"trailer_place":0},{"target":"stokes.kiel","urgency":0,"shortest_distance_km":629,"ferry_time":0,"ferry_price":0,"cargo":"cargo.used_packag","company_truck":"man_6x4_b","trailer_variant":"trailer.scs_dry_ms","trailer_definition":"trailer_def.scs.box.single_3.dryvan_m","units_count":33,"fill_ratio":1,"trailer_place":0},{"target":"transinet.osnabruck","urgency":2,"shortest_distance_km":375,"ferry_time":0,"ferry_price":0,"cargo":"cargo.empty_palet","company_truck":"double/scania_4x2_a","trailer_variant":"trailer.scs_dry_b2","trailer_definition":"trailer_def.scs.box.bdouble_3_3.dryvan","units_count":23,"fill_ratio":1,"trailer_place":0}],"posped.rotterdam":[{"target":"eurogoodies.bremen","urgency":0,"shortest_distance_km":394,"ferry_time":0,"ferry_price":0,"cargo":"cargo.milk","company_truck":"double/scania_4x2_a","trailer_variant":"trailer.scs_dry_b2","trailer_definition":"trailer_def.scs.box.bdouble_3_3.dryvan","units_count":24,"fill_ratio":1,"trailer_place":0}],"bcp.verona":[{"target":"lkwlog.venezia","urgency":2,"shortest_distance_km":117,"ferry_time":0,"ferry_price":0,"cargo":"cargo.empty_palet","company_truck":"mercedes_6x2_b","trailer_variant":"trailer.scs_dry_a","trailer_definition":"trailer_def.scs.box.single_3.dryvan","units_count":33,"fill_ratio":1,"trailer_place":0}],"sanbuilders.edinburgh":[{"target":"quarry.glasgow","urgency":2,"shortest_distance_km":150,"ferry_time":0,"ferry_price":0,"cargo":"cargo.excavator","company_truck":"scania_6x2_b","trailer_variant":"trailer.overweight.excavator","trailer_definition":"trailer_def.excavator.overweight.excavator","units_count":94,"fill_ratio":1,"trailer_place":0}],"tree_et.southampton":[{"target":"stokes.plymouth","urgency":1,"shortest_distance_km":252,"ferry_time":0,"ferry_price":0,"cargo":"cargo.diggers","company_truck":"mercedes_actros_2014_6x4_b","trailer_variant":"trailer.overweight.digger","trailer_definition":"trailer_def.diggers.overweight.digger","units_count":98,"fill_ratio":1,"trailer_place":0},{"target":"tradeaux.hannover","urgency":2,"shortest_distance_km":923,"ferry_time":35,"ferry_price":300,"cargo":"cargo.excavator","company_truck":"mercedes_4x2_a","trailer_variant":"trailer.overweight.excavator","trailer_definition":"trailer_def.excavator.overweight.excavator","units_count":94,"fill_ratio":1,"trailer_place":0}],"euroacres.dover":[{"target":"eurogoodies.liege","urgency":0,"shortest_distance_km":324,"ferry_time":91,"ferry_price":384,"cargo":"cargo.beans","company_truck":"man_4x2_a","trailer_variant":"trailer.scs_dry_a","trailer_definition":"trailer_def.scs.box.single_3.dryvan","units_count":33,"fill_ratio":1,"trailer_place":0}],"kaarfor.cambridge":[{"target":"stokes.calais","urgency":2,"shortest_distance_km":199,"ferry_time":91,"ferry_price":384,"cargo":"cargo.empty_palet","company_truck":"renault_premium_4x2_c","trailer_variant":"trailer.scs_dry_m","trailer_definition":"trailer_def.scs.box.single_3.dryvan_m","units_count":32,"fill_ratio":1,"trailer_place":0},{"target":"posped.london","urgency":0,"shortest_distance_km":115,"ferry_time":0,"ferry_price":0,"cargo":"cargo.used_packag","company_truck":"scania_4x2_a","trailer_variant":"trailer.scs_dry_a","trailer_definition":"trailer_def.scs.box.single_3.dryvan","units_count":33,"fill_ratio":1,"trailer_place":0},{"target":"tradeaux.lille","urgency":0,"shortest_distance_km":349,"ferry_time":35,"ferry_price":300,"cargo":"cargo.used_plast_c","company_truck":"daf_xf_euro6_4x2_b","trailer_variant":"trailer.scs_gosck220","trailer_definition":"trailer_def.scs.gooseneck.singl_3e_220.container","units_count":30,"fill_ratio":1,"trailer_place":0}],"trameri.innsbruck":[{"target":"posped.linz","urgency":2,"shortest_distance_km":312,"ferry_time":0,"ferry_price":0,"cargo":"cargo.chimney_syst","company_truck":"mercedes_actros_2014_6x2_a","trailer_variant":"trailer.scs_dry_m","trailer_definition":"trailer_def.scs.box.single_3.dryvan_m","units_count":33,"fill_ratio":1,"trailer_place":0},{"target":"posped.carlisle","urgency":2,"shortest_distance_km":1688,"ferry_time":35,"ferry_price":300,"cargo":"cargo.emptytank","company_truck":"iveco_h_4x2_a","trailer_variant":"trailer.scs_flat_r","trailer_definition":"trailer_def.scs.flatbed.single_3.flatbed_w","units_count":2,"fill_ratio":1,"trailer_place":0}],"posped.london":[{"target":"stokes.calais","urgency":2,"shortest_distance_km":124,"ferry_time":91,"ferry_price":384,"cargo":"cargo.sawpanels","company_truck":"mercedes_4x2","trailer_variant":"trailer.scs_curt_s","trailer_definition":"trailer_def.scs.box.single_3.curtain","units_count":33,"fill_ratio":1,"trailer_place":0},{"target":"eurogoodies.lille","urgency":2,"shortest_distance_km":273,"ferry_time":35,"ferry_price":300,"cargo":"cargo.carrots_c","company_truck":"renault_premium_4x2_a","trailer_variant":"trailer.scs_gosck220","trailer_definition":"trailer_def.scs.gooseneck.singl_3e_220.container","units_count":30,"fill_ratio":1,"trailer_place":0}],"wgcc.rotterdam":[{"target":"trameri.carlisle","urgency":2,"shortest_distance_km":325,"ferry_time":660,"ferry_price":995,"cargo":"cargo.neon","company_truck":"scania_s_4x2_370","trailer_variant":"trailer.scs_gosck20","trailer_definition":"trailer_def.scs.gooseneck.singl_3e_20.container","units_count":40,"fill_ratio":1,"trailer_place":0}],"euroacres.salzburg":[{"target":"transinet.mannheim","urgency":2,"shortest_distance_km":530,"ferry_time":0,"ferry_price":0,"cargo":"cargo.carrots_c","company_truck":"man_6x4_b","trailer_variant":"trailer.scs_gosck20","trailer_definition":"trailer_def.scs.gooseneck.singl_3e_20.container","units_count":15,"fill_ratio":1,"trailer_place":0}],"sanbuilders.rotterdam":[{"target":"stokes.kiel","urgency":2,"shortest_distance_km":614,"ferry_time":0,"ferry_price":0,"cargo":"cargo.empty_palet","company_truck":"double/iveco_4x2_a","trailer_variant":"trailer.scs_curt_b2","trailer_definition":"trailer_def.scs.box.bdouble_3_3.curtain","units_count":26,"fill_ratio":1,"trailer_place":0},{"target":"lkwlog.amsterdam","urgency":0,"shortest_distance_km":79,"ferry_time":0,"ferry_price":0,"cargo":"cargo.digger1000","company_truck":"iveco_4x2_c","trailer_variant":"trailer.overweight.digger1000","trailer_definition":"trailer_def.digger1000.overweight.digger1000","units_count":100,"fill_ratio":1,"trailer_place":0}],"sellplan.venezia":[{"target":"lkwlog.brno","urgency":2,"shortest_distance_km":681,"ferry_time":0,"ferry_price":0,"cargo":"cargo.empty_palet","company_truck":"iveco_4x2_b","trailer_variant":"trailer.scs_dry","trailer_definition":"trailer_def.scs.box.single_3.dryvan","units_count":33,"fill_ratio":1,"trailer_place":0},{"target":"lkwlog.venezia","urgency":0,"shortest_distance_km":1,"ferry_time":0,"ferry_price":0,"cargo":"cargo.used_packag","company_truck":"mercedes_4x2_b","trailer_variant":"trailer.scs_curt_a","trailer_definition":"trailer_def.scs.box.single_3.curtain","units_count":33,"fill_ratio":1,"trailer_place":0},{"target":"posped.verona","urgency":0,"shortest_distance_km":114,"ferry_time":0,"ferry_price":0,"cargo":"cargo.used_plast_c","company_truck":"scania_streamline_4x2_c","trailer_variant":"trailer.scs_gosck220","trailer_definition":"trailer_def.scs.gooseneck.singl_3e_220.container","units_count":30,"fill_ratio":1,"trailer_place":0}],"quarry.dortmund":[{"target":"transinet.dortmund","urgency":1,"shortest_distance_km":69,"ferry_time":0,"ferry_price":0,"cargo":"cargo.sand","company_truck":"scania_streamline_4x2_c","trailer_variant":"trailer.s_ki_solid.sand","trailer_definition":"trailer_def.sand.s_ki_solid.sand","units_count":100,"fill_ratio":1,"trailer_place":0}],"transinet.hamburg":[{"target":"lkwlog.stuttgart","urgency":1,"shortest_distance_km":677,"ferry_time":0,"ferry_price":0,"cargo":"cargo.oil","company_truck":"renault_magnum_4x2_a","trailer_variant":"trailer.fuel_cistern","trailer_definition":"trailer_def.oil.fuel_cistern","units_count":100,"fill_ratio":1,"trailer_place":0}],"sellplan.groningen":[{"target":"stokes.amsterdam","urgency":0,"shortest_distance_km":179,"ferry_time":0,"ferry_price":0,"cargo":"cargo.used_packag","company_truck":"double/scania_4x2_a","trailer_variant":"trailer.scs_dry_b2","trailer_definition":"trailer_def.scs.box.bdouble_3_3.dryvan","units_count":53,"fill_ratio":1,"trailer_place":0},{"target":"lkwlog.duisburg","urgency":0,"shortest_distance_km":298,"ferry_time":0,"ferry_price":0,"cargo":"cargo.used_plast_c","company_truck":"renault_magnum_6x4_a","trailer_variant":"trailer.scs_gosck220","trailer_definition":"trailer_def.scs.gooseneck.singl_3e_220.container","units_count":30,"fill_ratio":1,"trailer_place":0}],"lisette_log.paris":[{"target":"tradeaux.kassel","urgency":1,"shortest_distance_km":736,"ferry_time":0,"ferry_price":0,"cargo":"cargo.plastic_gra","company_truck":"renault_premium_4x2_a","trailer_variant":"trailer.cement","trailer_definition":"trailer_def.plastic_gra.cement","units_count":100,"fill_ratio":1,"trailer_place":0},{"target":"eurogoodies.berlin","urgency":0,"shortest_distance_km":1037,"ferry_time":0,"ferry_price":0,"cargo":"cargo.sugar","company_truck":"man_6x4_b","trailer_variant":"trailer.scs_dry_m","trailer_definition":"trailer_def.scs.box.single_3.dryvan_m","units_count":32,"fill_ratio":1,"trailer_place":0},{"target":"eurogoodies.reims","urgency":0,"shortest_distance_km":256,"ferry_time":0,"ferry_price":0,"cargo":"cargo.flour","company_truck":"scania_s_4x2_370","trailer_variant":"trailer.scs_dry","trailer_definition":"trailer_def.scs.box.single_3.dryvan","units_count":33,"fill_ratio":1,"trailer_place":0}],"sanbuilders.berlin":[{"target":"tradeaux.rostock","urgency":2,"shortest_distance_km":209,"ferry_time":0,"ferry_price":0,"cargo":"cargo.emptytank","company_truck":"scania_s_4x2_370","trailer_variant":"trailer.scs_flat_b","trailer_definition":"trailer_def.scs.flatbed.single_3.flatbed_w","units_count":2,"fill_ratio":1,"trailer_place":0}],"stokes.poznan":[{"target":"tradeaux.hannover","urgency":1,"shortest_distance_km":482,"ferry_time":0,"ferry_price":0,"cargo":"cargo.carb_water","company_truck":"daf_xf_euro6_6x2_a","trailer_variant":"trailer.scs_dry_s","trailer_definition":"trailer_def.scs.box.single_3.dryvan","units_count":29,"fill_ratio":1,"trailer_place":0},{"target":"transinet.brussel","urgency":0,"shortest_distance_km":1032,"ferry_time":0,"ferry_price":0,"cargo":"cargo.used_plast","company_truck":"renault_premium_4x2_c","trailer_variant":"trailer.scs_curt_s","trailer_definition":"trailer_def.scs.box.single_3.curtain","units_count":33,"fill_ratio":1,"trailer_place":0}],"eurogoodies.kiel":[{"target":"stokes.kiel","urgency":1,"shortest_distance_km":1,"ferry_time":0,"ferry_price":0,"cargo":"cargo.apples_c","company_truck":"daf_xf_euro6_4x2_a","trailer_variant":"trailer.scs_gosck220","trailer_definition":"trailer_def.scs.gooseneck.singl_3e_220.container","units_count":30,"fill_ratio":1,"trailer_place":0}]}