{"nbfc.ostrava":[{"target":"trameri.warszawa","urgency":0,"shortest_distance_km":346,"ferry_time":0,"ferry_price":0,"cargo":"cargo.hmetal","company_truck":"man_6x4_b","trailer_variant":"trailer.scs_gosck220","trailer_definition":"trailer_def.scs.gooseneck.singl_3e_220.container","units_count":80,"fill_ratio":1,"trailer_place":0},{"target":"trameri.krakow","urgency":2,"shortest_distance_km":137,"ferry_time":0,"ferry_price":0,"cargo":"cargo.neon","company_truck":"scania_4x2_b","trailer_variant":"trailer.scs_gosck40","trailer_definition":"trailer_def.scs.gooseneck.singl_3e_40.container","units_count":80,"fill_ratio":1,"trailer_place":0},{"target":"trameri.warszawa","urgency":0,"shortest_distance_km":346,"ferry_time":0,"ferry_price":0,"cargo":"cargo.fluorine","company_truck":"man_6x4_b","trailer_variant":"trailer.scs_flat_c_r","trailer_definition":"trailer_def.scs.flatbed.single_3.container","units_count":87,"fill_ratio":1,"trailer_place":0},{"target":"quarry.katowice","urgency":0,"shortest_distance_km":142,"ferry_time":0,"ferry_price":0,"cargo":"cargo.explosives","company_truck":"scania_4x2_b","trailer_variant":"trailer.scs_curt","trailer_definition":"trailer_def.scs.box.single_3.curtain","units_count":33,"fill_ratio":1,"trailer_place":0}],"tradeaux.klagenfurt":[{"target":"stokes.bystrica","urgency":1,"shortest_distance_km":476,"ferry_time":0,"ferry_price":0,"cargo":"cargo.plant_substr","company_truck":"mercedes_actros_2014_4x2_c","trailer_variant":"trailer.scs_dry_ms","trailer_definition":"trailer_def.scs.box.single_3.dryvan_m","units_count":33,"fill_ratio":1,"trailer_place":0}],"kaarfor.lublin":[{"target":"stokes.warszawa","urgency":2,"shortest_distance_km":134,"ferry_time":0,"ferry_price":0,"cargo":"cargo.empty_palet","company_truck":"mercedes_4x2","trailer_variant":"trailer.scs_dry_a","trailer_definition":"trailer_def.scs.box.single_3.dryvan","units_count":33,"fill_ratio":1,"trailer_place":0},{"target":"posped.lodz","urgency":0,"shortest_distance_km":240,"ferry_time":0,"ferry_price":0,"cargo":"cargo.used_packag","company_truck":"renault_t_4x2h","trailer_variant":"trailer.scs_dry_m","trailer_definition":"trailer_def.scs.box.single_3.dryvan_m","units_count":33,"fill_ratio":1,"trailer_place":0}],"wgcc.bratislava":[{"target":"tree_et.katowice","urgency":2,"shortest_distance_km":327,"ferry_time":0,"ferry_price":0,"cargo":"cargo.pesticide","company_truck":"scania_s_6x2_450","trailer_variant":"trailer.scs_flat_c_g","trailer_definition":"trailer_def.scs.flatbed.single_3.container","units_count":87,"fill_ratio":1,"trailer_place":0}],"wgcc.gdansk":[{"target":"fcp.olsztyn","urgency":2,"shortest_distance_km":163,"ferry_time":0,"ferry_price":0,"cargo":"cargo.neon","company_truck":"scania_streamline_4x2_b","trailer_variant":"trailer.scs_flat_c_r","trailer_definition":"trailer_def.scs.flatbed.single_3.container","units_count":87,"fill_ratio":1,"trailer_place":0}],"kaarfor.budapest":[{"target":"transinet.bialystok","urgency":0,"shortest_distance_km":765,"ferry_time":0,"ferry_price":0,"cargo":"cargo.used_packag","company_truck":"mercedes_6x4_a","trailer_variant":"trailer.scs_dry_ms","trailer_definition":"trailer_def.scs.box.single_3.dryvan_m","units_count":33,"fill_ratio":1,"trailer_place":0}],"tree_et.bialystok":[{"target":"sanbuilders.warszawa","urgency":0,"shortest_distance_km":181,"ferry_time":0,"ferry_price":0,"cargo":"cargo.digger500","company_truck":"man_4x2_a","trailer_variant":"trailer.overweight.digger500","trailer_definition":"trailer_def.digger500.overweight.digger500","units_count":100,"fill_ratio":1,"trailer_place":0},{"target":"tradeaux.budapest","urgency":1,"shortest_distance_km":757,"ferry_time":0,"ferry_price":0,"cargo":"cargo.logs","company_truck":"iveco_4x2_b","trailer_variant":"trailer.scs_log","trailer_definition":"trailer_def.scs.log.single_3.steel","units_count":2,"fill_ratio":1,"trailer_place":0}],"transinet.sheffield":[{"target":"tradeaux.krakow","urgency":1,"shortest_distance_km":1875,"ferry_time":35,"ferry_price":300,"cargo":"cargo.goat_cheese","company_truck":"daf_6x2_a","trailer_variant":"trailer.scs_ref_s","trailer_definition":"trailer_def.scs.box.single_3.reefer","units_count":33,"fill_ratio":1,"trailer_place":0}],"nbfc.duisburg":[{"target":"itcc.ostrava","urgency":1,"shortest_distance_km":1039,"ferry_time":0,"ferry_price":0,"cargo":"cargo.acetylene","company_truck":"man_tgx_euro6_4x2_xl","trailer_variant":"trailer.scs_gosck20","trailer_definition":"trailer_def.scs.gooseneck.singl_3e_20.container","units_count":40,"fill_ratio":1,"trailer_place":0}],"tree_et.olsztyn":[{"target":"sanbuilders.gdansk","urgency":1,"shortest_distance_km":171,"ferry_time":0,"ferry_price":0,"cargo":"cargo.diggers","company_truck":"renault_premium_4x2_c","trailer_variant":"trailer.overweight.digger","trailer_definition":"trailer_def.diggers.overweight.digger","units_count":98,"fill_ratio":1,"trailer_place":0},{"target":"euroacres.krakow","urgency":0,"shortest_distance_km":427,"ferry_time":0,"ferry_price":0,"cargo":"cargo.lumber","company_truck":"renault_magnum_6x4_a","trailer_variant":"trailer.scs_flat_r","trailer_definition":"trailer_def.scs.flatbed.single_3.flatbed_w","units_count":2,"fill_ratio":1,"trailer_place":0},{"target":"euroacres.bialystok","urgency":2,"shortest_distance_km":265,"ferry_time":0,"ferry_price":0,"cargo":"cargo.sawpanels","company_truck":"scania_r_6x2_450","trailer_variant":"trailer.scs_dry_s","trailer_definition":"trailer_def.scs.box.single_3.dryvan","units_count":33,"fill_ratio":1,"trailer_place":0}],"itcc.kosice":[{"target":"nbfc.budapest","urgency":0,"shortest_distance_km":225,"ferry_time":0,"ferry_price":0,"cargo":"cargo.overweight","company_truck":"scania_streamline_6x4_a","trailer_variant":"trailer.scs_flat_b","trailer_definition":"trailer_def.scs.flatbed.single_3.flatbed_w","units_count":1,"fill_ratio":1,"trailer_place":0}],"tree_et.katowice":[{"target":"posped.szeged","urgency":1,"shortest_distance_km":573,"ferry_time":0,"ferry_price":0,"cargo":"cargo.logs","company_truck":"man_6x4_b","trailer_variant":"trailer.scs_log","trailer_definition":"trailer_def.scs.log.single_3.steel","units_count":2,"fill_ratio":1,"trailer_place":0},{"target":"stokes.katowice","urgency":2,"shortest_distance_km":2,"ferry_time":0,"ferry_price":0,"cargo":"cargo.empty_palet","company_truck":"man_tgx_euro6_6x4_xlx","trailer_variant":"trailer.scs_dry_a","trailer_definition":"trailer_def.scs.box.single_3.dryvan","units_count":33,"fill_ratio":1,"trailer_place":0}],"trameri.budapest":[{"target":"lkwlog.szeged","urgency":0,"shortest_distance_km":140,"ferry_time":0,"ferry_price":0,"cargo":"cargo.used_plast","company_truck":"mercedes_6x4_a","trailer_variant":"trailer.scs_curt","trailer_definition":"trailer_def.scs.box.single_3.curtain","units_count":33,"fill_ratio":1,"trailer_place":0}],"lkwlog.kosice":[{"target":"posped.lublin","urgency":1,"shortest_distance_km":311,"ferry_time":0,"ferry_price":0,"cargo":"cargo.goat_cheese","company_truck":"man_6x4_b","trailer_variant":"trailer.scs_ins","trailer_definition":"trailer_def.scs.box.single_3.insulated","units_count":33,"fill_ratio":1,"trailer_place":0}],"transinet.rotterdam":[{"target":"posped.bystrica","urgency":2,"shortest_distance_km":1468,"ferry_time":0,"ferry_price":0,"cargo":"cargo.fueltanker","company_truck":"renault_magnum_6x4_a","trailer_variant":"trailer.scs_flat_c_r","trailer_definition":"trailer_def.scs.flatbed.single_3.container","units_count":87,"fill_ratio":1,"trailer_place":0}],"sanbuilders.gdansk":[{"target":"lkwlog.lodz","urgency":2,"shortest_distance_km":315,"ferry_time":0,"ferry_price":0,"cargo":"cargo.excavator","company_truck":"mercedes_6x4_a","trailer_variant":"trailer.overweight.excavator","trailer_definition":"trailer_def.excavator.overweight.excavator","units_count":94,"fill_ratio":1,"trailer_place":0},{"target":"posped.lodz","urgency":2,"shortest_distance_km":315,"ferry_time":0,"ferry_price":0,"cargo":"cargo.empty_palet","company_truck":"renault_premium_4x2_c","trailer_variant":"trailer.scs_dry_a","trailer_definition":"trailer_def.scs.box.single_3.dryvan","units_count":33,"fill_ratio":1,"trailer_place":0}],"stokes.bystrica":[{"target":"itcc.ostrava","urgency":2,"shortest_distance_km":273,"ferry_time":0,"ferry_price":0,"cargo":"cargo.vent_tube","company_truck":"man_tgx_euro6_4x2_xl","trailer_variant":"trailer.scs_flat_c_g","trailer_definition":"trailer_def.scs.flatbed.single_3.container","units_count":2,"fill_ratio":1,"trailer_place":0}],"tradeaux.frankfurt":[{"target":"kaarfor.ostrava","urgency":1,"shortest_distance_km":815,"ferry_time":0,"ferry_price":0,"cargo":"cargo.goat_cheese","company_truck":"renault_t_4x2","trailer_variant":"trailer.scs_ref","trailer_definition":"trailer_def.scs.box.single_3.reefer","units_count":33,"fill_ratio":1,"trailer_place":0}],"itcc.szczecin":[{"target":"bcp.gdansk","urgency":2,"shortest_distance_km":345,"ferry_time":0,"ferry_price":0,"cargo":"cargo.fueltanker","company_truck":"renault_premium_4x2_c","trailer_variant":"trailer.scs_gosck40","trailer_definition":"trailer_def.scs.gooseneck.singl_3e_40.container","units_count":80,"fill_ratio":1,"trailer_place":0}],"euroacres.szeged":[{"target":"tradeaux.krakow","urgency":0,"shortest_distance_km":515,"ferry_time":0,"ferry_price":0,"cargo":"cargo.carrots","company_truck":"iveco_4x2_c","trailer_variant":"trailer.scs_curt","trailer_definition":"trailer_def.scs.box.single_3.curtain","units_count":33,"fill_ratio":1,"trailer_place":0}],"tree_et.bystrica":[{"target":"stokes.bystrica","urgency":1,"shortest_distance_km":46,"ferry_time":0,"ferry_price":0,"cargo":"cargo.logs","company_truck":"daf_xf_euro6_4x2_c","trailer_variant":"trailer.scs_log","trailer_definition":"trailer_def.scs.log.single_3.steel","units_count":2,"fill_ratio":1,"trailer_place":0}],"tree_et.frankfurt":[{"target":"sanbuilders.gdansk","urgency":2,"shortest_distance_km":957,"ferry_time":0,"ferry_price":0,"cargo":"cargo.sawpanels","company_truck":"iveco_4x2_b","trailer_variant":"trailer.scs_curt","trailer_definition":"trailer_def.scs.box.single_3.curtain","units_count":33,"fill_ratio":1,"trailer_place":0}],"lkwlog.lodz":[{"target":"posped.lodz","urgency":2,"shortest_distance_km":1,"ferry_time":0,"ferry_price":0,"cargo":"cargo.chewing_gums","company_truck":"renault_premium_6x4_a","trailer_variant":"trailer.scs_dry_ms","trailer_definition":"trailer_def.scs.box.single_3.dryvan_m","units_count":30,"fill_ratio":1,"trailer_place":0},{"target":"posped.warszawa","urgency":0,"shortest_distance_km":91,"ferry_time":0,"ferry_price":0,"cargo":"cargo.milk_t","company_truck":"man_6x4_b","trailer_variant":"trailer.scs_fodt","trailer_definition":"trailer_def.scs.foodtank.single_3.paint","units_count":23,"fill_ratio":1,"trailer_place":0}],"euroacres.pecs":[{"target":"tradeaux.pecs","urgency":0,"shortest_distance_km":14,"ferry_time":0,"ferry_price":0,"cargo":"cargo.milk","company_truck":"renault_premium_6x4_a","trailer_variant":"trailer.scs_dry","trailer_definition":"trailer_def.scs.box.single_3.dryvan","units_count":33,"fill_ratio":1,"trailer_place":0},{"target":"posped.szeged","urgency":0,"shortest_distance_km":181,"ferry_time":0,"ferry_price":0,"cargo":"cargo.milk_t","company_truck":"man_4x2_c","trailer_variant":"trailer.scs_fodt","trailer_definition":"trailer_def.scs.foodtank.single_3.paint","units_count":23,"fill_ratio":1,"trailer_place":0}],"stokes.katowice":[{"target":"lkwlog.lublin","urgency":1,"shortest_distance_km":311,"ferry_time":0,"ferry_price":0,"cargo":"cargo.goat_cheese","company_truck":"scania_6x4_a","trailer_variant":"trailer.scs_ins","trailer_definition":"trailer_def.scs.box.single_3.insulated","units_count":33,"fill_ratio":1,"trailer_place":0}],"itcc.ostrava":[{"target":"euroacres.krakow","urgency":0,"shortest_distance_km":174,"ferry_time":0,"ferry_price":0,"cargo":"cargo.forklifts","company_truck":"scania_streamline_4x2_b","trailer_variant":"trailer.overweight.forklifts","trailer_definition":"trailer_def.forklifts.overweight.forklifts","units_count":100,"fill_ratio":1,"trailer_place":0},{"target":"euroacres.szeged","urgency":2,"shortest_distance_km":579,"ferry_time":0,"ferry_price":0,"cargo":"cargo.emptytank","company_truck":"man_tgx_euro6_4x2_xxl","trailer_variant":"trailer.scs_flat_c_r","trailer_definition":"trailer_def.scs.flatbed.single_3.container","units_count":2,"fill_ratio":1,"trailer_place":0}],"lkwlog.lublin":[{"target":"tree_et.bialystok","urgency":2,"shortest_distance_km":229,"ferry_time":0,"ferry_price":0,"cargo":"cargo.fueltanker","company_truck":"daf_xf_euro6_4x2_a","trailer_variant":"trailer.scs_flat_c_g","trailer_definition":"trailer_def.scs.flatbed.single_3.container","units_count":87,"fill_ratio":1,"trailer_place":0},{"target":"quarry.katowice","urgency":1,"shortest_distance_km":346,"ferry_time":0,"ferry_price":0,"cargo":"cargo.iron_pipes","company_truck":"scania_streamline_4x2_b","trailer_variant":"trailer.scs_log","trailer_definition":"trailer_def.scs.log.single_3.steel","units_count":2,"fill_ratio":1,"trailer_place":0},{"target":"posped.lodz","urgency":0,"shortest_distance_km":240,"ferry_time":0,"ferry_price":0,"cargo":"cargo.maple_syrup","company_truck":"mercedes_4x2","trailer_variant":"trailer.scs_curt","trailer_definition":"trailer_def.scs.box.single_3.curtain","units_count":33,"fill_ratio":1,"trailer_place":0}],"trameri.krakow":[{"target":"tradeaux.krakow","urgency":2,"shortest_distance_km":1,"ferry_time":0,"ferry_price":0,"cargo":"cargo.hipresstank","company_truck":"scania_4x2_b","trailer_variant":"trailer.scs_flat_c_g","trailer_definition":"trailer_def.scs.flatbed.single_3.container","units_count":2,"fill_ratio":1,"trailer_place":0},{"target":"lkwlog.lodz","urgency":2,"shortest_distance_km":216,"ferry_time":0,"ferry_price":0,"cargo":"cargo.rooflights","company_truck":"scania_r_4x2_520","trailer_variant":"trailer.scs_dry_m","trailer_definition":"trailer_def.scs.box.single_3.dryvan_m","units_count":33,"fill_ratio":1,"trailer_place":0}],"trameri.wroclaw":[{"target":"itcc.ostrava","urgency":0,"shortest_distance_km":205,"ferry_time":0,"ferry_price":0,"cargo":"cargo.overweight","company_truck":"scania_r_4x2_520","trailer_variant":"trailer.scs_flat_b","trailer_definition":"trailer_def.scs.flatbed.single_3.flatbed_w","units_count":1,"fill_ratio":1,"trailer_place":0},{"target":"transinet.ostrava","urgency":2,"shortest_distance_km":204,"ferry_time":0,"ferry_price":0,"cargo":"cargo.empty_palet","company_truck":"daf_xf_euro6_6x4_c","trailer_variant":"trailer.scs_dry_s","trailer_definition":"trailer_def.scs.box.single_3.dryvan","units_count":33,"fill_ratio":1,"trailer_place":0}],"sellplan.kosice":[{"target":"transinet.ostrava","urgency":0,"shortest_distance_km":422,"ferry_time":0,"ferry_price":0,"cargo":"cargo.used_plast","company_truck":"renault_magnum_6x2_a","trailer_variant":"trailer.scs_dry_a","trailer_definition":"trailer_def.scs.box.single_3.dryvan","units_count":33,"fill_ratio":1,"trailer_place":0},{"target":"transinet.ostrava","urgency":0,"shortest_distance_km":422,"ferry_time":0,"ferry_price":0,"cargo":"cargo.used_packag","company_truck":"scania_4x2_a","trailer_variant":"trailer.scs_curt","trailer_definition":"trailer_def.scs.box.single_3.curtain","units_count":33,"fill_ratio":1,"trailer_place":0},{"target":"lkwlog.lublin","urgency":0,"shortest_distance_km":310,"ferry_time":0,"ferry_price":0,"cargo":"cargo.used_plast_c","company_truck":"man_6x4_b","trailer_variant":"trailer.scs_gosck220","trailer_definition":"trailer_def.scs.gooseneck.singl_3e_220.container","units_count":30,"fill_ratio":1,"trailer_place":0}],"euroacres.krakow":[{"target":"stokes.bystrica","urgency":2,"shortest_distance_km":224,"ferry_time":0,"ferry_price":0,"cargo":"cargo.peas","company_truck":"iveco_h_4x2_a","trailer_variant":"trailer.scs_dry_m","trailer_definition":"trailer_def.scs.box.single_3.dryvan_m","units_count":33,"fill_ratio":1,"trailer_place":0}],"euroacres.wien":[{"target":"kaarfor.budapest","urgency":0,"shortest_distance_km":318,"ferry_time":0,"ferry_price":0,"cargo":"cargo.potatoes","company_truck":"mercedes_actros_2014_4x2_b","trailer_variant":"trailer.scs_curt","trailer_definition":"trailer_def.scs.box.single_3.curtain","units_count":33,"fill_ratio":1,"trailer_place":0},{"target":"tradeaux.krakow","urgency":0,"shortest_distance_km":460,"ferry_time":0,"ferry_price":0,"cargo":"cargo.beans","company_truck":"renault_t_4x2","trailer_variant":"trailer.scs_curt_a","trailer_definition":"trailer_def.scs.box.single_3.curtain","units_count":33,"fill_ratio":1,"trailer_place":0}],"ika_bohag.milano":[{"target":"tradeaux.pecs","urgency":2,"shortest_distance_km":1019,"ferry_time":0,"ferry_price":0,"cargo":"cargo.empty_palet","company_truck":"iveco_6x2_a","trailer_variant":"trailer.scs_curt_s","trailer_definition":"trailer_def.scs.box.single_3.curtain","units_count":33,"fill_ratio":1,"trailer_place":0}],"posped.katowice":[{"target":"stokes.katowice","urgency":2,"shortest_distance_km":1,"ferry_time":0,"ferry_price":0,"cargo":"cargo.grapes","company_truck":"man_tgx_euro6_4x2_xl","trailer_variant":"trailer.scs_ins_s","trailer_definition":"trailer_def.scs.box.single_3.insulated","units_count":33,"fill_ratio":1,"trailer_place":0}],"trameri.warszawa":[{"target":"lkwlog.lodz","urgency":2,"shortest_distance_km":102,"ferry_time":0,"ferry_price":0,"cargo":"cargo.chimney_syst","company_truck":"scania_streamline_4x2_b","trailer_variant":"trailer.scs_dry_ms","trailer_definition":"trailer_def.scs.box.single_3.dryvan_m","units_count":33,"fill_ratio":1,"trailer_place":0},{"target":"transinet.ostrava","urgency":0,"shortest_distance_km":343,"ferry_time":0,"ferry_price":0,"cargo":"cargo.forklifts","company_truck":"mercedes_4x2_c","trailer_variant":"trailer.overweight.forklifts","trailer_definition":"trailer_def.forklifts.overweight.forklifts","units_count":100,"fill_ratio":1,"trailer_place":0},{"target":"posped.warszawa","urgency":0,"shortest_distance_km":3,"ferry_time":0,"ferry_price":0,"cargo":"cargo.used_packag","company_truck":"mercedes_actros_2014_4x2_c","trailer_variant":"trailer.scs_dry_a","trailer_definition":"trailer_def.scs.box.single_3.dryvan","units_count":33,"fill_ratio":1,"trailer_place":0},{"target":"lkwlog.gdansk","urgency":1,"shortest_distance_km":308,"ferry_time":0,"ferry_price":0,"cargo":"cargo.sandwch_pnls","company_truck":"scania_4x2_b","trailer_variant":"trailer.scs_dry","trailer_definition":"trailer_def.scs.box.single_3.dryvan","units_count":33,"fill_ratio":1,"trailer_place":0}],"tradeaux.budapest":[{"target":"posped.warszawa","urgency":0,"shortest_distance_km":650,"ferry_time":0,"ferry_price":0,"cargo":"cargo.digger1000","company_truck":"mercedes_actros_2014_4x2_b","trailer_variant":"trailer.overweight.digger1000","trailer_definition":"trailer_def.digger1000.overweight.digger1000","units_count":100,"fill_ratio":1,"trailer_place":0}],"tradeaux.pecs":[{"target":"posped.szeged","urgency":1,"shortest_distance_km":183,"ferry_time":0,"ferry_price":0,"cargo":"cargo.sandwch_pnls","company_truck":"man_6x4_b","trailer_variant":"trailer.scs_dry","trailer_definition":"trailer_def.scs.box.single_3.dryvan","units_count":33,"fill_ratio":1,"trailer_place":0}],"quarry.salzburg":[{"target":"lkwlog.lodz","urgency":1,"shortest_distance_km":858,"ferry_time":0,"ferry_price":0,"cargo":"cargo.diggers","company_truck":"scania_r_4x2_520","trailer_variant":"trailer.overweight.digger","trailer_definition":"trailer_def.diggers.overweight.digger","units_count":98,"fill_ratio":1,"trailer_place":0}],"posped.lublin":[{"target":"transinet.bialystok","urgency":2,"shortest_distance_km":229,"ferry_time":0,"ferry_price":0,"cargo":"cargo.vinegar_c","company_truck":"man_tgx_euro6_6x4_xlx","trailer_variant":"trailer.scs_flat_c_g","trailer_definition":"trailer_def.scs.flatbed.single_3.container","units_count":33,"fill_ratio":1,"trailer_place":0}],"posped.bystrica":[{"target":"stokes.bystrica","urgency":0,"shortest_distance_km":1,"ferry_time":0,"ferry_price":0,"cargo":"cargo.chem_sorb_c","company_truck":"iveco_4x2_c","trailer_variant":"trailer.scs_gosck220","trailer_definition":"trailer_def.scs.gooseneck.singl_3e_220.container","units_count":30,"fill_ratio":1,"trailer_place":0}],"tree_et.poznan":[{"target":"posped.lodz","urgency":2,"shortest_distance_km":196,"ferry_time":0,"ferry_price":0,"cargo":"cargo.sawpanels","company_truck":"mercedes_actros_2014_6x2_a","trailer_variant":"trailer.scs_dry_a","trailer_definition":"trailer_def.scs.box.single_3.dryvan","units_count":33,"fill_ratio":1,"trailer_place":0}],"sanbuilders.brno":[{"target":"lkwlog.lublin","urgency":2,"shortest_distance_km":555,"ferry_time":0,"ferry_price":0,"cargo":"cargo.empty_palet","company_truck":"renault_magnum_4x2_a","trailer_variant":"trailer.scs_curt","trailer_definition":"trailer_def.scs.box.single_3.curtain","units_count":33,"fill_ratio":1,"trailer_place":0}],"tradeaux.krakow":[{"target":"posped.bystrica","urgency":2,"shortest_distance_km":205,"ferry_time":0,"ferry_price":0,"cargo":"cargo.empty_palet","company_truck":"scania_r_6x4_650","trailer_variant":"trailer.scs_curt_a","trailer_definition":"trailer_def.scs.box.single_3.curtain","units_count":33,"fill_ratio":1,"trailer_place":0}],"posped.lodz":[{"target":"sellplan.olsztyn","urgency":0,"shortest_distance_km":275,"ferry_time":0,"ferry_price":0,"cargo":"cargo.potatoes","company_truck":"mercedes_4x2_a","trailer_variant":"trailer.scs_curt_a","trailer_definition":"trailer_def.scs.box.single_3.curtain","units_count":33,"fill_ratio":1,"trailer_place":0}],"stokes.wien":[{"target":"transinet.bialystok","urgency":0,"shortest_distance_km":770,"ferry_time":0,"ferry_price":0,"cargo":"cargo.fertilizer","company_truck":"scania_s_6x2_450","trailer_variant":"trailer.scs_dry","trailer_definition":"trailer_def.scs.box.single_3.dryvan","units_count":33,"fill_ratio":1,"trailer_place":0}],"bcp.pecs":[{"target":"tradeaux.pecs","urgency":2,"shortest_distance_km":2,"ferry_time":0,"ferry_price":0,"cargo":"cargo.empty_palet","company_truck":"scania_s_6x2_450","trailer_variant":"trailer.scs_dry_s","trailer_definition":"trailer_def.scs.box.single_3.dryvan","units_count":33,"fill_ratio":1,"trailer_place":0}],"transinet.ostrava":[{"target":"quarry.katowice","urgency":2,"shortest_distance_km":143,"ferry_time":0,"ferry_price":0,"cargo":"cargo.emptytank","company_truck":"man_6x4_b","trailer_variant":"trailer.scs_flat_r","trailer_definition":"trailer_def.scs.flatbed.single_3.flatbed_w","units_count":2,"fill_ratio":1,"trailer_place":0}],"sanbuilders.warszawa":[{"target":"tree_et.bystrica","urgency":2,"shortest_distance_km":419,"ferry_time":0,"ferry_price":0,"cargo":"cargo.excavator","company_truck":"man_4x2_c","trailer_variant":"trailer.overweight.excavator","trailer_definition":"trailer_def.excavator.overweight.excavator","units_count":94,"fill_ratio":1,"trailer_place":0}],"euroacres.debrecen":[{"target":"eurogoodies.olsztyn","urgency":1,"shortest_distance_km":776,"ferry_time":0,"ferry_price":0,"cargo":"cargo.goat_cheese","company_truck":"daf_4x2_b","trailer_variant":"trailer.scs_ins","trailer_definition":"trailer_def.scs.box.single_3.insulated","units_count":33,"fill_ratio":1,"trailer_place":0}],"lkwlog.szeged":[{"target":"posped.bystrica","urgency":0,"shortest_distance_km":326,"ferry_time":0,"ferry_price":0,"cargo":"cargo.plums","company_truck":"scania_r_6x4_650","trailer_variant":"trailer.scs_ins_a","trailer_definition":"trailer_def.scs.box.single_3.insulated","units_count":33,"fill_ratio":1,"trailer_place":0},{"target":"transinet.debrecen","urgency":2,"shortest_distance_km":191,"ferry_time":0,"ferry_price":0,"cargo":"cargo.nonalco_beer","company_truck":"renault_magnum_6x2_a","trailer_variant":"trailer.scs_dry_ms","trailer_definition":"trailer_def.scs.box.single_3.dryvan_m","units_count":32,"fill_ratio":1,"trailer_place":0}],"posped.szeged":[{"target":"stokes.bystrica","urgency":0,"shortest_distance_km":326,"ferry_time":0,"ferry_price":0,"cargo":"cargo.tableware","company_truck":"renault_t_6x2","trailer_variant":"trailer.scs_dry_ms","trailer_definition":"trailer_def.scs.box.single_3.dryvan_m","units_count":33,"fill_ratio":1,"trailer_place":0}],"trameri.szeged":[{"target":"sellplan.olsztyn","urgency":1,"shortest_distance_km":984,"ferry_time":0,"ferry_price":0,"cargo":"cargo.electronics","company_truck":"daf_4x2_b","trailer_variant":"trailer.scs_curt","trailer_definition":"trailer_def.scs.box.single_3.curtain","units_count":33,"fill_ratio":1,"trailer_place":0},{"target":"tradeaux.budapest","urgency":2,"shortest_distance_km":132,"ferry_time":0,"ferry_price":0,"cargo":"cargo.empty_palet","company_truck":"mercedes_6x2_b","trailer_variant":"trailer.scs_dry_a","trailer_definition":"trailer_def.scs.box.single_3.dryvan","units_count":33,"fill_ratio":1,"trailer_place":0}]}