{"euroacres.verona":[{"target":"kaarfor.limoges","urgency":0,"shortest_distance_km":1088,"ferry_time":0,"ferry_price":0,"cargo":"cargo.carrots","company_truck":"scania_r_4x2_370","trailer_variant":"trailer.scs_dry_a","trailer_definition":"trailer_def.scs.box.single_3.dryvan","units_count":33,"fill_ratio":1,"trailer_place":0}],"fle.paris":[{"target":"posped.koln","urgency":1,"shortest_distance_km":528,"ferry_time":0,"ferry_price":0,"cargo":"cargo.cut_flowers","company_truck":"scania_s_4x2_370","trailer_variant":"trailer.scs_ref_s","trailer_definition":"trailer_def.scs.box.single_3.reefer","units_count":33,"fill_ratio":1,"trailer_place":0}],"kaarfor.amsterdam":[{"target":"wilnet_trans.lemans","urgency":0,"shortest_distance_km":758,"ferry_time":0,"ferry_price":0,"cargo":"cargo.used_plast_c","company_truck":"daf_xf_euro6_6x4_c","trailer_variant":"trailer.scs_gosck220","trailer_definition":"trailer_def.scs.gooseneck.singl_3e_220.container","units_count":30,"fill_ratio":1,"trailer_place":0}],"voitureux.paris":[{"target":"bhv.lemans","urgency":1,"shortest_distance_km":241,"ferry_time":0,"ferry_price":0,"cargo":"cargo.cars_fr","company_truck":"scania_6x2_b","trailer_variant":"trailer.car_fr","trailer_definition":"trailer_def.cars_fr.car_fr","units_count":100,"fill_ratio":1,"trailer_place":0}],"wgcc.frankfurt":[{"target":"tradeaux.lyon","urgency":0,"shortest_distance_km":712,"ferry_time":0,"ferry_price":0,"cargo":"cargo.boric_acid","company_truck":"scania_6x2_b","trailer_variant":"trailer.scs_curt_s","trailer_definition":"trailer_def.scs.box.single_3.curtain","units_count":33,"fill_ratio":1,"trailer_place":0}],"eurogoodies.plymouth":[{"target":"tradeaux.brest","urgency":2,"shortest_distance_km":85,"ferry_time":420,"ferry_price":910,"cargo":"cargo.chewing_gums","company_truck":"scania_s_6x2_450","trailer_variant":"trailer.scs_dry","trailer_definition":"trailer_def.scs.box.single_3.dryvan","units_count":31,"fill_ratio":1,"trailer_place":0}],"bhb_raffin.lehavre":[{"target":"wilnet_trans.lemans","urgency":0,"shortest_distance_km":294,"ferry_time":0,"ferry_price":0,"cargo":"cargo.fuel_oil","company_truck":"man_4x2_c","trailer_variant":"trailer.fuel_cistern","trailer_definition":"trailer_def.fuel_oil.fuel_cistern","units_count":100,"fill_ratio":1,"trailer_place":0}],"nbfc.london":[{"target":"posped.carlisle","urgency":0,"shortest_distance_km":504,"ferry_time":0,"ferry_price":0,"cargo":"cargo.boric_acid","company_truck":"man_tgx_euro6_4x2_xxl","trailer_variant":"trailer.scs_curt_a","trailer_definition":"trailer_def.scs.box.single_3.curtain","units_count":33,"fill_ratio":1,"trailer_place":0}],"batisse_wind.larochelle":[{"target":"dans_jardin.bourges","urgency":0,"shortest_distance_km":428,"ferry_time":0,"ferry_price":0,"cargo":"cargo.forklifts","company_truck":"mercedes_4x2_a","trailer_variant":"trailer.overweight.forklifts","trailer_definition":"trailer_def.forklifts.overweight.forklifts","units_count":100,"fill_ratio":1,"trailer_place":0}],"nos_pat_cf.clermont":[{"target":"nos_pat_brg.bourges","urgency":0,"shortest_distance_km":269,"ferry_time":0,"ferry_price":0,"cargo":"cargo.live_catt_fr","company_truck":"man_6x4_b","trailer_variant":"trailer.livestock","trailer_definition":"trailer_def.live_catt_fr.livestock","units_count":100,"fill_ratio":1,"trailer_place":0}],"mvm_carriere.lemans":[{"target":"wilnet_trans.lemans","urgency":0,"shortest_distance_km":179,"ferry_time":0,"ferry_price":0,"cargo":"cargo.stone_dust","company_truck":"scania_4x2_c","trailer_variant":"trailer.s_ki_solid.cover","trailer_definition":"trailer_def.stone_dust.s_ki_solid.cover","units_count":100,"fill_ratio":1,"trailer_place":0}],"kaarfor.ajaccio":[{"target":"cont_port_fr.marseille","urgency":0,"shortest_distance_km":159,"ferry_time":840,"ferry_price":1193,"cargo":"cargo.used_plast_c","company_truck":"daf_4x2_b","trailer_variant":"trailer.scs_flat_c_r","trailer_definition":"trailer_def.scs.flatbed.single_3.container","units_count":33,"fill_ratio":1,"trailer_place":0}],"euroacres.liverpool":[{"target":"lisette_log.roscoff","urgency":1,"shortest_distance_km":471,"ferry_time":420,"ferry_price":910,"cargo":"cargo.young_seed","company_truck":"daf_xf_euro6_4x2_c","trailer_variant":"trailer.scs_ref","trailer_definition":"trailer_def.scs.box.single_3.reefer","units_count":33,"fill_ratio":1,"trailer_place":0}],"fle.toulouse":[{"target":"lisette_log.bordeaux","urgency":0,"shortest_distance_km":202,"ferry_time":0,"ferry_price":0,"cargo":"cargo.med_equip","company_truck":"scania_6x2_b","trailer_variant":"trailer.scs_curt","trailer_definition":"trailer_def.scs.box.single_3.curtain","units_count":33,"fill_ratio":1,"trailer_place":0},{"target":"globeur.montpellier","urgency":1,"shortest_distance_km":278,"ferry_time":0,"ferry_price":0,"cargo":"cargo.med_vaccine","company_truck":"scania_r_4x2_520","trailer_variant":"trailer.scs_ins_s","trailer_definition":"trailer_def.scs.box.single_3.insulated","units_count":33,"fill_ratio":1,"trailer_place":0}],"boisserie.marseille":[{"target":"tradeaux.ajaccio","urgency":1,"shortest_distance_km":382,"ferry_time":840,"ferry_price":1193,"cargo":"cargo.wshavings","company_truck":"scania_s_6x2_450","trailer_variant":"trailer.s_ki_solid.cover","trailer_definition":"trailer_def.wshavings.s_ki_solid.cover","units_count":100,"fill_ratio":1,"trailer_place":0}],"wilnet_trans.toulouse":[{"target":"batisse_hs.montpellier","urgency":2,"shortest_distance_km":285,"ferry_time":0,"ferry_price":0,"cargo":"cargo.rooflights","company_truck":"mercedes_actros_2014_6x4_b","trailer_variant":"trailer.scs_dry_ms","trailer_definition":"trailer_def.scs.box.single_3.dryvan_m","units_count":33,"fill_ratio":1,"trailer_place":0},{"target":"tradeaux.toulouse","urgency":0,"shortest_distance_km":1,"ferry_time":0,"ferry_price":0,"cargo":"cargo.soy_milk","company_truck":"scania_6x4_a","trailer_variant":"trailer.scs_dry_s","trailer_definition":"trailer_def.scs.box.single_3.dryvan","units_count":33,"fill_ratio":1,"trailer_place":0},{"target":"kaarfor.limoges","urgency":1,"shortest_distance_km":266,"ferry_time":0,"ferry_price":0,"cargo":"cargo.yogurt","company_truck":"scania_streamline_4x2_a","trailer_variant":"trailer.scs_ins_a","trailer_definition":"trailer_def.scs.box.single_3.insulated","units_count":33,"fill_ratio":1,"trailer_place":0}],"lisette_log.roscoff":[{"target":"globeur.rennes","urgency":1,"shortest_distance_km":265,"ferry_time":0,"ferry_price":0,"cargo":"cargo.coal","company_truck":"scania_4x2_c","trailer_variant":"trailer.s_ki_solid.coal","trailer_definition":"trailer_def.coal.s_ki_solid.coal","units_count":100,"fill_ratio":1,"trailer_place":0},{"target":"tradeaux.brest","urgency":1,"shortest_distance_km":81,"ferry_time":0,"ferry_price":0,"cargo":"cargo.ketchup","company_truck":"renault_t_6x2","trailer_variant":"trailer.scs_dry","trailer_definition":"trailer_def.scs.box.single_3.dryvan","units_count":33,"fill_ratio":1,"trailer_place":0}],"gallia_ferry.roscoff":[{"target":"lisette_log.roscoff","urgency":0,"shortest_distance_km":1,"ferry_time":0,"ferry_price":0,"cargo":"cargo.chem_sorb_c","company_truck":"man_6x4_b","trailer_variant":"trailer.scs_flat_c_r","trailer_definition":"trailer_def.scs.flatbed.single_3.container","units_count":33,"fill_ratio":1,"trailer_place":0},{"target":"globeur.rennes","urgency":2,"shortest_distance_km":265,"ferry_time":0,"ferry_price":0,"cargo":"cargo.steel_cord","company_truck":"mercedes_6x4_a","trailer_variant":"trailer.scs_curt","trailer_definition":"trailer_def.scs.box.single_3.curtain","units_count":33,"fill_ratio":1,"trailer_place":0}],"tradeaux.paris":[{"target":"wilnet_trans.lemans","urgency":0,"shortest_distance_km":325,"ferry_time":0,"ferry_price":0,"cargo":"cargo.overweight","company_truck":"scania_4x2_a","trailer_variant":"trailer.scs_flat_c_r","trailer_definition":"trailer_def.scs.flatbed.single_3.container","units_count":1,"fill_ratio":1,"trailer_place":0},{"target":"wilnet_trans.lemans","urgency":0,"shortest_distance_km":325,"ferry_time":0,"ferry_price":0,"cargo":"cargo.nylon_cord","company_truck":"mercedes_4x2_a","trailer_variant":"trailer.scs_dry_a","trailer_definition":"trailer_def.scs.box.single_3.dryvan","units_count":33,"fill_ratio":1,"trailer_place":0}],"kaarfor.lyon":[{"target":"wilnet_trans.porto_vecchi","urgency":0,"shortest_distance_km":263,"ferry_time":840,"ferry_price":1193,"cargo":"cargo.used_plast","company_truck":"daf_xf_euro6_6x2_a","trailer_variant":"trailer.scs_curt_s","trailer_definition":"trailer_def.scs.box.single_3.curtain","units_count":33,"fill_ratio":1,"trailer_place":0},{"target":"tradeaux.toulouse","urgency":0,"shortest_distance_km":531,"ferry_time":0,"ferry_price":0,"cargo":"cargo.used_plast_c","company_truck":"scania_4x2_b","trailer_variant":"trailer.scs_gosck20","trailer_definition":"trailer_def.scs.gooseneck.singl_3e_20.container","units_count":15,"fill_ratio":1,"trailer_place":0}],"wilnet_trans.nantes":[{"target":"tradeaux.brest","urgency":1,"shortest_distance_km":267,"ferry_time":0,"ferry_price":0,"cargo":"cargo.sandwch_pnls","company_truck":"man_tgx_euro6_4x2_xxl","trailer_variant":"trailer.scs_dry","trailer_definition":"trailer_def.scs.box.single_3.dryvan","units_count":33,"fill_ratio":1,"trailer_place":0}],"posped.bremen":[{"target":"globeur.lehavre","urgency":0,"shortest_distance_km":864,"ferry_time":0,"ferry_price":0,"cargo":"cargo.sugar","company_truck":"man_6x4_b","trailer_variant":"trailer.scs_curt","trailer_definition":"trailer_def.scs.box.single_3.curtain","units_count":33,"fill_ratio":1,"trailer_place":0}],"wilnet_trans.limoges":[{"target":"nucleon.civaux","urgency":0,"shortest_distance_km":146,"ferry_time":0,"ferry_price":0,"cargo":"cargo.packag_food","company_truck":"mercedes_4x2_a","trailer_variant":"trailer.scs_curt_s","trailer_definition":"trailer_def.scs.box.single_3.curtain","units_count":33,"fill_ratio":1,"trailer_place":0},{"target":"lisette_log.rennes","urgency":0,"shortest_distance_km":460,"ferry_time":0,"ferry_price":0,"cargo":"cargo.soy_milk","company_truck":"man_6x4_b","trailer_variant":"trailer.scs_dry_a","trailer_definition":"trailer_def.scs.box.single_3.dryvan","units_count":33,"fill_ratio":1,"trailer_place":0}],"dans_jardin.montpellier":[{"target":"globeur.montpellier","urgency":1,"shortest_distance_km":33,"ferry_time":0,"ferry_price":0,"cargo":"cargo.olives","company_truck":"man_6x4_b","trailer_variant":"trailer.scs_dry_m","trailer_definition":"trailer_def.scs.box.single_3.dryvan_m","units_count":33,"fill_ratio":1,"trailer_place":0}],"mvm_carriere.limoges":[{"target":"wilnet_trans.toulouse","urgency":0,"shortest_distance_km":345,"ferry_time":0,"ferry_price":0,"cargo":"cargo.stone_dust","company_truck":"scania_streamline_6x2_b","trailer_variant":"trailer.s_ki_solid.cover","trailer_definition":"trailer_def.stone_dust.s_ki_solid.cover","units_count":100,"fill_ratio":1,"trailer_place":0},{"target":"dans_jardin.bourges","urgency":0,"shortest_distance_km":335,"ferry_time":0,"ferry_price":0,"cargo":"cargo.digger1000","company_truck":"scania_streamline_4x2_c","trailer_variant":"trailer.overweight.digger1000","trailer_definition":"trailer_def.digger1000.overweight.digger1000","units_count":100,"fill_ratio":1,"trailer_place":0},{"target":"batisse_road.bordeaux","urgency":2,"shortest_distance_km":275,"ferry_time":0,"ferry_price":0,"cargo":"cargo.granite_cube","company_truck":"man_tgx_euro6_6x4_xlx","trailer_variant":"trailer.s_ki_solid.cover","trailer_definition":"trailer_def.granite_cube.s_ki_solid.cover","units_count":100,"fill_ratio":1,"trailer_place":0}],"stokes.plymouth":[{"target":"kaarfor.larochelle","urgency":1,"shortest_distance_km":462,"ferry_time":420,"ferry_price":910,"cargo":"cargo.yogurt","company_truck":"scania_r_6x4_650","trailer_variant":"trailer.scs_ref_a","trailer_definition":"trailer_def.scs.box.single_3.reefer","units_count":33,"fill_ratio":1,"trailer_place":0}],"posped.zurich":[{"target":"tradeaux.frankfurt","urgency":1,"shortest_distance_km":369,"ferry_time":0,"ferry_price":0,"cargo":"cargo.comp_process","company_truck":"iveco_4x2_c","trailer_variant":"trailer.scs_curt_s","trailer_definition":"trailer_def.scs.box.single_3.curtain","units_count":33,"fill_ratio":1,"trailer_place":0}],"bhb_raffin.marseille":[{"target":"tradeaux.toulouse","urgency":2,"shortest_distance_km":510,"ferry_time":0,"ferry_price":0,"cargo":"cargo.fueltanker","company_truck":"mercedes_4x2_c","trailer_variant":"trailer.scs_gosck40","trailer_definition":"trailer_def.scs.gooseneck.singl_3e_40.container","units_count":80,"fill_ratio":1,"trailer_place":0}],"wilnet_trans.lemans":[{"target":"nos_pat_lhv.lehavre","urgency":0,"shortest_distance_km":116,"ferry_time":0,"ferry_price":0,"cargo":"cargo.cont_trees","company_truck":"daf_xf_euro6_4x2_c","trailer_variant":"trailer.scs_ins_s","trailer_definition":"trailer_def.scs.box.single_3.insulated","units_count":33,"fill_ratio":1,"trailer_place":0}],"batisse_road.bordeaux":[{"target":"bhb_raffin.lehavre","urgency":2,"shortest_distance_km":817,"ferry_time":0,"ferry_price":0,"cargo":"cargo.hipresstank","company_truck":"scania_r_4x2_520","trailer_variant":"trailer.scs_flat_c_r","trailer_definition":"trailer_def.scs.flatbed.single_3.container","units_count":2,"fill_ratio":1,"trailer_place":0}],"stokes.amsterdam":[{"target":"lkwlog.amsterdam","urgency":1,"shortest_distance_km":1,"ferry_time":0,"ferry_price":0,"cargo":"cargo.olives","company_truck":"renault_premium_6x2_a","trailer_variant":"trailer.scs_dry_ms","trailer_definition":"trailer_def.scs.box.single_3.dryvan_m","units_count":33,"fill_ratio":1,"trailer_place":0}],"stokes.liege":[{"target":"wilnet_trans.porto_vecchi","urgency":0,"shortest_distance_km":963,"ferry_time":840,"ferry_price":1193,"cargo":"cargo.nylon_cord","company_truck":"daf_xf_euro6_4x2_c","trailer_variant":"trailer.scs_dry_ms","trailer_definition":"trailer_def.scs.box.single_3.dryvan_m","units_count":33,"fill_ratio":1,"trailer_place":0}],"subse.clermont":[{"target":"globeur.bourges","urgency":2,"shortest_distance_km":210,"ferry_time":0,"ferry_price":0,"cargo":"cargo.gummy_bears","company_truck":"daf_xf_euro6_6x4_c","trailer_variant":"trailer.scs_dry_s","trailer_definition":"trailer_def.scs.box.single_3.dryvan","units_count":33,"fill_ratio":1,"trailer_place":0},{"target":"eolo_lines.lile_rousse","urgency":0,"shortest_distance_km":537,"ferry_time":840,"ferry_price":1193,"cargo":"cargo.soy_milk","company_truck":"daf_6x2_a","trailer_variant":"trailer.scs_dry_a","trailer_definition":"trailer_def.scs.box.single_3.dryvan","units_count":33,"fill_ratio":1,"trailer_place":0}],"nucleon.golfech":[{"target":"globeur.bordeaux","urgency":2,"shortest_distance_km":287,"ferry_time":0,"ferry_price":0,"cargo":"cargo.empty_palet","company_truck":"mercedes_6x4_a","trailer_variant":"trailer.scs_curt_s","trailer_definition":"trailer_def.scs.box.single_3.curtain","units_count":33,"fill_ratio":1,"trailer_place":0}],"kaarfor.larochelle":[{"target":"wilnet_trans.nantes","urgency":2,"shortest_distance_km":212,"ferry_time":0,"ferry_price":0,"cargo":"cargo.empty_palet","company_truck":"scania_r_6x4_650","trailer_variant":"trailer.scs_dry_s","trailer_definition":"trailer_def.scs.box.single_3.dryvan","units_count":33,"fill_ratio":1,"trailer_place":0}],"kaarfor.bern":[{"target":"globeur.bordeaux","urgency":0,"shortest_distance_km":921,"ferry_time":0,"ferry_price":0,"cargo":"cargo.used_plast","company_truck":"mercedes_4x2_c","trailer_variant":"trailer.scs_curt_a","trailer_definition":"trailer_def.scs.box.single_3.curtain","units_count":33,"fill_ratio":1,"trailer_place":0}],"cont_port_fr.marseille":[{"target":"gnt.bastia","urgency":1,"shortest_distance_km":151,"ferry_time":840,"ferry_price":1193,"cargo":"cargo.beverages_c","company_truck":"scania_6x2_b","trailer_variant":"trailer.scs_gosck40","trailer_definition":"trailer_def.scs.gooseneck.singl_3e_40.container","units_count":30,"fill_ratio":1,"trailer_place":0}],"fle.brest":[{"target":"gnt.bastia","urgency":1,"shortest_distance_km":1391,"ferry_time":840,"ferry_price":1193,"cargo":"cargo.med_vaccine","company_truck":"man_tgx_euro6_6x4_xlx","trailer_variant":"trailer.scs_ref","trailer_definition":"trailer_def.scs.box.single_3.reefer","units_count":33,"fill_ratio":1,"trailer_place":0},{"target":"lisette_log.rennes","urgency":0,"shortest_distance_km":285,"ferry_time":0,"ferry_price":0,"cargo":"cargo.med_equip","company_truck":"mercedes_actros_2014_4x2_c","trailer_variant":"trailer.scs_dry","trailer_definition":"trailer_def.scs.box.single_3.dryvan","units_count":33,"fill_ratio":1,"trailer_place":0}],"tradeaux.toulouse":[{"target":"gomme_monde.bourges","urgency":2,"shortest_distance_km":489,"ferry_time":0,"ferry_price":0,"cargo":"cargo.steel_cord","company_truck":"renault_t_4x2","trailer_variant":"trailer.scs_dry_s","trailer_definition":"trailer_def.scs.box.single_3.dryvan","units_count":33,"fill_ratio":1,"trailer_place":0}],"chimi.montpellier":[{"target":"dans_jardin.bordeaux","urgency":1,"shortest_distance_km":681,"ferry_time":0,"ferry_price":0,"cargo":"cargo.potassium","company_truck":"renault_premium_6x2_a","trailer_variant":"trailer.scs_gosck40","trailer_definition":"trailer_def.scs.gooseneck.singl_3e_40.container","units_count":80,"fill_ratio":1,"trailer_place":0}],"euroacres.reims":[{"target":"globeur.rennes","urgency":0,"shortest_distance_km":534,"ferry_time":0,"ferry_price":0,"cargo":"cargo.digger500","company_truck":"daf_4x2_b","trailer_variant":"trailer.overweight.digger500","trailer_definition":"trailer_def.digger500.overweight.digger500","units_count":100,"fill_ratio":1,"trailer_place":0}],"voitureux.lehavre":[{"target":"bhv.nantes","urgency":1,"shortest_distance_km":474,"ferry_time":0,"ferry_price":0,"cargo":"cargo.cars_fr","company_truck":"scania_4x2_b","trailer_variant":"trailer.car_fr","trailer_definition":"trailer_def.cars_fr.car_fr","units_count":100,"fill_ratio":1,"trailer_place":0}],"boisserie.limoges":[{"target":"wilnet_trans.limoges","urgency":2,"shortest_distance_km":57,"ferry_time":0,"ferry_price":0,"cargo":"cargo.sawpanels","company_truck":"mercedes_actros_2014_6x2_a","trailer_variant":"trailer.scs_curt","trailer_definition":"trailer_def.scs.box.single_3.curtain","units_count":33,"fill_ratio":1,"trailer_place":0}],"lisette_log.rennes":[{"target":"globeur.rennes","urgency":0,"shortest_distance_km":1,"ferry_time":0,"ferry_price":0,"cargo":"cargo.emp_wine_bot","company_truck":"man_6x4_b","trailer_variant":"trailer.scs_curt","trailer_definition":"trailer_def.scs.box.single_3.curtain","units_count":33,"fill_ratio":1,"trailer_place":0}],"nos_pat_lhv.lehavre":[{"target":"globeur.rennes","urgency":0,"shortest_distance_km":230,"ferry_time":0,"ferry_price":0,"cargo":"cargo.milk","company_truck":"scania_streamline_4x2_c","trailer_variant":"trailer.scs_dry_s","trailer_definition":"trailer_def.scs.box.single_3.dryvan","units_count":33,"fill_ratio":1,"trailer_place":0}],"globeur.bordeaux":[{"target":"tradeaux.brest","urgency":0,"shortest_distance_km":674,"ferry_time":0,"ferry_price":0,"cargo":"cargo.precast_strs","company_truck":"scania_streamline_6x4_a","trailer_variant":"trailer.scs_dry_m","trailer_definition":"trailer_def.scs.box.single_3.dryvan_m","units_count":33,"fill_ratio":1,"trailer_place":0},{"target":"nucleon.golfech","urgency":2,"shortest_distance_km":310,"ferry_time":0,"ferry_price":0,"cargo":"cargo.backfl_prev","company_truck":"renault_premium_4x2_c","trailer_variant":"trailer.scs_curt_a","trailer_definition":"trailer_def.scs.box.single_3.curtain","units_count":33,"fill_ratio":1,"trailer_place":0}],"stokes.calais":[{"target":"wilnet_trans.marseille","urgency":1,"shortest_distance_km":1037,"ferry_time":0,"ferry_price":0,"cargo":"cargo.fireworks","company_truck":"daf_6x2_a","trailer_variant":"trailer.scs_curt_s","trailer_definition":"trailer_def.scs.box.single_3.curtain","units_count":33,"fill_ratio":1,"trailer_place":0}],"transinet.mannheim":[{"target":"tradeaux.kassel","urgency":2,"shortest_distance_km":307,"ferry_time":0,"ferry_price":0,"cargo":"cargo.iced_coffee","company_truck":"double/scania_s_4x2","trailer_variant":"trailer.scs_curt_2","trailer_definition":"trailer_def.scs.box.double_3_2.curtain","units_count":29,"fill_ratio":1,"trailer_place":0}],"tradeaux.rostock":[{"target":"stokes.liege","urgency":1,"shortest_distance_km":696,"ferry_time":0,"ferry_price":0,"cargo":"cargo.coconut_milk","company_truck":"daf_xf_euro6_4x2_a","trailer_variant":"trailer.scs_curt","trailer_definition":"trailer_def.scs.box.single_3.curtain","units_count":31,"fill_ratio":1,"trailer_place":0}],"huilant.bordeaux":[{"target":"dans_jardin.bordeaux","urgency":1,"shortest_distance_km":73,"ferry_time":0,"ferry_price":0,"cargo":"cargo.diesel","company_truck":"renault_magnum_4x2_a","trailer_variant":"trailer.fuel_cistern","trailer_definition":"trailer_def.diesel.fuel_cistern","units_count":100,"fill_ratio":1,"trailer_place":0}],"fle.calvi":[{"target":"wilnet_trans.porto_vecchi","urgency":1,"shortest_distance_km":206,"ferry_time":0,"ferry_price":0,"cargo":"cargo.cut_flowers","company_truck":"mercedes_6x2_b","trailer_variant":"trailer.scs_ref_a","trailer_definition":"trailer_def.scs.box.single_3.reefer","units_count":33,"fill_ratio":1,"trailer_place":0}],"kaarfor.montpellier":[{"target":"wilnet_trans.marseille","urgency":0,"shortest_distance_km":200,"ferry_time":0,"ferry_price":0,"cargo":"cargo.used_plast_c","company_truck":"mercedes_4x2_c","trailer_variant":"trailer.scs_gosck40","trailer_definition":"trailer_def.scs.gooseneck.singl_3e_40.container","units_count":30,"fill_ratio":1,"trailer_place":0}],"globeur.rennes":[{"target":"tradeaux.brest","urgency":1,"shortest_distance_km":313,"ferry_time":0,"ferry_price":0,"cargo":"cargo.vinegar","company_truck":"man_tgx_euro6_4x2_xxl","trailer_variant":"trailer.scs_curt_s","trailer_definition":"trailer_def.scs.box.single_3.curtain","units_count":33,"fill_ratio":1,"trailer_place":0},{"target":"tradeaux.brest","urgency":1,"shortest_distance_km":313,"ferry_time":0,"ferry_price":0,"cargo":"cargo.floorpanels","company_truck":"man_tgx_euro6_4x2_xxl","trailer_variant":"trailer.panel_trans.floor","trailer_definition":"trailer_def.floorpanels.panel_trans.floor","units_count":90,"fill_ratio":1,"trailer_place":0},{"target":"subse.nantes","urgency":1,"shortest_distance_km":200,"ferry_time":0,"ferry_price":0,"cargo":"cargo.olives","company_truck":"man_6x4_b","trailer_variant":"trailer.scs_curt_a","trailer_definition":"trailer_def.scs.box.single_3.curtain","units_count":33,"fill_ratio":1,"trailer_place":0},{"target":"wilnet_trans.nantes","urgency":0,"shortest_distance_km":138,"ferry_time":0,"ferry_price":0,"cargo":"cargo.milk_t","company_truck":"mercedes_actros_2014_6x2_a","trailer_variant":"trailer.scs_fodt","trailer_definition":"trailer_def.scs.foodtank.single_3.paint","units_count":27,"fill_ratio":1,"trailer_place":0}],"fle.montpellier":[{"target":"renar.calvi","urgency":1,"shortest_distance_km":410,"ferry_time":840,"ferry_price":1193,"cargo":"cargo.cut_flowers","company_truck":"renault_magnum_6x4_a","trailer_variant":"trailer.scs_ref","trailer_definition":"trailer_def.scs.box.single_3.reefer","units_count":33,"fill_ratio":1,"trailer_place":0}],"marina_fr.larochelle":[{"target":"wilnet_trans.nantes","urgency":0,"shortest_distance_km":214,"ferry_time":0,"ferry_price":0,"cargo":"cargo.princess","company_truck":"daf_4x2_b","trailer_variant":"trailer.overweight.boat","trailer_definition":"trailer_def.princess.overweight.boat","units_count":100,"fill_ratio":1,"trailer_place":0}],"wgcc.grimsby":[{"target":"chimi.montpellier","urgency":0,"shortest_distance_km":1396,"ferry_time":35,"ferry_price":300,"cargo":"cargo.cyanide","company_truck":"mercedes_actros_2014_4x2_c","trailer_variant":"trailer.scs_flat_c_r","trailer_definition":"trailer_def.scs.flatbed.single_3.container","units_count":87,"fill_ratio":1,"trailer_place":0}],"tree_et.felixstowe":[{"target":"nucleon.paluel","urgency":0,"shortest_distance_km":493,"ferry_time":35,"ferry_price":300,"cargo":"cargo.forklifts","company_truck":"renault_t_6x2","trailer_variant":"trailer.overweight.forklifts","trailer_definition":"trailer_def.forklifts.overweight.forklifts","units_count":100,"fill_ratio":1,"trailer_place":0},{"target":"globeur.bourges","urgency":2,"shortest_distance_km":788,"ferry_time":35,"ferry_price":300,"cargo":"cargo.sawpanels","company_truck":"daf_xf_euro6_4x2_c","trailer_variant":"trailer.scs_dry_s","trailer_definition":"trailer_def.scs.box.single_3.dryvan","units_count":33,"fill_ratio":1,"trailer_place":0}],"fle.nantes":[{"target":"lisette_log.rennes","urgency":1,"shortest_distance_km":171,"ferry_time":0,"ferry_price":0,"cargo":"cargo.comp_process","company_truck":"renault_magnum_4x2_a","trailer_variant":"trailer.scs_dry_s","trailer_definition":"trailer_def.scs.box.single_3.dryvan","units_count":33,"fill_ratio":1,"trailer_place":0}],"voitureux.rennes":[{"target":"tradeaux.brest","urgency":1,"shortest_distance_km":280,"ferry_time":0,"ferry_price":0,"cargo":"cargo.used_battery","company_truck":"iveco_6x2_a","trailer_variant":"trailer.scs_dry","trailer_definition":"trailer_def.scs.box.single_3.dryvan","units_count":33,"fill_ratio":1,"trailer_place":0}],"nos_pat_brg.bourges":[{"target":"nos_pat_cf.clermont","urgency":0,"shortest_distance_km":257,"ferry_time":0,"ferry_price":0,"cargo":"cargo.live_catt_fr","company_truck":"scania_s_4x2_580","trailer_variant":"trailer.livestock","trailer_definition":"trailer_def.live_catt_fr.livestock","units_count":100,"fill_ratio":1,"trailer_place":0}],"lisette_log.bordeaux":[{"target":"voitureux.rennes","urgency":2,"shortest_distance_km":538,"ferry_time":0,"ferry_price":0,"cargo":"cargo.vent_tube","company_truck":"scania_6x4_a","trailer_variant":"trailer.scs_flat_r","trailer_definition":"trailer_def.scs.flatbed.single_3.flatbed_w","units_count":2,"fill_ratio":1,"trailer_place":0}],"globeur.bourges":[{"target":"wilnet_trans.nantes","urgency":2,"shortest_distance_km":550,"ferry_time":0,"ferry_price":0,"cargo":"cargo.chewing_gums","company_truck":"scania_r_6x2_450","trailer_variant":"trailer.scs_dry_ms","trailer_definition":"trailer_def.scs.box.single_3.dryvan_m","units_count":33,"fill_ratio":1,"trailer_place":0}],"posped.metz":[{"target":"tradeaux.klagenfurt","urgency":1,"shortest_distance_km":1018,"ferry_time":0,"ferry_price":0,"cargo":"cargo.comp_process","company_truck":"scania_s_6x4_730","trailer_variant":"trailer.scs_dry_a","trailer_definition":"trailer_def.scs.box.single_3.dryvan","units_count":33,"fill_ratio":1,"trailer_place":0}],"dans_jardin.porto_vecchi":[{"target":"kaarfor.bastia","urgency":1,"shortest_distance_km":144,"ferry_time":0,"ferry_price":0,"cargo":"cargo.tomatoes","company_truck":"man_6x4_b","trailer_variant":"trailer.scs_ref_a","trailer_definition":"trailer_def.scs.box.single_3.reefer","units_count":33,"fill_ratio":1,"trailer_place":0},{"target":"wilnet_trans.marseille","urgency":2,"shortest_distance_km":27,"ferry_time":840,"ferry_price":1193,"cargo":"cargo.carrots_c","company_truck":"daf_6x2_a","trailer_variant":"trailer.scs_gosck220","trailer_definition":"trailer_def.scs.gooseneck.singl_3e_220.container","units_count":30,"fill_ratio":1,"trailer_place":0}],"batisse_wind.montpellier":[{"target":"boisserie.limoges","urgency":0,"shortest_distance_km":340,"ferry_time":0,"ferry_price":0,"cargo":"cargo.forklifts","company_truck":"mercedes_actros_2014_6x2_a","trailer_variant":"trailer.overweight.forklifts","trailer_definition":"trailer_def.forklifts.overweight.forklifts","units_count":100,"fill_ratio":1,"trailer_place":0}],"gomme_monde.clermont":[{"target":"ika_bohag.clermont","urgency":0,"shortest_distance_km":4,"ferry_time":0,"ferry_price":0,"cargo":"cargo.forklifts","company_truck":"renault_premium_4x2_c","trailer_variant":"trailer.overweight.forklifts","trailer_definition":"trailer_def.forklifts.overweight.forklifts","units_count":100,"fill_ratio":1,"trailer_place":0},{"target":"tradeaux.clermont","urgency":2,"shortest_distance_km":2,"ferry_time":0,"ferry_price":0,"cargo":"cargo.empty_palet","company_truck":"man_6x4_b","trailer_variant":"trailer.scs_dry_a","trailer_definition":"trailer_def.scs.box.single_3.dryvan","units_count":33,"fill_ratio":1,"trailer_place":0}],"tradeaux.geneve":[{"target":"globeur.bourges","urgency":2,"shortest_distance_km":498,"ferry_time":0,"ferry_price":0,"cargo":"cargo.protec_cloth","company_truck":"iveco_h_4x2_a","trailer_variant":"trailer.scs_dry_m","trailer_definition":"trailer_def.scs.box.single_3.dryvan_m","units_count":33,"fill_ratio":1,"trailer_place":0},{"target":"globeur.bourges","urgency":1,"shortest_distance_km":498,"ferry_time":0,"ferry_price":0,"cargo":"cargo.natur_rubber","company_truck":"iveco_6x2_a","trailer_variant":"trailer.scs_dry_a","trailer_definition":"trailer_def.scs.box.single_3.dryvan","units_count":33,"fill_ratio":1,"trailer_place":0}],"quarry.prague":[{"target":"batisse_hs.montpellier","urgency":2,"shortest_distance_km":1368,"ferry_time":0,"ferry_price":0,"cargo":"cargo.stones","company_truck":"mercedes_actros_2014_4x2_b","trailer_variant":"trailer.s_ki_solid.cover","trailer_definition":"trailer_def.stones.s_ki_solid.cover","units_count":100,"fill_ratio":1,"trailer_place":0}],"wilnet_trans.marseille":[{"target":"nucleon.alban","urgency":2,"shortest_distance_km":260,"ferry_time":0,"ferry_price":0,"cargo":"cargo.protec_cloth","company_truck":"man_tgx_euro6_4x2_xl","trailer_variant":"trailer.scs_dry_ms","trailer_definition":"trailer_def.scs.box.single_3.dryvan_m","units_count":33,"fill_ratio":1,"trailer_place":0},{"target":"eolo_lines.porto_vecchi","urgency":1,"shortest_distance_km":11,"ferry_time":840,"ferry_price":1193,"cargo":"cargo.corks","company_truck":"renault_magnum_4x2_a","trailer_variant":"trailer.scs_dry","trailer_definition":"trailer_def.scs.box.single_3.dryvan","units_count":33,"fill_ratio":1,"trailer_place":0},{"target":"tradeaux.clermont","urgency":0,"shortest_distance_km":422,"ferry_time":0,"ferry_price":0,"cargo":"cargo.outdr_flr_tl","company_truck":"man_tgx_euro6_6x4_xlx","trailer_variant":"trailer.scs_curt_s","trailer_definition":"trailer_def.scs.box.single_3.curtain","units_count":33,"fill_ratio":1,"trailer_place":0}],"fle.bastia":[{"target":"wilnet_trans.limoges","urgency":1,"shortest_distance_km":815,"ferry_time":840,"ferry_price":1193,"cargo":"cargo.cut_flowers","company_truck":"mercedes_6x2_b","trailer_variant":"trailer.scs_ref_a","trailer_definition":"trailer_def.scs.box.single_3.reefer","units_count":33,"fill_ratio":1,"trailer_place":0}],"lkwlog.amsterdam":[{"target":"eurogoodies.newcastle","urgency":2,"shortest_distance_km":345,"ferry_time":660,"ferry_price":995,"cargo":"cargo.gummy_bears","company_truck":"mercedes_6x4_a","trailer_variant":"trailer.scs_dry","trailer_definition":"trailer_def.scs.box.single_3.dryvan","units_count":33,"fill_ratio":1,"trailer_place":0}],"tradeaux.nice":[{"target":"wilnet_trans.porto_vecchi","urgency":2,"shortest_distance_km":260,"ferry_time":840,"ferry_price":1193,"cargo":"cargo.pnut_butter","company_truck":"daf_6x2_a","trailer_variant":"trailer.scs_dry_s","trailer_definition":"trailer_def.scs.box.single_3.dryvan","units_count":33,"fill_ratio":1,"trailer_place":0},{"target":"marina_fr.marseille","urgency":0,"shortest_distance_km":255,"ferry_time":0,"ferry_price":0,"cargo":"cargo.princess","company_truck":"man_tgx_euro6_4x2_xxl","trailer_variant":"trailer.overweight.boat","trailer_definition":"trailer_def.princess.overweight.boat","units_count":100,"fill_ratio":1,"trailer_place":0}],"huilant.larochelle":[{"target":"wilnet_trans.nantes","urgency":1,"shortest_distance_km":190,"ferry_time":0,"ferry_price":0,"cargo":"cargo.diesel","company_truck":"daf_4x2_a","trailer_variant":"trailer.fuel_cistern","trailer_definition":"trailer_def.diesel.fuel_cistern","units_count":100,"fill_ratio":1,"trailer_place":0},{"target":"fle.clermont","urgency":2,"shortest_distance_km":518,"ferry_time":0,"ferry_price":0,"cargo":"cargo.kerosene","company_truck":"daf_4x2_a","trailer_variant":"trailer.fuel_cistern","trailer_definition":"trailer_def.kerosene.fuel_cistern","units_count":100,"fill_ratio":1,"trailer_place":0}],"dans_jardin.lemans":[{"target":"lisette_log.rennes","urgency":0,"shortest_distance_km":268,"ferry_time":0,"ferry_price":0,"cargo":"cargo.potatoes","company_truck":"scania_4x2_c","trailer_variant":"trailer.scs_dry_a","trailer_definition":"trailer_def.scs.box.single_3.dryvan","units_count":33,"fill_ratio":1,"trailer_place":0},{"target":"lisette_log.roscoff","urgency":0,"shortest_distance_km":451,"ferry_time":0,"ferry_price":0,"cargo":"cargo.carrots","company_truck":"mercedes_4x2_b","trailer_variant":"trailer.scs_dry_m","trailer_definition":"trailer_def.scs.box.single_3.dryvan_m","units_count":33,"fill_ratio":1,"trailer_place":0}],"dans_jardin.bourges":[{"target":"lisette_log.nice","urgency":2,"shortest_distance_km":801,"ferry_time":0,"ferry_price":0,"cargo":"cargo.basil","company_truck":"scania_r_4x2_370","trailer_variant":"trailer.scs_dry_m","trailer_definition":"trailer_def.scs.box.single_3.dryvan_m","units_count":33,"fill_ratio":1,"trailer_place":0},{"target":"kaarfor.larochelle","urgency":2,"shortest_distance_km":441,"ferry_time":0,"ferry_price":0,"cargo":"cargo.peas","company_truck":"scania_4x2_a","trailer_variant":"trailer.scs_dry_s","trailer_definition":"trailer_def.scs.box.single_3.dryvan","units_count":33,"fill_ratio":1,"trailer_place":0}],"mvm_carriere.bastia":[{"target":"batisse_base.calvi","urgency":2,"shortest_distance_km":120,"ferry_time":0,"ferry_price":0,"cargo":"cargo.stones","company_truck":"scania_r_4x2_520","trailer_variant":"trailer.s_ki_solid.cover","trailer_definition":"trailer_def.stones.s_ki_solid.cover","units_count":100,"fill_ratio":1,"trailer_place":0},{"target":"dans_jardin.marseille","urgency":0,"shortest_distance_km":290,"ferry_time":840,"ferry_price":1193,"cargo":"cargo.excav_soil","company_truck":"scania_r_6x4_650","trailer_variant":"trailer.s_ki_solid.cover","trailer_definition":"trailer_def.excav_soil.s_ki_solid.cover","units_count":100,"fill_ratio":1,"trailer_place":0}],"dans_jardin.nantes":[{"target":"globeur.bordeaux","urgency":2,"shortest_distance_km":431,"ferry_time":0,"ferry_price":0,"cargo":"cargo.lavender","company_truck":"iveco_4x2_b","trailer_variant":"trailer.scs_curt_a","trailer_definition":"trailer_def.scs.box.single_3.curtain","units_count":33,"fill_ratio":1,"trailer_place":0},{"target":"globeur.rennes","urgency":2,"shortest_distance_km":204,"ferry_time":0,"ferry_price":0,"cargo":"cargo.carrots_c","company_truck":"man_6x4_b","trailer_variant":"trailer.scs_flat_c_g","trailer_definition":"trailer_def.scs.flatbed.single_3.container","units_count":33,"fill_ratio":1,"trailer_place":0}],"quarry.strasbourg":[{"target":"batisse_road.lemans","urgency":0,"shortest_distance_km":645,"ferry_time":0,"ferry_price":0,"cargo":"cargo.gravel","company_truck":"daf_xf_euro6_4x2_c","trailer_variant":"trailer.s_ki_solid.gravel","trailer_definition":"trailer_def.gravel.s_ki_solid.gravel","units_count":100,"fill_ratio":1,"trailer_place":0}],"ika_bohag.montpellier":[{"target":"tradeaux.ajaccio","urgency":0,"shortest_distance_km":356,"ferry_time":840,"ferry_price":1193,"cargo":"cargo.used_packag","company_truck":"man_6x4_b","trailer_variant":"trailer.scs_curt_s","trailer_definition":"trailer_def.scs.box.single_3.curtain","units_count":33,"fill_ratio":1,"trailer_place":0}],"nucleon.laurent":[{"target":"dans_jardin.bourges","urgency":0,"shortest_distance_km":90,"ferry_time":0,"ferry_price":0,"cargo":"cargo.excav_soil","company_truck":"man_6x4_b","trailer_variant":"trailer.s_ki_solid.cover","trailer_definition":"trailer_def.excav_soil.s_ki_solid.cover","units_count":100,"fill_ratio":1,"trailer_place":0}],"transinet.southampton":[{"target":"lisette_log.rennes","urgency":0,"shortest_distance_km":729,"ferry_time":35,"ferry_price":300,"cargo":"cargo.beans","company_truck":"renault_premium_4x2_c","trailer_variant":"trailer.scs_dry_a","trailer_definition":"trailer_def.scs.box.single_3.dryvan","units_count":33,"fill_ratio":1,"trailer_place":0}],"sellplan.osnabruck":[{"target":"subse.clermont","urgency":2,"shortest_distance_km":1163,"ferry_time":0,"ferry_price":0,"cargo":"cargo.empty_palet","company_truck":"scania_streamline_6x4_a","trailer_variant":"trailer.scs_dry_a","trailer_definition":"trailer_def.scs.box.single_3.dryvan","units_count":33,"fill_ratio":1,"trailer_place":0}],"ika_bohag.brest":[{"target":"lisette_log.nice","urgency":0,"shortest_distance_km":1411,"ferry_time":0,"ferry_price":0,"cargo":"cargo.used_packag","company_truck":"daf_4x2_a","trailer_variant":"trailer.scs_dry_ms","trailer_definition":"trailer_def.scs.box.single_3.dryvan_m","units_count":33,"fill_ratio":1,"trailer_place":0}],"globeur.montpellier":[{"target":"wilnet_trans.limoges","urgency":1,"shortest_distance_km":390,"ferry_time":0,"ferry_price":0,"cargo":"cargo.oil_filters","company_truck":"mercedes_6x4_a","trailer_variant":"trailer.scs_dry","trailer_definition":"trailer_def.scs.box.single_3.dryvan","units_count":33,"fill_ratio":1,"trailer_place":0},{"target":"ika_bohag.montpellier","urgency":1,"shortest_distance_km":71,"ferry_time":0,"ferry_price":0,"cargo":"cargo.young_seed","company_truck":"scania_r_6x4_650","trailer_variant":"trailer.scs_dry_m","trailer_definition":"trailer_def.scs.box.single_3.dryvan_m","units_count":33,"fill_ratio":1,"trailer_place":0},{"target":"kaarfor.montpellier","urgency":1,"shortest_distance_km":70,"ferry_time":0,"ferry_price":0,"cargo":"cargo.ketchup","company_truck":"mercedes_4x2_a","trailer_variant":"trailer.scs_dry_m","trailer_definition":"trailer_def.scs.box.single_3.dryvan_m","units_count":33,"fill_ratio":1,"trailer_place":0}],"posped.swansea":[{"target":"wilnet_trans.lemans","urgency":0,"shortest_distance_km":881,"ferry_time":35,"ferry_price":300,"cargo":"cargo.digger500","company_truck":"renault_premium_4x2_c","trailer_variant":"trailer.overweight.digger500","trailer_definition":"trailer_def.digger500.overweight.digger500","units_count":100,"fill_ratio":1,"trailer_place":0}],"kaarfor.nantes":[{"target":"subse.nantes","urgency":2,"shortest_distance_km":128,"ferry_time":0,"ferry_price":0,"cargo":"cargo.empty_palet","company_truck":"man_tgx_euro6_6x4_xlx","trailer_variant":"trailer.scs_curt","trailer_definition":"trailer_def.scs.box.single_3.curtain","units_count":33,"fill_ratio":1,"trailer_place":0},{"target":"tradeaux.toulouse","urgency":0,"shortest_distance_km":600,"ferry_time":0,"ferry_price":0,"cargo":"cargo.used_plast_c","company_truck":"man_6x4_b","trailer_variant":"trailer.scs_gosck40","trailer_definition":"trailer_def.scs.gooseneck.singl_3e_40.container","units_count":30,"fill_ratio":1,"trailer_place":0}],"mvm_carriere.ajaccio":[{"target":"dans_jardin.porto_vecchi","urgency":0,"shortest_distance_km":100,"ferry_time":0,"ferry_price":0,"cargo":"cargo.digger1000","company_truck":"man_tgx_euro6_6x4_xlx","trailer_variant":"trailer.overweight.digger1000","trailer_definition":"trailer_def.digger1000.overweight.digger1000","units_count":100,"fill_ratio":1,"trailer_place":0},{"target":"wilnet_trans.limoges","urgency":0,"shortest_distance_km":754,"ferry_time":840,"ferry_price":1193,"cargo":"cargo.stone_dust","company_truck":"renault_premium_4x2_c","trailer_variant":"trailer.s_ki_solid.cover","trailer_definition":"trailer_def.stone_dust.s_ki_solid.cover","units_count":100,"fill_ratio":1,"trailer_place":0}],"ika_bohag.rennes":[{"target":"lisette_log.larochelle","urgency":2,"shortest_distance_km":341,"ferry_time":0,"ferry_price":0,"cargo":"cargo.empty_palet","company_truck":"mercedes_4x2_b","trailer_variant":"trailer.scs_curt_a","trailer_definition":"trailer_def.scs.box.single_3.curtain","units_count":33,"fill_ratio":1,"trailer_place":0},{"target":"wilnet_trans.nantes","urgency":0,"shortest_distance_km":181,"ferry_time":0,"ferry_price":0,"cargo":"cargo.used_packag","company_truck":"daf_xf_euro6_6x2_a","trailer_variant":"trailer.scs_curt_a","trailer_definition":"trailer_def.scs.box.single_3.curtain","units_count":33,"fill_ratio":1,"trailer_place":0}],"euroacres.torino":[{"target":"tradeaux.ajaccio","urgency":0,"shortest_distance_km":626,"ferry_time":840,"ferry_price":1193,"cargo":"cargo.milk","company_truck":"renault_t_4x2h","trailer_variant":"trailer.scs_dry_a","trailer_definition":"trailer_def.scs.box.single_3.dryvan","units_count":33,"fill_ratio":1,"trailer_place":0}],"chimi.larochelle":[{"target":"dans_jardin.lemans","urgency":1,"shortest_distance_km":322,"ferry_time":0,"ferry_price":0,"cargo":"cargo.potassium","company_truck":"mercedes_6x2_b","trailer_variant":"trailer.scs_gosck40","trailer_definition":"trailer_def.scs.gooseneck.singl_3e_40.container","units_count":80,"fill_ratio":1,"trailer_place":0}],"sellplan.torino":[{"target":"renar.calvi","urgency":0,"shortest_distance_km":610,"ferry_time":840,"ferry_price":1193,"cargo":"cargo.used_packag","company_truck":"scania_r_6x4_650","trailer_variant":"trailer.scs_dry_ms","trailer_definition":"trailer_def.scs.box.single_3.dryvan_m","units_count":33,"fill_ratio":1,"trailer_place":0}],"mvm_carriere.nice":[{"target":"tradeaux.nice","urgency":0,"shortest_distance_km":76,"ferry_time":0,"ferry_price":0,"cargo":"cargo.gravel","company_truck":"daf_4x2_a","trailer_variant":"trailer.s_ki_solid.gravel","trailer_definition":"trailer_def.gravel.s_ki_solid.gravel","units_count":100,"fill_ratio":1,"trailer_place":0}],"fle.clermont":[{"target":"globeur.montpellier","urgency":2,"shortest_distance_km":295,"ferry_time":0,"ferry_price":0,"cargo":"cargo.post_packag","company_truck":"mercedes_4x2_a","trailer_variant":"trailer.scs_curt","trailer_definition":"trailer_def.scs.box.single_3.curtain","units_count":33,"fill_ratio":1,"trailer_place":0}],"wilnet_trans.porto_vecchi":[{"target":"lisette_log.lemans","urgency":2,"shortest_distance_km":876,"ferry_time":840,"ferry_price":1193,"cargo":"cargo.oil_filt_c","company_truck":"mercedes_actros_2014_6x4_b","trailer_variant":"trailer.scs_flat_c_r","trailer_definition":"trailer_def.scs.flatbed.single_3.container","units_count":33,"fill_ratio":1,"trailer_place":0},{"target":"gnt.bastia","urgency":2,"shortest_distance_km":145,"ferry_time":0,"ferry_price":0,"cargo":"cargo.ore","company_truck":"scania_streamline_6x4_a","trailer_variant":"trailer.s_ki_solid.ore","trailer_definition":"trailer_def.ore.s_ki_solid.ore","units_count":100,"fill_ratio":1,"trailer_place":0}],"eolo_lines.porto_vecchi":[{"target":"ika_bohag.montpellier","urgency":1,"shortest_distance_km":205,"ferry_time":840,"ferry_price":1193,"cargo":"cargo.beverages_t","company_truck":"scania_s_4x2_580","trailer_variant":"trailer.scs_fodt","trailer_definition":"trailer_def.scs.foodtank.single_3.paint","units_count":27,"fill_ratio":1,"trailer_place":0}],"dans_jardin.bastia":[{"target":"globeur.lehavre","urgency":2,"shortest_distance_km":1052,"ferry_time":840,"ferry_price":1193,"cargo":"cargo.apples","company_truck":"renault_t_6x2","trailer_variant":"trailer.scs_dry_a","trailer_definition":"trailer_def.scs.box.single_3.dryvan","units_count":33,"fill_ratio":1,"trailer_place":0},{"target":"wilnet_trans.porto_vecchi","urgency":2,"shortest_distance_km":91,"ferry_time":0,"ferry_price":0,"cargo":"cargo.lavender","company_truck":"scania_streamline_4x2_a","trailer_variant":"trailer.scs_dry","trailer_definition":"trailer_def.scs.box.single_3.dryvan","units_count":33,"fill_ratio":1,"trailer_place":0},{"target":"kaarfor.bastia","urgency":1,"shortest_distance_km":56,"ferry_time":0,"ferry_price":0,"cargo":"cargo.tomatoes","company_truck":"mercedes_actros_2014_4x2_a","trailer_variant":"trailer.scs_ref","trailer_definition":"trailer_def.scs.box.single_3.reefer","units_count":33,"fill_ratio":1,"trailer_place":0}],"sanbuilders.birmingham":[{"target":"tradeaux.brest","urgency":1,"shortest_distance_km":434,"ferry_time":420,"ferry_price":910,"cargo":"cargo.diggers","company_truck":"renault_premium_6x4_a","trailer_variant":"trailer.overweight.digger","trailer_definition":"trailer_def.diggers.overweight.digger","units_count":98,"fill_ratio":1,"trailer_place":0}],"transinet.salzburg":[{"target":"posped.strasbourg","urgency":2,"shortest_distance_km":527,"ferry_time":0,"ferry_price":0,"cargo":"cargo.protec_cloth","company_truck":"renault_premium_4x2_c","trailer_variant":"trailer.scs_dry","trailer_definition":"trailer_def.scs.box.single_3.dryvan","units_count":33,"fill_ratio":1,"trailer_place":0}],"lisette_log.ajaccio":[{"target":"gnt.bastia","urgency":2,"shortest_distance_km":140,"ferry_time":0,"ferry_price":0,"cargo":"cargo.post_packag","company_truck":"scania_6x2_b","trailer_variant":"trailer.scs_dry_ms","trailer_definition":"trailer_def.scs.box.single_3.dryvan_m","units_count":33,"fill_ratio":1,"trailer_place":0},{"target":"wilnet_trans.marseille","urgency":2,"shortest_distance_km":166,"ferry_time":840,"ferry_price":1193,"cargo":"cargo.iced_coffee","company_truck":"daf_xf_euro6_4x2_a","trailer_variant":"trailer.scs_dry_s","trailer_definition":"trailer_def.scs.box.single_3.dryvan","units_count":33,"fill_ratio":1,"trailer_place":0}],"tradeaux.clermont":[{"target":"nucleon.alban","urgency":2,"shortest_distance_km":232,"ferry_time":0,"ferry_price":0,"cargo":"cargo.protec_cloth","company_truck":"daf_6x2_a","trailer_variant":"trailer.scs_dry_s","trailer_definition":"trailer_def.scs.box.single_3.dryvan","units_count":33,"fill_ratio":1,"trailer_place":0}],"batisse_wind.brest":[{"target":"wilnet_trans.toulouse","urgency":2,"shortest_distance_km":849,"ferry_time":0,"ferry_price":0,"cargo":"cargo.empty_palet","company_truck":"scania_streamline_4x2_b","trailer_variant":"trailer.scs_curt","trailer_definition":"trailer_def.scs.box.single_3.curtain","units_count":33,"fill_ratio":1,"trailer_place":0}],"trameri.nurnberg":[{"target":"wilnet_trans.lemans","urgency":1,"shortest_distance_km":1028,"ferry_time":0,"ferry_price":0,"cargo":"cargo.copp_rf_gutt","company_truck":"renault_premium_6x4_a","trailer_variant":"trailer.scs_curt_a","trailer_definition":"trailer_def.scs.box.single_3.curtain","units_count":33,"fill_ratio":1,"trailer_place":0}],"sanbuilders.lyon":[{"target":"gnt.bastia","urgency":1,"shortest_distance_km":407,"ferry_time":840,"ferry_price":1193,"cargo":"cargo.diggers","company_truck":"man_6x4_b","trailer_variant":"trailer.overweight.digger","trailer_definition":"trailer_def.diggers.overweight.digger","units_count":100,"fill_ratio":1,"trailer_place":0}],"renar.calvi":[{"target":"wilnet_trans.porto_vecchi","urgency":1,"shortest_distance_km":219,"ferry_time":0,"ferry_price":0,"cargo":"cargo.comp_process","company_truck":"iveco_h_4x2_a","trailer_variant":"trailer.scs_dry","trailer_definition":"trailer_def.scs.box.single_3.dryvan","units_count":33,"fill_ratio":1,"trailer_place":0},{"target":"lisette_log.ajaccio","urgency":2,"shortest_distance_km":71,"ferry_time":0,"ferry_price":0,"cargo":"cargo.pnut_butter","company_truck":"scania_6x2_b","trailer_variant":"trailer.scs_curt_s","trailer_definition":"trailer_def.scs.box.single_3.curtain","units_count":33,"fill_ratio":1,"trailer_place":0}],"kaarfor.limoges":[{"target":"tradeaux.clermont","urgency":0,"shortest_distance_km":227,"ferry_time":0,"ferry_price":0,"cargo":"cargo.used_packag","company_truck":"daf_6x2_a","trailer_variant":"trailer.scs_dry","trailer_definition":"trailer_def.scs.box.single_3.dryvan","units_count":33,"fill_ratio":1,"trailer_place":0},{"target":"globeur.bordeaux","urgency":0,"shortest_distance_km":316,"ferry_time":0,"ferry_price":0,"cargo":"cargo.used_plast_c","company_truck":"iveco_4x2_b","trailer_variant":"trailer.scs_gosck40","trailer_definition":"trailer_def.scs.gooseneck.singl_3e_40.container","units_count":30,"fill_ratio":1,"trailer_place":0}],"nucleon.paluel":[{"target":"dans_jardin.bourges","urgency":0,"shortest_distance_km":452,"ferry_time":0,"ferry_price":0,"cargo":"cargo.excav_soil","company_truck":"man_6x4_b","trailer_variant":"trailer.s_ki_solid.cover","trailer_definition":"trailer_def.excav_soil.s_ki_solid.cover","units_count":100,"fill_ratio":1,"trailer_place":0},{"target":"boisserie.marseille","urgency":0,"shortest_distance_km":931,"ferry_time":0,"ferry_price":0,"cargo":"cargo.forklifts","company_truck":"scania_streamline_6x4_a","trailer_variant":"trailer.overweight.forklifts","trailer_definition":"trailer_def.forklifts.overweight.forklifts","units_count":100,"fill_ratio":1,"trailer_place":0}],"mvm_carriere.porto_vecchi":[{"target":"dans_jardin.marseille","urgency":0,"shortest_distance_km":193,"ferry_time":840,"ferry_price":1193,"cargo":"cargo.digger1000","company_truck":"iveco_4x2_a","trailer_variant":"trailer.overweight.digger1000","trailer_definition":"trailer_def.digger1000.overweight.digger1000","units_count":100,"fill_ratio":1,"trailer_place":0}],"sellplan.groningen":[{"target":"lisette_log.lemans","urgency":0,"shortest_distance_km":930,"ferry_time":0,"ferry_price":0,"cargo":"cargo.used_plast","company_truck":"scania_r_6x2_450","trailer_variant":"trailer.scs_curt_a","trailer_definition":"trailer_def.scs.box.single_3.curtain","units_count":33,"fill_ratio":1,"trailer_place":0}],"nucleon.alban":[{"target":"dans_jardin.bastia","urgency":0,"shortest_distance_km":340,"ferry_time":840,"ferry_price":1193,"cargo":"cargo.excav_soil","company_truck":"scania_s_6x4_730","trailer_variant":"trailer.s_ki_solid.cover","trailer_definition":"trailer_def.excav_soil.s_ki_solid.cover","units_count":100,"fill_ratio":1,"trailer_place":0},{"target":"wilnet_trans.toulouse","urgency":2,"shortest_distance_km":519,"ferry_time":0,"ferry_price":0,"cargo":"cargo.empty_palet","company_truck":"mercedes_6x2_b","trailer_variant":"trailer.scs_dry_ms","trailer_definition":"trailer_def.scs.box.single_3.dryvan_m","units_count":33,"fill_ratio":1,"trailer_place":0}],"lisette_log.nice":[{"target":"tradeaux.nice","urgency":1,"shortest_distance_km":1,"ferry_time":0,"ferry_price":0,"cargo":"cargo.sandwch_pnls","company_truck":"scania_4x2_b","trailer_variant":"trailer.scs_curt_a","trailer_definition":"trailer_def.scs.box.single_3.curtain","units_count":33,"fill_ratio":1,"trailer_place":0}]}