{"sanbuilders.nurnberg":[{"target":"tradeaux.prague","urgency":1,"shortest_distance_km":281,"ferry_time":0,"ferry_price":0,"cargo":"cargo.asph_miller","company_truck":"heavy/scania_s_6x4","trailer_variant":"trailer.goldhofer.mpa_k_flat14.wirtgenw250i","trailer_definition":"trailer_def.asph_miller.goldhofer.mpa_k_flat14.wirtgenw250i","units_count":100,"fill_ratio":1,"trailer_place":0}],"sanbuilders.salzburg":[{"target":"stokes.wien","urgency":0,"shortest_distance_km":270,"ferry_time":0,"ferry_price":0,"cargo":"cargo.dozer","company_truck":"heavy/iveco_6x4","trailer_variant":"trailer.goldhofer.mpa_k_flat14.k_d155ax_5","trailer_definition":"trailer_def.dozer.goldhofer.mpa_k_flat14.k_d155ax_5","units_count":100,"fill_ratio":1,"trailer_place":0}],"tree_et.graz":[{"target":"posped.linz","urgency":1,"shortest_distance_km":216,"ferry_time":0,"ferry_price":0,"cargo":"cargo.mobile_crane","company_truck":"heavy/scania_6x4","trailer_variant":"trailer.goldhofer.mpa_k_flat14.t_c_3160","trailer_definition":"trailer_def.mobile_crane.goldhofer.mpa_k_flat14.t_c_3160","units_count":100,"fill_ratio":1,"trailer_place":0}],"sanbuilders.london":[{"target":"tradeaux.klagenfurt","urgency":1,"shortest_distance_km":1573,"ferry_time":35,"ferry_price":300,"cargo":"cargo.asph_miller","company_truck":"heavy/renault_t_6x2","trailer_variant":"trailer.goldhofer.mpa_k_flat14.wirtgenw250i","trailer_definition":"trailer_def.asph_miller.goldhofer.mpa_k_flat14.wirtgenw250i","units_count":100,"fill_ratio":1,"trailer_place":0}],"transinet.dortmund":[{"target":"posped.bremen","urgency":0,"shortest_distance_km":246,"ferry_time":0,"ferry_price":0,"cargo":"cargo.concr_beams","company_truck":"heavy/renault_6x4","trailer_variant":"trailer.goldhofer.stz_vl.conc_beam","trailer_definition":"trailer_def.concr_beams.goldhofer.stz_vl.conc_beam","units_count":100,"fill_ratio":1,"trailer_place":0}],"sanbuilders.rotterdam":[{"target":"tradeaux.lille","urgency":1,"shortest_distance_km":223,"ferry_time":0,"ferry_price":0,"cargo":"cargo.mobile_crane","company_truck":"heavy/scania_6x4","trailer_variant":"trailer.goldhofer.mpa_k_flat14.t_c_3160","trailer_definition":"trailer_def.mobile_crane.goldhofer.mpa_k_flat14.t_c_3160","units_count":100,"fill_ratio":1,"trailer_place":0}]}