{"sanbuilders.krakow":[{"target":"transinet.ostrava","urgency":2,"shortest_distance_km":140,"ferry_time":0,"ferry_price":0,"cargo":"cargo.roller","company_truck":"iveco_4x2_c","trailer_variant":"trailer.overweight.roller","trailer_definition":"trailer_def.roller.overweight.roller","units_count":100,"fill_ratio":1,"trailer_place":0}],"lkwlog.duisburg":[{"target":"drekkar.odense","urgency":0,"shortest_distance_km":675,"ferry_time":0,"ferry_price":0,"cargo":"cargo.tube","company_truck":"mercedes_actros_2014_6x2_a","trailer_variant":"trailer.overweight.tube","trailer_definition":"trailer_def.tube.overweight.tube","units_count":94,"fill_ratio":1,"trailer_place":0}],"trameri.dresden":[{"target":"sanbuilders.berlin","urgency":0,"shortest_distance_km":213,"ferry_time":0,"ferry_price":0,"cargo":"cargo.tube","company_truck":"renault_premium_6x4_a","trailer_variant":"trailer.overweight.tube","trailer_definition":"trailer_def.tube.overweight.tube","units_count":94,"fill_ratio":1,"trailer_place":0}],"sanbuilders.erfurt":[{"target":"tradeaux.grimsby","urgency":2,"shortest_distance_km":1248,"ferry_time":35,"ferry_price":300,"cargo":"cargo.roller","company_truck":"renault_t_4x2","trailer_variant":"trailer.overweight.roller","trailer_definition":"trailer_def.roller.overweight.roller","units_count":100,"fill_ratio":1,"trailer_place":0}],"sanbuilders.luxembourg":[{"target":"stokes.dusseldorf","urgency":2,"shortest_distance_km":251,"ferry_time":0,"ferry_price":0,"cargo":"cargo.roller","company_truck":"man_4x2_c","trailer_variant":"trailer.overweight.roller","trailer_definition":"trailer_def.roller.overweight.roller","units_count":100,"fill_ratio":1,"trailer_place":0}],"posped.bratislava":[{"target":"trameri.krakow","urgency":0,"shortest_distance_km":379,"ferry_time":0,"ferry_price":0,"cargo":"cargo.tube","company_truck":"man_6x4_b","trailer_variant":"trailer.overweight.tube","trailer_definition":"trailer_def.tube.overweight.tube","units_count":94,"fill_ratio":1,"trailer_place":0}],"posped.koln":[{"target":"quarry.reims","urgency":0,"shortest_distance_km":327,"ferry_time":0,"ferry_price":0,"cargo":"cargo.tube","company_truck":"renault_magnum_4x2_a","trailer_variant":"trailer.overweight.tube","trailer_definition":"trailer_def.tube.overweight.tube","units_count":94,"fill_ratio":1,"trailer_place":0}],"trameri.innsbruck":[{"target":"transinet.salzburg","urgency":0,"shortest_distance_km":196,"ferry_time":0,"ferry_price":0,"cargo":"cargo.tube","company_truck":"scania_6x4_a","trailer_variant":"trailer.overweight.tube","trailer_definition":"trailer_def.tube.overweight.tube","units_count":100,"fill_ratio":1,"trailer_place":0}],"domdepo_ru.luga":[{"target":"blt_ru.petersburg","urgency":0,"shortest_distance_km":201,"ferry_time":0,"ferry_price":0,"cargo":"cargo.tube","company_truck":"renault_t_4x2h","trailer_variant":"trailer.overweight.tube","trailer_definition":"trailer_def.tube.overweight.tube","units_count":94,"fill_ratio":1,"trailer_place":0}],"domdepo.pitesti":[{"target":"brawen.bucuresti","urgency":0,"shortest_distance_km":133,"ferry_time":0,"ferry_price":0,"cargo":"cargo.tube","company_truck":"man_6x4_b","trailer_variant":"trailer.overweight.tube","trailer_definition":"trailer_def.tube.overweight.tube","units_count":100,"fill_ratio":1,"trailer_place":0}],"tm_istanbul.istanbul":[{"target":"balkan_loco.edirne","urgency":0,"shortest_distance_km":195,"ferry_time":0,"ferry_price":0,"cargo":"cargo.tube","company_truck":"man_6x4_b","trailer_variant":"trailer.overweight.tube","trailer_definition":"trailer_def.tube.overweight.tube","units_count":100,"fill_ratio":1,"trailer_place":0}]}