{"eurogoodies.mannheim":[{"target":"lkwlog.dover","urgency":2,"shortest_distance_km":642,"ferry_time":91,"ferry_price":384,"cargo":"cargo.sausages","company_truck":"scania_r_4x2_520","trailer_variant":"trailer.scs_ins_a","trailer_definition":"trailer_def.scs.box.single_3.insulated","units_count":33,"fill_ratio":1,"trailer_place":0}],"vpc.goteborg":[{"target":"norrsken.goteborg","urgency":0,"shortest_distance_km":99,"ferry_time":0,"ferry_price":0,"cargo":"cargo.used_packag","company_truck":"double/mercedes_actros_2014_4x2_a","trailer_variant":"trailer.scs_curt_2","trailer_definition":"trailer_def.scs.box.double_3_2.curtain","units_count":53,"fill_ratio":1,"trailer_place":0}],"tree_et.birmingham":[{"target":"sanbuilders.newcastle","urgency":0,"shortest_distance_km":393,"ferry_time":0,"ferry_price":0,"cargo":"cargo.wooden_beams","company_truck":"mercedes_6x4_a","trailer_variant":"trailer.scs_curt","trailer_definition":"trailer_def.scs.box.single_3.curtain","units_count":33,"fill_ratio":1,"trailer_place":0}],"sellplan.dresden":[{"target":"norrsken.karlskrona","urgency":0,"shortest_distance_km":804,"ferry_time":105,"ferry_price":404,"cargo":"cargo.used_plast_c","company_truck":"mercedes_actros_2014_4x2_b","trailer_variant":"trailer.scs_gosck20","trailer_definition":"trailer_def.scs.gooseneck.singl_3e_20.container","units_count":15,"fill_ratio":1,"trailer_place":0}],"drekkar.bergen":[{"target":"renar.kobenhavn","urgency":1,"shortest_distance_km":1076,"ferry_time":0,"ferry_price":0,"cargo":"cargo.carb_water","company_truck":"double/scania_4x2_a","trailer_variant":"trailer.scs_curt_b2","trailer_definition":"trailer_def.scs.box.bdouble_3_3.curtain","units_count":44,"fill_ratio":1,"trailer_place":0}],"tree_et.dortmund":[{"target":"sanbuilders.erfurt","urgency":0,"shortest_distance_km":333,"ferry_time":0,"ferry_price":0,"cargo":"cargo.wooden_beams","company_truck":"daf_4x2_a","trailer_variant":"trailer.scs_flat_r","trailer_definition":"trailer_def.scs.flatbed.single_3.flatbed_w","units_count":33,"fill_ratio":1,"trailer_place":0}],"agronord.esbjerg":[{"target":"norrsken.goteborg","urgency":0,"shortest_distance_km":349,"ferry_time":195,"ferry_price":677,"cargo":"cargo.barley","company_truck":"man_4x2_c","trailer_variant":"trailer.s_ki_solid.cover","trailer_definition":"trailer_def.barley.s_ki_solid.cover","units_count":100,"fill_ratio":1,"trailer_place":0},{"target":"norrsken.goteborg","urgency":0,"shortest_distance_km":349,"ferry_time":195,"ferry_price":677,"cargo":"cargo.cont_trees","company_truck":"scania_4x2_b","trailer_variant":"trailer.scs_dry_a","trailer_definition":"trailer_def.scs.box.single_3.dryvan","units_count":33,"fill_ratio":1,"trailer_place":0}],"aria_fd_albg.aalborg":[{"target":"aria_fd_jnpg.jonkoping","urgency":0,"shortest_distance_km":342,"ferry_time":195,"ferry_price":677,"cargo":"cargo.live_cattle","company_truck":"mercedes_6x2_b","trailer_variant":"trailer.livestock","trailer_definition":"trailer_def.live_cattle.livestock","units_count":100,"fill_ratio":1,"trailer_place":0}],"eurogoodies.innsbruck":[{"target":"stokes.zurich","urgency":2,"shortest_distance_km":248,"ferry_time":0,"ferry_price":0,"cargo":"cargo.canned_tuna","company_truck":"man_tgx_euro6_6x4_xlx","trailer_variant":"trailer.scs_ins_a","trailer_definition":"trailer_def.scs.box.single_3.insulated","units_count":33,"fill_ratio":1,"trailer_place":0}],"konstnr_wind.gedser":[{"target":"norr_food.kobenhavn","urgency":0,"shortest_distance_km":110,"ferry_time":0,"ferry_price":0,"cargo":"cargo.forklifts","company_truck":"man_tgx_euro6_6x4_xlx","trailer_variant":"trailer.overweight.forklifts","trailer_definition":"trailer_def.forklifts.overweight.forklifts","units_count":100,"fill_ratio":1,"trailer_place":0}],"fcp.brussel":[{"target":"lkwlog.felixstowe","urgency":1,"shortest_distance_km":499,"ferry_time":35,"ferry_price":300,"cargo":"cargo.empty_barr","company_truck":"mercedes_actros_2014_6x2_a","trailer_variant":"trailer.scs_curt","trailer_definition":"trailer_def.scs.box.single_3.curtain","units_count":33,"fill_ratio":1,"trailer_place":0}],"trameri.strasbourg":[{"target":"norrsken.malmo","urgency":1,"shortest_distance_km":1195,"ferry_time":0,"ferry_price":0,"cargo":"cargo.electronics","company_truck":"scania_streamline_4x2_b","trailer_variant":"trailer.scs_dry_a","trailer_definition":"trailer_def.scs.box.single_3.dryvan","units_count":33,"fill_ratio":1,"trailer_place":0}],"transinet.brussel":[{"target":"stokes.nurnberg","urgency":0,"shortest_distance_km":728,"ferry_time":0,"ferry_price":0,"cargo":"cargo.lamb_stom","company_truck":"mercedes_4x2","trailer_variant":"trailer.scs_ref_a","trailer_definition":"trailer_def.scs.box.single_3.reefer","units_count":33,"fill_ratio":1,"trailer_place":0}],"stokes.dusseldorf":[{"target":"sellplan.venezia","urgency":0,"shortest_distance_km":1180,"ferry_time":0,"ferry_price":0,"cargo":"cargo.salt_spices","company_truck":"iveco_4x2_c","trailer_variant":"trailer.scs_dry_s","trailer_definition":"trailer_def.scs.box.single_3.dryvan","units_count":33,"fill_ratio":1,"trailer_place":0}],"lkwlog.graz":[{"target":"sellplan.wien","urgency":0,"shortest_distance_km":185,"ferry_time":0,"ferry_price":0,"cargo":"cargo.canned_beef","company_truck":"scania_s_6x4_730","trailer_variant":"trailer.scs_ref_s","trailer_definition":"trailer_def.scs.box.single_3.reefer","units_count":33,"fill_ratio":1,"trailer_place":0},{"target":"gnt.helsingborg","urgency":2,"shortest_distance_km":1212,"ferry_time":105,"ferry_price":404,"cargo":"cargo.vent_tube","company_truck":"renault_magnum_4x2_a","trailer_variant":"trailer.scs_flat_c_g","trailer_definition":"trailer_def.scs.flatbed.single_3.container","units_count":2,"fill_ratio":1,"trailer_place":0}],"polarislines.kristiansand":[{"target":"norrsken.malmo","urgency":0,"shortest_distance_km":494,"ferry_time":195,"ferry_price":1052,"cargo":"cargo.elect_wiring","company_truck":"iveco_4x2_a","trailer_variant":"trailer.scs_dry_s","trailer_definition":"trailer_def.scs.box.single_3.dryvan","units_count":33,"fill_ratio":1,"trailer_place":0}],"tree_et.leipzig":[{"target":"transinet.osnabruck","urgency":1,"shortest_distance_km":490,"ferry_time":0,"ferry_price":0,"cargo":"cargo.wood_bark","company_truck":"iveco_6x2_a","trailer_variant":"trailer.s_ki_solid.cover","trailer_definition":"trailer_def.wood_bark.s_ki_solid.cover","units_count":100,"fill_ratio":1,"trailer_place":0}],"sanbuilders.newcastle":[{"target":"gnt.kristiansand","urgency":0,"shortest_distance_km":544,"ferry_time":1335,"ferry_price":2366,"cargo":"cargo.digger500","company_truck":"man_6x4_b","trailer_variant":"trailer.overweight.digger500","trailer_definition":"trailer_def.digger500.overweight.digger500","units_count":100,"fill_ratio":1,"trailer_place":0}],"lkwlog.brno":[{"target":"eurogoodies.plymouth","urgency":0,"shortest_distance_km":1678,"ferry_time":35,"ferry_price":300,"cargo":"cargo.lamb_stom","company_truck":"scania_4x2_a","trailer_variant":"trailer.scs_ref_a","trailer_definition":"trailer_def.scs.box.single_3.reefer","units_count":33,"fill_ratio":1,"trailer_place":0},{"target":"norrsken.malmo","urgency":1,"shortest_distance_km":912,"ferry_time":105,"ferry_price":404,"cargo":"cargo.tyres","company_truck":"man_6x4_b","trailer_variant":"trailer.scs_dry_s","trailer_definition":"trailer_def.scs.box.single_3.dryvan","units_count":33,"fill_ratio":1,"trailer_place":0}],"eurogoodies.munchen":[{"target":"polar_fish.stavanger","urgency":1,"shortest_distance_km":1441,"ferry_time":195,"ferry_price":1052,"cargo":"cargo.tomatoes","company_truck":"daf_xf_euro6_6x2_a","trailer_variant":"trailer.scs_ref_a","trailer_definition":"trailer_def.scs.box.single_3.reefer","units_count":33,"fill_ratio":1,"trailer_place":0}],"norr_food.kobenhavn":[{"target":"renar.kobenhavn","urgency":0,"shortest_distance_km":1,"ferry_time":0,"ferry_price":0,"cargo":"cargo.used_plast","company_truck":"iveco_4x2_c","trailer_variant":"trailer.scs_dry_m","trailer_definition":"trailer_def.scs.box.single_3.dryvan_m","units_count":33,"fill_ratio":1,"trailer_place":0},{"target":"norrsken.malmo","urgency":0,"shortest_distance_km":74,"ferry_time":0,"ferry_price":0,"cargo":"cargo.used_packag","company_truck":"scania_streamline_6x4_a","trailer_variant":"trailer.scs_dry_m","trailer_definition":"trailer_def.scs.box.single_3.dryvan_m","units_count":33,"fill_ratio":1,"trailer_place":0}],"nord_crown.bergen":[{"target":"norrsken.aalborg","urgency":2,"shortest_distance_km":632,"ferry_time":195,"ferry_price":1052,"cargo":"cargo.pet_food","company_truck":"double/iveco_4x2_a","trailer_variant":"trailer.scs_dry_2","trailer_definition":"trailer_def.scs.box.double_3_2.dryvan","units_count":52,"fill_ratio":1,"trailer_place":0}],"bjork.kristiansand":[{"target":"ms_stein.stavanger","urgency":2,"shortest_distance_km":205,"ferry_time":0,"ferry_price":0,"cargo":"cargo.excavator","company_truck":"man_6x4_b","trailer_variant":"trailer.overweight.excavator","trailer_definition":"trailer_def.excavator.overweight.excavator","units_count":100,"fill_ratio":1,"trailer_place":0}],"norrsken.aalborg":[{"target":"gnt.kristiansand","urgency":2,"shortest_distance_km":105,"ferry_time":195,"ferry_price":1052,"cargo":"cargo.roofing_felt","company_truck":"double/mercedes_4x2_a","trailer_variant":"trailer.scs_dry_b2","trailer_definition":"trailer_def.scs.box.bdouble_3_3.dryvan","units_count":53,"fill_ratio":1,"trailer_place":0},{"target":"drekkar.odense","urgency":0,"shortest_distance_km":218,"ferry_time":0,"ferry_price":0,"cargo":"cargo.honey","company_truck":"double/renault_magnum_4x2_a","trailer_variant":"trailer.scs_curt_b2","trailer_definition":"trailer_def.scs.box.bdouble_3_3.curtain","units_count":53,"fill_ratio":1,"trailer_place":0}],"polar_fish.aalborg":[{"target":"polarislines.oslo","urgency":1,"shortest_distance_km":450,"ferry_time":195,"ferry_price":677,"cargo":"cargo.caviar","company_truck":"man_tgx_euro6_4x2_xl","trailer_variant":"trailer.scs_ins","trailer_definition":"trailer_def.scs.box.single_3.insulated","units_count":33,"fill_ratio":1,"trailer_place":0}],"euroacres.groningen":[{"target":"eurogoodies.groningen","urgency":2,"shortest_distance_km":8,"ferry_time":0,"ferry_price":0,"cargo":"cargo.rye","company_truck":"man_tgx_euro6_4x2_xxl","trailer_variant":"trailer.s_ki_solid.cover","trailer_definition":"trailer_def.rye.s_ki_solid.cover","units_count":100,"fill_ratio":1,"trailer_place":0}],"polarislines.esbjerg":[{"target":"norrsken.aalborg","urgency":0,"shortest_distance_km":241,"ferry_time":0,"ferry_price":0,"cargo":"cargo.guard_rails","company_truck":"scania_4x2_c","trailer_variant":"trailer.scs_dry","trailer_definition":"trailer_def.scs.box.single_3.dryvan","units_count":33,"fill_ratio":1,"trailer_place":0},{"target":"drekkar.odense","urgency":1,"shortest_distance_km":145,"ferry_time":0,"ferry_price":0,"cargo":"cargo.plumb_suppl","company_truck":"double/daf_4x2_a","trailer_variant":"trailer.scs_curt_2","trailer_definition":"trailer_def.scs.box.double_3_2.curtain","units_count":53,"fill_ratio":1,"trailer_place":0},{"target":"norrsken.malmo","urgency":0,"shortest_distance_km":326,"ferry_time":0,"ferry_price":0,"cargo":"cargo.salm_fillet","company_truck":"daf_xf_euro6_4x2_b","trailer_variant":"trailer.scs_ins_a","trailer_definition":"trailer_def.scs.box.single_3.insulated","units_count":33,"fill_ratio":1,"trailer_place":0}],"ika_bohag.oslo":[{"target":"norrsken.goteborg","urgency":1,"shortest_distance_km":329,"ferry_time":0,"ferry_price":0,"cargo":"cargo.pot_flowers","company_truck":"iveco_4x2_a","trailer_variant":"trailer.scs_ins","trailer_definition":"trailer_def.scs.box.single_3.insulated","units_count":33,"fill_ratio":1,"trailer_place":0}],"euroacres.wroclaw":[{"target":"posped.metz","urgency":0,"shortest_distance_km":909,"ferry_time":0,"ferry_price":0,"cargo":"cargo.barley","company_truck":"scania_s_4x2_580","trailer_variant":"trailer.s_ki_solid.cover","trailer_definition":"trailer_def.barley.s_ki_solid.cover","units_count":100,"fill_ratio":1,"trailer_place":0}],"konstnr_wind.esbjerg":[{"target":"nord_crown.aalborg","urgency":2,"shortest_distance_km":224,"ferry_time":0,"ferry_price":0,"cargo":"cargo.empty_palet","company_truck":"double/mercedes_actros_2014_4x2_a","trailer_variant":"trailer.scs_dry_b2","trailer_definition":"trailer_def.scs.box.bdouble_3_3.dryvan","units_count":46,"fill_ratio":1,"trailer_place":0}],"euroacres.erfurt":[{"target":"posped.metz","urgency":2,"shortest_distance_km":602,"ferry_time":0,"ferry_price":0,"cargo":"cargo.pork_meat","company_truck":"man_6x4_b","trailer_variant":"trailer.scs_ref","trailer_definition":"trailer_def.scs.box.single_3.reefer","units_count":33,"fill_ratio":1,"trailer_place":0}],"konstnr_wind.linkoping":[{"target":"norrsken.goteborg","urgency":2,"shortest_distance_km":264,"ferry_time":0,"ferry_price":0,"cargo":"cargo.empty_palet","company_truck":"double/scania_streamline_4x2_a","trailer_variant":"trailer.scs_dry_2","trailer_definition":"trailer_def.scs.box.double_3_2.dryvan","units_count":53,"fill_ratio":1,"trailer_place":0}],"eurogoodies.szczecin":[{"target":"sellplan.rostock","urgency":0,"shortest_distance_km":191,"ferry_time":0,"ferry_price":0,"cargo":"cargo.cott_cheese","company_truck":"man_6x4_b","trailer_variant":"trailer.scs_ins_a","trailer_definition":"trailer_def.scs.box.single_3.insulated","units_count":33,"fill_ratio":1,"trailer_place":0},{"target":"norr_food.odense","urgency":0,"shortest_distance_km":424,"ferry_time":105,"ferry_price":404,"cargo":"cargo.smokd_eel","company_truck":"daf_6x2_a","trailer_variant":"trailer.scs_ref","trailer_definition":"trailer_def.scs.box.single_3.reefer","units_count":33,"fill_ratio":1,"trailer_place":0}],"konstnr_hs.vasteraas":[{"target":"norrsken.karlskrona","urgency":0,"shortest_distance_km":558,"ferry_time":0,"ferry_price":0,"cargo":"cargo.digger500","company_truck":"daf_xf_euro6_4x2_b","trailer_variant":"trailer.overweight.digger500","trailer_definition":"trailer_def.digger500.overweight.digger500","units_count":100,"fill_ratio":1,"trailer_place":0}],"nord_crown.odense":[{"target":"renar.kobenhavn","urgency":2,"shortest_distance_km":128,"ferry_time":0,"ferry_price":0,"cargo":"cargo.vinegar_c","company_truck":"daf_6x2_a","trailer_variant":"trailer.scs_gosck40","trailer_definition":"trailer_def.scs.gooseneck.singl_3e_40.container","units_count":30,"fill_ratio":1,"trailer_place":0}],"norr_food.odense":[{"target":"renar.kobenhavn","urgency":0,"shortest_distance_km":133,"ferry_time":0,"ferry_price":0,"cargo":"cargo.used_plast_c","company_truck":"renault_premium_4x2_a","trailer_variant":"trailer.scs_gosck40","trailer_definition":"trailer_def.scs.gooseneck.singl_3e_40.container","units_count":30,"fill_ratio":1,"trailer_place":0}],"polar_fish.stavanger":[{"target":"norrsken.aalborg","urgency":1,"shortest_distance_km":274,"ferry_time":195,"ferry_price":1052,"cargo":"cargo.smokd_sprats","company_truck":"double/mercedes_actros_2014_4x2_a","trailer_variant":"trailer.scs_ref_b2","trailer_definition":"trailer_def.scs.box.bdouble_3_3.reefer","units_count":53,"fill_ratio":1,"trailer_place":0},{"target":"norrsken.goteborg","urgency":1,"shortest_distance_km":719,"ferry_time":0,"ferry_price":0,"cargo":"cargo.fish_chips","company_truck":"daf_4x2_b","trailer_variant":"trailer.scs_ref_s","trailer_definition":"trailer_def.scs.box.single_3.reefer","units_count":33,"fill_ratio":1,"trailer_place":0}],"eurogoodies.glasgow":[{"target":"norr_food.karlskrona","urgency":1,"shortest_distance_km":971,"ferry_time":1140,"ferry_price":1314,"cargo":"cargo.rice","company_truck":"mercedes_4x2","trailer_variant":"trailer.scs_dry_s","trailer_definition":"trailer_def.scs.box.single_3.dryvan","units_count":33,"fill_ratio":1,"trailer_place":0}],"lkwlog.manchester":[{"target":"norrsken.malmo","urgency":2,"shortest_distance_km":516,"ferry_time":1140,"ferry_price":1314,"cargo":"cargo.emptytank","company_truck":"iveco_h_4x2_a","trailer_variant":"trailer.scs_flat_c_g","trailer_definition":"trailer_def.scs.flatbed.single_3.container","units_count":2,"fill_ratio":1,"trailer_place":0},{"target":"polarislines.kristiansand","urgency":0,"shortest_distance_km":500,"ferry_time":1335,"ferry_price":2366,"cargo":"cargo.princess","company_truck":"mercedes_actros_2014_4x2_a","trailer_variant":"trailer.overweight.boat","trailer_definition":"trailer_def.princess.overweight.boat","units_count":100,"fill_ratio":1,"trailer_place":0}],"polarislines.frederikshv":[{"target":"norr_food.helsingborg","urgency":0,"shortest_distance_km":244,"ferry_time":195,"ferry_price":677,"cargo":"cargo.maple_syrup","company_truck":"renault_magnum_6x4_a","trailer_variant":"trailer.scs_curt_s","trailer_definition":"trailer_def.scs.box.single_3.curtain","units_count":33,"fill_ratio":1,"trailer_place":0},{"target":"gnt.kristiansand","urgency":0,"shortest_distance_km":76,"ferry_time":195,"ferry_price":1052,"cargo":"cargo.smokd_eel","company_truck":"mercedes_4x2_a","trailer_variant":"trailer.scs_ins","trailer_definition":"trailer_def.scs.box.single_3.insulated","units_count":33,"fill_ratio":1,"trailer_place":0},{"target":"drekkar.malmo","urgency":0,"shortest_distance_km":505,"ferry_time":0,"ferry_price":0,"cargo":"cargo.carrots","company_truck":"man_6x4_b","trailer_variant":"trailer.scs_curt_b2","trailer_definition":"trailer_def.scs.box.bdouble_3_3.curtain","units_count":53,"fill_ratio":1,"trailer_place":0}],"lkwlog.duisburg":[{"target":"kaarfor.swansea","urgency":1,"shortest_distance_km":1008,"ferry_time":35,"ferry_price":300,"cargo":"cargo.caviar","company_truck":"scania_r_4x2_520","trailer_variant":"trailer.scs_ref","trailer_definition":"trailer_def.scs.box.single_3.reefer","units_count":33,"fill_ratio":1,"trailer_place":0}],"sellplan.newcastle":[{"target":"cont_port.esbjerg","urgency":0,"shortest_distance_km":231,"ferry_time":1140,"ferry_price":1314,"cargo":"cargo.used_plast_c","company_truck":"scania_s_6x4_730","trailer_variant":"trailer.scs_gosck220","trailer_definition":"trailer_def.scs.gooseneck.singl_3e_220.container","units_count":30,"fill_ratio":1,"trailer_place":0},{"target":"norrsken.malmo","urgency":0,"shortest_distance_km":557,"ferry_time":1140,"ferry_price":1314,"cargo":"cargo.used_plast","company_truck":"renault_magnum_4x2_a","trailer_variant":"trailer.scs_curt_s","trailer_definition":"trailer_def.scs.box.single_3.curtain","units_count":33,"fill_ratio":1,"trailer_place":0}],"tradeaux.lille":[{"target":"renar.vaxjo","urgency":2,"shortest_distance_km":1487,"ferry_time":0,"ferry_price":0,"cargo":"cargo.carrots_c","company_truck":"man_6x4_b","trailer_variant":"trailer.scs_flat_c_r","trailer_definition":"trailer_def.scs.flatbed.single_3.container","units_count":33,"fill_ratio":1,"trailer_place":0}],"euroacres.osnabruck":[{"target":"renar.vaxjo","urgency":0,"shortest_distance_km":969,"ferry_time":0,"ferry_price":0,"cargo":"cargo.wheat","company_truck":"renault_premium_4x2_a","trailer_variant":"trailer.s_ki_solid.cover","trailer_definition":"trailer_def.wheat.s_ki_solid.cover","units_count":100,"fill_ratio":1,"trailer_place":0}],"quarry.lyon":[{"target":"nord_sten.jonkoping","urgency":2,"shortest_distance_km":1949,"ferry_time":0,"ferry_price":0,"cargo":"cargo.hipresstank","company_truck":"iveco_h_4x2_a","trailer_variant":"trailer.scs_flat_c_g","trailer_definition":"trailer_def.scs.flatbed.single_3.container","units_count":2,"fill_ratio":1,"trailer_place":0}],"polarislines.hirtshals":[{"target":"norrsken.goteborg","urgency":1,"shortest_distance_km":194,"ferry_time":195,"ferry_price":677,"cargo":"cargo.plant_substr","company_truck":"double/man_euro6_4x2_xxl","trailer_variant":"trailer.scs_curt_2","trailer_definition":"trailer_def.scs.box.double_3_2.curtain","units_count":53,"fill_ratio":1,"trailer_place":0},{"target":"gnt.helsingborg","urgency":0,"shortest_distance_km":323,"ferry_time":195,"ferry_price":677,"cargo":"cargo.elect_wiring","company_truck":"scania_6x4_a","trailer_variant":"trailer.scs_dry","trailer_definition":"trailer_def.scs.box.single_3.dryvan","units_count":33,"fill_ratio":1,"trailer_place":0},{"target":"renar.vaxjo","urgency":0,"shortest_distance_km":349,"ferry_time":195,"ferry_price":677,"cargo":"cargo.carrots","company_truck":"double/renault_magnum_4x2_a","trailer_variant":"trailer.scs_dry_b2","trailer_definition":"trailer_def.scs.box.bdouble_3_3.dryvan","units_count":53,"fill_ratio":1,"trailer_place":0}],"polarislines.oslo":[{"target":"gnt.jonkoping","urgency":1,"shortest_distance_km":464,"ferry_time":0,"ferry_price":0,"cargo":"cargo.tyres","company_truck":"double/iveco_4x2_a","trailer_variant":"trailer.scs_dry_b2","trailer_definition":"trailer_def.scs.box.bdouble_3_3.dryvan","units_count":53,"fill_ratio":1,"trailer_place":0}],"ika_bohag.kalmar":[{"target":"norrsken.karlskrona","urgency":0,"shortest_distance_km":105,"ferry_time":0,"ferry_price":0,"cargo":"cargo.used_packag","company_truck":"scania_s_4x2_370","trailer_variant":"trailer.scs_curt_a","trailer_definition":"trailer_def.scs.box.single_3.curtain","units_count":33,"fill_ratio":1,"trailer_place":0},{"target":"renar.oslo","urgency":1,"shortest_distance_km":571,"ferry_time":0,"ferry_price":0,"cargo":"cargo.pot_flowers","company_truck":"man_6x4_b","trailer_variant":"trailer.scs_ins","trailer_definition":"trailer_def.scs.box.single_3.insulated","units_count":33,"fill_ratio":1,"trailer_place":0}],"polarislines.bergen":[{"target":"gnt.kristiansand","urgency":1,"shortest_distance_km":540,"ferry_time":0,"ferry_price":0,"cargo":"cargo.tyres","company_truck":"mercedes_actros_2014_6x2_a","trailer_variant":"trailer.scs_dry_s","trailer_definition":"trailer_def.scs.box.single_3.dryvan","units_count":33,"fill_ratio":1,"trailer_place":0},{"target":"ika_bohag.stockholm","urgency":0,"shortest_distance_km":1030,"ferry_time":0,"ferry_price":0,"cargo":"cargo.tableware","company_truck":"scania_streamline_6x2_b","trailer_variant":"trailer.scs_curt","trailer_definition":"trailer_def.scs.box.single_3.curtain","units_count":33,"fill_ratio":1,"trailer_place":0},{"target":"gnt.kristiansand","urgency":1,"shortest_distance_km":540,"ferry_time":0,"ferry_price":0,"cargo":"cargo.truck_rims_c","company_truck":"daf_6x2_a","trailer_variant":"trailer.scs_gosck20","trailer_definition":"trailer_def.scs.gooseneck.singl_3e_20.container","units_count":15,"fill_ratio":1,"trailer_place":0},{"target":"drekkar.linkoping","urgency":0,"shortest_distance_km":951,"ferry_time":0,"ferry_price":0,"cargo":"cargo.stone_wool","company_truck":"mercedes_actros_2014_4x2_a","trailer_variant":"trailer.scs_dry","trailer_definition":"trailer_def.scs.box.single_3.dryvan","units_count":33,"fill_ratio":1,"trailer_place":0},{"target":"norrsken.aalborg","urgency":2,"shortest_distance_km":646,"ferry_time":195,"ferry_price":1052,"cargo":"cargo.refl_posts","company_truck":"double/mercedes_actros_2014_4x2_a","trailer_variant":"trailer.scs_dry_2","trailer_definition":"trailer_def.scs.box.double_3_2.dryvan","units_count":53,"fill_ratio":1,"trailer_place":0}],"bjork.vaxjo":[{"target":"gnt.helsingborg","urgency":1,"shortest_distance_km":113,"ferry_time":0,"ferry_price":0,"cargo":"cargo.diggers","company_truck":"renault_premium_4x2_c","trailer_variant":"trailer.overweight.digger","trailer_definition":"trailer_def.diggers.overweight.digger","units_count":100,"fill_ratio":1,"trailer_place":0}],"vitas_pwr.esbjerg":[{"target":"drekkar.odense","urgency":2,"shortest_distance_km":140,"ferry_time":0,"ferry_price":0,"cargo":"cargo.windml_eng","company_truck":"man_6x4_b","trailer_variant":"trailer.overweight.windplant","trailer_definition":"trailer_def.windml_eng.overweight.windplant","units_count":100,"fill_ratio":1,"trailer_place":0}],"gnt.helsingborg":[{"target":"polarislines.trelleborg","urgency":1,"shortest_distance_km":81,"ferry_time":0,"ferry_price":0,"cargo":"cargo.oil_filters","company_truck":"double/renault_magnum_4x2_a","trailer_variant":"trailer.scs_dry_b2","trailer_definition":"trailer_def.scs.box.bdouble_3_3.dryvan","units_count":53,"fill_ratio":1,"trailer_place":0},{"target":"ika_bohag.odense","urgency":0,"shortest_distance_km":252,"ferry_time":0,"ferry_price":0,"cargo":"cargo.clothes_c","company_truck":"man_6x4_b","trailer_variant":"trailer.scs_flat_c_g","trailer_definition":"trailer_def.scs.flatbed.single_3.container","units_count":33,"fill_ratio":1,"trailer_place":0}],"norr_food.vasteraas":[{"target":"gnt.uppsala","urgency":0,"shortest_distance_km":89,"ferry_time":0,"ferry_price":0,"cargo":"cargo.used_plast_c","company_truck":"man_6x4_b","trailer_variant":"trailer.scs_gosck220","trailer_definition":"trailer_def.scs.gooseneck.singl_3e_220.container","units_count":30,"fill_ratio":1,"trailer_place":0}],"trameri.brno":[{"target":"posped.bratislava","urgency":1,"shortest_distance_km":142,"ferry_time":0,"ferry_price":0,"cargo":"cargo.empty_barr","company_truck":"scania_r_4x2_370","trailer_variant":"trailer.scs_dry_s","trailer_definition":"trailer_def.scs.box.single_3.dryvan","units_count":33,"fill_ratio":1,"trailer_place":0}],"aria_fd_esbj.esbjerg":[{"target":"norr_food.odense","urgency":0,"shortest_distance_km":156,"ferry_time":0,"ferry_price":0,"cargo":"cargo.milk_t","company_truck":"mercedes_actros_2014_4x2_b","trailer_variant":"trailer.scs_fodt","trailer_definition":"trailer_def.scs.foodtank.single_3.paint","units_count":25,"fill_ratio":1,"trailer_place":0}],"ns_oil.stavanger":[{"target":"cont_port.esbjerg","urgency":0,"shortest_distance_km":502,"ferry_time":195,"ferry_price":1052,"cargo":"cargo.motor_oil_c","company_truck":"mercedes_4x2_a","trailer_variant":"trailer.scs_gosck20","trailer_definition":"trailer_def.scs.gooseneck.singl_3e_20.container","units_count":15,"fill_ratio":1,"trailer_place":0}],"stokes.zurich":[{"target":"norr_food.odense","urgency":2,"shortest_distance_km":1135,"ferry_time":0,"ferry_price":0,"cargo":"cargo.chewing_gums","company_truck":"renault_magnum_4x2_a","trailer_variant":"trailer.scs_curt_s","trailer_definition":"trailer_def.scs.box.single_3.curtain","units_count":33,"fill_ratio":1,"trailer_place":0}],"gnt.kalmar":[{"target":"norrsken.aalborg","urgency":1,"shortest_distance_km":473,"ferry_time":195,"ferry_price":677,"cargo":"cargo.wood_bark","company_truck":"renault_premium_6x2_a","trailer_variant":"trailer.s_ki_solid.cover","trailer_definition":"trailer_def.wood_bark.s_ki_solid.cover","units_count":100,"fill_ratio":1,"trailer_place":0},{"target":"norrsken.malmo","urgency":0,"shortest_distance_km":306,"ferry_time":0,"ferry_price":0,"cargo":"cargo.grass_rolls","company_truck":"double/renault_premium_4x2_a","trailer_variant":"trailer.scs_dry_b2","trailer_definition":"trailer_def.scs.box.bdouble_3_3.dryvan","units_count":53,"fill_ratio":1,"trailer_place":0}],"ika_bohag.paris":[{"target":"lkwlog.calais","urgency":1,"shortest_distance_km":272,"ferry_time":0,"ferry_price":0,"cargo":"cargo.pot_flowers","company_truck":"scania_4x2_c","trailer_variant":"trailer.scs_ins_s","trailer_definition":"trailer_def.scs.box.single_3.insulated","units_count":33,"fill_ratio":1,"trailer_place":0}],"ms_stein.stavanger":[{"target":"aria_fd_albg.aalborg","urgency":0,"shortest_distance_km":332,"ferry_time":195,"ferry_price":1052,"cargo":"cargo.digger1000","company_truck":"man_tgx_euro6_6x4_xlx","trailer_variant":"trailer.overweight.digger1000","trailer_definition":"trailer_def.digger1000.overweight.digger1000","units_count":100,"fill_ratio":1,"trailer_place":0},{"target":"konstnr.oslo","urgency":2,"shortest_distance_km":465,"ferry_time":0,"ferry_price":0,"cargo":"cargo.stones","company_truck":"renault_t_6x2","trailer_variant":"trailer.s_ki_solid.cover","trailer_definition":"trailer_def.stones.s_ki_solid.cover","units_count":100,"fill_ratio":1,"trailer_place":0}],"eurogoodies.edinburgh":[{"target":"posped.carlisle","urgency":2,"shortest_distance_km":167,"ferry_time":0,"ferry_price":0,"cargo":"cargo.fresh_fish","company_truck":"scania_streamline_6x4_a","trailer_variant":"trailer.scs_ref","trailer_definition":"trailer_def.scs.box.single_3.reefer","units_count":33,"fill_ratio":1,"trailer_place":0}],"tree_et.hannover":[{"target":"drekkar.malmo","urgency":1,"shortest_distance_km":681,"ferry_time":0,"ferry_price":0,"cargo":"cargo.wood_bark","company_truck":"man_tgx_euro6_6x4_xlx","trailer_variant":"trailer.s_ki_solid.cover","trailer_definition":"trailer_def.wood_bark.s_ki_solid.cover","units_count":100,"fill_ratio":1,"trailer_place":0},{"target":"konstnr.oslo","urgency":0,"shortest_distance_km":1000,"ferry_time":195,"ferry_price":1052,"cargo":"cargo.wooden_beams","company_truck":"mercedes_actros_2014_6x4_b","trailer_variant":"trailer.scs_curt_a","trailer_definition":"trailer_def.scs.box.single_3.curtain","units_count":33,"fill_ratio":1,"trailer_place":0}],"gnt.jonkoping":[{"target":"konstnr_br.linkoping","urgency":0,"shortest_distance_km":127,"ferry_time":0,"ferry_price":0,"cargo":"cargo.guard_rails","company_truck":"mercedes_6x4_a","trailer_variant":"trailer.scs_curt","trailer_definition":"trailer_def.scs.box.single_3.curtain","units_count":33,"fill_ratio":1,"trailer_place":0}],"itcc.rostock":[{"target":"drekkar.odense","urgency":0,"shortest_distance_km":260,"ferry_time":105,"ferry_price":404,"cargo":"cargo.overweight","company_truck":"mercedes_4x2_b","trailer_variant":"trailer.scs_flat_c_g","trailer_definition":"trailer_def.scs.flatbed.single_3.container","units_count":1,"fill_ratio":1,"trailer_place":0},{"target":"ns_chem.malmo","urgency":2,"shortest_distance_km":231,"ferry_time":105,"ferry_price":404,"cargo":"cargo.vent_tube","company_truck":"scania_4x2_a","trailer_variant":"trailer.scs_flat_c_r","trailer_definition":"trailer_def.scs.flatbed.single_3.container","units_count":2,"fill_ratio":1,"trailer_place":0}],"polarislines.nynashamn":[{"target":"norrsken.malmo","urgency":0,"shortest_distance_km":544,"ferry_time":0,"ferry_price":0,"cargo":"cargo.elect_wiring","company_truck":"scania_r_4x2_370","trailer_variant":"trailer.scs_dry_s","trailer_definition":"trailer_def.scs.box.single_3.dryvan","units_count":33,"fill_ratio":1,"trailer_place":0},{"target":"norr_food.vasteraas","urgency":2,"shortest_distance_km":156,"ferry_time":0,"ferry_price":0,"cargo":"cargo.pork_meat","company_truck":"double/man_euro6_4x2_xxl","trailer_variant":"trailer.scs_ref_b2","trailer_definition":"trailer_def.scs.box.bdouble_3_3.reefer","units_count":53,"fill_ratio":1,"trailer_place":0}],"eurogoodies.metz":[{"target":"tradeaux.frankfurt","urgency":1,"shortest_distance_km":348,"ferry_time":0,"ferry_price":0,"cargo":"cargo.frozen_hake","company_truck":"scania_r_6x2_450","trailer_variant":"trailer.scs_ref_a","trailer_definition":"trailer_def.scs.box.single_3.reefer","units_count":33,"fill_ratio":1,"trailer_place":0}],"stokes.kiel":[{"target":"lkwlog.graz","urgency":0,"shortest_distance_km":1136,"ferry_time":0,"ferry_price":0,"cargo":"cargo.sheep_wool","company_truck":"daf_xf_euro6_6x4_c","trailer_variant":"trailer.scs_dry_ms","trailer_definition":"trailer_def.scs.box.single_3.dryvan_m","units_count":33,"fill_ratio":1,"trailer_place":0},{"target":"polarislines.kristiansand","urgency":2,"shortest_distance_km":439,"ferry_time":195,"ferry_price":1052,"cargo":"cargo.oil_filt_c","company_truck":"man_6x4_b","trailer_variant":"trailer.scs_gosck20","trailer_definition":"trailer_def.scs.gooseneck.singl_3e_20.container","units_count":15,"fill_ratio":1,"trailer_place":0}],"eurogoodies.klagenfurt":[{"target":"norr_food.kobenhavn","urgency":0,"shortest_distance_km":1195,"ferry_time":105,"ferry_price":404,"cargo":"cargo.smokd_eel","company_truck":"renault_t_4x2","trailer_variant":"trailer.scs_ins_a","trailer_definition":"trailer_def.scs.box.single_3.insulated","units_count":33,"fill_ratio":1,"trailer_place":0}],"tradeaux.felixstowe":[{"target":"renar.vaxjo","urgency":0,"shortest_distance_km":1358,"ferry_time":480,"ferry_price":960,"cargo":"cargo.chocolate","company_truck":"man_tgx_euro6_4x2_xl","trailer_variant":"trailer.scs_curt_s","trailer_definition":"trailer_def.scs.box.single_3.curtain","units_count":32,"fill_ratio":1,"trailer_place":0}],"transinet.osnabruck":[{"target":"eurogoodies.magdeburg","urgency":2,"shortest_distance_km":263,"ferry_time":0,"ferry_price":0,"cargo":"cargo.pork_meat","company_truck":"man_6x4_b","trailer_variant":"trailer.scs_ins_b2","trailer_definition":"trailer_def.scs.box.bdouble_3_3.insulated","units_count":27,"fill_ratio":1,"trailer_place":0}],"nord_crown.aalborg":[{"target":"polarislines.frederikshv","urgency":2,"shortest_distance_km":101,"ferry_time":0,"ferry_price":0,"cargo":"cargo.vinegar_c","company_truck":"man_4x2_c","trailer_variant":"trailer.scs_gosck40","trailer_definition":"trailer_def.scs.gooseneck.singl_3e_40.container","units_count":30,"fill_ratio":1,"trailer_place":0},{"target":"polarislines.stavanger","urgency":0,"shortest_distance_km":277,"ferry_time":195,"ferry_price":1052,"cargo":"cargo.liver_paste","company_truck":"mercedes_4x2_a","trailer_variant":"trailer.scs_ins_a","trailer_definition":"trailer_def.scs.box.single_3.insulated","units_count":33,"fill_ratio":1,"trailer_place":0}],"ika_bohag.stavanger":[{"target":"polarislines.frederikshv","urgency":1,"shortest_distance_km":253,"ferry_time":195,"ferry_price":1052,"cargo":"cargo.pot_flowers","company_truck":"mercedes_6x2_b","trailer_variant":"trailer.scs_ref_a","trailer_definition":"trailer_def.scs.box.single_3.reefer","units_count":33,"fill_ratio":1,"trailer_place":0},{"target":"gnt.kristiansand","urgency":0,"shortest_distance_km":168,"ferry_time":0,"ferry_price":0,"cargo":"cargo.used_packag","company_truck":"renault_premium_6x2_a","trailer_variant":"trailer.scs_dry_s","trailer_definition":"trailer_def.scs.box.single_3.dryvan","units_count":33,"fill_ratio":1,"trailer_place":0}],"polar_fish.bergen":[{"target":"gnt.bergen","urgency":0,"shortest_distance_km":12,"ferry_time":0,"ferry_price":0,"cargo":"cargo.smokd_eel","company_truck":"double/scania_s_4x2","trailer_variant":"trailer.scs_ins_b2","trailer_definition":"trailer_def.scs.box.bdouble_3_3.insulated","units_count":53,"fill_ratio":1,"trailer_place":0},{"target":"drekkar.bergen","urgency":0,"shortest_distance_km":1,"ferry_time":0,"ferry_price":0,"cargo":"cargo.salm_fillet","company_truck":"scania_6x4_a","trailer_variant":"trailer.scs_ref","trailer_definition":"trailer_def.scs.box.single_3.reefer","units_count":33,"fill_ratio":1,"trailer_place":0}],"stokes.cardiff":[{"target":"lkwlog.amsterdam","urgency":0,"shortest_distance_km":858,"ferry_time":35,"ferry_price":300,"cargo":"cargo.wheat","company_truck":"man_6x4_b","trailer_variant":"trailer.s_ki_solid.cover","trailer_definition":"trailer_def.wheat.s_ki_solid.cover","units_count":100,"fill_ratio":1,"trailer_place":0}],"polarislines.stavanger":[{"target":"gnt.kristiansand","urgency":0,"shortest_distance_km":172,"ferry_time":0,"ferry_price":0,"cargo":"cargo.elect_wiring","company_truck":"double/man_4x2_a","trailer_variant":"trailer.scs_curt_b2","trailer_definition":"trailer_def.scs.box.bdouble_3_3.curtain","units_count":53,"fill_ratio":1,"trailer_place":0},{"target":"drekkar.bergen","urgency":2,"shortest_distance_km":418,"ferry_time":0,"ferry_price":0,"cargo":"cargo.chem_sorbent","company_truck":"double/renault_t_4x2h","trailer_variant":"trailer.scs_curt_2","trailer_definition":"trailer_def.scs.box.double_3_2.curtain","units_count":53,"fill_ratio":1,"trailer_place":0},{"target":"gnt.kristiansand","urgency":0,"shortest_distance_km":172,"ferry_time":0,"ferry_price":0,"cargo":"cargo.potatoes","company_truck":"man_6x4_b","trailer_variant":"trailer.scs_curt_2","trailer_definition":"trailer_def.scs.box.double_3_2.curtain","units_count":53,"fill_ratio":1,"trailer_place":0}],"lkwlog.dover":[{"target":"kaarfor.strasbourg","urgency":1,"shortest_distance_km":615,"ferry_time":91,"ferry_price":384,"cargo":"cargo.smokd_sprats","company_truck":"scania_6x2_b","trailer_variant":"trailer.scs_curt","trailer_definition":"trailer_def.scs.box.single_3.curtain","units_count":33,"fill_ratio":1,"trailer_place":0}],"norrsken.malmo":[{"target":"drekkar.karlskrona","urgency":1,"shortest_distance_km":208,"ferry_time":0,"ferry_price":0,"cargo":"cargo.iron_pipes","company_truck":"mercedes_actros_2014_4x2_c","trailer_variant":"trailer.scs_log","trailer_definition":"trailer_def.scs.log.single_3.steel","units_count":2,"fill_ratio":1,"trailer_place":0},{"target":"polar_fish.aalborg","urgency":0,"shortest_distance_km":405,"ferry_time":0,"ferry_price":0,"cargo":"cargo.onion","company_truck":"scania_streamline_6x2_b","trailer_variant":"trailer.scs_curt_s","trailer_definition":"trailer_def.scs.box.single_3.curtain","units_count":33,"fill_ratio":1,"trailer_place":0},{"target":"polarislines.goteborg","urgency":1,"shortest_distance_km":294,"ferry_time":0,"ferry_price":0,"cargo":"cargo.caviar","company_truck":"daf_xf_euro6_6x4_c","trailer_variant":"trailer.scs_ins","trailer_definition":"trailer_def.scs.box.single_3.insulated","units_count":33,"fill_ratio":1,"trailer_place":0}],"polarislines.karlskrona":[{"target":"drekkar.vaxjo","urgency":0,"shortest_distance_km":85,"ferry_time":0,"ferry_price":0,"cargo":"cargo.maple_syrup","company_truck":"scania_r_6x4_650","trailer_variant":"trailer.scs_dry_m","trailer_definition":"trailer_def.scs.box.single_3.dryvan_m","units_count":33,"fill_ratio":1,"trailer_place":0},{"target":"ika_bohag.orebro","urgency":1,"shortest_distance_km":432,"ferry_time":0,"ferry_price":0,"cargo":"cargo.plant_substr","company_truck":"daf_4x2_b","trailer_variant":"trailer.scs_brick_b","trailer_definition":"trailer_def.scs.flatbed.single_3.brick","units_count":33,"fill_ratio":1,"trailer_place":0}],"vitas_pwr.aalborg":[{"target":"konstnr_wind.esbjerg","urgency":2,"shortest_distance_km":234,"ferry_time":0,"ferry_price":0,"cargo":"cargo.windml_eng","company_truck":"scania_4x2_a","trailer_variant":"trailer.overweight.windplant","trailer_definition":"trailer_def.windml_eng.overweight.windplant","units_count":100,"fill_ratio":1,"trailer_place":0},{"target":"gnt.kristiansand","urgency":2,"shortest_distance_km":97,"ferry_time":195,"ferry_price":1052,"cargo":"cargo.windml_tube","company_truck":"scania_r_6x2_450","trailer_variant":"trailer.overweight.tubeair","trailer_definition":"trailer_def.windml_tube.overweight.tubeair","units_count":100,"fill_ratio":1,"trailer_place":0}],"nord_crown.orebro":[{"target":"drekkar.linkoping","urgency":0,"shortest_distance_km":159,"ferry_time":0,"ferry_price":0,"cargo":"cargo.liver_paste","company_truck":"double/scania_streamline_4x2_a","trailer_variant":"trailer.scs_ins_2","trailer_definition":"trailer_def.scs.box.double_3_2.insulated","units_count":53,"fill_ratio":1,"trailer_place":0}],"ika_bohag.kobenhavn":[{"target":"gnt.jonkoping","urgency":2,"shortest_distance_km":332,"ferry_time":0,"ferry_price":0,"cargo":"cargo.empty_palet","company_truck":"scania_streamline_6x4_a","trailer_variant":"trailer.scs_dry_s","trailer_definition":"trailer_def.scs.box.single_3.dryvan","units_count":33,"fill_ratio":1,"trailer_place":0}],"trameri.lille":[{"target":"posped.london","urgency":1,"shortest_distance_km":268,"ferry_time":35,"ferry_price":300,"cargo":"cargo.empty_barr","company_truck":"man_6x4_b","trailer_variant":"trailer.scs_dry","trailer_definition":"trailer_def.scs.box.single_3.dryvan","units_count":33,"fill_ratio":1,"trailer_place":0}],"euroacres.nurnberg":[{"target":"kaarfor.lyon","urgency":0,"shortest_distance_km":843,"ferry_time":0,"ferry_price":0,"cargo":"cargo.onion","company_truck":"man_6x4_b","trailer_variant":"trailer.scs_dry_s","trailer_definition":"trailer_def.scs.box.single_3.dryvan","units_count":33,"fill_ratio":1,"trailer_place":0}],"eurogoodies.dusseldorf":[{"target":"transinet.dortmund","urgency":2,"shortest_distance_km":121,"ferry_time":0,"ferry_price":0,"cargo":"cargo.salt_spice_c","company_truck":"mercedes_6x2_b","trailer_variant":"trailer.scs_flat_c_g","trailer_definition":"trailer_def.scs.flatbed.single_3.container","units_count":33,"fill_ratio":1,"trailer_place":0}],"eurogoodies.osnabruck":[{"target":"posped.carlisle","urgency":2,"shortest_distance_km":600,"ferry_time":660,"ferry_price":995,"cargo":"cargo.pet_food_c","company_truck":"scania_streamline_6x4_a","trailer_variant":"trailer.scs_gosck220","trailer_definition":"trailer_def.scs.gooseneck.singl_3e_220.container","units_count":30,"fill_ratio":1,"trailer_place":0}],"wgcc.strasbourg":[{"target":"agronord.esbjerg","urgency":1,"shortest_distance_km":1072,"ferry_time":0,"ferry_price":0,"cargo":"cargo.potassium","company_truck":"man_6x4_b","trailer_variant":"trailer.scs_gosck220","trailer_definition":"trailer_def.scs.gooseneck.singl_3e_220.container","units_count":80,"fill_ratio":1,"trailer_place":0}],"sag_tre.oslo":[{"target":"aria_fd_jnpg.jonkoping","urgency":0,"shortest_distance_km":357,"ferry_time":0,"ferry_price":0,"cargo":"cargo.wooden_beams","company_truck":"double/iveco_4x2_a","trailer_variant":"trailer.scs_curt_2","trailer_definition":"trailer_def.scs.box.double_3_2.curtain","units_count":53,"fill_ratio":1,"trailer_place":0},{"target":"agronord.esbjerg","urgency":0,"shortest_distance_km":506,"ferry_time":195,"ferry_price":1052,"cargo":"cargo.lumber","company_truck":"mercedes_4x2_c","trailer_variant":"trailer.scs_flat_b","trailer_definition":"trailer_def.scs.flatbed.single_3.flatbed_w","units_count":2,"fill_ratio":1,"trailer_place":0}],"trameri.liverpool":[{"target":"renar.kobenhavn","urgency":2,"shortest_distance_km":515,"ferry_time":1140,"ferry_price":1314,"cargo":"cargo.scrap_metals","company_truck":"man_6x4_b","trailer_variant":"trailer.s_ki_solid.cover","trailer_definition":"trailer_def.scrap_metals.s_ki_solid.cover","units_count":100,"fill_ratio":1,"trailer_place":0}],"nord_sten.linkoping":[{"target":"gnt.uppsala","urgency":0,"shortest_distance_km":280,"ferry_time":0,"ferry_price":0,"cargo":"cargo.digger1000","company_truck":"man_tgx_euro6_4x2_xl","trailer_variant":"trailer.overweight.digger1000","trailer_definition":"trailer_def.digger1000.overweight.digger1000","units_count":100,"fill_ratio":1,"trailer_place":0},{"target":"konstnr_hs.vasteraas","urgency":0,"shortest_distance_km":201,"ferry_time":0,"ferry_price":0,"cargo":"cargo.gravel","company_truck":"man_6x4_b","trailer_variant":"trailer.s_ki_solid.gravel","trailer_definition":"trailer_def.gravel.s_ki_solid.gravel","units_count":100,"fill_ratio":1,"trailer_place":0}],"tradeaux.lyon":[{"target":"kaarfor.reims","urgency":2,"shortest_distance_km":572,"ferry_time":0,"ferry_price":0,"cargo":"cargo.pet_food","company_truck":"daf_4x2_a","trailer_variant":"trailer.scs_curt","trailer_definition":"trailer_def.scs.box.single_3.curtain","units_count":33,"fill_ratio":1,"trailer_place":0}],"trameri.plymouth":[{"target":"posped.birmingham","urgency":1,"shortest_distance_km":355,"ferry_time":0,"ferry_price":0,"cargo":"cargo.empty_barr","company_truck":"scania_streamline_4x2_a","trailer_variant":"trailer.scs_dry_m","trailer_definition":"trailer_def.scs.box.single_3.dryvan_m","units_count":33,"fill_ratio":1,"trailer_place":0}],"euroacres.dijon":[{"target":"eurogoodies.bern","urgency":2,"shortest_distance_km":215,"ferry_time":0,"ferry_price":0,"cargo":"cargo.pears","company_truck":"man_6x4_b","trailer_variant":"trailer.scs_curt","trailer_definition":"trailer_def.scs.box.single_3.curtain","units_count":33,"fill_ratio":1,"trailer_place":0}],"eurogoodies.bern":[{"target":"kaarfor.strasbourg","urgency":2,"shortest_distance_km":220,"ferry_time":0,"ferry_price":0,"cargo":"cargo.salt_spice_c","company_truck":"iveco_4x2_c","trailer_variant":"trailer.scs_gosck20","trailer_definition":"trailer_def.scs.gooseneck.singl_3e_20.container","units_count":15,"fill_ratio":1,"trailer_place":0}],"drekkar.odense":[{"target":"konstnr_hs.helsingborg","urgency":1,"shortest_distance_km":242,"ferry_time":0,"ferry_price":0,"cargo":"cargo.iron_pipes","company_truck":"mercedes_6x4_a","trailer_variant":"trailer.scs_log","trailer_definition":"trailer_def.scs.log.single_3.steel","units_count":2,"fill_ratio":1,"trailer_place":0}],"tree_et.geneve":[{"target":"euroacres.bern","urgency":0,"shortest_distance_km":163,"ferry_time":0,"ferry_price":0,"cargo":"cargo.wooden_beams","company_truck":"iveco_6x2_a","trailer_variant":"trailer.scs_curt_a","trailer_definition":"trailer_def.scs.box.single_3.curtain","units_count":33,"fill_ratio":1,"trailer_place":0}],"kaarfor.edinburgh":[{"target":"gnt.helsingborg","urgency":0,"shortest_distance_km":773,"ferry_time":1140,"ferry_price":1314,"cargo":"cargo.used_packag","company_truck":"renault_premium_6x4_a","trailer_variant":"trailer.scs_dry","trailer_definition":"trailer_def.scs.box.single_3.dryvan","units_count":33,"fill_ratio":1,"trailer_place":0}],"eurogoodies.berlin":[{"target":"transinet.szczecin","urgency":0,"shortest_distance_km":184,"ferry_time":0,"ferry_price":0,"cargo":"cargo.cott_cheese","company_truck":"man_tgx_euro6_4x2_xxl","trailer_variant":"trailer.scs_ref_s","trailer_definition":"trailer_def.scs.box.single_3.reefer","units_count":33,"fill_ratio":1,"trailer_place":0},{"target":"norr_food.helsingborg","urgency":2,"shortest_distance_km":464,"ferry_time":105,"ferry_price":404,"cargo":"cargo.carrots_c","company_truck":"mercedes_actros_2014_6x2_a","trailer_variant":"trailer.scs_gosck40","trailer_definition":"trailer_def.scs.gooseneck.singl_3e_40.container","units_count":30,"fill_ratio":1,"trailer_place":0}],"euroacres.cambridge":[{"target":"lkwlog.calais","urgency":0,"shortest_distance_km":198,"ferry_time":91,"ferry_price":384,"cargo":"cargo.wheat","company_truck":"renault_t_6x2","trailer_variant":"trailer.s_ki_solid.cover","trailer_definition":"trailer_def.wheat.s_ki_solid.cover","units_count":100,"fill_ratio":1,"trailer_place":0}],"trameri.amsterdam":[{"target":"gnt.kalmar","urgency":0,"shortest_distance_km":1200,"ferry_time":0,"ferry_price":0,"cargo":"cargo.overweight","company_truck":"mercedes_actros_2014_4x2_c","trailer_variant":"trailer.scs_flat_b","trailer_definition":"trailer_def.scs.flatbed.single_3.flatbed_w","units_count":1,"fill_ratio":1,"trailer_place":0}],"fcp.bremen":[{"target":"transinet.hamburg","urgency":1,"shortest_distance_km":128,"ferry_time":0,"ferry_price":0,"cargo":"cargo.empty_barr","company_truck":"scania_4x2_a","trailer_variant":"trailer.scs_dry_s","trailer_definition":"trailer_def.scs.box.single_3.dryvan","units_count":33,"fill_ratio":1,"trailer_place":0}],"gnt.bergen":[{"target":"drekkar.bergen","urgency":0,"shortest_distance_km":13,"ferry_time":0,"ferry_price":0,"cargo":"cargo.rice_c","company_truck":"mercedes_6x4_a","trailer_variant":"trailer.scs_gosck20","trailer_definition":"trailer_def.scs.gooseneck.singl_3e_20.container","units_count":15,"fill_ratio":1,"trailer_place":0},{"target":"drekkar.bergen","urgency":0,"shortest_distance_km":13,"ferry_time":0,"ferry_price":0,"cargo":"cargo.med_equip","company_truck":"daf_4x2_b","trailer_variant":"trailer.scs_ins_s","trailer_definition":"trailer_def.scs.box.single_3.insulated","units_count":33,"fill_ratio":1,"trailer_place":0}],"eurogoodies.erfurt":[{"target":"polarislines.gedser","urgency":1,"shortest_distance_km":509,"ferry_time":105,"ferry_price":404,"cargo":"cargo.vinegar","company_truck":"double/renault_magnum_4x2_a","trailer_variant":"trailer.scs_curt_b2","trailer_definition":"trailer_def.scs.box.bdouble_3_3.curtain","units_count":38,"fill_ratio":1,"trailer_place":0}],"trameri.swansea":[{"target":"transinet.osnabruck","urgency":1,"shortest_distance_km":1091,"ferry_time":35,"ferry_price":300,"cargo":"cargo.plast_film_c","company_truck":"scania_streamline_6x4_a","trailer_variant":"trailer.scs_gosck220","trailer_definition":"trailer_def.scs.gooseneck.singl_3e_220.container","units_count":30,"fill_ratio":1,"trailer_place":0}],"sag_tre.linkoping":[{"target":"konstnr.oslo","urgency":2,"shortest_distance_km":566,"ferry_time":0,"ferry_price":0,"cargo":"cargo.sawpanels","company_truck":"double/iveco_4x2_a","trailer_variant":"trailer.scs_curt_b2","trailer_definition":"trailer_def.scs.box.bdouble_3_3.curtain","units_count":53,"fill_ratio":1,"trailer_place":0}],"cont_port.oslo":[{"target":"renar.oslo","urgency":0,"shortest_distance_km":3,"ferry_time":0,"ferry_price":0,"cargo":"cargo.rice_c","company_truck":"man_4x2_c","trailer_variant":"trailer.scs_gosck40","trailer_definition":"trailer_def.scs.gooseneck.singl_3e_40.container","units_count":30,"fill_ratio":1,"trailer_place":0}],"agronord.kalmar":[{"target":"norr_food.vaxjo","urgency":0,"shortest_distance_km":74,"ferry_time":0,"ferry_price":0,"cargo":"cargo.plums","company_truck":"double/man_euro6_4x2_xxl","trailer_variant":"trailer.scs_ref_b2","trailer_definition":"trailer_def.scs.box.bdouble_3_3.reefer","units_count":53,"fill_ratio":1,"trailer_place":0},{"target":"norrsken.goteborg","urgency":0,"shortest_distance_km":318,"ferry_time":0,"ferry_price":0,"cargo":"cargo.maple_syrup","company_truck":"mercedes_actros_2014_6x4_b","trailer_variant":"trailer.scs_dry_a","trailer_definition":"trailer_def.scs.box.single_3.dryvan","units_count":33,"fill_ratio":1,"trailer_place":0}],"aria_fd_trbg.trelleborg":[{"target":"drekkar.karlskrona","urgency":0,"shortest_distance_km":173,"ferry_time":0,"ferry_price":0,"cargo":"cargo.drymilk","company_truck":"iveco_h_4x2_a","trailer_variant":"trailer.scs_curt_s","trailer_definition":"trailer_def.scs.box.single_3.curtain","units_count":33,"fill_ratio":1,"trailer_place":0}],"polarislines.gedser":[{"target":"norrsken.aalborg","urgency":1,"shortest_distance_km":417,"ferry_time":0,"ferry_price":0,"cargo":"cargo.plumb_suppl","company_truck":"mercedes_actros_2014_6x4_b","trailer_variant":"trailer.scs_dry_s","trailer_definition":"trailer_def.scs.box.single_3.dryvan","units_count":33,"fill_ratio":1,"trailer_place":0},{"target":"drekkar.linkoping","urgency":1,"shortest_distance_km":568,"ferry_time":0,"ferry_price":0,"cargo":"cargo.copp_rf_gutt","company_truck":"man_6x4_b","trailer_variant":"trailer.scs_dry_s","trailer_definition":"trailer_def.scs.box.single_3.dryvan","units_count":33,"fill_ratio":1,"trailer_place":0},{"target":"norrsken.malmo","urgency":2,"shortest_distance_km":174,"ferry_time":0,"ferry_price":0,"cargo":"cargo.transmis","company_truck":"double/mercedes_actros_2014_4x2_a","trailer_variant":"trailer.scs_dry_b2","trailer_definition":"trailer_def.scs.box.bdouble_3_3.dryvan","units_count":53,"fill_ratio":1,"trailer_place":0}],"norr_food.linkoping":[{"target":"gnt.kalmar","urgency":0,"shortest_distance_km":198,"ferry_time":0,"ferry_price":0,"cargo":"cargo.used_plast","company_truck":"man_tgx_euro6_4x2_xl","trailer_variant":"trailer.scs_dry_m","trailer_definition":"trailer_def.scs.box.single_3.dryvan_m","units_count":33,"fill_ratio":1,"trailer_place":0}],"eurogoodies.liege":[{"target":"stokes.zurich","urgency":0,"shortest_distance_km":596,"ferry_time":0,"ferry_price":0,"cargo":"cargo.smokd_eel","company_truck":"man_6x4_b","trailer_variant":"trailer.scs_ref_a","trailer_definition":"trailer_def.scs.box.single_3.reefer","units_count":33,"fill_ratio":1,"trailer_place":0}],"euroacres.swansea":[{"target":"lkwlog.manchester","urgency":0,"shortest_distance_km":309,"ferry_time":0,"ferry_price":0,"cargo":"cargo.wheat","company_truck":"daf_xf_euro6_4x2_c","trailer_variant":"trailer.s_ki_solid.cover","trailer_definition":"trailer_def.wheat.s_ki_solid.cover","units_count":100,"fill_ratio":1,"trailer_place":0}],"renar.oslo":[{"target":"norrsken.goteborg","urgency":1,"shortest_distance_km":275,"ferry_time":0,"ferry_price":0,"cargo":"cargo.used_battery","company_truck":"scania_r_4x2_370","trailer_variant":"trailer.scs_dry_m","trailer_definition":"trailer_def.scs.box.single_3.dryvan_m","units_count":33,"fill_ratio":1,"trailer_place":0}],"transinet.torino":[{"target":"tradeaux.geneve","urgency":2,"shortest_distance_km":334,"ferry_time":0,"ferry_price":0,"cargo":"cargo.shock_absorb","company_truck":"renault_premium_4x2_a","trailer_variant":"trailer.scs_curt","trailer_definition":"trailer_def.scs.box.single_3.curtain","units_count":33,"fill_ratio":1,"trailer_place":0}],"norrsken.orebro":[{"target":"norr_food.stockholm","urgency":2,"shortest_distance_km":176,"ferry_time":0,"ferry_price":0,"cargo":"cargo.rye","company_truck":"scania_r_6x4_650","trailer_variant":"trailer.s_ki_solid.cover","trailer_definition":"trailer_def.rye.s_ki_solid.cover","units_count":100,"fill_ratio":1,"trailer_place":0},{"target":"drekkar.uppsala","urgency":0,"shortest_distance_km":188,"ferry_time":0,"ferry_price":0,"cargo":"cargo.cont_trees","company_truck":"daf_xf_euro6_6x2_a","trailer_variant":"trailer.scs_curt","trailer_definition":"trailer_def.scs.box.single_3.curtain","units_count":33,"fill_ratio":1,"trailer_place":0}],"fcp.dusseldorf":[{"target":"lisette_log.paris","urgency":1,"shortest_distance_km":546,"ferry_time":0,"ferry_price":0,"cargo":"cargo.empty_barr","company_truck":"man_6x4_b","trailer_variant":"trailer.scs_dry","trailer_definition":"trailer_def.scs.box.single_3.dryvan","units_count":33,"fill_ratio":1,"trailer_place":0}],"trameri.klagenfurt":[{"target":"tradeaux.hannover","urgency":1,"shortest_distance_km":976,"ferry_time":0,"ferry_price":0,"cargo":"cargo.plast_film_c","company_truck":"scania_s_4x2_370","trailer_variant":"trailer.scs_gosck20","trailer_definition":"trailer_def.scs.gooseneck.singl_3e_20.container","units_count":15,"fill_ratio":1,"trailer_place":0}],"sellplan.southampton":[{"target":"cont_port.esbjerg","urgency":0,"shortest_distance_km":1346,"ferry_time":35,"ferry_price":300,"cargo":"cargo.used_plast_c","company_truck":"daf_6x2_a","trailer_variant":"trailer.scs_flat_c_r","trailer_definition":"trailer_def.scs.flatbed.single_3.container","units_count":33,"fill_ratio":1,"trailer_place":0}],"aria_fd_jnpg.jonkoping":[{"target":"norr_food.jonkoping","urgency":0,"shortest_distance_km":122,"ferry_time":0,"ferry_price":0,"cargo":"cargo.chicken_meat","company_truck":"daf_6x2_a","trailer_variant":"trailer.scs_ref_a","trailer_definition":"trailer_def.scs.box.single_3.reefer","units_count":33,"fill_ratio":1,"trailer_place":0},{"target":"norr_food.odense","urgency":0,"shortest_distance_km":547,"ferry_time":0,"ferry_price":0,"cargo":"cargo.drymilk","company_truck":"man_tgx_euro6_6x4_xlx","trailer_variant":"trailer.scs_curt_s","trailer_definition":"trailer_def.scs.box.single_3.curtain","units_count":33,"fill_ratio":1,"trailer_place":0},{"target":"aria_fd_trbg.trelleborg","urgency":0,"shortest_distance_km":392,"ferry_time":0,"ferry_price":0,"cargo":"cargo.live_cattle","company_truck":"mercedes_4x2_b","trailer_variant":"trailer.livestock","trailer_definition":"trailer_def.live_cattle.livestock","units_count":100,"fill_ratio":1,"trailer_place":0}],"drekkar.vaxjo":[{"target":"renar.vasteraas","urgency":2,"shortest_distance_km":452,"ferry_time":0,"ferry_price":0,"cargo":"cargo.nonalco_beer","company_truck":"mercedes_actros_2014_4x2_b","trailer_variant":"trailer.scs_curt_s","trailer_definition":"trailer_def.scs.box.single_3.curtain","units_count":33,"fill_ratio":1,"trailer_place":0}],"tree_et.manchester":[{"target":"vitas_pwr.aalborg","urgency":0,"shortest_distance_km":465,"ferry_time":1140,"ferry_price":1314,"cargo":"cargo.forklifts","company_truck":"scania_streamline_4x2_c","trailer_variant":"trailer.overweight.forklifts","trailer_definition":"trailer_def.forklifts.overweight.forklifts","units_count":100,"fill_ratio":1,"trailer_place":0},{"target":"norrsken.malmo","urgency":1,"shortest_distance_km":520,"ferry_time":1140,"ferry_price":1314,"cargo":"cargo.wood_bark","company_truck":"man_4x2_c","trailer_variant":"trailer.s_ki_solid.cover","trailer_definition":"trailer_def.wood_bark.s_ki_solid.cover","units_count":100,"fill_ratio":1,"trailer_place":0},{"target":"renar.oslo","urgency":1,"shortest_distance_km":1039,"ferry_time":1140,"ferry_price":1314,"cargo":"cargo.diggers","company_truck":"scania_r_4x2_370","trailer_variant":"trailer.overweight.digger","trailer_definition":"trailer_def.diggers.overweight.digger","units_count":98,"fill_ratio":1,"trailer_place":0}],"eurogoodies.newcastle":[{"target":"drekkar.bergen","urgency":2,"shortest_distance_km":1072,"ferry_time":1335,"ferry_price":2366,"cargo":"cargo.pet_food","company_truck":"scania_4x2_a","trailer_variant":"trailer.scs_curt_s","trailer_definition":"trailer_def.scs.box.single_3.curtain","units_count":33,"fill_ratio":1,"trailer_place":0},{"target":"norr_food.helsingborg","urgency":0,"shortest_distance_km":616,"ferry_time":1140,"ferry_price":1314,"cargo":"cargo.bottle_water","company_truck":"mercedes_actros_2014_4x2_c","trailer_variant":"trailer.scs_dry_ms","trailer_definition":"trailer_def.scs.box.single_3.dryvan_m","units_count":29,"fill_ratio":1,"trailer_place":0}],"drekkar.linkoping":[{"target":"norr_food.karlskrona","urgency":2,"shortest_distance_km":296,"ferry_time":0,"ferry_price":0,"cargo":"cargo.salt_spice_c","company_truck":"iveco_h_4x2_a","trailer_variant":"trailer.scs_flat_c_g","trailer_definition":"trailer_def.scs.flatbed.single_3.container","units_count":33,"fill_ratio":1,"trailer_place":0},{"target":"gnt.helsingborg","urgency":0,"shortest_distance_km":345,"ferry_time":0,"ferry_price":0,"cargo":"cargo.med_equip","company_truck":"scania_s_6x2_450","trailer_variant":"trailer.scs_curt","trailer_definition":"trailer_def.scs.box.single_3.curtain","units_count":33,"fill_ratio":1,"trailer_place":0}],"polarislines.trelleborg":[{"target":"norr_food.kobenhavn","urgency":0,"shortest_distance_km":93,"ferry_time":0,"ferry_price":0,"cargo":"cargo.potatoes","company_truck":"man_6x4_b","trailer_variant":"trailer.scs_curt_a","trailer_definition":"trailer_def.scs.box.single_3.curtain","units_count":33,"fill_ratio":1,"trailer_place":0}],"ika_bohag.orebro":[{"target":"drekkar.odense","urgency":0,"shortest_distance_km":673,"ferry_time":0,"ferry_price":0,"cargo":"cargo.used_packag","company_truck":"scania_r_6x4_650","trailer_variant":"trailer.scs_curt_a","trailer_definition":"trailer_def.scs.box.single_3.curtain","units_count":33,"fill_ratio":1,"trailer_place":0},{"target":"drekkar.karlskrona","urgency":2,"shortest_distance_km":423,"ferry_time":0,"ferry_price":0,"cargo":"cargo.empty_palet","company_truck":"man_4x2_a","trailer_variant":"trailer.scs_dry_m","trailer_definition":"trailer_def.scs.box.single_3.dryvan_m","units_count":33,"fill_ratio":1,"trailer_place":0}],"sag_tre.goteborg":[{"target":"konstnr_br.linkoping","urgency":0,"shortest_distance_km":305,"ferry_time":0,"ferry_price":0,"cargo":"cargo.digger500","company_truck":"daf_xf_euro6_6x2_a","trailer_variant":"trailer.overweight.digger500","trailer_definition":"trailer_def.digger500.overweight.digger500","units_count":100,"fill_ratio":1,"trailer_place":0},{"target":"drekkar.bergen","urgency":2,"shortest_distance_km":777,"ferry_time":0,"ferry_price":0,"cargo":"cargo.empty_palet","company_truck":"man_6x4_b","trailer_variant":"trailer.scs_dry_m","trailer_definition":"trailer_def.scs.box.single_3.dryvan_m","units_count":33,"fill_ratio":1,"trailer_place":0}],"ika_bohag.malmo":[{"target":"gnt.kristiansand","urgency":2,"shortest_distance_km":478,"ferry_time":195,"ferry_price":1052,"cargo":"cargo.empty_palet","company_truck":"scania_s_6x4_730","trailer_variant":"trailer.scs_curt_a","trailer_definition":"trailer_def.scs.box.single_3.curtain","units_count":33,"fill_ratio":1,"trailer_place":0}],"ika_bohag.stockholm":[{"target":"norrsken.orebro","urgency":0,"shortest_distance_km":158,"ferry_time":0,"ferry_price":0,"cargo":"cargo.used_packag","company_truck":"scania_s_4x2_580","trailer_variant":"trailer.scs_dry_ms","trailer_definition":"trailer_def.scs.box.single_3.dryvan_m","units_count":33,"fill_ratio":1,"trailer_place":0}],"trameri.hannover":[{"target":"norrsken.aalborg","urgency":1,"shortest_distance_km":588,"ferry_time":0,"ferry_price":0,"cargo":"cargo.empty_barr","company_truck":"renault_t_4x2h","trailer_variant":"trailer.scs_curt_s","trailer_definition":"trailer_def.scs.box.single_3.curtain","units_count":33,"fill_ratio":1,"trailer_place":0}],"stokes.nurnberg":[{"target":"sellplan.magdeburg","urgency":0,"shortest_distance_km":442,"ferry_time":0,"ferry_price":0,"cargo":"cargo.onion","company_truck":"iveco_4x2_b","trailer_variant":"trailer.scs_dry_m","trailer_definition":"trailer_def.scs.box.single_3.dryvan_m","units_count":33,"fill_ratio":1,"trailer_place":0}],"norr_food.jonkoping":[{"target":"drekkar.karlskrona","urgency":2,"shortest_distance_km":195,"ferry_time":0,"ferry_price":0,"cargo":"cargo.empty_palet","company_truck":"scania_s_4x2_370","trailer_variant":"trailer.scs_dry_a","trailer_definition":"trailer_def.scs.box.single_3.dryvan","units_count":33,"fill_ratio":1,"trailer_place":0}],"posped.strasbourg":[{"target":"lkwlog.duisburg","urgency":0,"shortest_distance_km":485,"ferry_time":0,"ferry_price":0,"cargo":"cargo.sheep_wool","company_truck":"daf_xf_euro6_4x2_c","trailer_variant":"trailer.scs_curt_s","trailer_definition":"trailer_def.scs.box.single_3.curtain","units_count":33,"fill_ratio":1,"trailer_place":0}],"posped.linz":[{"target":"eurogoodies.prague","urgency":2,"shortest_distance_km":247,"ferry_time":0,"ferry_price":0,"cargo":"cargo.pork_meat","company_truck":"iveco_6x2_a","trailer_variant":"trailer.scs_ins","trailer_definition":"trailer_def.scs.box.single_3.insulated","units_count":33,"fill_ratio":1,"trailer_place":0}],"eurogoodies.grimsby":[{"target":"norr_food.odense","urgency":2,"shortest_distance_km":288,"ferry_time":1140,"ferry_price":1314,"cargo":"cargo.limonades","company_truck":"man_6x4_b","trailer_variant":"trailer.scs_curt_a","trailer_definition":"trailer_def.scs.box.single_3.curtain","units_count":32,"fill_ratio":1,"trailer_place":0},{"target":"renar.kobenhavn","urgency":0,"shortest_distance_km":411,"ferry_time":1140,"ferry_price":1314,"cargo":"cargo.milk","company_truck":"mercedes_6x2_b","trailer_variant":"trailer.scs_dry_ms","trailer_definition":"trailer_def.scs.box.single_3.dryvan_m","units_count":33,"fill_ratio":1,"trailer_place":0}],"polarislines.goteborg":[{"target":"gnt.jonkoping","urgency":0,"shortest_distance_km":182,"ferry_time":0,"ferry_price":0,"cargo":"cargo.tableware","company_truck":"renault_t_4x2","trailer_variant":"trailer.scs_dry_ms","trailer_definition":"trailer_def.scs.box.single_3.dryvan_m","units_count":33,"fill_ratio":1,"trailer_place":0},{"target":"norrsken.goteborg","urgency":0,"shortest_distance_km":114,"ferry_time":0,"ferry_price":0,"cargo":"cargo.roof_tiles","company_truck":"mercedes_actros_2014_4x2_c","trailer_variant":"trailer.scs_curt_s","trailer_definition":"trailer_def.scs.box.single_3.curtain","units_count":33,"fill_ratio":1,"trailer_place":0},{"target":"norrsken.goteborg","urgency":1,"shortest_distance_km":114,"ferry_time":0,"ferry_price":0,"cargo":"cargo.copp_rf_gutt","company_truck":"iveco_4x2_b","trailer_variant":"trailer.scs_curt_s","trailer_definition":"trailer_def.scs.box.single_3.curtain","units_count":33,"fill_ratio":1,"trailer_place":0}],"eurogoodies.bremen":[{"target":"renar.stavanger","urgency":2,"shortest_distance_km":831,"ferry_time":195,"ferry_price":1052,"cargo":"cargo.canned_tuna","company_truck":"scania_r_4x2_370","trailer_variant":"trailer.scs_ins_s","trailer_definition":"trailer_def.scs.box.single_3.insulated","units_count":33,"fill_ratio":1,"trailer_place":0}],"posped.london":[{"target":"lisette_log.paris","urgency":0,"shortest_distance_km":348,"ferry_time":35,"ferry_price":300,"cargo":"cargo.brake_fluid","company_truck":"renault_t_6x2","trailer_variant":"trailer.scs_flat_c_r","trailer_definition":"trailer_def.scs.flatbed.single_3.container","units_count":33,"fill_ratio":1,"trailer_place":0}],"polarislines.travemunde":[{"target":"gnt.helsingborg","urgency":2,"shortest_distance_km":400,"ferry_time":105,"ferry_price":404,"cargo":"cargo.canned_pork","company_truck":"mercedes_4x2_a","trailer_variant":"trailer.scs_ref_s","trailer_definition":"trailer_def.scs.box.single_3.reefer","units_count":31,"fill_ratio":1,"trailer_place":0}],"ika_bohag.linkoping":[{"target":"gnt.kristiansand","urgency":1,"shortest_distance_km":744,"ferry_time":0,"ferry_price":0,"cargo":"cargo.pot_flowers","company_truck":"scania_6x4_a","trailer_variant":"trailer.scs_ins","trailer_definition":"trailer_def.scs.box.single_3.insulated","units_count":33,"fill_ratio":1,"trailer_place":0}],"nord_crown.stavanger":[{"target":"norr_food.oslo","urgency":0,"shortest_distance_km":485,"ferry_time":0,"ferry_price":0,"cargo":"cargo.canned_beef","company_truck":"renault_magnum_6x2_a","trailer_variant":"trailer.scs_ins_s","trailer_definition":"trailer_def.scs.box.single_3.insulated","units_count":33,"fill_ratio":1,"trailer_place":0},{"target":"polarislines.kristiansand","urgency":1,"shortest_distance_km":171,"ferry_time":0,"ferry_price":0,"cargo":"cargo.vinegar","company_truck":"double/man_4x2_a","trailer_variant":"trailer.scs_dry_b2","trailer_definition":"trailer_def.scs.box.bdouble_3_3.dryvan","units_count":53,"fill_ratio":1,"trailer_place":0},{"target":"renar.stavanger","urgency":2,"shortest_distance_km":30,"ferry_time":0,"ferry_price":0,"cargo":"cargo.canned_pork","company_truck":"double/scania_4x2_a","trailer_variant":"trailer.scs_ref_2","trailer_definition":"trailer_def.scs.box.double_3_2.reefer","units_count":52,"fill_ratio":1,"trailer_place":0}],"euroacres.salzburg":[{"target":"eurogoodies.klagenfurt","urgency":0,"shortest_distance_km":298,"ferry_time":0,"ferry_price":0,"cargo":"cargo.cott_cheese","company_truck":"scania_r_4x2_370","trailer_variant":"trailer.scs_ref","trailer_definition":"trailer_def.scs.box.single_3.reefer","units_count":33,"fill_ratio":1,"trailer_place":0}],"norrsken.stockholm":[{"target":"gnt.jonkoping","urgency":0,"shortest_distance_km":272,"ferry_time":0,"ferry_price":0,"cargo":"cargo.chocolate","company_truck":"iveco_6x2_a","trailer_variant":"trailer.scs_curt","trailer_definition":"trailer_def.scs.box.single_3.curtain","units_count":33,"fill_ratio":1,"trailer_place":0},{"target":"norr_food.helsingborg","urgency":0,"shortest_distance_km":492,"ferry_time":0,"ferry_price":0,"cargo":"cargo.honey","company_truck":"mercedes_4x2_c","trailer_variant":"trailer.scs_dry","trailer_definition":"trailer_def.scs.box.single_3.dryvan","units_count":33,"fill_ratio":1,"trailer_place":0}],"eurogoodies.wroclaw":[{"target":"transinet.dresden","urgency":2,"shortest_distance_km":264,"ferry_time":0,"ferry_price":0,"cargo":"cargo.pork_meat","company_truck":"mercedes_6x2_b","trailer_variant":"trailer.scs_ref","trailer_definition":"trailer_def.scs.box.single_3.reefer","units_count":33,"fill_ratio":1,"trailer_place":0}],"sanbuilders.berlin":[{"target":"ns_chem.kristiansand","urgency":2,"shortest_distance_km":794,"ferry_time":195,"ferry_price":1052,"cargo":"cargo.empty_palet","company_truck":"man_tgx_euro6_4x2_xl","trailer_variant":"trailer.scs_curt_a","trailer_definition":"trailer_def.scs.box.single_3.curtain","units_count":33,"fill_ratio":1,"trailer_place":0}],"norrsken.karlskrona":[{"target":"polarislines.trelleborg","urgency":1,"shortest_distance_km":181,"ferry_time":0,"ferry_price":0,"cargo":"cargo.truck_tyres","company_truck":"man_6x4_b","trailer_variant":"trailer.scs_curt_s","trailer_definition":"trailer_def.scs.box.single_3.curtain","units_count":33,"fill_ratio":1,"trailer_place":0}],"eurogoodies.kiel":[{"target":"stokes.kiel","urgency":0,"shortest_distance_km":1,"ferry_time":0,"ferry_price":0,"cargo":"cargo.barley","company_truck":"daf_xf_euro6_4x2_a","trailer_variant":"trailer.s_ki_solid.cover","trailer_definition":"trailer_def.barley.s_ki_solid.cover","units_count":100,"fill_ratio":1,"trailer_place":0}],"konstnr.oslo":[{"target":"bjork.kristiansand","urgency":1,"shortest_distance_km":328,"ferry_time":0,"ferry_price":0,"cargo":"cargo.diggers","company_truck":"renault_premium_4x2_c","trailer_variant":"trailer.overweight.digger","trailer_definition":"trailer_def.diggers.overweight.digger","units_count":100,"fill_ratio":1,"trailer_place":0}]}