{"posped.birmingham":[{"target":"lkwlog.manchester","urgency":0,"shortest_distance_km":197,"ferry_time":0,"ferry_price":0,"cargo":"cargo.tracks","company_truck":"iveco_4x2_a","trailer_variant":"trailer.overweight.tracks","trailer_definition":"trailer_def.tracks.overweight.tracks","units_count":100,"fill_ratio":1,"trailer_place":0}],"posped.geneve":[{"target":"transinet.dresden","urgency":0,"shortest_distance_km":990,"ferry_time":0,"ferry_price":0,"cargo":"cargo.tracks","company_truck":"mercedes_actros_2014_4x2_b","trailer_variant":"trailer.overweight.tracks","trailer_definition":"trailer_def.tracks.overweight.tracks","units_count":100,"fill_ratio":1,"trailer_place":0}],"euroacres.dresden":[{"target":"stokes.kiel","urgency":2,"shortest_distance_km":581,"ferry_time":0,"ferry_price":0,"cargo":"cargo.tractor","company_truck":"scania_4x2_a","trailer_variant":"trailer.overweight.tractor","trailer_definition":"trailer_def.tractor.overweight.tractor","units_count":100,"fill_ratio":1,"trailer_place":0}],"quarry.reims":[{"target":"tradeaux.klagenfurt","urgency":0,"shortest_distance_km":1159,"ferry_time":0,"ferry_price":0,"cargo":"cargo.driller","company_truck":"mercedes_4x2_a","trailer_variant":"trailer.overweight.driller","trailer_definition":"trailer_def.driller.overweight.driller","units_count":100,"fill_ratio":1,"trailer_place":0}],"tree_et.aberdeen":[{"target":"stokes.aberdeen","urgency":1,"shortest_distance_km":3,"ferry_time":0,"ferry_price":0,"cargo":"cargo.tractors","company_truck":"iveco_4x2_a","trailer_variant":"trailer.overweight.tractors","trailer_definition":"trailer_def.tractors.overweight.tractors","units_count":100,"fill_ratio":1,"trailer_place":0}],"quarry.cardiff":[{"target":"stokes.cardiff","urgency":0,"shortest_distance_km":38,"ferry_time":0,"ferry_price":0,"cargo":"cargo.driller","company_truck":"scania_6x4_a","trailer_variant":"trailer.overweight.driller","trailer_definition":"trailer_def.driller.overweight.driller","units_count":100,"fill_ratio":1,"trailer_place":0}],"euroacres.berlin":[{"target":"transinet.szczecin","urgency":1,"shortest_distance_km":183,"ferry_time":0,"ferry_price":0,"cargo":"cargo.tractors","company_truck":"renault_t_4x2h","trailer_variant":"trailer.overweight.tractors","trailer_definition":"trailer_def.tractors.overweight.tractors","units_count":100,"fill_ratio":1,"trailer_place":0}],"tree_et.liege":[{"target":"euroacres.reims","urgency":2,"shortest_distance_km":230,"ferry_time":0,"ferry_price":0,"cargo":"cargo.tractor","company_truck":"mercedes_actros_2014_4x2_c","trailer_variant":"trailer.overweight.tractor","trailer_definition":"trailer_def.tractor.overweight.tractor","units_count":100,"fill_ratio":1,"trailer_place":0}],"sanbuilders.hamburg":[{"target":"tradeaux.rostock","urgency":0,"shortest_distance_km":194,"ferry_time":0,"ferry_price":0,"cargo":"cargo.driller","company_truck":"mercedes_4x2_a","trailer_variant":"trailer.overweight.driller","trailer_definition":"trailer_def.driller.overweight.driller","units_count":100,"fill_ratio":1,"trailer_place":0}],"tree_et.southampton":[{"target":"posped.geneve","urgency":2,"shortest_distance_km":1003,"ferry_time":35,"ferry_price":300,"cargo":"cargo.tractor","company_truck":"scania_r_6x2_450","trailer_variant":"trailer.overweight.tractor","trailer_definition":"trailer_def.tractor.overweight.tractor","units_count":100,"fill_ratio":1,"trailer_place":0}]}