{"tree_et.birmingham":[{"target":"tm_istanbul.istanbul","urgency":1,"shortest_distance_km":3315,"ferry_time":35,"ferry_price":300,"cargo":"cargo.excavator","company_truck":"mercedes_actros_2014_6x4_b","trailer_variant":"trailer.overweight.excavator","trailer_definition":"trailer_def.excavator.overweight.excavator","units_count":94,"fill_ratio":1,"trailer_place":0}],"wgcc.bratislava":[{"target":"fallow.timisoara","urgency":0,"shortest_distance_km":538,"ferry_time":0,"ferry_price":0,"cargo":"cargo.emptytank","company_truck":"scania_4x2_c","trailer_variant":"trailer.scs_flat_c_r","trailer_definition":"trailer_def.scs.flatbed.single_3.container","units_count":2,"fill_ratio":1,"trailer_place":0},{"target":"balkan_loco.pleven","urgency":0,"shortest_distance_km":1092,"ferry_time":0,"ferry_price":0,"cargo":"cargo.arsenic","company_truck":"man_tgx_euro6_4x2_xxl","trailer_variant":"trailer.scs_gosck20","trailer_definition":"trailer_def.scs.gooseneck.singl_3e_20.container","units_count":40,"fill_ratio":1,"trailer_place":0}],"stokes.calais":[{"target":"rock_eater.hunedoara","urgency":1,"shortest_distance_km":2069,"ferry_time":0,"ferry_price":0,"cargo":"cargo.digger1000","company_truck":"iveco_h_4x2_a","trailer_variant":"trailer.overweight.digger1000","trailer_definition":"trailer_def.digger1000.overweight.digger1000","units_count":100,"fill_ratio":1,"trailer_place":0}],"eurogoodies.cardiff":[{"target":"lognstick.hunedoara","urgency":0,"shortest_distance_km":2472,"ferry_time":35,"ferry_price":300,"cargo":"cargo.sugar","company_truck":"scania_4x2_c","trailer_variant":"trailer.scs_curt","trailer_definition":"trailer_def.scs.box.single_3.curtain","units_count":33,"fill_ratio":1,"trailer_place":0}],"trameri.plymouth":[{"target":"fallow.istanbul","urgency":2,"shortest_distance_km":3365,"ferry_time":35,"ferry_price":300,"cargo":"cargo.electronics","company_truck":"renault_magnum_6x4_a","trailer_variant":"trailer.scs_curt_a","trailer_definition":"trailer_def.scs.box.single_3.curtain","units_count":33,"fill_ratio":1,"trailer_place":0}],"posped.strasbourg":[{"target":"domdepo.edirne","urgency":0,"shortest_distance_km":2262,"ferry_time":0,"ferry_price":0,"cargo":"cargo.sandwch_pnls","company_truck":"daf_4x2_a","trailer_variant":"trailer.scs_curt_s","trailer_definition":"trailer_def.scs.box.single_3.curtain","units_count":33,"fill_ratio":1,"trailer_place":0}],"domdepo.tekirdag":[{"target":"baltrak.tekirdag","urgency":0,"shortest_distance_km":1,"ferry_time":0,"ferry_price":0,"cargo":"cargo.outdr_flr_tl","company_truck":"man_6x4_b","trailer_variant":"trailer.scs_dry_a","trailer_definition":"trailer_def.scs.box.single_3.dryvan","units_count":33,"fill_ratio":1,"trailer_place":0},{"target":"baltrak.tekirdag","urgency":0,"shortest_distance_km":1,"ferry_time":0,"ferry_price":0,"cargo":"cargo.floorpanels","company_truck":"mercedes_actros_2014_6x2_a","trailer_variant":"trailer.panel_trans.floor","trailer_definition":"trailer_def.floorpanels.panel_trans.floor","units_count":100,"fill_ratio":1,"trailer_place":0}],"fallow.timisoara":[{"target":"kaarfor.pitesti","urgency":0,"shortest_distance_km":436,"ferry_time":0,"ferry_price":0,"cargo":"cargo.beans","company_truck":"scania_streamline_4x2_c","trailer_variant":"trailer.scs_dry_m","trailer_definition":"trailer_def.scs.box.single_3.dryvan_m","units_count":33,"fill_ratio":1,"trailer_place":0}],"trainfoundry.karlovo":[{"target":"rimaf.iasi","urgency":0,"shortest_distance_km":679,"ferry_time":0,"ferry_price":0,"cargo":"cargo.hipresstank","company_truck":"scania_s_6x4_730","trailer_variant":"trailer.scs_flat_c_r","trailer_definition":"trailer_def.scs.flatbed.single_3.container","units_count":2,"fill_ratio":1,"trailer_place":0}],"spinelli.pitesti":[{"target":"balkan_loco.pleven","urgency":2,"shortest_distance_km":318,"ferry_time":0,"ferry_price":0,"cargo":"cargo.empty_palet","company_truck":"scania_4x2_b","trailer_variant":"trailer.scs_dry_a","trailer_definition":"trailer_def.scs.box.single_3.dryvan","units_count":33,"fill_ratio":1,"trailer_place":0}],"cemelt_fla.cluj_napoca":[{"target":"rock_eater.brasov","urgency":1,"shortest_distance_km":468,"ferry_time":0,"ferry_price":0,"cargo":"cargo.excavator","company_truck":"renault_magnum_4x2_a","trailer_variant":"trailer.overweight.excavator","trailer_definition":"trailer_def.excavator.overweight.excavator","units_count":100,"fill_ratio":1,"trailer_place":0},{"target":"fallow.timisoara","urgency":0,"shortest_distance_km":526,"ferry_time":0,"ferry_price":0,"cargo":"cargo.diggers","company_truck":"man_6x4_b","trailer_variant":"trailer.overweight.digger","trailer_definition":"trailer_def.diggers.overweight.digger","units_count":100,"fill_ratio":1,"trailer_place":0}],"domdepo.edirne":[{"target":"lognstick.istanbul","urgency":0,"shortest_distance_km":185,"ferry_time":0,"ferry_price":0,"cargo":"cargo.sandwch_pnls","company_truck":"renault_premium_4x2_c","trailer_variant":"trailer.scs_dry_m","trailer_definition":"trailer_def.scs.box.single_3.dryvan_m","units_count":33,"fill_ratio":1,"trailer_place":0}],"scs_paper.istanbul":[{"target":"balkan_loco.veli_tarnovo","urgency":0,"shortest_distance_km":421,"ferry_time":0,"ferry_price":0,"cargo":"cargo.emptytank","company_truck":"renault_premium_6x4_a","trailer_variant":"trailer.scs_flat_c_g","trailer_definition":"trailer_def.scs.flatbed.single_3.container","units_count":2,"fill_ratio":1,"trailer_place":0},{"target":"subse.veli_tarnovo","urgency":2,"shortest_distance_km":429,"ferry_time":0,"ferry_price":0,"cargo":"cargo.empty_palet","company_truck":"scania_streamline_4x2_c","trailer_variant":"trailer.scs_curt","trailer_definition":"trailer_def.scs.box.single_3.curtain","units_count":33,"fill_ratio":1,"trailer_place":0},{"target":"kaarfor.ruse","urgency":0,"shortest_distance_km":465,"ferry_time":0,"ferry_price":0,"cargo":"cargo.paper","company_truck":"daf_xf_euro6_4x2_a","trailer_variant":"trailer.scs_dry","trailer_definition":"trailer_def.scs.box.single_3.dryvan","units_count":33,"fill_ratio":1,"trailer_place":0}],"kaarfor.constanta":[{"target":"ttk_bg.varna","urgency":0,"shortest_distance_km":104,"ferry_time":0,"ferry_price":0,"cargo":"cargo.used_packag","company_truck":"mercedes_actros_2014_6x2_a","trailer_variant":"trailer.scs_dry","trailer_definition":"trailer_def.scs.box.single_3.dryvan","units_count":33,"fill_ratio":1,"trailer_place":0}],"timberturtle.hunedoara":[{"target":"lognstick.hunedoara","urgency":0,"shortest_distance_km":125,"ferry_time":0,"ferry_price":0,"cargo":"cargo.digger500","company_truck":"iveco_h_4x2_a","trailer_variant":"trailer.overweight.digger500","trailer_definition":"trailer_def.digger500.overweight.digger500","units_count":100,"fill_ratio":1,"trailer_place":0},{"target":"rock_eater.targu_mures","urgency":1,"shortest_distance_km":154,"ferry_time":0,"ferry_price":0,"cargo":"cargo.digger1000","company_truck":"man_6x4_b","trailer_variant":"trailer.overweight.digger1000","trailer_definition":"trailer_def.digger1000.overweight.digger1000","units_count":100,"fill_ratio":1,"trailer_place":0}],"nucleon.cernavoda":[{"target":"balkan_loco.edirne","urgency":0,"shortest_distance_km":505,"ferry_time":0,"ferry_price":0,"cargo":"cargo.excav_soil","company_truck":"man_4x2_a","trailer_variant":"trailer.s_ki_solid.cover","trailer_definition":"trailer_def.excav_soil.s_ki_solid.cover","units_count":100,"fill_ratio":1,"trailer_place":0}],"rock_eater.targu_mures":[{"target":"domdepo.pitesti","urgency":0,"shortest_distance_km":348,"ferry_time":0,"ferry_price":0,"cargo":"cargo.excav_soil","company_truck":"man_4x2_a","trailer_variant":"trailer.s_ki_solid.cover","trailer_definition":"trailer_def.excav_soil.s_ki_solid.cover","units_count":100,"fill_ratio":1,"trailer_place":0},{"target":"balkan_loco.edirne","urgency":1,"shortest_distance_km":870,"ferry_time":0,"ferry_price":0,"cargo":"cargo.digger1000","company_truck":"renault_t_4x2","trailer_variant":"trailer.overweight.digger1000","trailer_definition":"trailer_def.digger1000.overweight.digger1000","units_count":100,"fill_ratio":1,"trailer_place":0},{"target":"domdepo.iasi","urgency":1,"shortest_distance_km":241,"ferry_time":0,"ferry_price":0,"cargo":"cargo.stone_dust","company_truck":"daf_4x2_b","trailer_variant":"trailer.s_ki_solid.cover","trailer_definition":"trailer_def.stone_dust.s_ki_solid.cover","units_count":100,"fill_ratio":1,"trailer_place":0}],"rock_eater.hunedoara":[{"target":"cemelt_fla.timisoara","urgency":0,"shortest_distance_km":235,"ferry_time":0,"ferry_price":0,"cargo":"cargo.stones","company_truck":"scania_s_4x2_580","trailer_variant":"trailer.s_ki_solid.cover","trailer_definition":"trailer_def.stones.s_ki_solid.cover","units_count":100,"fill_ratio":1,"trailer_place":0},{"target":"domdepo.pitesti","urgency":1,"shortest_distance_km":330,"ferry_time":0,"ferry_price":0,"cargo":"cargo.stone_dust","company_truck":"scania_streamline_6x2_b","trailer_variant":"trailer.s_ki_solid.cover","trailer_definition":"trailer_def.stone_dust.s_ki_solid.cover","units_count":100,"fill_ratio":1,"trailer_place":0}],"ocean_sol.ruse":[{"target":"balkan_loco.veli_tarnovo","urgency":0,"shortest_distance_km":74,"ferry_time":0,"ferry_price":0,"cargo":"cargo.princess","company_truck":"man_4x2_a","trailer_variant":"trailer.overweight.boat","trailer_definition":"trailer_def.princess.overweight.boat","units_count":100,"fill_ratio":1,"trailer_place":0}],"domdepo_ru.pleven":[{"target":"domdepo.bucuresti","urgency":2,"shortest_distance_km":151,"ferry_time":0,"ferry_price":0,"cargo":"cargo.precast_strs","company_truck":"renault_premium_4x2_c","trailer_variant":"trailer.scs_dry_ms","trailer_definition":"trailer_def.scs.box.single_3.dryvan_m","units_count":33,"fill_ratio":1,"trailer_place":0}],"ika_bohag.sofia":[{"target":"ttk_bg.sofia","urgency":0,"shortest_distance_km":65,"ferry_time":0,"ferry_price":0,"cargo":"cargo.used_packag","company_truck":"daf_xf_euro6_4x2_c","trailer_variant":"trailer.scs_dry_ms","trailer_definition":"trailer_def.scs.box.single_3.dryvan_m","units_count":33,"fill_ratio":1,"trailer_place":0},{"target":"lognstick.galati","urgency":2,"shortest_distance_km":583,"ferry_time":0,"ferry_price":0,"cargo":"cargo.empty_palet","company_truck":"mercedes_4x2_c","trailer_variant":"trailer.scs_dry_m","trailer_definition":"trailer_def.scs.box.single_3.dryvan_m","units_count":33,"fill_ratio":1,"trailer_place":0}],"baltrak.tekirdag":[{"target":"balkan_loco.pleven","urgency":2,"shortest_distance_km":516,"ferry_time":0,"ferry_price":0,"cargo":"cargo.nuts","company_truck":"man_6x4_b","trailer_variant":"trailer.scs_dry","trailer_definition":"trailer_def.scs.box.single_3.dryvan","units_count":33,"fill_ratio":1,"trailer_place":0},{"target":"lognstick.hunedoara","urgency":2,"shortest_distance_km":1005,"ferry_time":0,"ferry_price":0,"cargo":"cargo.ketchup","company_truck":"mercedes_actros_2014_6x4_b","trailer_variant":"trailer.scs_dry","trailer_definition":"trailer_def.scs.box.single_3.dryvan","units_count":33,"fill_ratio":1,"trailer_place":0}],"cemelt_fla.edirne":[{"target":"balkan_loco.edirne","urgency":0,"shortest_distance_km":10,"ferry_time":0,"ferry_price":0,"cargo":"cargo.diggers","company_truck":"man_6x4_b","trailer_variant":"trailer.overweight.digger","trailer_definition":"trailer_def.diggers.overweight.digger","units_count":100,"fill_ratio":1,"trailer_place":0},{"target":"balkan_loco.pleven","urgency":2,"shortest_distance_km":377,"ferry_time":0,"ferry_price":0,"cargo":"cargo.empty_palet","company_truck":"man_6x4_b","trailer_variant":"trailer.scs_dry_m","trailer_definition":"trailer_def.scs.box.single_3.dryvan_m","units_count":33,"fill_ratio":1,"trailer_place":0}],"rock_eater.galati":[{"target":"radus_ru.burgas","urgency":1,"shortest_distance_km":376,"ferry_time":30,"ferry_price":65,"cargo":"cargo.digger1000","company_truck":"scania_r_4x2_370","trailer_variant":"trailer.overweight.digger1000","trailer_definition":"trailer_def.digger1000.overweight.digger1000","units_count":100,"fill_ratio":1,"trailer_place":0},{"target":"domdepo.iasi","urgency":2,"shortest_distance_km":218,"ferry_time":0,"ferry_price":0,"cargo":"cargo.gravel","company_truck":"scania_r_6x2_450","trailer_variant":"trailer.s_ki_solid.gravel","trailer_definition":"trailer_def.gravel.s_ki_solid.gravel","units_count":100,"fill_ratio":1,"trailer_place":0},{"target":"balkan_loco.edirne","urgency":1,"shortest_distance_km":650,"ferry_time":0,"ferry_price":0,"cargo":"cargo.stone_dust","company_truck":"scania_streamline_6x4_a","trailer_variant":"trailer.s_ki_solid.cover","trailer_definition":"trailer_def.stone_dust.s_ki_solid.cover","units_count":100,"fill_ratio":1,"trailer_place":0}],"ika_bohag.bucuresti":[{"target":"tm_istanbul.istanbul","urgency":2,"shortest_distance_km":614,"ferry_time":0,"ferry_price":0,"cargo":"cargo.empty_palet","company_truck":"renault_premium_6x2_a","trailer_variant":"trailer.scs_curt_s","trailer_definition":"trailer_def.scs.box.single_3.curtain","units_count":33,"fill_ratio":1,"trailer_place":0},{"target":"lognstick.bucuresti","urgency":0,"shortest_distance_km":27,"ferry_time":0,"ferry_price":0,"cargo":"cargo.used_packag","company_truck":"man_tgx_euro6_4x2_xxl","trailer_variant":"trailer.scs_curt_a","trailer_definition":"trailer_def.scs.box.single_3.curtain","units_count":33,"fill_ratio":1,"trailer_place":0}],"ns_oil.timisoara":[{"target":"lognstick.istanbul","urgency":1,"shortest_distance_km":1079,"ferry_time":0,"ferry_price":0,"cargo":"cargo.oil","company_truck":"scania_4x2_a","trailer_variant":"trailer.fuel_cistern","trailer_definition":"trailer_def.oil.fuel_cistern","units_count":100,"fill_ratio":1,"trailer_place":0},{"target":"sporklift.cluj_napoca","urgency":1,"shortest_distance_km":467,"ferry_time":0,"ferry_price":0,"cargo":"cargo.motor_oil_c","company_truck":"renault_magnum_4x2_a","trailer_variant":"trailer.scs_gosck220","trailer_definition":"trailer_def.scs.gooseneck.singl_3e_220.container","units_count":30,"fill_ratio":1,"trailer_place":0}],"cemelt_fl_ru.sofia":[{"target":"balkan_loco.pleven","urgency":0,"shortest_distance_km":199,"ferry_time":0,"ferry_price":0,"cargo":"cargo.digger500","company_truck":"man_6x4_b","trailer_variant":"trailer.overweight.digger500","trailer_definition":"trailer_def.digger500.overweight.digger500","units_count":100,"fill_ratio":1,"trailer_place":0},{"target":"rock_eater.istanbul","urgency":0,"shortest_distance_km":509,"ferry_time":0,"ferry_price":0,"cargo":"cargo.emptytank","company_truck":"renault_t_4x2","trailer_variant":"trailer.scs_flat_b","trailer_definition":"trailer_def.scs.flatbed.single_3.flatbed_w","units_count":2,"fill_ratio":1,"trailer_place":0}],"imp_otel.calarasi":[{"target":"domdepo.pitesti","urgency":0,"shortest_distance_km":219,"ferry_time":0,"ferry_price":0,"cargo":"cargo.wallpanels","company_truck":"iveco_4x2_b","trailer_variant":"trailer.panel_trans.wall","trailer_definition":"trailer_def.wallpanels.panel_trans.wall","units_count":100,"fill_ratio":1,"trailer_place":0},{"target":"balkan_loco.craiova","urgency":1,"shortest_distance_km":329,"ferry_time":0,"ferry_price":0,"cargo":"cargo.cement","company_truck":"renault_premium_4x2_c","trailer_variant":"trailer.cement","trailer_definition":"trailer_def.cement.cement","units_count":100,"fill_ratio":1,"trailer_place":0}],"subse.galati":[{"target":"balkan_loco.ruse","urgency":0,"shortest_distance_km":249,"ferry_time":0,"ferry_price":0,"cargo":"cargo.carb_water","company_truck":"renault_premium_4x2_a","trailer_variant":"trailer.scs_dry_m","trailer_definition":"trailer_def.scs.box.single_3.dryvan_m","units_count":33,"fill_ratio":1,"trailer_place":0}],"domdepo.timisoara":[{"target":"balkan_loco.pleven","urgency":2,"shortest_distance_km":608,"ferry_time":0,"ferry_price":0,"cargo":"cargo.bricks","company_truck":"man_6x4_b","trailer_variant":"trailer.scs_brick_b","trailer_definition":"trailer_def.scs.flatbed.single_3.brick","units_count":33,"fill_ratio":1,"trailer_place":0}],"baltrak.istanbul":[{"target":"trainfoundry.karlovo","urgency":0,"shortest_distance_km":429,"ferry_time":0,"ferry_price":0,"cargo":"cargo.hipresstank","company_truck":"renault_premium_4x2_c","trailer_variant":"trailer.scs_flat_c_g","trailer_definition":"trailer_def.scs.flatbed.single_3.container","units_count":2,"fill_ratio":1,"trailer_place":0}],"lognstick.tekirdag":[{"target":"kaarfor.pitesti","urgency":1,"shortest_distance_km":689,"ferry_time":0,"ferry_price":0,"cargo":"cargo.beverages","company_truck":"scania_6x2_b","trailer_variant":"trailer.scs_ins_s","trailer_definition":"trailer_def.scs.box.single_3.insulated","units_count":33,"fill_ratio":1,"trailer_place":0},{"target":"kaarfor.edirne","urgency":1,"shortest_distance_km":195,"ferry_time":0,"ferry_price":0,"cargo":"cargo.beef_meat","company_truck":"renault_magnum_6x2_a","trailer_variant":"trailer.scs_ref_s","trailer_definition":"trailer_def.scs.box.single_3.reefer","units_count":33,"fill_ratio":1,"trailer_place":0},{"target":"kaarfor.ruse","urgency":1,"shortest_distance_km":502,"ferry_time":0,"ferry_price":0,"cargo":"cargo.tableware","company_truck":"man_6x4_b","trailer_variant":"trailer.scs_dry_m","trailer_definition":"trailer_def.scs.box.single_3.dryvan_m","units_count":33,"fill_ratio":1,"trailer_place":0}],"rock_eater.istanbul":[{"target":"domdepo.bucuresti","urgency":0,"shortest_distance_km":544,"ferry_time":0,"ferry_price":0,"cargo":"cargo.stones","company_truck":"man_6x4_b","trailer_variant":"trailer.s_ki_solid.cover","trailer_definition":"trailer_def.stones.s_ki_solid.cover","units_count":100,"fill_ratio":1,"trailer_place":0}],"kaarfor.pitesti":[{"target":"balkan_loco.craiova","urgency":0,"shortest_distance_km":111,"ferry_time":0,"ferry_price":0,"cargo":"cargo.used_packag","company_truck":"iveco_h_4x2_a","trailer_variant":"trailer.scs_curt_s","trailer_definition":"trailer_def.scs.box.single_3.curtain","units_count":33,"fill_ratio":1,"trailer_place":0},{"target":"lognstick.bucuresti","urgency":1,"shortest_distance_km":132,"ferry_time":0,"ferry_price":0,"cargo":"cargo.used_plast_c","company_truck":"iveco_4x2_a","trailer_variant":"trailer.scs_gosck20","trailer_definition":"trailer_def.scs.gooseneck.singl_3e_20.container","units_count":15,"fill_ratio":1,"trailer_place":0}],"st_roza_bg.burgas":[{"target":"ttk_bg.plovdiv","urgency":0,"shortest_distance_km":265,"ferry_time":0,"ferry_price":0,"cargo":"cargo.fueltanker","company_truck":"scania_6x4_a","trailer_variant":"trailer.scs_gosck220","trailer_definition":"trailer_def.scs.gooseneck.singl_3e_220.container","units_count":80,"fill_ratio":1,"trailer_place":0},{"target":"domdepo.tekirdag","urgency":0,"shortest_distance_km":346,"ferry_time":0,"ferry_price":0,"cargo":"cargo.floorpanels","company_truck":"daf_xf_euro6_6x4_c","trailer_variant":"trailer.panel_trans.floor","trailer_definition":"trailer_def.floorpanels.panel_trans.floor","units_count":100,"fill_ratio":1,"trailer_place":0}],"kolico.sofia":[{"target":"balkan_loco.veli_tarnovo","urgency":0,"shortest_distance_km":292,"ferry_time":0,"ferry_price":0,"cargo":"cargo.limonades","company_truck":"daf_xf_euro6_4x2_c","trailer_variant":"trailer.scs_dry_a","trailer_definition":"trailer_def.scs.box.single_3.dryvan","units_count":33,"fill_ratio":1,"trailer_place":0},{"target":"nucleon.kozloduy","urgency":2,"shortest_distance_km":248,"ferry_time":0,"ferry_price":0,"cargo":"cargo.bottle_water","company_truck":"scania_streamline_4x2_c","trailer_variant":"trailer.scs_dry_ms","trailer_definition":"trailer_def.scs.box.single_3.dryvan_m","units_count":33,"fill_ratio":1,"trailer_place":0},{"target":"ttk_bg.plovdiv","urgency":0,"shortest_distance_km":252,"ferry_time":0,"ferry_price":0,"cargo":"cargo.nonalco_beer","company_truck":"daf_xf_euro6_4x2_c","trailer_variant":"trailer.scs_curt","trailer_definition":"trailer_def.scs.box.single_3.curtain","units_count":33,"fill_ratio":1,"trailer_place":0}],"domdepo.iasi":[{"target":"lognstick.galati","urgency":1,"shortest_distance_km":188,"ferry_time":0,"ferry_price":0,"cargo":"cargo.glass","company_truck":"mercedes_4x2","trailer_variant":"trailer.panel_trans.glass","trailer_definition":"trailer_def.glass.panel_trans.glass","units_count":100,"fill_ratio":1,"trailer_place":0},{"target":"lognstick.bucuresti","urgency":0,"shortest_distance_km":386,"ferry_time":0,"ferry_price":0,"cargo":"cargo.copp_rf_gutt","company_truck":"scania_6x4_a","trailer_variant":"trailer.scs_dry","trailer_definition":"trailer_def.scs.box.single_3.dryvan","units_count":33,"fill_ratio":1,"trailer_place":0}],"cont_port.constanta":[{"target":"lognstick.bucuresti","urgency":1,"shortest_distance_km":227,"ferry_time":0,"ferry_price":0,"cargo":"cargo.apples_c","company_truck":"scania_r_6x4_650","trailer_variant":"trailer.scs_flat_c_g","trailer_definition":"trailer_def.scs.flatbed.single_3.container","units_count":33,"fill_ratio":1,"trailer_place":0},{"target":"balkan_loco.pleven","urgency":1,"shortest_distance_km":351,"ferry_time":0,"ferry_price":0,"cargo":"cargo.used_plast_c","company_truck":"renault_t_4x2h","trailer_variant":"trailer.scs_gosck220","trailer_definition":"trailer_def.scs.gooseneck.singl_3e_220.container","units_count":30,"fill_ratio":1,"trailer_place":0}],"imp_otel.galati":[{"target":"lognstick.galati","urgency":0,"shortest_distance_km":31,"ferry_time":0,"ferry_price":0,"cargo":"cargo.overweight","company_truck":"daf_xf_euro6_4x2_a","trailer_variant":"trailer.scs_flat_b","trailer_definition":"trailer_def.scs.flatbed.single_3.flatbed_w","units_count":1,"fill_ratio":1,"trailer_place":0},{"target":"subse.galati","urgency":0,"shortest_distance_km":61,"ferry_time":0,"ferry_price":0,"cargo":"cargo.vent_tube","company_truck":"scania_streamline_6x4_a","trailer_variant":"trailer.scs_flat_b","trailer_definition":"trailer_def.scs.flatbed.single_3.flatbed_w","units_count":2,"fill_ratio":1,"trailer_place":0},{"target":"cemelt_fla.timisoara","urgency":0,"shortest_distance_km":736,"ferry_time":0,"ferry_price":0,"cargo":"cargo.wallpanels","company_truck":"renault_premium_4x2_a","trailer_variant":"trailer.panel_trans.wall","trailer_definition":"trailer_def.wallpanels.panel_trans.wall","units_count":100,"fill_ratio":1,"trailer_place":0},{"target":"rimaf.tekirdag","urgency":0,"shortest_distance_km":747,"ferry_time":0,"ferry_price":0,"cargo":"cargo.hipresstank","company_truck":"scania_streamline_4x2_a","trailer_variant":"trailer.scs_flat_b","trailer_definition":"trailer_def.scs.flatbed.single_3.flatbed_w","units_count":2,"fill_ratio":1,"trailer_place":0}],"renat.veli_tarnovo":[{"target":"dobr_ferm_bg.karlovo","urgency":2,"shortest_distance_km":102,"ferry_time":0,"ferry_price":0,"cargo":"cargo.forklifts","company_truck":"daf_xf_euro6_6x2_a","trailer_variant":"trailer.overweight.forklifts","trailer_definition":"trailer_def.forklifts.overweight.forklifts","units_count":100,"fill_ratio":1,"trailer_place":0},{"target":"fallow.targu_mures","urgency":0,"shortest_distance_km":569,"ferry_time":0,"ferry_price":0,"cargo":"cargo.furniture","company_truck":"mercedes_actros_2014_4x2_c","trailer_variant":"trailer.scs_curt_s","trailer_definition":"trailer_def.scs.box.single_3.curtain","units_count":33,"fill_ratio":1,"trailer_place":0}],"domdepo.bucuresti":[{"target":"ttk_bg.plovdiv","urgency":1,"shortest_distance_km":355,"ferry_time":0,"ferry_price":0,"cargo":"cargo.roof_tiles","company_truck":"scania_4x2_c","trailer_variant":"trailer.scs_brick_r","trailer_definition":"trailer_def.scs.flatbed.single_3.brick","units_count":33,"fill_ratio":1,"trailer_place":0}],"low_field.galati":[{"target":"lognstick.galati","urgency":1,"shortest_distance_km":31,"ferry_time":0,"ferry_price":0,"cargo":"cargo.potatoes","company_truck":"man_6x4_b","trailer_variant":"trailer.scs_dry_s","trailer_definition":"trailer_def.scs.box.single_3.dryvan","units_count":33,"fill_ratio":1,"trailer_place":0},{"target":"kaarfor.bucuresti","urgency":2,"shortest_distance_km":210,"ferry_time":0,"ferry_price":0,"cargo":"cargo.nuts","company_truck":"daf_4x2_a","trailer_variant":"trailer.scs_curt_a","trailer_definition":"trailer_def.scs.box.single_3.curtain","units_count":33,"fill_ratio":1,"trailer_place":0}],"nucleon.kozloduy":[{"target":"tm_istanbul.istanbul","urgency":1,"shortest_distance_km":581,"ferry_time":0,"ferry_price":0,"cargo":"cargo.excavator","company_truck":"mercedes_actros_2014_4x2_c","trailer_variant":"trailer.overweight.excavator","trailer_definition":"trailer_def.excavator.overweight.excavator","units_count":100,"fill_ratio":1,"trailer_place":0},{"target":"balkan_loco.craiova","urgency":0,"shortest_distance_km":177,"ferry_time":0,"ferry_price":0,"cargo":"cargo.excav_soil","company_truck":"man_6x4_b","trailer_variant":"trailer.s_ki_solid.cover","trailer_definition":"trailer_def.excav_soil.s_ki_solid.cover","units_count":100,"fill_ratio":1,"trailer_place":0}],"cont_port.burgas":[{"target":"fallow.istanbul","urgency":1,"shortest_distance_km":358,"ferry_time":0,"ferry_price":0,"cargo":"cargo.used_plast_c","company_truck":"iveco_h_4x2_a","trailer_variant":"trailer.scs_gosck20","trailer_definition":"trailer_def.scs.gooseneck.singl_3e_20.container","units_count":15,"fill_ratio":1,"trailer_place":0}],"sporklift.cluj_napoca":[{"target":"baltrak.edirne","urgency":0,"shortest_distance_km":1089,"ferry_time":0,"ferry_price":0,"cargo":"cargo.used_packag","company_truck":"mercedes_4x2_b","trailer_variant":"trailer.scs_dry","trailer_definition":"trailer_def.scs.box.single_3.dryvan","units_count":33,"fill_ratio":1,"trailer_place":0},{"target":"fallow.cluj_napoca","urgency":2,"shortest_distance_km":34,"ferry_time":0,"ferry_price":0,"cargo":"cargo.forklifts","company_truck":"daf_xf_euro6_6x4_c","trailer_variant":"trailer.overweight.forklifts","trailer_definition":"trailer_def.forklifts.overweight.forklifts","units_count":100,"fill_ratio":1,"trailer_place":0},{"target":"brawen.bucuresti","urgency":2,"shortest_distance_km":689,"ferry_time":0,"ferry_price":0,"cargo":"cargo.used_battery","company_truck":"scania_streamline_4x2_c","trailer_variant":"trailer.scs_curt_a","trailer_definition":"trailer_def.scs.box.single_3.curtain","units_count":33,"fill_ratio":1,"trailer_place":0}],"ns_oil.brasov":[{"target":"balkan_loco.ruse","urgency":1,"shortest_distance_km":338,"ferry_time":0,"ferry_price":0,"cargo":"cargo.diesel","company_truck":"mercedes_4x2","trailer_variant":"trailer.willig.fuel_cistern","trailer_definition":"trailer_def.diesel.willig.fuel_cistern","units_count":100,"fill_ratio":1,"trailer_place":0},{"target":"st_roza_bg.burgas","urgency":0,"shortest_distance_km":607,"ferry_time":0,"ferry_price":0,"cargo":"cargo.fueltanker","company_truck":"iveco_6x2_a","trailer_variant":"trailer.scs_gosck220","trailer_definition":"trailer_def.scs.gooseneck.singl_3e_220.container","units_count":80,"fill_ratio":1,"trailer_place":0},{"target":"timberturtle.brasov","urgency":0,"shortest_distance_km":96,"ferry_time":0,"ferry_price":0,"cargo":"cargo.petrol","company_truck":"renault_t_6x2","trailer_variant":"trailer.willig.fuel_cistern","trailer_definition":"trailer_def.petrol.willig.fuel_cistern","units_count":101,"fill_ratio":1,"trailer_place":0},{"target":"cont_port.constanta","urgency":1,"shortest_distance_km":513,"ferry_time":0,"ferry_price":0,"cargo":"cargo.motor_oil_c","company_truck":"mercedes_4x2","trailer_variant":"trailer.scs_flat_c_r","trailer_definition":"trailer_def.scs.flatbed.single_3.container","units_count":33,"fill_ratio":1,"trailer_place":0},{"target":"dulcis.pitesti","urgency":1,"shortest_distance_km":167,"ferry_time":0,"ferry_price":0,"cargo":"cargo.motor_oil","company_truck":"man_6x4_b","trailer_variant":"trailer.scs_dry_m","trailer_definition":"trailer_def.scs.box.single_3.dryvan_m","units_count":33,"fill_ratio":1,"trailer_place":0}],"cgla.calarasi":[{"target":"domdepo.pitesti","urgency":0,"shortest_distance_km":221,"ferry_time":0,"ferry_price":0,"cargo":"cargo.glass_packed","company_truck":"scania_4x2_b","trailer_variant":"trailer.gls_trailer","trailer_definition":"trailer_def.glass_packed.gls_trailer","units_count":100,"fill_ratio":1,"trailer_place":0},{"target":"balkan_loco.ruse","urgency":1,"shortest_distance_km":202,"ferry_time":0,"ferry_price":0,"cargo":"cargo.glass","company_truck":"scania_r_4x2_370","trailer_variant":"trailer.panel_trans.glass","trailer_definition":"trailer_def.glass.panel_trans.glass","units_count":100,"fill_ratio":1,"trailer_place":0}],"fle.bucuresti":[{"target":"balkan_loco.craiova","urgency":0,"shortest_distance_km":230,"ferry_time":0,"ferry_price":0,"cargo":"cargo.med_equip","company_truck":"mercedes_actros_2014_4x2_c","trailer_variant":"trailer.scs_ref_a","trailer_definition":"trailer_def.scs.box.single_3.reefer","units_count":33,"fill_ratio":1,"trailer_place":0},{"target":"balkan_loco.edirne","urgency":2,"shortest_distance_km":503,"ferry_time":0,"ferry_price":0,"cargo":"cargo.med_vaccine","company_truck":"mercedes_4x2","trailer_variant":"trailer.scs_ins","trailer_definition":"trailer_def.scs.box.single_3.insulated","units_count":33,"fill_ratio":1,"trailer_place":0}],"subse.veli_tarnovo":[{"target":"lognstick.tekirdag","urgency":0,"shortest_distance_km":453,"ferry_time":0,"ferry_price":0,"cargo":"cargo.nonalco_beer","company_truck":"scania_s_6x4_730","trailer_variant":"trailer.scs_curt_s","trailer_definition":"trailer_def.scs.box.single_3.curtain","units_count":33,"fill_ratio":1,"trailer_place":0}],"baltrak.edirne":[{"target":"brawen.bucuresti","urgency":1,"shortest_distance_km":478,"ferry_time":0,"ferry_price":0,"cargo":"cargo.apples_c","company_truck":"scania_r_4x2_520","trailer_variant":"trailer.scs_flat_c_r","trailer_definition":"trailer_def.scs.flatbed.single_3.container","units_count":33,"fill_ratio":1,"trailer_place":0}],"lognstick.galati":[{"target":"brawen.bucuresti","urgency":0,"shortest_distance_km":201,"ferry_time":0,"ferry_price":0,"cargo":"cargo.mondeos","company_truck":"scania_streamline_6x2_b","trailer_variant":"trailer.car_trans","trailer_definition":"trailer_def.mondeos.car_trans","units_count":100,"fill_ratio":1,"trailer_place":0},{"target":"ttk_bg.sofia","urgency":0,"shortest_distance_km":570,"ferry_time":0,"ferry_price":0,"cargo":"cargo.iron_pipes","company_truck":"mercedes_actros_2014_6x4_b","trailer_variant":"trailer.scs_log","trailer_definition":"trailer_def.scs.log.single_3.steel","units_count":2,"fill_ratio":1,"trailer_place":0}],"rock_eater.constanta":[{"target":"baltrak.edirne","urgency":2,"shortest_distance_km":503,"ferry_time":0,"ferry_price":0,"cargo":"cargo.gravel","company_truck":"scania_streamline_6x2_b","trailer_variant":"trailer.s_ki_solid.gravel","trailer_definition":"trailer_def.gravel.s_ki_solid.gravel","units_count":100,"fill_ratio":1,"trailer_place":0}],"renat.pleven":[{"target":"subse.sofia","urgency":2,"shortest_distance_km":198,"ferry_time":0,"ferry_price":0,"cargo":"cargo.forklifts","company_truck":"scania_6x4_a","trailer_variant":"trailer.overweight.forklifts","trailer_definition":"trailer_def.forklifts.overweight.forklifts","units_count":100,"fill_ratio":1,"trailer_place":0}],"rump.craiova":[{"target":"fallow.istanbul","urgency":1,"shortest_distance_km":753,"ferry_time":0,"ferry_price":0,"cargo":"cargo.used_plast_c","company_truck":"iveco_4x2_b","trailer_variant":"trailer.scs_gosck220","trailer_definition":"trailer_def.scs.gooseneck.singl_3e_220.container","units_count":30,"fill_ratio":1,"trailer_place":0}],"low_field.edirne":[{"target":"kaarfor.edirne","urgency":2,"shortest_distance_km":95,"ferry_time":0,"ferry_price":0,"cargo":"cargo.young_seed","company_truck":"scania_streamline_4x2_c","trailer_variant":"trailer.scs_ins_a","trailer_definition":"trailer_def.scs.box.single_3.insulated","units_count":33,"fill_ratio":1,"trailer_place":0}],"ns_oil.targu_mures":[{"target":"imp_otel.hunedoara","urgency":1,"shortest_distance_km":222,"ferry_time":0,"ferry_price":0,"cargo":"cargo.motor_oil","company_truck":"scania_r_6x4_650","trailer_variant":"trailer.scs_curt_s","trailer_definition":"trailer_def.scs.box.single_3.curtain","units_count":33,"fill_ratio":1,"trailer_place":0},{"target":"lognstick.galati","urgency":1,"shortest_distance_km":432,"ferry_time":0,"ferry_price":0,"cargo":"cargo.diesel","company_truck":"scania_4x2_c","trailer_variant":"trailer.willig.fuel_cistern","trailer_definition":"trailer_def.diesel.willig.fuel_cistern","units_count":100,"fill_ratio":1,"trailer_place":0},{"target":"st_roza_bg.burgas","urgency":0,"shortest_distance_km":778,"ferry_time":0,"ferry_price":0,"cargo":"cargo.petrol","company_truck":"scania_s_6x4_730","trailer_variant":"trailer.willig.fuel_cistern","trailer_definition":"trailer_def.petrol.willig.fuel_cistern","units_count":101,"fill_ratio":1,"trailer_place":0}],"renat.brasov":[{"target":"rump.craiova","urgency":2,"shortest_distance_km":278,"ferry_time":0,"ferry_price":0,"cargo":"cargo.forklifts","company_truck":"daf_xf_euro6_6x4_c","trailer_variant":"trailer.overweight.forklifts","trailer_definition":"trailer_def.forklifts.overweight.forklifts","units_count":100,"fill_ratio":1,"trailer_place":0}],"brawen.bucuresti":[{"target":"balkan_loco.veli_tarnovo","urgency":0,"shortest_distance_km":180,"ferry_time":0,"ferry_price":0,"cargo":"cargo.flour","company_truck":"mercedes_4x2_b","trailer_variant":"trailer.scs_curt_s","trailer_definition":"trailer_def.scs.box.single_3.curtain","units_count":33,"fill_ratio":1,"trailer_place":0}],"lognstick.istanbul":[{"target":"subse.veli_tarnovo","urgency":0,"shortest_distance_km":428,"ferry_time":0,"ferry_price":0,"cargo":"cargo.beans","company_truck":"mercedes_actros_2014_4x2_a","trailer_variant":"trailer.scs_dry_a","trailer_definition":"trailer_def.scs.box.single_3.dryvan","units_count":33,"fill_ratio":1,"trailer_place":0}],"dobr_ferm_bg.pleven":[{"target":"balkan_loco.ruse","urgency":1,"shortest_distance_km":56,"ferry_time":0,"ferry_price":0,"cargo":"cargo.apples_c","company_truck":"daf_xf_euro6_4x2_c","trailer_variant":"trailer.scs_gosck40","trailer_definition":"trailer_def.scs.gooseneck.singl_3e_40.container","units_count":30,"fill_ratio":1,"trailer_place":0},{"target":"kaarfor.pitesti","urgency":0,"shortest_distance_km":226,"ferry_time":0,"ferry_price":0,"cargo":"cargo.carrots","company_truck":"daf_xf_euro6_6x2_a","trailer_variant":"trailer.scs_dry_m","trailer_definition":"trailer_def.scs.box.single_3.dryvan_m","units_count":33,"fill_ratio":1,"trailer_place":0}],"domdepo.pitesti":[{"target":"balkan_loco.veli_tarnovo","urgency":2,"shortest_distance_km":239,"ferry_time":0,"ferry_price":0,"cargo":"cargo.chimney_syst","company_truck":"scania_s_6x2_450","trailer_variant":"trailer.scs_dry_ms","trailer_definition":"trailer_def.scs.box.single_3.dryvan_m","units_count":33,"fill_ratio":1,"trailer_place":0}],"cnp.burgas":[{"target":"imp_otel.hunedoara","urgency":0,"shortest_distance_km":785,"ferry_time":0,"ferry_price":0,"cargo":"cargo.fueltanker","company_truck":"scania_streamline_4x2_c","trailer_variant":"trailer.scs_gosck40","trailer_definition":"trailer_def.scs.gooseneck.singl_3e_40.container","units_count":80,"fill_ratio":1,"trailer_place":0}],"rock_eater.sofia":[{"target":"balkan_loco.pleven","urgency":1,"shortest_distance_km":226,"ferry_time":0,"ferry_price":0,"cargo":"cargo.excavator","company_truck":"man_6x4_b","trailer_variant":"trailer.overweight.excavator","trailer_definition":"trailer_def.excavator.overweight.excavator","units_count":100,"fill_ratio":1,"trailer_place":0},{"target":"domdepo.edirne","urgency":0,"shortest_distance_km":502,"ferry_time":0,"ferry_price":0,"cargo":"cargo.stones","company_truck":"man_6x4_b","trailer_variant":"trailer.s_ki_solid.cover","trailer_definition":"trailer_def.stones.s_ki_solid.cover","units_count":100,"fill_ratio":1,"trailer_place":0}],"radus_ru.pleven":[{"target":"balkan_loco.ruse","urgency":2,"shortest_distance_km":103,"ferry_time":0,"ferry_price":0,"cargo":"cargo.bricks","company_truck":"man_6x4_b","trailer_variant":"trailer.scs_brick_b","trailer_definition":"trailer_def.scs.flatbed.single_3.brick","units_count":33,"fill_ratio":1,"trailer_place":0},{"target":"balkan_loco.pleven","urgency":0,"shortest_distance_km":25,"ferry_time":0,"ferry_price":0,"cargo":"cargo.diggers","company_truck":"scania_s_4x2_580","trailer_variant":"trailer.overweight.digger","trailer_definition":"trailer_def.diggers.overweight.digger","units_count":100,"fill_ratio":1,"trailer_place":0},{"target":"imp_otel.craiova","urgency":0,"shortest_distance_km":278,"ferry_time":0,"ferry_price":0,"cargo":"cargo.emptytank","company_truck":"mercedes_6x2_b","trailer_variant":"trailer.scs_flat_c_g","trailer_definition":"trailer_def.scs.flatbed.single_3.container","units_count":2,"fill_ratio":1,"trailer_place":0}],"rock_eater.varna":[{"target":"cemelt_fl_ru.sofia","urgency":0,"shortest_distance_km":470,"ferry_time":0,"ferry_price":0,"cargo":"cargo.stones","company_truck":"renault_premium_6x4_a","trailer_variant":"trailer.s_ki_solid.cover","trailer_definition":"trailer_def.stones.s_ki_solid.cover","units_count":100,"fill_ratio":1,"trailer_place":0},{"target":"radus_ru.varna","urgency":1,"shortest_distance_km":100,"ferry_time":0,"ferry_price":0,"cargo":"cargo.digger1000","company_truck":"iveco_h_4x2_a","trailer_variant":"trailer.overweight.digger1000","trailer_definition":"trailer_def.digger1000.overweight.digger1000","units_count":100,"fill_ratio":1,"trailer_place":0},{"target":"lognstick.bucuresti","urgency":2,"shortest_distance_km":277,"ferry_time":0,"ferry_price":0,"cargo":"cargo.gravel","company_truck":"scania_r_6x2_450","trailer_variant":"trailer.s_ki_solid.gravel","trailer_definition":"trailer_def.gravel.s_ki_solid.gravel","units_count":100,"fill_ratio":1,"trailer_place":0}],"balkan_loco.ruse":[{"target":"brawen.bucuresti","urgency":2,"shortest_distance_km":108,"ferry_time":0,"ferry_price":0,"cargo":"cargo.drymilk","company_truck":"scania_4x2_b","trailer_variant":"trailer.scs_dry_a","trailer_definition":"trailer_def.scs.box.single_3.dryvan","units_count":33,"fill_ratio":1,"trailer_place":0}],"sporklift.plovdiv":[{"target":"ttk_bg.sofia","urgency":2,"shortest_distance_km":228,"ferry_time":0,"ferry_price":0,"cargo":"cargo.forklifts","company_truck":"renault_premium_4x2_c","trailer_variant":"trailer.overweight.forklifts","trailer_definition":"trailer_def.forklifts.overweight.forklifts","units_count":100,"fill_ratio":1,"trailer_place":0},{"target":"ttk_bg.plovdiv","urgency":1,"shortest_distance_km":1,"ferry_time":0,"ferry_price":0,"cargo":"cargo.used_plast_c","company_truck":"scania_6x2_b","trailer_variant":"trailer.scs_flat_c_r","trailer_definition":"trailer_def.scs.flatbed.single_3.container","units_count":33,"fill_ratio":1,"trailer_place":0},{"target":"balkan_loco.pleven","urgency":2,"shortest_distance_km":281,"ferry_time":0,"ferry_price":0,"cargo":"cargo.used_battery","company_truck":"scania_r_6x4_650","trailer_variant":"trailer.scs_dry_a","trailer_definition":"trailer_def.scs.box.single_3.dryvan","units_count":33,"fill_ratio":1,"trailer_place":0}],"kaarfor.craiova":[{"target":"fallow.timisoara","urgency":1,"shortest_distance_km":341,"ferry_time":0,"ferry_price":0,"cargo":"cargo.used_plast","company_truck":"renault_premium_6x4_a","trailer_variant":"trailer.scs_dry_s","trailer_definition":"trailer_def.scs.box.single_3.dryvan","units_count":33,"fill_ratio":1,"trailer_place":0},{"target":"balkan_loco.craiova","urgency":1,"shortest_distance_km":2,"ferry_time":0,"ferry_price":0,"cargo":"cargo.used_plast_c","company_truck":"scania_streamline_4x2_c","trailer_variant":"trailer.scs_flat_c_g","trailer_definition":"trailer_def.scs.flatbed.single_3.container","units_count":33,"fill_ratio":1,"trailer_place":0}],"st_roza_bg.pernik":[{"target":"rock_eater.pirdop","urgency":0,"shortest_distance_km":355,"ferry_time":0,"ferry_price":0,"cargo":"cargo.emptytank","company_truck":"daf_4x2_a","trailer_variant":"trailer.scs_flat_c_g","trailer_definition":"trailer_def.scs.flatbed.single_3.container","units_count":2,"fill_ratio":1,"trailer_place":0},{"target":"balkan_loco.veli_tarnovo","urgency":0,"shortest_distance_km":345,"ferry_time":0,"ferry_price":0,"cargo":"cargo.outdr_flr_tl","company_truck":"iveco_4x2_b","trailer_variant":"trailer.scs_brick_b","trailer_definition":"trailer_def.scs.flatbed.single_3.brick","units_count":33,"fill_ratio":1,"trailer_place":0},{"target":"rimaf.galati","urgency":0,"shortest_distance_km":613,"ferry_time":0,"ferry_price":0,"cargo":"cargo.hipresstank","company_truck":"scania_6x2_b","trailer_variant":"trailer.scs_flat_c_r","trailer_definition":"trailer_def.scs.flatbed.single_3.container","units_count":2,"fill_ratio":1,"trailer_place":0}],"ttk_bg.varna":[{"target":"kaarfor.bucuresti","urgency":1,"shortest_distance_km":242,"ferry_time":0,"ferry_price":0,"cargo":"cargo.milk","company_truck":"mercedes_4x2","trailer_variant":"trailer.scs_dry","trailer_definition":"trailer_def.scs.box.single_3.dryvan","units_count":33,"fill_ratio":1,"trailer_place":0},{"target":"balkan_loco.veli_tarnovo","urgency":0,"shortest_distance_km":196,"ferry_time":0,"ferry_price":0,"cargo":"cargo.vent_tube","company_truck":"man_6x4_b","trailer_variant":"trailer.scs_flat_b","trailer_definition":"trailer_def.scs.flatbed.single_3.flatbed_w","units_count":2,"fill_ratio":1,"trailer_place":0}],"kaarfor.bucuresti":[{"target":"lognstick.hunedoara","urgency":1,"shortest_distance_km":446,"ferry_time":0,"ferry_price":0,"cargo":"cargo.used_plast_c","company_truck":"scania_6x4_a","trailer_variant":"trailer.scs_gosck20","trailer_definition":"trailer_def.scs.gooseneck.singl_3e_20.container","units_count":15,"fill_ratio":1,"trailer_place":0},{"target":"balkan_loco.veli_tarnovo","urgency":0,"shortest_distance_km":150,"ferry_time":0,"ferry_price":0,"cargo":"cargo.used_packag","company_truck":"iveco_4x2_a","trailer_variant":"trailer.scs_dry_m","trailer_definition":"trailer_def.scs.box.single_3.dryvan_m","units_count":33,"fill_ratio":1,"trailer_place":0},{"target":"subse.sofia","urgency":2,"shortest_distance_km":350,"ferry_time":0,"ferry_price":0,"cargo":"cargo.empty_palet","company_truck":"scania_s_4x2_580","trailer_variant":"trailer.scs_dry_a","trailer_definition":"trailer_def.scs.box.single_3.dryvan","units_count":33,"fill_ratio":1,"trailer_place":0}],"marina_fr.cernavoda":[{"target":"balkan_loco.veli_tarnovo","urgency":0,"shortest_distance_km":346,"ferry_time":0,"ferry_price":0,"cargo":"cargo.princess","company_truck":"scania_6x2_b","trailer_variant":"trailer.overweight.boat","trailer_definition":"trailer_def.princess.overweight.boat","units_count":100,"fill_ratio":1,"trailer_place":0}],"dobr_ferm_bg.karlovo":[{"target":"subse.edirne","urgency":2,"shortest_distance_km":297,"ferry_time":0,"ferry_price":0,"cargo":"cargo.nuts","company_truck":"daf_xf_euro6_4x2_b","trailer_variant":"trailer.scs_curt_s","trailer_definition":"trailer_def.scs.box.single_3.curtain","units_count":33,"fill_ratio":1,"trailer_place":0}],"rock_eater.pirdop":[{"target":"domdepo.pitesti","urgency":1,"shortest_distance_km":560,"ferry_time":0,"ferry_price":0,"cargo":"cargo.stone_dust","company_truck":"scania_s_4x2_580","trailer_variant":"trailer.s_ki_solid.cover","trailer_definition":"trailer_def.stone_dust.s_ki_solid.cover","units_count":100,"fill_ratio":1,"trailer_place":0}],"rock_eater.tekirdag":[{"target":"balkan_loco.edirne","urgency":2,"shortest_distance_km":160,"ferry_time":0,"ferry_price":0,"cargo":"cargo.gravel","company_truck":"mercedes_6x2_b","trailer_variant":"trailer.s_ki_solid.gravel","trailer_definition":"trailer_def.gravel.s_ki_solid.gravel","units_count":100,"fill_ratio":1,"trailer_place":0}],"domdepo.cluj_napoca":[{"target":"fallow.cluj_napoca","urgency":1,"shortest_distance_km":6,"ferry_time":0,"ferry_price":0,"cargo":"cargo.glass","company_truck":"renault_premium_6x4_a","trailer_variant":"trailer.panel_trans.glass","trailer_definition":"trailer_def.glass.panel_trans.glass","units_count":100,"fill_ratio":1,"trailer_place":0}],"imp_otel.hunedoara":[{"target":"balkan_loco.pleven","urgency":0,"shortest_distance_km":495,"ferry_time":0,"ferry_price":0,"cargo":"cargo.emptytank","company_truck":"scania_streamline_4x2_a","trailer_variant":"trailer.scs_flat_c_g","trailer_definition":"trailer_def.scs.flatbed.single_3.container","units_count":2,"fill_ratio":1,"trailer_place":0}],"cnp.constanta":[{"target":"balkan_loco.ruse","urgency":1,"shortest_distance_km":327,"ferry_time":0,"ferry_price":0,"cargo":"cargo.motor_oil_c","company_truck":"daf_xf_euro6_6x4_c","trailer_variant":"trailer.scs_flat_c_g","trailer_definition":"trailer_def.scs.flatbed.single_3.container","units_count":33,"fill_ratio":1,"trailer_place":0},{"target":"balkan_loco.pleven","urgency":1,"shortest_distance_km":388,"ferry_time":0,"ferry_price":0,"cargo":"cargo.diesel","company_truck":"scania_r_6x4_650","trailer_variant":"trailer.willig.fuel_cistern","trailer_definition":"trailer_def.diesel.willig.fuel_cistern","units_count":100,"fill_ratio":1,"trailer_place":0},{"target":"imp_otel.galati","urgency":1,"shortest_distance_km":160,"ferry_time":30,"ferry_price":65,"cargo":"cargo.motor_oil","company_truck":"man_6x4_b","trailer_variant":"trailer.scs_dry","trailer_definition":"trailer_def.scs.box.single_3.dryvan","units_count":33,"fill_ratio":1,"trailer_place":0}],"scs_paper.calarasi":[{"target":"cnp.burgas","urgency":2,"shortest_distance_km":309,"ferry_time":0,"ferry_price":0,"cargo":"cargo.empty_palet","company_truck":"man_6x4_b","trailer_variant":"trailer.scs_curt_a","trailer_definition":"trailer_def.scs.box.single_3.curtain","units_count":33,"fill_ratio":1,"trailer_place":0},{"target":"balkan_loco.pleven","urgency":0,"shortest_distance_km":261,"ferry_time":0,"ferry_price":0,"cargo":"cargo.used_packag","company_truck":"man_4x2_a","trailer_variant":"trailer.scs_dry_a","trailer_definition":"trailer_def.scs.box.single_3.dryvan","units_count":33,"fill_ratio":1,"trailer_place":0},{"target":"kaarfor.iasi","urgency":0,"shortest_distance_km":463,"ferry_time":0,"ferry_price":0,"cargo":"cargo.paper","company_truck":"man_6x4_b","trailer_variant":"trailer.scs_dry_a","trailer_definition":"trailer_def.scs.box.single_3.dryvan","units_count":33,"fill_ratio":1,"trailer_place":0}],"low_field.constanta":[{"target":"balkan_loco.edirne","urgency":2,"shortest_distance_km":493,"ferry_time":0,"ferry_price":0,"cargo":"cargo.young_seed","company_truck":"daf_4x2_b","trailer_variant":"trailer.scs_dry_a","trailer_definition":"trailer_def.scs.box.single_3.dryvan","units_count":33,"fill_ratio":1,"trailer_place":0},{"target":"brawen.bucuresti","urgency":2,"shortest_distance_km":207,"ferry_time":0,"ferry_price":0,"cargo":"cargo.peas","company_truck":"scania_r_4x2_520","trailer_variant":"trailer.scs_curt_s","trailer_definition":"trailer_def.scs.box.single_3.curtain","units_count":33,"fill_ratio":1,"trailer_place":0}],"rimaf.iasi":[{"target":"lognstick.istanbul","urgency":1,"shortest_distance_km":971,"ferry_time":0,"ferry_price":0,"cargo":"cargo.milk_t","company_truck":"scania_streamline_6x2_b","trailer_variant":"trailer.scs_fodt","trailer_definition":"trailer_def.scs.foodtank.single_3.paint","units_count":30,"fill_ratio":1,"trailer_place":0}],"fle.istanbul":[{"target":"balkan_loco.edirne","urgency":2,"shortest_distance_km":200,"ferry_time":0,"ferry_price":0,"cargo":"cargo.med_vaccine","company_truck":"renault_premium_6x4_a","trailer_variant":"trailer.scs_ref_a","trailer_definition":"trailer_def.scs.box.single_3.reefer","units_count":33,"fill_ratio":1,"trailer_place":0}],"dulcis.pitesti":[{"target":"balkan_loco.craiova","urgency":1,"shortest_distance_km":196,"ferry_time":0,"ferry_price":0,"cargo":"cargo.used_plast","company_truck":"renault_premium_4x2_c","trailer_variant":"trailer.scs_curt_a","trailer_definition":"trailer_def.scs.box.single_3.curtain","units_count":33,"fill_ratio":1,"trailer_place":0}],"kaarfor.iasi":[{"target":"ttk_bg.varna","urgency":1,"shortest_distance_km":492,"ferry_time":30,"ferry_price":65,"cargo":"cargo.used_plast","company_truck":"man_6x4_b","trailer_variant":"trailer.scs_dry_a","trailer_definition":"trailer_def.scs.box.single_3.dryvan","units_count":33,"fill_ratio":1,"trailer_place":0},{"target":"lognstick.galati","urgency":0,"shortest_distance_km":179,"ferry_time":0,"ferry_price":0,"cargo":"cargo.used_packag","company_truck":"scania_streamline_4x2_a","trailer_variant":"trailer.scs_dry_m","trailer_definition":"trailer_def.scs.box.single_3.dryvan_m","units_count":33,"fill_ratio":1,"trailer_place":0},{"target":"cont_port.galati","urgency":1,"shortest_distance_km":212,"ferry_time":0,"ferry_price":0,"cargo":"cargo.used_plast_c","company_truck":"man_6x4_b","trailer_variant":"trailer.scs_gosck220","trailer_definition":"trailer_def.scs.gooseneck.singl_3e_220.container","units_count":30,"fill_ratio":1,"trailer_place":0}],"rock_eater.brasov":[{"target":"domdepo_ru.pleven","urgency":0,"shortest_distance_km":420,"ferry_time":0,"ferry_price":0,"cargo":"cargo.excav_soil","company_truck":"man_6x4_b","trailer_variant":"trailer.s_ki_solid.cover","trailer_definition":"trailer_def.excav_soil.s_ki_solid.cover","units_count":100,"fill_ratio":1,"trailer_place":0},{"target":"domdepo.tekirdag","urgency":0,"shortest_distance_km":850,"ferry_time":0,"ferry_price":0,"cargo":"cargo.stones","company_truck":"scania_streamline_4x2_a","trailer_variant":"trailer.s_ki_solid.cover","trailer_definition":"trailer_def.stones.s_ki_solid.cover","units_count":100,"fill_ratio":1,"trailer_place":0}],"radus_ru.burgas":[{"target":"cemelt_fla.edirne","urgency":2,"shortest_distance_km":232,"ferry_time":0,"ferry_price":0,"cargo":"cargo.bricks","company_truck":"scania_streamline_4x2_c","trailer_variant":"trailer.scs_brick_r","trailer_definition":"trailer_def.scs.flatbed.single_3.brick","units_count":33,"fill_ratio":1,"trailer_place":0},{"target":"low_field.edirne","urgency":0,"shortest_distance_km":300,"ferry_time":0,"ferry_price":0,"cargo":"cargo.emptytank","company_truck":"daf_6x2_a","trailer_variant":"trailer.scs_flat_b","trailer_definition":"trailer_def.scs.flatbed.single_3.flatbed_w","units_count":2,"fill_ratio":1,"trailer_place":0},{"target":"ttk_bg.varna","urgency":0,"shortest_distance_km":84,"ferry_time":0,"ferry_price":0,"cargo":"cargo.diggers","company_truck":"renault_t_4x2","trailer_variant":"trailer.overweight.digger","trailer_definition":"trailer_def.diggers.overweight.digger","units_count":100,"fill_ratio":1,"trailer_place":0}],"timberturtle.brasov":[{"target":"rimaf.iasi","urgency":0,"shortest_distance_km":241,"ferry_time":0,"ferry_price":0,"cargo":"cargo.sawpanels","company_truck":"renault_premium_6x2_a","trailer_variant":"trailer.scs_dry_ms","trailer_definition":"trailer_def.scs.box.single_3.dryvan_m","units_count":33,"fill_ratio":1,"trailer_place":0},{"target":"rock_eater.brasov","urgency":1,"shortest_distance_km":116,"ferry_time":0,"ferry_price":0,"cargo":"cargo.excavator","company_truck":"mercedes_4x2_a","trailer_variant":"trailer.overweight.excavator","trailer_definition":"trailer_def.excavator.overweight.excavator","units_count":100,"fill_ratio":1,"trailer_place":0}],"balkan_loco.craiova":[{"target":"kaarfor.pitesti","urgency":2,"shortest_distance_km":111,"ferry_time":0,"ferry_price":0,"cargo":"cargo.drymilk","company_truck":"scania_r_6x2_450","trailer_variant":"trailer.scs_curt_s","trailer_definition":"trailer_def.scs.box.single_3.curtain","units_count":33,"fill_ratio":1,"trailer_place":0}],"fallow.targu_mures":[{"target":"ttk_bg.plovdiv","urgency":0,"shortest_distance_km":769,"ferry_time":0,"ferry_price":0,"cargo":"cargo.plastic_gra","company_truck":"mercedes_actros_2014_6x2_a","trailer_variant":"trailer.cement","trailer_definition":"trailer_def.plastic_gra.cement","units_count":100,"fill_ratio":1,"trailer_place":0}],"sporklift.karlovo":[{"target":"radus_ru.ruse","urgency":2,"shortest_distance_km":207,"ferry_time":0,"ferry_price":0,"cargo":"cargo.scrap_metals","company_truck":"renault_premium_6x2_a","trailer_variant":"trailer.s_ki_solid.cover","trailer_definition":"trailer_def.scrap_metals.s_ki_solid.cover","units_count":100,"fill_ratio":1,"trailer_place":0},{"target":"balkan_loco.pleven","urgency":0,"shortest_distance_km":185,"ferry_time":0,"ferry_price":0,"cargo":"cargo.used_packag","company_truck":"iveco_h_4x2_a","trailer_variant":"trailer.scs_dry_s","trailer_definition":"trailer_def.scs.box.single_3.dryvan","units_count":33,"fill_ratio":1,"trailer_place":0},{"target":"ttk_bg.sofia","urgency":1,"shortest_distance_km":134,"ferry_time":0,"ferry_price":0,"cargo":"cargo.used_plast","company_truck":"iveco_4x2_b","trailer_variant":"trailer.scs_dry_m","trailer_definition":"trailer_def.scs.box.single_3.dryvan_m","units_count":33,"fill_ratio":1,"trailer_place":0},{"target":"lognstick.istanbul","urgency":1,"shortest_distance_km":432,"ferry_time":0,"ferry_price":0,"cargo":"cargo.used_plast_c","company_truck":"scania_streamline_6x2_b","trailer_variant":"trailer.scs_gosck40","trailer_definition":"trailer_def.scs.gooseneck.singl_3e_40.container","units_count":30,"fill_ratio":1,"trailer_place":0}],"kaarfor.ruse":[{"target":"fallow.istanbul","urgency":0,"shortest_distance_km":467,"ferry_time":0,"ferry_price":0,"cargo":"cargo.used_packag","company_truck":"scania_6x4_a","trailer_variant":"trailer.scs_dry_a","trailer_definition":"trailer_def.scs.box.single_3.dryvan","units_count":33,"fill_ratio":1,"trailer_place":0},{"target":"balkan_loco.veli_tarnovo","urgency":2,"shortest_distance_km":56,"ferry_time":0,"ferry_price":0,"cargo":"cargo.empty_palet","company_truck":"scania_streamline_4x2_b","trailer_variant":"trailer.scs_curt","trailer_definition":"trailer_def.scs.box.single_3.curtain","units_count":33,"fill_ratio":1,"trailer_place":0},{"target":"tm_istanbul.istanbul","urgency":1,"shortest_distance_km":469,"ferry_time":0,"ferry_price":0,"cargo":"cargo.used_plast","company_truck":"mercedes_4x2_c","trailer_variant":"trailer.scs_dry_ms","trailer_definition":"trailer_def.scs.box.single_3.dryvan_m","units_count":33,"fill_ratio":1,"trailer_place":0}],"cont_port.galati":[{"target":"lognstick.galati","urgency":0,"shortest_distance_km":39,"ferry_time":0,"ferry_price":0,"cargo":"cargo.oil_filt_c","company_truck":"renault_magnum_6x2_a","trailer_variant":"trailer.scs_gosck20","trailer_definition":"trailer_def.scs.gooseneck.singl_3e_20.container","units_count":15,"fill_ratio":1,"trailer_place":0}],"cemelt_fla.bucuresti":[{"target":"balkan_loco.ruse","urgency":2,"shortest_distance_km":94,"ferry_time":0,"ferry_price":0,"cargo":"cargo.empty_palet","company_truck":"man_tgx_euro6_4x2_xl","trailer_variant":"trailer.scs_curt","trailer_definition":"trailer_def.scs.box.single_3.curtain","units_count":33,"fill_ratio":1,"trailer_place":0},{"target":"balkan_loco.veli_tarnovo","urgency":0,"shortest_distance_km":150,"ferry_time":0,"ferry_price":0,"cargo":"cargo.excav_soil","company_truck":"renault_t_4x2h","trailer_variant":"trailer.s_ki_solid.cover","trailer_definition":"trailer_def.excav_soil.s_ki_solid.cover","units_count":100,"fill_ratio":1,"trailer_place":0}],"rock_eater.burgas":[{"target":"domdepo.pitesti","urgency":1,"shortest_distance_km":479,"ferry_time":0,"ferry_price":0,"cargo":"cargo.stone_dust","company_truck":"man_6x4_b","trailer_variant":"trailer.s_ki_solid.cover","trailer_definition":"trailer_def.stone_dust.s_ki_solid.cover","units_count":100,"fill_ratio":1,"trailer_place":0},{"target":"fallow.timisoara","urgency":1,"shortest_distance_km":914,"ferry_time":0,"ferry_price":0,"cargo":"cargo.excavator","company_truck":"scania_streamline_4x2_a","trailer_variant":"trailer.overweight.excavator","trailer_definition":"trailer_def.excavator.overweight.excavator","units_count":100,"fill_ratio":1,"trailer_place":0}],"sporklift.bucuresti":[{"target":"balkan_loco.edirne","urgency":0,"shortest_distance_km":441,"ferry_time":0,"ferry_price":0,"cargo":"cargo.used_packag","company_truck":"mercedes_actros_2014_4x2_a","trailer_variant":"trailer.scs_curt_s","trailer_definition":"trailer_def.scs.box.single_3.curtain","units_count":33,"fill_ratio":1,"trailer_place":0},{"target":"baltrak.edirne","urgency":2,"shortest_distance_km":442,"ferry_time":0,"ferry_price":0,"cargo":"cargo.forklifts","company_truck":"renault_premium_4x2_a","trailer_variant":"trailer.overweight.forklifts","trailer_definition":"trailer_def.forklifts.overweight.forklifts","units_count":100,"fill_ratio":1,"trailer_place":0}],"rimaf.galati":[{"target":"balkan_loco.ruse","urgency":1,"shortest_distance_km":280,"ferry_time":0,"ferry_price":0,"cargo":"cargo.cheese","company_truck":"scania_4x2_a","trailer_variant":"trailer.scs_ins","trailer_definition":"trailer_def.scs.box.single_3.insulated","units_count":33,"fill_ratio":1,"trailer_place":0}],"kaarfor.targu_mures":[{"target":"cnp.pitesti","urgency":2,"shortest_distance_km":337,"ferry_time":0,"ferry_price":0,"cargo":"cargo.empty_palet","company_truck":"renault_magnum_6x4_a","trailer_variant":"trailer.scs_curt","trailer_definition":"trailer_def.scs.box.single_3.curtain","units_count":33,"fill_ratio":1,"trailer_place":0},{"target":"fallow.cluj_napoca","urgency":1,"shortest_distance_km":256,"ferry_time":0,"ferry_price":0,"cargo":"cargo.used_plast_c","company_truck":"mercedes_actros_2014_6x2_a","trailer_variant":"trailer.scs_flat_c_r","trailer_definition":"trailer_def.scs.flatbed.single_3.container","units_count":33,"fill_ratio":1,"trailer_place":0}],"dobr_ferm_bg.sofia":[{"target":"balkan_loco.craiova","urgency":0,"shortest_distance_km":129,"ferry_time":0,"ferry_price":0,"cargo":"cargo.carrots_c","company_truck":"renault_premium_4x2_c","trailer_variant":"trailer.scs_flat_c_r","trailer_definition":"trailer_def.scs.flatbed.single_3.container","units_count":33,"fill_ratio":1,"trailer_place":0}],"radus.tekirdag":[{"target":"baltrak.tekirdag","urgency":1,"shortest_distance_km":2,"ferry_time":0,"ferry_price":0,"cargo":"cargo.digger1000","company_truck":"iveco_h_4x2_a","trailer_variant":"trailer.overweight.digger1000","trailer_definition":"trailer_def.digger1000.overweight.digger1000","units_count":100,"fill_ratio":1,"trailer_place":0}],"fle.sofia":[{"target":"balkan_loco.craiova","urgency":2,"shortest_distance_km":350,"ferry_time":0,"ferry_price":0,"cargo":"cargo.med_vaccine","company_truck":"renault_t_6x2","trailer_variant":"trailer.scs_ins_a","trailer_definition":"trailer_def.scs.box.single_3.insulated","units_count":33,"fill_ratio":1,"trailer_place":0}],"tm_istanbul.istanbul":[{"target":"kaarfor.constanta","urgency":0,"shortest_distance_km":554,"ferry_time":0,"ferry_price":0,"cargo":"cargo.carrots","company_truck":"scania_4x2_b","trailer_variant":"trailer.scs_dry","trailer_definition":"trailer_def.scs.box.single_3.dryvan","units_count":33,"fill_ratio":1,"trailer_place":0}],"cemelt_fla.timisoara":[{"target":"rock_eater.hunedoara","urgency":0,"shortest_distance_km":218,"ferry_time":0,"ferry_price":0,"cargo":"cargo.digger500","company_truck":"scania_6x4_a","trailer_variant":"trailer.overweight.digger500","trailer_definition":"trailer_def.digger500.overweight.digger500","units_count":100,"fill_ratio":1,"trailer_place":0}],"imp_otel.craiova":[{"target":"lognstick.bucuresti","urgency":0,"shortest_distance_km":219,"ferry_time":0,"ferry_price":0,"cargo":"cargo.overweight","company_truck":"renault_premium_6x4_a","trailer_variant":"trailer.scs_flat_c_g","trailer_definition":"trailer_def.scs.flatbed.single_3.container","units_count":1,"fill_ratio":1,"trailer_place":0},{"target":"cemelt_fla.bucuresti","urgency":2,"shortest_distance_km":205,"ferry_time":0,"ferry_price":0,"cargo":"cargo.precast_strs","company_truck":"man_6x4_b","trailer_variant":"trailer.scs_curt_s","trailer_definition":"trailer_def.scs.box.single_3.curtain","units_count":33,"fill_ratio":1,"trailer_place":0}],"st_roza_bg.pirdop":[{"target":"lognstick.tekirdag","urgency":1,"shortest_distance_km":494,"ferry_time":0,"ferry_price":0,"cargo":"cargo.largetubes","company_truck":"mercedes_actros_2014_6x2_a","trailer_variant":"trailer.scs_log","trailer_definition":"trailer_def.scs.log.single_3.steel","units_count":2,"fill_ratio":1,"trailer_place":0},{"target":"balkan_loco.pleven","urgency":0,"shortest_distance_km":240,"ferry_time":0,"ferry_price":0,"cargo":"cargo.iron_pipes","company_truck":"scania_s_6x2_450","trailer_variant":"trailer.scs_log","trailer_definition":"trailer_def.scs.log.single_3.steel","units_count":2,"fill_ratio":1,"trailer_place":0},{"target":"domdepo_ru.pleven","urgency":0,"shortest_distance_km":240,"ferry_time":0,"ferry_price":0,"cargo":"cargo.wallpanels","company_truck":"mercedes_4x2_a","trailer_variant":"trailer.panel_trans.wall","trailer_definition":"trailer_def.wallpanels.panel_trans.wall","units_count":100,"fill_ratio":1,"trailer_place":0}],"ns_oil.istanbul":[{"target":"fallow.istanbul","urgency":0,"shortest_distance_km":17,"ferry_time":0,"ferry_price":0,"cargo":"cargo.fueltanker","company_truck":"man_tgx_euro6_4x2_xl","trailer_variant":"trailer.scs_gosck220","trailer_definition":"trailer_def.scs.gooseneck.singl_3e_220.container","units_count":80,"fill_ratio":1,"trailer_place":0},{"target":"balkan_loco.ruse","urgency":1,"shortest_distance_km":483,"ferry_time":0,"ferry_price":0,"cargo":"cargo.oil","company_truck":"mercedes_actros_2014_4x2_a","trailer_variant":"trailer.willig.fuel_cistern","trailer_definition":"trailer_def.oil.willig.fuel_cistern","units_count":101,"fill_ratio":1,"trailer_place":0},{"target":"tm_istanbul.istanbul","urgency":0,"shortest_distance_km":18,"ferry_time":0,"ferry_price":0,"cargo":"cargo.petrol","company_truck":"mercedes_4x2_a","trailer_variant":"trailer.fuel_cistern","trailer_definition":"trailer_def.petrol.fuel_cistern","units_count":100,"fill_ratio":1,"trailer_place":0},{"target":"fle.istanbul","urgency":0,"shortest_distance_km":15,"ferry_time":0,"ferry_price":0,"cargo":"cargo.kerosene","company_truck":"scania_4x2_b","trailer_variant":"trailer.fuel_cistern","trailer_definition":"trailer_def.kerosene.fuel_cistern","units_count":100,"fill_ratio":1,"trailer_place":0}],"kolico.iasi":[{"target":"baltrak.tekirdag","urgency":0,"shortest_distance_km":986,"ferry_time":0,"ferry_price":0,"cargo":"cargo.limonades","company_truck":"scania_streamline_6x2_b","trailer_variant":"trailer.scs_curt_a","trailer_definition":"trailer_def.scs.box.single_3.curtain","units_count":33,"fill_ratio":1,"trailer_place":0},{"target":"kaarfor.bucuresti","urgency":0,"shortest_distance_km":414,"ferry_time":0,"ferry_price":0,"cargo":"cargo.beverages_c","company_truck":"mercedes_actros_2014_4x2_b","trailer_variant":"trailer.scs_gosck40","trailer_definition":"trailer_def.scs.gooseneck.singl_3e_40.container","units_count":30,"fill_ratio":1,"trailer_place":0},{"target":"lognstick.galati","urgency":0,"shortest_distance_km":177,"ferry_time":0,"ferry_price":0,"cargo":"cargo.nonalco_beer","company_truck":"renault_magnum_6x2_a","trailer_variant":"trailer.scs_dry","trailer_definition":"trailer_def.scs.box.single_3.dryvan","units_count":33,"fill_ratio":1,"trailer_place":0}],"kaarfor.edirne":[{"target":"ttk_bg.sofia","urgency":0,"shortest_distance_km":470,"ferry_time":0,"ferry_price":0,"cargo":"cargo.used_packag","company_truck":"scania_streamline_4x2_b","trailer_variant":"trailer.scs_dry_s","trailer_definition":"trailer_def.scs.box.single_3.dryvan","units_count":33,"fill_ratio":1,"trailer_place":0},{"target":"fallow.timisoara","urgency":1,"shortest_distance_km":975,"ferry_time":0,"ferry_price":0,"cargo":"cargo.used_plast","company_truck":"renault_t_4x2h","trailer_variant":"trailer.scs_dry","trailer_definition":"trailer_def.scs.box.single_3.dryvan","units_count":33,"fill_ratio":1,"trailer_place":0}]}