{"sellplan.dresden":[{"target":"rosmark.liepaja","urgency":1,"shortest_distance_km":1140,"ferry_time":0,"ferry_price":0,"cargo":"cargo.used_plast","company_truck":"mercedes_4x2_a","trailer_variant":"trailer.scs_dry_a","trailer_definition":"trailer_def.scs.box.single_3.dryvan","units_count":33,"fill_ratio":1,"trailer_place":0}],"nbfc.aberdeen":[{"target":"nch.riga","urgency":2,"shortest_distance_km":3032,"ferry_time":35,"ferry_price":300,"cargo":"cargo.contamin","company_truck":"iveco_6x2_a","trailer_variant":"trailer.scs_flat_c_g","trailer_definition":"trailer_def.scs.flatbed.single_3.container","units_count":87,"fill_ratio":1,"trailer_place":0}],"itcc.luxembourg":[{"target":"cargotras.milano","urgency":1,"shortest_distance_km":752,"ferry_time":0,"ferry_price":0,"cargo":"cargo.train_part","company_truck":"renault_magnum_6x4_a","trailer_variant":"trailer.scs_flat_b","trailer_definition":"trailer_def.scs.flatbed.single_3.flatbed_w","units_count":2,"fill_ratio":1,"trailer_place":0}],"nbfc.duisburg":[{"target":"renar.narva","urgency":0,"shortest_distance_km":2018,"ferry_time":0,"ferry_price":0,"cargo":"cargo.vent_tube","company_truck":"iveco_4x2_b","trailer_variant":"trailer.scs_flat_c_g","trailer_definition":"trailer_def.scs.flatbed.single_3.container","units_count":2,"fill_ratio":1,"trailer_place":0}],"bhv.paris":[{"target":"stokes.zurich","urgency":2,"shortest_distance_km":690,"ferry_time":0,"ferry_price":0,"cargo":"cargo.car_balt1","company_truck":"renault_t_6x2","trailer_variant":"trailer.car_trans_b","trailer_definition":"trailer_def.car_balt1.car_trans_b","units_count":100,"fill_ratio":1,"trailer_place":0}],"quarry.reims":[{"target":"nch_ru.petersburg","urgency":0,"shortest_distance_km":2359,"ferry_time":0,"ferry_price":0,"cargo":"cargo.fueltanker","company_truck":"man_6x4_b","trailer_variant":"trailer.scs_gosck220","trailer_definition":"trailer_def.scs.gooseneck.singl_3e_220.container","units_count":80,"fill_ratio":1,"trailer_place":0}],"tree_et.aberdeen":[{"target":"renar.narva","urgency":0,"shortest_distance_km":3488,"ferry_time":35,"ferry_price":300,"cargo":"cargo.sawpanels","company_truck":"renault_premium_4x2_a","trailer_variant":"trailer.scs_curt_a","trailer_definition":"trailer_def.scs.box.single_3.curtain","units_count":33,"fill_ratio":1,"trailer_place":0}],"itcc.linz":[{"target":"baltomorsk.klaipeda","urgency":2,"shortest_distance_km":1349,"ferry_time":0,"ferry_price":0,"cargo":"cargo.forklifts","company_truck":"scania_r_6x4_650","trailer_variant":"trailer.overweight.forklifts","trailer_definition":"trailer_def.forklifts.overweight.forklifts","units_count":100,"fill_ratio":1,"trailer_place":0}],"kaarfor.poznan":[{"target":"rosmark.rezekne","urgency":1,"shortest_distance_km":1029,"ferry_time":0,"ferry_price":0,"cargo":"cargo.used_plast_c","company_truck":"daf_4x2_a","trailer_variant":"trailer.scs_flat_c_g","trailer_definition":"trailer_def.scs.flatbed.single_3.container","units_count":33,"fill_ratio":1,"trailer_place":0}],"tree_et.frankfurt":[{"target":"cemelt_win.liepaja","urgency":2,"shortest_distance_km":1467,"ferry_time":0,"ferry_price":0,"cargo":"cargo.forklifts","company_truck":"man_6x4_b","trailer_variant":"trailer.overweight.forklifts","trailer_definition":"trailer_def.forklifts.overweight.forklifts","units_count":100,"fill_ratio":1,"trailer_place":0}],"transinet.dresden":[{"target":"rosmark.liepaja","urgency":1,"shortest_distance_km":1139,"ferry_time":0,"ferry_price":0,"cargo":"cargo.train_part","company_truck":"renault_magnum_6x2_a","trailer_variant":"trailer.scs_flat_r","trailer_definition":"trailer_def.scs.flatbed.single_3.flatbed_w","units_count":2,"fill_ratio":1,"trailer_place":0}],"nbfc.berlin":[{"target":"nch.turku","urgency":2,"shortest_distance_km":1097,"ferry_time":645,"ferry_price":1574,"cargo":"cargo.ammunition","company_truck":"man_6x4_b","trailer_variant":"trailer.scs_curt_b2","trailer_definition":"trailer_def.scs.box.bdouble_3_3.curtain","units_count":31,"fill_ratio":1,"trailer_place":0}],"itcc.koln":[{"target":"bltmetal.liepaja","urgency":0,"shortest_distance_km":1490,"ferry_time":0,"ferry_price":0,"cargo":"cargo.hipresstank","company_truck":"mercedes_4x2_c","trailer_variant":"trailer.scs_flat_r","trailer_definition":"trailer_def.scs.flatbed.single_3.flatbed_w","units_count":2,"fill_ratio":1,"trailer_place":0}],"polarislines.travemunde":[{"target":"gnt.klaipeda","urgency":0,"shortest_distance_km":1094,"ferry_time":0,"ferry_price":0,"cargo":"cargo.carrots_c","company_truck":"man_6x4_b","trailer_variant":"trailer.scs_flat_c_g","trailer_definition":"trailer_def.scs.flatbed.single_3.container","units_count":33,"fill_ratio":1,"trailer_place":0}],"lisette_log.paris":[{"target":"posped.swansea","urgency":0,"shortest_distance_km":647,"ferry_time":35,"ferry_price":300,"cargo":"cargo.concr_cent","company_truck":"iveco_4x2_c","trailer_variant":"trailer.scs_flat_r","trailer_definition":"trailer_def.scs.flatbed.single_3.flatbed_w","units_count":2,"fill_ratio":1,"trailer_place":0}],"radus.kouvola":[{"target":"nch.tallinn","urgency":2,"shortest_distance_km":315,"ferry_time":150,"ferry_price":430,"cargo":"cargo.bricks","company_truck":"renault_t_6x2","trailer_variant":"trailer.scs_brick_b","trailer_definition":"trailer_def.scs.flatbed.single_3.brick","units_count":33,"fill_ratio":1,"trailer_place":0},{"target":"blt.kunda","urgency":0,"shortest_distance_km":511,"ferry_time":0,"ferry_price":0,"cargo":"cargo.concr_cent","company_truck":"renault_premium_4x2_a","trailer_variant":"trailer.scs_flat_c_g","trailer_definition":"trailer_def.scs.flatbed.single_3.container","units_count":2,"fill_ratio":1,"trailer_place":0},{"target":"sal_fi.kouvola","urgency":1,"shortest_distance_km":23,"ferry_time":0,"ferry_price":0,"cargo":"cargo.digger1000","company_truck":"man_6x4_b","trailer_variant":"trailer.overweight.digger1000","trailer_definition":"trailer_def.digger1000.overweight.digger1000","units_count":100,"fill_ratio":1,"trailer_place":0}],"radus.tartu":[{"target":"nch_ru.petersburg","urgency":1,"shortest_distance_km":355,"ferry_time":0,"ferry_price":0,"cargo":"cargo.digger1000","company_truck":"mercedes_actros_2014_6x2_a","trailer_variant":"trailer.overweight.digger1000","trailer_definition":"trailer_def.digger1000.overweight.digger1000","units_count":100,"fill_ratio":1,"trailer_place":0},{"target":"rosmark.riga","urgency":0,"shortest_distance_km":253,"ferry_time":0,"ferry_price":0,"cargo":"cargo.concr_beams2","company_truck":"renault_premium_6x4_a","trailer_variant":"trailer.scs_flat_c_g","trailer_definition":"trailer_def.scs.flatbed.single_3.container","units_count":2,"fill_ratio":1,"trailer_place":0}],"baltomorsk.kaunas":[{"target":"egres.helsinki","urgency":1,"shortest_distance_km":645,"ferry_time":150,"ferry_price":430,"cargo":"cargo.lumber","company_truck":"renault_magnum_6x2_a","trailer_variant":"trailer.scs_flat_c_g","trailer_definition":"trailer_def.scs.flatbed.single_3.container","units_count":2,"fill_ratio":1,"trailer_place":0}],"renar.tallinn":[{"target":"gnt.valmiera","urgency":0,"shortest_distance_km":347,"ferry_time":0,"ferry_price":0,"cargo":"cargo.sandwch_pnls","company_truck":"mercedes_4x2_b","trailer_variant":"trailer.scs_curt","trailer_definition":"trailer_def.scs.box.single_3.curtain","units_count":33,"fill_ratio":1,"trailer_place":0},{"target":"nch.kouvola","urgency":2,"shortest_distance_km":345,"ferry_time":150,"ferry_price":430,"cargo":"cargo.hchemicals","company_truck":"iveco_4x2_a","trailer_variant":"trailer.chcistern","trailer_definition":"trailer_def.hchemicals.chcistern","units_count":100,"fill_ratio":1,"trailer_place":0}],"ns_chem.riga":[{"target":"nch.vilnius","urgency":2,"shortest_distance_km":283,"ferry_time":0,"ferry_price":0,"cargo":"cargo.phosphor","company_truck":"daf_xf_euro6_4x2_c","trailer_variant":"trailer.scs_gosck40","trailer_definition":"trailer_def.scs.gooseneck.singl_3e_40.container","units_count":80,"fill_ratio":1,"trailer_place":0}],"rosmark_ru.vyborg":[{"target":"blt_ru.petersburg","urgency":2,"shortest_distance_km":184,"ferry_time":0,"ferry_price":0,"cargo":"cargo.train_part2","company_truck":"iveco_6x2_a","trailer_variant":"trailer.scs_flat_c_g","trailer_definition":"trailer_def.scs.flatbed.single_3.container","units_count":2,"fill_ratio":1,"trailer_place":0},{"target":"renar.kotka","urgency":0,"shortest_distance_km":190,"ferry_time":0,"ferry_price":0,"cargo":"cargo.furniture","company_truck":"man_6x4_b","trailer_variant":"trailer.scs_curt_a","trailer_definition":"trailer_def.scs.box.single_3.curtain","units_count":33,"fill_ratio":1,"trailer_place":0},{"target":"renar.kotka","urgency":0,"shortest_distance_km":190,"ferry_time":0,"ferry_price":0,"cargo":"cargo.iron_pipes","company_truck":"scania_r_6x4_650","trailer_variant":"trailer.scs_log","trailer_definition":"trailer_def.scs.log.single_3.steel","units_count":2,"fill_ratio":1,"trailer_place":0}],"ns_chem.pori":[{"target":"viljo_paper.tampere","urgency":0,"shortest_distance_km":160,"ferry_time":0,"ferry_price":0,"cargo":"cargo.chemicals","company_truck":"renault_t_4x2h","trailer_variant":"trailer.chcistern","trailer_definition":"trailer_def.chemicals.chcistern","units_count":100,"fill_ratio":1,"trailer_place":0},{"target":"nch.tallinn","urgency":1,"shortest_distance_km":339,"ferry_time":150,"ferry_price":430,"cargo":"cargo.hydrogen","company_truck":"renault_premium_6x4_a","trailer_variant":"trailer.fuel_cistern","trailer_definition":"trailer_def.hydrogen.fuel_cistern","units_count":100,"fill_ratio":1,"trailer_place":0},{"target":"nch.tallinn","urgency":2,"shortest_distance_km":339,"ferry_time":150,"ferry_price":430,"cargo":"cargo.phosphor","company_truck":"daf_6x2_a","trailer_variant":"trailer.scs_flat_c_r","trailer_definition":"trailer_def.scs.flatbed.single_3.container","units_count":87,"fill_ratio":1,"trailer_place":0}],"ladoga_ru.kaliningrad":[{"target":"renar.lahti","urgency":0,"shortest_distance_km":966,"ferry_time":150,"ferry_price":430,"cargo":"cargo.used_packag","company_truck":"man_6x4_b","trailer_variant":"trailer.scs_curt","trailer_definition":"trailer_def.scs.box.single_3.curtain","units_count":33,"fill_ratio":1,"trailer_place":0},{"target":"rosmark_ru.kaliningrad","urgency":1,"shortest_distance_km":23,"ferry_time":0,"ferry_price":0,"cargo":"cargo.used_plast_c","company_truck":"daf_6x2_a","trailer_variant":"trailer.scs_gosck220","trailer_definition":"trailer_def.scs.gooseneck.singl_3e_220.container","units_count":30,"fill_ratio":1,"trailer_place":0},{"target":"rosmark_ru.kaliningrad","urgency":2,"shortest_distance_km":23,"ferry_time":0,"ferry_price":0,"cargo":"cargo.car_balt2","company_truck":"renault_premium_4x2_a","trailer_variant":"trailer.car_trans_b2","trailer_definition":"trailer_def.car_balt2.car_trans_b2","units_count":100,"fill_ratio":1,"trailer_place":0}],"ukko.loviisa":[{"target":"renar.kotka","urgency":2,"shortest_distance_km":93,"ferry_time":0,"ferry_price":0,"cargo":"cargo.empty_palet","company_truck":"mercedes_4x2","trailer_variant":"trailer.scs_dry","trailer_definition":"trailer_def.scs.box.single_3.dryvan","units_count":33,"fill_ratio":1,"trailer_place":0}],"gnt.valmiera":[{"target":"ika_bohag.helsinki","urgency":2,"shortest_distance_km":427,"ferry_time":150,"ferry_price":430,"cargo":"cargo.clothes","company_truck":"scania_s_6x2_450","trailer_variant":"trailer.scs_dry_a","trailer_definition":"trailer_def.scs.box.single_3.dryvan","units_count":33,"fill_ratio":1,"trailer_place":0},{"target":"suprema.rezekne","urgency":1,"shortest_distance_km":217,"ferry_time":0,"ferry_price":0,"cargo":"cargo.vinegar_c","company_truck":"scania_r_6x2_450","trailer_variant":"trailer.scs_flat_c_g","trailer_definition":"trailer_def.scs.flatbed.single_3.container","units_count":33,"fill_ratio":1,"trailer_place":0},{"target":"eviksi_a.valmiera","urgency":1,"shortest_distance_km":36,"ferry_time":0,"ferry_price":0,"cargo":"cargo.straw_bales","company_truck":"renault_premium_4x2_a","trailer_variant":"trailer.scs_dry_s","trailer_definition":"trailer_def.scs.box.single_3.dryvan","units_count":33,"fill_ratio":1,"trailer_place":0}],"suprema.tampere":[{"target":"sal_fi.kouvola","urgency":0,"shortest_distance_km":158,"ferry_time":0,"ferry_price":0,"cargo":"cargo.used_packag","company_truck":"scania_r_4x2_520","trailer_variant":"trailer.scs_curt","trailer_definition":"trailer_def.scs.box.single_3.curtain","units_count":33,"fill_ratio":1,"trailer_place":0}],"kivi.helsinki":[{"target":"onnelik.narva","urgency":1,"shortest_distance_km":311,"ferry_time":150,"ferry_price":430,"cargo":"cargo.digger1000","company_truck":"scania_streamline_6x4_a","trailer_variant":"trailer.overweight.digger1000","trailer_definition":"trailer_def.digger1000.overweight.digger1000","units_count":100,"fill_ratio":1,"trailer_place":0},{"target":"baltomorsk.kaunas","urgency":1,"shortest_distance_km":701,"ferry_time":150,"ferry_price":430,"cargo":"cargo.excavator","company_truck":"daf_6x2_a","trailer_variant":"trailer.overweight.excavator","trailer_definition":"trailer_def.excavator.overweight.excavator","units_count":94,"fill_ratio":1,"trailer_place":0}],"rosmark.rezekne":[{"target":"sal_fi.kouvola","urgency":1,"shortest_distance_km":718,"ferry_time":0,"ferry_price":0,"cargo":"cargo.largetubes","company_truck":"mercedes_6x2_b","trailer_variant":"trailer.scs_flat_b","trailer_definition":"trailer_def.scs.flatbed.single_3.flatbed_w","units_count":2,"fill_ratio":1,"trailer_place":0}],"blt_ru.petersburg":[{"target":"suprema.lahti","urgency":2,"shortest_distance_km":421,"ferry_time":0,"ferry_price":0,"cargo":"cargo.canned_beans","company_truck":"mercedes_4x2_c","trailer_variant":"trailer.scs_curt","trailer_definition":"trailer_def.scs.box.single_3.curtain","units_count":33,"fill_ratio":1,"trailer_place":0},{"target":"nch.kouvola","urgency":0,"shortest_distance_km":345,"ferry_time":0,"ferry_price":0,"cargo":"cargo.wallpanels","company_truck":"renault_premium_4x2_c","trailer_variant":"trailer.panel_trans.wall","trailer_definition":"trailer_def.wallpanels.panel_trans.wall","units_count":85,"fill_ratio":1,"trailer_place":0},{"target":"rosmark_ru.vyborg","urgency":1,"shortest_distance_km":187,"ferry_time":0,"ferry_price":0,"cargo":"cargo.roof_tiles","company_truck":"daf_xf_euro6_4x2_b","trailer_variant":"trailer.scs_brick_b","trailer_definition":"trailer_def.scs.flatbed.single_3.brick","units_count":33,"fill_ratio":1,"trailer_place":0}],"onnelik_a.tartu":[{"target":"nch_ru.petersburg","urgency":1,"shortest_distance_km":349,"ferry_time":0,"ferry_price":0,"cargo":"cargo.milk_t","company_truck":"renault_premium_6x2_a","trailer_variant":"trailer.scs_fodt","trailer_definition":"trailer_def.scs.foodtank.single_3.paint","units_count":23,"fill_ratio":1,"trailer_place":0}],"agrominta_a.utena":[{"target":"blt.siauliai","urgency":1,"shortest_distance_km":201,"ferry_time":0,"ferry_price":0,"cargo":"cargo.milk_t","company_truck":"mercedes_6x4_a","trailer_variant":"trailer.scs_fodt","trailer_definition":"trailer_def.scs.foodtank.single_3.paint","units_count":23,"fill_ratio":1,"trailer_place":0}],"ibp.helsinki":[{"target":"bltmetal.pori","urgency":1,"shortest_distance_km":338,"ferry_time":0,"ferry_price":0,"cargo":"cargo.motor_oil","company_truck":"scania_streamline_4x2_c","trailer_variant":"trailer.scs_dry_ms","trailer_definition":"trailer_def.scs.box.single_3.dryvan_m","units_count":33,"fill_ratio":1,"trailer_place":0}],"nch_ru.petersburg":[{"target":"nch.tallinn","urgency":1,"shortest_distance_km":330,"ferry_time":0,"ferry_price":0,"cargo":"cargo.pesticide","company_truck":"man_tgx_euro6_6x4_xlx","trailer_variant":"trailer.scs_gosck20","trailer_definition":"trailer_def.scs.gooseneck.singl_3e_20.container","units_count":40,"fill_ratio":1,"trailer_place":0}],"ateria.helsinki":[{"target":"suprema.tampere","urgency":1,"shortest_distance_km":232,"ferry_time":0,"ferry_price":0,"cargo":"cargo.beef_meat","company_truck":"iveco_h_4x2_a","trailer_variant":"trailer.scs_ref","trailer_definition":"trailer_def.scs.box.single_3.reefer","units_count":33,"fill_ratio":1,"trailer_place":0}],"ika_bohag.vilnius":[{"target":"nch.vilnius","urgency":2,"shortest_distance_km":2,"ferry_time":0,"ferry_price":0,"cargo":"cargo.empty_palet","company_truck":"man_tgx_euro6_6x4_xlx","trailer_variant":"trailer.scs_dry_a","trailer_definition":"trailer_def.scs.box.single_3.dryvan","units_count":33,"fill_ratio":1,"trailer_place":0},{"target":"blt.kaunas","urgency":0,"shortest_distance_km":95,"ferry_time":0,"ferry_price":0,"cargo":"cargo.used_packag","company_truck":"renault_t_4x2","trailer_variant":"trailer.scs_curt_a","trailer_definition":"trailer_def.scs.box.single_3.curtain","units_count":33,"fill_ratio":1,"trailer_place":0}],"nch.kouvola":[{"target":"renar.lahti","urgency":1,"shortest_distance_km":101,"ferry_time":0,"ferry_price":0,"cargo":"cargo.milk_t","company_truck":"mercedes_actros_2014_6x4_b","trailer_variant":"trailer.scs_fodt","trailer_definition":"trailer_def.scs.foodtank.single_3.paint","units_count":27,"fill_ratio":1,"trailer_place":0}],"nch.riga":[{"target":"blt.utena","urgency":1,"shortest_distance_km":269,"ferry_time":0,"ferry_price":0,"cargo":"cargo.vinegar_c","company_truck":"scania_streamline_4x2_a","trailer_variant":"trailer.scs_flat_c_r","trailer_definition":"trailer_def.scs.flatbed.single_3.container","units_count":33,"fill_ratio":1,"trailer_place":0},{"target":"rosmark.liepaja","urgency":1,"shortest_distance_km":236,"ferry_time":0,"ferry_price":0,"cargo":"cargo.cement","company_truck":"renault_magnum_4x2_a","trailer_variant":"trailer.cement","trailer_definition":"trailer_def.cement.cement","units_count":100,"fill_ratio":1,"trailer_place":0}],"cemelt_win.paldiski":[{"target":"ibp.naantali","urgency":2,"shortest_distance_km":328,"ferry_time":150,"ferry_price":430,"cargo":"cargo.empty_palet","company_truck":"man_tgx_euro6_6x4_xlx","trailer_variant":"trailer.scs_dry_s","trailer_definition":"trailer_def.scs.box.single_3.dryvan","units_count":33,"fill_ratio":1,"trailer_place":0}],"ns_chem_ru.luga":[{"target":"nch_ru.petersburg","urgency":1,"shortest_distance_km":142,"ferry_time":0,"ferry_price":0,"cargo":"cargo.acetylene","company_truck":"man_4x2_c","trailer_variant":"trailer.scs_flat_c_g","trailer_definition":"trailer_def.scs.flatbed.single_3.container","units_count":87,"fill_ratio":1,"trailer_place":0},{"target":"nch_ru.petersburg","urgency":0,"shortest_distance_km":142,"ferry_time":0,"ferry_price":0,"cargo":"cargo.sodium","company_truck":"scania_s_4x2_580","trailer_variant":"trailer.scs_gosck20","trailer_definition":"trailer_def.scs.gooseneck.singl_3e_20.container","units_count":40,"fill_ratio":1,"trailer_place":0},{"target":"nch.kouvola","urgency":2,"shortest_distance_km":450,"ferry_time":0,"ferry_price":0,"cargo":"cargo.neon","company_truck":"man_4x2_a","trailer_variant":"trailer.scs_gosck220","trailer_definition":"trailer_def.scs.gooseneck.singl_3e_220.container","units_count":80,"fill_ratio":1,"trailer_place":0}],"gnt.vilnius":[{"target":"bhv.siauliai","urgency":0,"shortest_distance_km":246,"ferry_time":0,"ferry_price":0,"cargo":"cargo.mondeos","company_truck":"mercedes_6x4_a","trailer_variant":"trailer.car_trans","trailer_definition":"trailer_def.mondeos.car_trans","units_count":100,"fill_ratio":1,"trailer_place":0},{"target":"blt.kaunas","urgency":1,"shortest_distance_km":110,"ferry_time":0,"ferry_price":0,"cargo":"cargo.apples_c","company_truck":"man_4x2_a","trailer_variant":"trailer.scs_gosck40","trailer_definition":"trailer_def.scs.gooseneck.singl_3e_40.container","units_count":30,"fill_ratio":1,"trailer_place":0}],"bltmetal.siauliai":[{"target":"domdepo.valmiera","urgency":0,"shortest_distance_km":294,"ferry_time":0,"ferry_price":0,"cargo":"cargo.floorpanels","company_truck":"scania_streamline_4x2_c","trailer_variant":"trailer.panel_trans.floor","trailer_definition":"trailer_def.floorpanels.panel_trans.floor","units_count":82,"fill_ratio":1,"trailer_place":0},{"target":"domdepo.utena","urgency":0,"shortest_distance_km":179,"ferry_time":0,"ferry_price":0,"cargo":"cargo.iron_pipes","company_truck":"daf_xf_euro6_4x2_b","trailer_variant":"trailer.scs_log","trailer_definition":"trailer_def.scs.log.single_3.steel","units_count":2,"fill_ratio":1,"trailer_place":0},{"target":"blt.kaunas","urgency":0,"shortest_distance_km":173,"ferry_time":0,"ferry_price":0,"cargo":"cargo.concr_beams2","company_truck":"man_6x4_b","trailer_variant":"trailer.scs_flat_r","trailer_definition":"trailer_def.scs.flatbed.single_3.flatbed_w","units_count":2,"fill_ratio":1,"trailer_place":0}],"suprema.parnu":[{"target":"sal_fi.helsinki","urgency":1,"shortest_distance_km":212,"ferry_time":150,"ferry_price":430,"cargo":"cargo.used_plast","company_truck":"daf_4x2_a","trailer_variant":"trailer.scs_dry_s","trailer_definition":"trailer_def.scs.box.single_3.dryvan","units_count":33,"fill_ratio":1,"trailer_place":0},{"target":"ateria.helsinki","urgency":2,"shortest_distance_km":275,"ferry_time":150,"ferry_price":430,"cargo":"cargo.empty_palet","company_truck":"renault_premium_4x2_a","trailer_variant":"trailer.scs_curt","trailer_definition":"trailer_def.scs.box.single_3.curtain","units_count":33,"fill_ratio":1,"trailer_place":0}],"egres.kouvola":[{"target":"suprema.lahti","urgency":1,"shortest_distance_km":104,"ferry_time":0,"ferry_price":0,"cargo":"cargo.tomatoes","company_truck":"double/mercedes_4x2_a","trailer_variant":"trailer.scs_ins_2","trailer_definition":"trailer_def.scs.box.double_3_2.insulated","units_count":53,"fill_ratio":1,"trailer_place":0}],"ika_bohag.helsinki":[{"target":"renar.tampere","urgency":0,"shortest_distance_km":220,"ferry_time":0,"ferry_price":0,"cargo":"cargo.used_packag","company_truck":"scania_4x2_b","trailer_variant":"trailer.scs_curt_a","trailer_definition":"trailer_def.scs.box.single_3.curtain","units_count":33,"fill_ratio":1,"trailer_place":0},{"target":"ibp.naantali","urgency":2,"shortest_distance_km":197,"ferry_time":0,"ferry_price":0,"cargo":"cargo.empty_palet","company_truck":"renault_t_4x2h","trailer_variant":"trailer.scs_dry","trailer_definition":"trailer_def.scs.box.single_3.dryvan","units_count":33,"fill_ratio":1,"trailer_place":0}],"ns_oil.tallinn":[{"target":"bltmetal.liepaja","urgency":1,"shortest_distance_km":553,"ferry_time":0,"ferry_price":0,"cargo":"cargo.diesel","company_truck":"daf_xf_euro6_4x2_c","trailer_variant":"trailer.fuel_cistern","trailer_definition":"trailer_def.diesel.fuel_cistern","units_count":94,"fill_ratio":1,"trailer_place":0},{"target":"lintukainen.tallinn","urgency":1,"shortest_distance_km":1,"ferry_time":0,"ferry_price":0,"cargo":"cargo.oil","company_truck":"renault_t_4x2","trailer_variant":"trailer.willig.fuel_cistern","trailer_definition":"trailer_def.oil.willig.fuel_cistern","units_count":101,"fill_ratio":1,"trailer_place":0}],"cemelt_bas.kaunas":[{"target":"kivi.riga","urgency":1,"shortest_distance_km":310,"ferry_time":0,"ferry_price":0,"cargo":"cargo.excavator","company_truck":"daf_xf_euro6_6x2_a","trailer_variant":"trailer.overweight.excavator","trailer_definition":"trailer_def.excavator.overweight.excavator","units_count":94,"fill_ratio":1,"trailer_place":0},{"target":"nch.vilnius","urgency":0,"shortest_distance_km":98,"ferry_time":0,"ferry_price":0,"cargo":"cargo.excav_soil","company_truck":"daf_4x2_a","trailer_variant":"trailer.s_ki_solid.cover","trailer_definition":"trailer_def.excav_soil.s_ki_solid.cover","units_count":99,"fill_ratio":1,"trailer_place":0}],"cont_port.tallinn":[{"target":"renar.parnu","urgency":0,"shortest_distance_km":178,"ferry_time":0,"ferry_price":0,"cargo":"cargo.beverages_c","company_truck":"renault_magnum_6x4_a","trailer_variant":"trailer.scs_gosck20","trailer_definition":"trailer_def.scs.gooseneck.singl_3e_20.container","units_count":15,"fill_ratio":1,"trailer_place":0},{"target":"bltmetal.tallinn","urgency":1,"shortest_distance_km":96,"ferry_time":0,"ferry_price":0,"cargo":"cargo.motor_oil_c","company_truck":"renault_premium_6x2_a","trailer_variant":"trailer.scs_flat_c_r","trailer_definition":"trailer_def.scs.flatbed.single_3.container","units_count":33,"fill_ratio":1,"trailer_place":0}],"ukko.olkiluoto":[{"target":"lintukainen.tallinn","urgency":1,"shortest_distance_km":339,"ferry_time":150,"ferry_price":430,"cargo":"cargo.excavator","company_truck":"mercedes_4x2_b","trailer_variant":"trailer.overweight.excavator","trailer_definition":"trailer_def.excavator.overweight.excavator","units_count":94,"fill_ratio":1,"trailer_place":0}],"polarislines.ventspils":[{"target":"bltmetal.liepaja","urgency":1,"shortest_distance_km":93,"ferry_time":0,"ferry_price":0,"cargo":"cargo.motor_oil_c","company_truck":"renault_t_4x2h","trailer_variant":"trailer.scs_gosck40","trailer_definition":"trailer_def.scs.gooseneck.singl_3e_40.container","units_count":30,"fill_ratio":1,"trailer_place":0},{"target":"gnt.panevezys","urgency":1,"shortest_distance_km":242,"ferry_time":0,"ferry_price":0,"cargo":"cargo.tyres","company_truck":"scania_r_6x2_450","trailer_variant":"trailer.scs_dry_s","trailer_definition":"trailer_def.scs.box.single_3.dryvan","units_count":33,"fill_ratio":1,"trailer_place":0}],"baltomors_ru.petersburg":[{"target":"rosmark_ru.vyborg","urgency":2,"shortest_distance_km":200,"ferry_time":0,"ferry_price":0,"cargo":"cargo.empty_palet","company_truck":"man_6x4_b","trailer_variant":"trailer.scs_curt","trailer_definition":"trailer_def.scs.box.single_3.curtain","units_count":33,"fill_ratio":1,"trailer_place":0}],"blt_yacht_ru.petersburg":[{"target":"rosmark_ru.luga","urgency":2,"shortest_distance_km":207,"ferry_time":0,"ferry_price":0,"cargo":"cargo.scrap_metals","company_truck":"mercedes_4x2","trailer_variant":"trailer.s_ki_solid.cover","trailer_definition":"trailer_def.scrap_metals.s_ki_solid.cover","units_count":100,"fill_ratio":1,"trailer_place":0}],"suprema.panevezys":[{"target":"nosko.utena","urgency":2,"shortest_distance_km":171,"ferry_time":0,"ferry_price":0,"cargo":"cargo.empty_palet","company_truck":"renault_premium_6x2_a","trailer_variant":"trailer.scs_dry_s","trailer_definition":"trailer_def.scs.box.single_3.dryvan","units_count":33,"fill_ratio":1,"trailer_place":0},{"target":"renar.parnu","urgency":1,"shortest_distance_km":298,"ferry_time":0,"ferry_price":0,"cargo":"cargo.used_plast","company_truck":"daf_4x2_b","trailer_variant":"trailer.scs_dry_a","trailer_definition":"trailer_def.scs.box.single_3.dryvan","units_count":33,"fill_ratio":1,"trailer_place":0},{"target":"rosmark.liepaja","urgency":0,"shortest_distance_km":248,"ferry_time":0,"ferry_price":0,"cargo":"cargo.used_packag","company_truck":"scania_4x2_b","trailer_variant":"trailer.scs_dry_m","trailer_definition":"trailer_def.scs.box.single_3.dryvan_m","units_count":33,"fill_ratio":1,"trailer_place":0}],"radus.tampere":[{"target":"kivi.kotka","urgency":0,"shortest_distance_km":351,"ferry_time":0,"ferry_price":0,"cargo":"cargo.emptytank","company_truck":"man_6x4_b","trailer_variant":"trailer.scs_flat_b","trailer_definition":"trailer_def.scs.flatbed.single_3.flatbed_w","units_count":2,"fill_ratio":1,"trailer_place":0}],"ns_oil.klaipeda":[{"target":"blt.siauliai","urgency":1,"shortest_distance_km":146,"ferry_time":0,"ferry_price":0,"cargo":"cargo.diesel","company_truck":"mercedes_6x4_a","trailer_variant":"trailer.willig.fuel_cistern","trailer_definition":"trailer_def.diesel.willig.fuel_cistern","units_count":95,"fill_ratio":1,"trailer_place":0},{"target":"ladoga_ru.kaliningrad","urgency":1,"shortest_distance_km":318,"ferry_time":0,"ferry_price":0,"cargo":"cargo.motor_oil_c","company_truck":"mercedes_4x2","trailer_variant":"trailer.scs_gosck220","trailer_definition":"trailer_def.scs.gooseneck.singl_3e_220.container","units_count":30,"fill_ratio":1,"trailer_place":0},{"target":"bltmetal.siauliai","urgency":0,"shortest_distance_km":146,"ferry_time":0,"ferry_price":0,"cargo":"cargo.petrol","company_truck":"scania_r_6x4_650","trailer_variant":"trailer.willig.fuel_cistern","trailer_definition":"trailer_def.petrol.willig.fuel_cistern","units_count":101,"fill_ratio":1,"trailer_place":0}],"suprema.tartu":[{"target":"renar.tallinn","urgency":1,"shortest_distance_km":218,"ferry_time":0,"ferry_price":0,"cargo":"cargo.used_plast","company_truck":"renault_magnum_6x2_a","trailer_variant":"trailer.scs_curt_a","trailer_definition":"trailer_def.scs.box.single_3.curtain","units_count":33,"fill_ratio":1,"trailer_place":0},{"target":"renar.tallinn","urgency":2,"shortest_distance_km":218,"ferry_time":0,"ferry_price":0,"cargo":"cargo.empty_palet","company_truck":"man_6x4_b","trailer_variant":"trailer.scs_dry_a","trailer_definition":"trailer_def.scs.box.single_3.dryvan","units_count":33,"fill_ratio":1,"trailer_place":0}],"baltomorsk.rezekne":[{"target":"rosmark_ru.vyborg","urgency":1,"shortest_distance_km":541,"ferry_time":0,"ferry_price":0,"cargo":"cargo.excavator","company_truck":"renault_t_4x2","trailer_variant":"trailer.overweight.excavator","trailer_definition":"trailer_def.excavator.overweight.excavator","units_count":94,"fill_ratio":1,"trailer_place":0},{"target":"pk_medved_ru.petersburg","urgency":2,"shortest_distance_km":406,"ferry_time":0,"ferry_price":0,"cargo":"cargo.empty_palet","company_truck":"scania_streamline_4x2_c","trailer_variant":"trailer.scs_curt_a","trailer_definition":"trailer_def.scs.box.single_3.curtain","units_count":33,"fill_ratio":1,"trailer_place":0}],"eviksi.riga":[{"target":"rosmark.rezekne","urgency":1,"shortest_distance_km":300,"ferry_time":0,"ferry_price":0,"cargo":"cargo.potatoes","company_truck":"man_6x4_b","trailer_variant":"trailer.scs_dry","trailer_definition":"trailer_def.scs.box.single_3.dryvan","units_count":33,"fill_ratio":1,"trailer_place":0}],"cont_port.pori":[{"target":"suprema.tampere","urgency":0,"shortest_distance_km":208,"ferry_time":0,"ferry_price":0,"cargo":"cargo.clothes_c","company_truck":"scania_s_6x2_450","trailer_variant":"trailer.scs_flat_c_r","trailer_definition":"trailer_def.scs.flatbed.single_3.container","units_count":33,"fill_ratio":1,"trailer_place":0},{"target":"ladoga.turku","urgency":1,"shortest_distance_km":135,"ferry_time":0,"ferry_price":0,"cargo":"cargo.motor_oil_c","company_truck":"scania_r_6x4_650","trailer_variant":"trailer.scs_gosck20","trailer_definition":"trailer_def.scs.gooseneck.singl_3e_20.container","units_count":15,"fill_ratio":1,"trailer_place":0}],"blt_yacht.turku":[{"target":"renar.tampere","urgency":2,"shortest_distance_km":110,"ferry_time":0,"ferry_price":0,"cargo":"cargo.scrap_metals","company_truck":"scania_r_4x2_370","trailer_variant":"trailer.s_ki_solid.cover","trailer_definition":"trailer_def.scrap_metals.s_ki_solid.cover","units_count":100,"fill_ratio":1,"trailer_place":0}],"ladoga_ru.petersburg":[{"target":"renar.kotka","urgency":2,"shortest_distance_km":295,"ferry_time":0,"ferry_price":0,"cargo":"cargo.used_battery","company_truck":"man_6x4_b","trailer_variant":"trailer.scs_dry_m","trailer_definition":"trailer_def.scs.box.single_3.dryvan_m","units_count":33,"fill_ratio":1,"trailer_place":0},{"target":"bhv.kaunas","urgency":2,"shortest_distance_km":814,"ferry_time":0,"ferry_price":0,"cargo":"cargo.car_balt1","company_truck":"daf_4x2_a","trailer_variant":"trailer.car_trans_b","trailer_definition":"trailer_def.car_balt1.car_trans_b","units_count":100,"fill_ratio":1,"trailer_place":0},{"target":"renar.narva","urgency":1,"shortest_distance_km":203,"ferry_time":0,"ferry_price":0,"cargo":"cargo.used_plast_c","company_truck":"mercedes_4x2_a","trailer_variant":"trailer.scs_flat_c_g","trailer_definition":"trailer_def.scs.flatbed.single_3.container","units_count":33,"fill_ratio":1,"trailer_place":0}],"rosmark.riga":[{"target":"onnelik.parnu","urgency":0,"shortest_distance_km":205,"ferry_time":0,"ferry_price":0,"cargo":"cargo.mason_jars","company_truck":"man_6x4_b","trailer_variant":"trailer.scs_curt","trailer_definition":"trailer_def.scs.box.single_3.curtain","units_count":33,"fill_ratio":1,"trailer_place":0}],"baltomorsk.daugavpils":[{"target":"agrominta_a.utena","urgency":0,"shortest_distance_km":158,"ferry_time":0,"ferry_price":0,"cargo":"cargo.sawpanels","company_truck":"mercedes_actros_2014_6x4_b","trailer_variant":"trailer.scs_dry_a","trailer_definition":"trailer_def.scs.box.single_3.dryvan","units_count":33,"fill_ratio":1,"trailer_place":0},{"target":"gnt.panevezys","urgency":0,"shortest_distance_km":304,"ferry_time":0,"ferry_price":0,"cargo":"cargo.wshavings","company_truck":"renault_premium_4x2_c","trailer_variant":"trailer.s_ki_solid.cover","trailer_definition":"trailer_def.wshavings.s_ki_solid.cover","units_count":100,"fill_ratio":1,"trailer_place":0}],"kivi.kotka":[{"target":"kamen_ru.vyborg","urgency":1,"shortest_distance_km":190,"ferry_time":0,"ferry_price":0,"cargo":"cargo.excavator","company_truck":"man_6x4_b","trailer_variant":"trailer.overweight.excavator","trailer_definition":"trailer_def.excavator.overweight.excavator","units_count":94,"fill_ratio":1,"trailer_place":0},{"target":"domdepo_ru.vyborg","urgency":1,"shortest_distance_km":174,"ferry_time":0,"ferry_price":0,"cargo":"cargo.stone_dust","company_truck":"scania_6x2_b","trailer_variant":"trailer.s_ki_solid.cover","trailer_definition":"trailer_def.stone_dust.s_ki_solid.cover","units_count":100,"fill_ratio":1,"trailer_place":0},{"target":"sal_fi.kouvola","urgency":2,"shortest_distance_km":121,"ferry_time":0,"ferry_price":0,"cargo":"cargo.gravel","company_truck":"renault_magnum_4x2_a","trailer_variant":"trailer.s_ki_solid.gravel","trailer_definition":"trailer_def.gravel.s_ki_solid.gravel","units_count":100,"fill_ratio":1,"trailer_place":0}],"nch.turku":[{"target":"sal_fi.pori","urgency":0,"shortest_distance_km":108,"ferry_time":0,"ferry_price":0,"cargo":"cargo.floorpanels","company_truck":"mercedes_4x2_c","trailer_variant":"trailer.panel_trans.floor","trailer_definition":"trailer_def.floorpanels.panel_trans.floor","units_count":82,"fill_ratio":1,"trailer_place":0},{"target":"kivi.turku","urgency":0,"shortest_distance_km":88,"ferry_time":0,"ferry_price":0,"cargo":"cargo.digger500","company_truck":"iveco_4x2_a","trailer_variant":"trailer.overweight.digger500","trailer_definition":"trailer_def.digger500.overweight.digger500","units_count":100,"fill_ratio":1,"trailer_place":0}],"baltomors_ru.vyborg":[{"target":"ateria.helsinki","urgency":2,"shortest_distance_km":265,"ferry_time":0,"ferry_price":0,"cargo":"cargo.empty_palet","company_truck":"renault_magnum_4x2_a","trailer_variant":"trailer.scs_curt_s","trailer_definition":"trailer_def.scs.box.single_3.curtain","units_count":33,"fill_ratio":1,"trailer_place":0}],"viljo_paper.tampere":[{"target":"suprema.tampere","urgency":0,"shortest_distance_km":112,"ferry_time":0,"ferry_price":0,"cargo":"cargo.paper","company_truck":"iveco_h_4x2_a","trailer_variant":"trailer.scs_dry","trailer_definition":"trailer_def.scs.box.single_3.dryvan","units_count":33,"fill_ratio":1,"trailer_place":0}],"blt.utena":[{"target":"renar.lahti","urgency":0,"shortest_distance_km":769,"ferry_time":150,"ferry_price":430,"cargo":"cargo.princess","company_truck":"scania_s_6x4_730","trailer_variant":"trailer.overweight.boat","trailer_definition":"trailer_def.princess.overweight.boat","units_count":100,"fill_ratio":1,"trailer_place":0},{"target":"gnt.panevezys","urgency":0,"shortest_distance_km":190,"ferry_time":0,"ferry_price":0,"cargo":"cargo.roofing_felt","company_truck":"man_6x4_b","trailer_variant":"trailer.scs_curt_a","trailer_definition":"trailer_def.scs.box.single_3.curtain","units_count":33,"fill_ratio":1,"trailer_place":0},{"target":"nch.vilnius","urgency":1,"shortest_distance_km":85,"ferry_time":0,"ferry_price":0,"cargo":"cargo.tyres","company_truck":"man_6x4_b","trailer_variant":"trailer.scs_dry_ms","trailer_definition":"trailer_def.scs.box.single_3.dryvan_m","units_count":33,"fill_ratio":1,"trailer_place":0}],"ns_oil.paldiski":[{"target":"nch.vilnius","urgency":1,"shortest_distance_km":519,"ferry_time":0,"ferry_price":0,"cargo":"cargo.motor_oil_c","company_truck":"scania_r_6x4_650","trailer_variant":"trailer.scs_flat_c_r","trailer_definition":"trailer_def.scs.flatbed.single_3.container","units_count":33,"fill_ratio":1,"trailer_place":0},{"target":"nch.vilnius","urgency":1,"shortest_distance_km":519,"ferry_time":0,"ferry_price":0,"cargo":"cargo.lpg","company_truck":"daf_4x2_b","trailer_variant":"trailer.willig.fuel_cistern","trailer_definition":"trailer_def.lpg.willig.fuel_cistern","units_count":101,"fill_ratio":1,"trailer_place":0}],"blt.kunda":[{"target":"renar.tampere","urgency":2,"shortest_distance_km":362,"ferry_time":150,"ferry_price":430,"cargo":"cargo.drymilk","company_truck":"scania_streamline_4x2_a","trailer_variant":"trailer.scs_dry","trailer_definition":"trailer_def.scs.box.single_3.dryvan","units_count":33,"fill_ratio":1,"trailer_place":0},{"target":"renar.turku","urgency":0,"shortest_distance_km":336,"ferry_time":150,"ferry_price":430,"cargo":"cargo.emptytank","company_truck":"scania_s_4x2_580","trailer_variant":"trailer.scs_flat_b","trailer_definition":"trailer_def.scs.flatbed.single_3.flatbed_w","units_count":2,"fill_ratio":1,"trailer_place":0},{"target":"renar.narva","urgency":0,"shortest_distance_km":84,"ferry_time":0,"ferry_price":0,"cargo":"cargo.beverages_c","company_truck":"man_6x4_b","trailer_variant":"trailer.scs_gosck40","trailer_definition":"trailer_def.scs.gooseneck.singl_3e_40.container","units_count":30,"fill_ratio":1,"trailer_place":0}],"lintukainen.pori":[{"target":"viljo_paper.tampere","urgency":0,"shortest_distance_km":153,"ferry_time":0,"ferry_price":0,"cargo":"cargo.wshavings","company_truck":"man_tgx_euro6_6x4_xlx","trailer_variant":"trailer.s_ki_solid.cover","trailer_definition":"trailer_def.wshavings.s_ki_solid.cover","units_count":100,"fill_ratio":1,"trailer_place":0}],"agrominta.utena":[{"target":"blt.utena","urgency":1,"shortest_distance_km":30,"ferry_time":0,"ferry_price":0,"cargo":"cargo.potatoes","company_truck":"man_tgx_euro6_4x2_xxl","trailer_variant":"trailer.scs_curt","trailer_definition":"trailer_def.scs.box.single_3.curtain","units_count":33,"fill_ratio":1,"trailer_place":0}],"ee_paper.kunda":[{"target":"rosmark.riga","urgency":0,"shortest_distance_km":408,"ferry_time":0,"ferry_price":0,"cargo":"cargo.emptytank","company_truck":"man_tgx_euro6_6x4_xlx","trailer_variant":"trailer.scs_flat_c_r","trailer_definition":"trailer_def.scs.flatbed.single_3.container","units_count":2,"fill_ratio":1,"trailer_place":0}],"baltomors_ru.pskov":[{"target":"eviksi.daugavpils","urgency":0,"shortest_distance_km":252,"ferry_time":0,"ferry_price":0,"cargo":"cargo.sawpanels","company_truck":"scania_r_6x4_650","trailer_variant":"trailer.scs_curt_s","trailer_definition":"trailer_def.scs.box.single_3.curtain","units_count":33,"fill_ratio":1,"trailer_place":0}],"marina_it.tallinn":[{"target":"renar.narva","urgency":0,"shortest_distance_km":179,"ferry_time":0,"ferry_price":0,"cargo":"cargo.princess","company_truck":"scania_s_4x2_370","trailer_variant":"trailer.overweight.boat","trailer_definition":"trailer_def.princess.overweight.boat","units_count":100,"fill_ratio":1,"trailer_place":0}],"sal_fi.pori":[{"target":"renar.tallinn","urgency":0,"shortest_distance_km":348,"ferry_time":150,"ferry_price":430,"cargo":"cargo.flour","company_truck":"scania_s_4x2_370","trailer_variant":"trailer.scs_dry","trailer_definition":"trailer_def.scs.box.single_3.dryvan","units_count":33,"fill_ratio":1,"trailer_place":0},{"target":"blt.kunda","urgency":2,"shortest_distance_km":376,"ferry_time":150,"ferry_price":430,"cargo":"cargo.precast_strs","company_truck":"daf_xf_euro6_4x2_b","trailer_variant":"trailer.scs_dry_a","trailer_definition":"trailer_def.scs.box.single_3.dryvan","units_count":33,"fill_ratio":1,"trailer_place":0},{"target":"renar.parnu","urgency":0,"shortest_distance_km":424,"ferry_time":150,"ferry_price":430,"cargo":"cargo.used_packag","company_truck":"daf_xf_euro6_6x2_a","trailer_variant":"trailer.scs_dry_ms","trailer_definition":"trailer_def.scs.box.single_3.dryvan_m","units_count":33,"fill_ratio":1,"trailer_place":0}],"bhv.panevezys":[{"target":"rosmark.liepaja","urgency":2,"shortest_distance_km":246,"ferry_time":0,"ferry_price":0,"cargo":"cargo.car_balt1","company_truck":"iveco_4x2_a","trailer_variant":"trailer.car_trans_b","trailer_definition":"trailer_def.car_balt1.car_trans_b","units_count":100,"fill_ratio":1,"trailer_place":0}],"ns_oil_ru.pskov":[{"target":"baltomorsk.daugavpils","urgency":1,"shortest_distance_km":262,"ferry_time":0,"ferry_price":0,"cargo":"cargo.diesel","company_truck":"man_6x4_b","trailer_variant":"trailer.willig.fuel_cistern","trailer_definition":"trailer_def.diesel.willig.fuel_cistern","units_count":95,"fill_ratio":1,"trailer_place":0},{"target":"blt.tartu","urgency":1,"shortest_distance_km":144,"ferry_time":0,"ferry_price":0,"cargo":"cargo.oil","company_truck":"daf_xf_euro6_4x2_a","trailer_variant":"trailer.willig.fuel_cistern","trailer_definition":"trailer_def.oil.willig.fuel_cistern","units_count":101,"fill_ratio":1,"trailer_place":0},{"target":"ladoga_ru.petersburg","urgency":1,"shortest_distance_km":350,"ferry_time":0,"ferry_price":0,"cargo":"cargo.motor_oil","company_truck":"mercedes_4x2_b","trailer_variant":"trailer.scs_dry_s","trailer_definition":"trailer_def.scs.box.single_3.dryvan","units_count":33,"fill_ratio":1,"trailer_place":0},{"target":"nch_ru.petersburg","urgency":1,"shortest_distance_km":252,"ferry_time":0,"ferry_price":0,"cargo":"cargo.lpg","company_truck":"scania_streamline_4x2_c","trailer_variant":"trailer.willig.fuel_cistern","trailer_definition":"trailer_def.lpg.willig.fuel_cistern","units_count":101,"fill_ratio":1,"trailer_place":0},{"target":"baltomorsk.ventspils","urgency":0,"shortest_distance_km":462,"ferry_time":0,"ferry_price":0,"cargo":"cargo.kerosene","company_truck":"scania_s_4x2_370","trailer_variant":"trailer.fuel_cistern","trailer_definition":"trailer_def.kerosene.fuel_cistern","units_count":100,"fill_ratio":1,"trailer_place":0}],"viln_paper.vilnius":[{"target":"gnt.vilnius","urgency":0,"shortest_distance_km":72,"ferry_time":0,"ferry_price":0,"cargo":"cargo.paper","company_truck":"scania_4x2_b","trailer_variant":"trailer.scs_curt_a","trailer_definition":"trailer_def.scs.box.single_3.curtain","units_count":33,"fill_ratio":1,"trailer_place":0},{"target":"gnt.panevezys","urgency":2,"shortest_distance_km":231,"ferry_time":0,"ferry_price":0,"cargo":"cargo.empty_palet","company_truck":"man_6x4_b","trailer_variant":"trailer.scs_dry_s","trailer_definition":"trailer_def.scs.box.single_3.dryvan","units_count":33,"fill_ratio":1,"trailer_place":0}],"renar.narva":[{"target":"gnt.panevezys","urgency":0,"shortest_distance_km":575,"ferry_time":0,"ferry_price":0,"cargo":"cargo.beans","company_truck":"renault_magnum_4x2_a","trailer_variant":"trailer.scs_dry_s","trailer_definition":"trailer_def.scs.box.single_3.dryvan","units_count":33,"fill_ratio":1,"trailer_place":0}],"blt.siauliai":[{"target":"rosmark.rezekne","urgency":0,"shortest_distance_km":386,"ferry_time":0,"ferry_price":0,"cargo":"cargo.roofing_felt","company_truck":"iveco_4x2_c","trailer_variant":"trailer.scs_dry_ms","trailer_definition":"trailer_def.scs.box.single_3.dryvan_m","units_count":33,"fill_ratio":1,"trailer_place":0}],"suprema.kaunas":[{"target":"gnt.vilnius","urgency":0,"shortest_distance_km":97,"ferry_time":0,"ferry_price":0,"cargo":"cargo.used_packag","company_truck":"scania_s_4x2_370","trailer_variant":"trailer.scs_dry_a","trailer_definition":"trailer_def.scs.box.single_3.dryvan","units_count":33,"fill_ratio":1,"trailer_place":0}],"renat.helsinki":[{"target":"sal_fi.kouvola","urgency":0,"shortest_distance_km":282,"ferry_time":0,"ferry_price":0,"cargo":"cargo.furniture","company_truck":"daf_6x2_a","trailer_variant":"trailer.scs_curt","trailer_definition":"trailer_def.scs.box.single_3.curtain","units_count":33,"fill_ratio":1,"trailer_place":0}],"suprema_ru.kaliningrad":[{"target":"nch.vilnius","urgency":0,"shortest_distance_km":306,"ferry_time":0,"ferry_price":0,"cargo":"cargo.used_packag","company_truck":"scania_4x2_b","trailer_variant":"trailer.scs_dry","trailer_definition":"trailer_def.scs.box.single_3.dryvan","units_count":33,"fill_ratio":1,"trailer_place":0}],"sal_fi.kouvola":[{"target":"nch.vilnius","urgency":1,"shortest_distance_km":820,"ferry_time":150,"ferry_price":430,"cargo":"cargo.digger1000","company_truck":"renault_premium_4x2_a","trailer_variant":"trailer.overweight.digger1000","trailer_definition":"trailer_def.digger1000.overweight.digger1000","units_count":100,"fill_ratio":1,"trailer_place":0}],"ns_chem.kaunas":[{"target":"nch.riga","urgency":0,"shortest_distance_km":285,"ferry_time":0,"ferry_price":0,"cargo":"cargo.nitrocel","company_truck":"daf_4x2_a","trailer_variant":"trailer.scs_flat_c_g","trailer_definition":"trailer_def.scs.flatbed.single_3.container","units_count":87,"fill_ratio":1,"trailer_place":0},{"target":"nch.vilnius","urgency":0,"shortest_distance_km":90,"ferry_time":0,"ferry_price":0,"cargo":"cargo.mercuric","company_truck":"daf_4x2_b","trailer_variant":"trailer.scs_gosck220","trailer_definition":"trailer_def.scs.gooseneck.singl_3e_220.container","units_count":80,"fill_ratio":1,"trailer_place":0},{"target":"baltomorsk.klaipeda","urgency":0,"shortest_distance_km":218,"ferry_time":0,"ferry_price":0,"cargo":"cargo.chemicals","company_truck":"man_6x4_b","trailer_variant":"trailer.chcistern","trailer_definition":"trailer_def.chemicals.chcistern","units_count":100,"fill_ratio":1,"trailer_place":0}],"renar.tampere":[{"target":"ukko.olkiluoto","urgency":2,"shortest_distance_km":128,"ferry_time":0,"ferry_price":0,"cargo":"cargo.bottle_water","company_truck":"mercedes_4x2_b","trailer_variant":"trailer.scs_dry_m","trailer_definition":"trailer_def.scs.box.single_3.dryvan_m","units_count":33,"fill_ratio":1,"trailer_place":0}],"ika_ru.petersburg":[{"target":"blt.paldiski","urgency":0,"shortest_distance_km":458,"ferry_time":0,"ferry_price":0,"cargo":"cargo.used_packag","company_truck":"mercedes_6x4_a","trailer_variant":"trailer.scs_curt_a","trailer_definition":"trailer_def.scs.box.single_3.curtain","units_count":33,"fill_ratio":1,"trailer_place":0},{"target":"sal_fi.pori","urgency":2,"shortest_distance_km":704,"ferry_time":0,"ferry_price":0,"cargo":"cargo.empty_palet","company_truck":"mercedes_actros_2014_6x2_a","trailer_variant":"trailer.scs_dry_a","trailer_definition":"trailer_def.scs.box.single_3.dryvan","units_count":33,"fill_ratio":1,"trailer_place":0}],"rosmark_ru.luga":[{"target":"blt_ru.petersburg","urgency":1,"shortest_distance_km":200,"ferry_time":0,"ferry_price":0,"cargo":"cargo.roof_tiles","company_truck":"man_6x4_b","trailer_variant":"trailer.scs_brick_b","trailer_definition":"trailer_def.scs.flatbed.single_3.brick","units_count":33,"fill_ratio":1,"trailer_place":0}],"zelenye.petersburg":[{"target":"rosmark_ru.vyborg","urgency":1,"shortest_distance_km":204,"ferry_time":0,"ferry_price":0,"cargo":"cargo.potatoes","company_truck":"scania_streamline_4x2_b","trailer_variant":"trailer.scs_dry","trailer_definition":"trailer_def.scs.box.single_3.dryvan","units_count":33,"fill_ratio":1,"trailer_place":0},{"target":"gnt.valmiera","urgency":1,"shortest_distance_km":514,"ferry_time":0,"ferry_price":0,"cargo":"cargo.apples_c","company_truck":"scania_streamline_4x2_b","trailer_variant":"trailer.scs_gosck20","trailer_definition":"trailer_def.scs.gooseneck.singl_3e_20.container","units_count":15,"fill_ratio":1,"trailer_place":0}],"fintyre_ru.petersburg":[{"target":"severoatm_ru.sosnovy_bor","urgency":2,"shortest_distance_km":273,"ferry_time":0,"ferry_price":0,"cargo":"cargo.forklifts","company_truck":"renault_t_4x2","trailer_variant":"trailer.overweight.forklifts","trailer_definition":"trailer_def.forklifts.overweight.forklifts","units_count":100,"fill_ratio":1,"trailer_place":0},{"target":"ladoga_ru.petersburg","urgency":1,"shortest_distance_km":168,"ferry_time":0,"ferry_price":0,"cargo":"cargo.tyres","company_truck":"mercedes_actros_2014_4x2_c","trailer_variant":"trailer.scs_curt_s","trailer_definition":"trailer_def.scs.box.single_3.curtain","units_count":33,"fill_ratio":1,"trailer_place":0},{"target":"ns_oil.kotka","urgency":2,"shortest_distance_km":394,"ferry_time":0,"ferry_price":0,"cargo":"cargo.empty_palet","company_truck":"scania_6x2_b","trailer_variant":"trailer.scs_curt_s","trailer_definition":"trailer_def.scs.box.single_3.curtain","units_count":33,"fill_ratio":1,"trailer_place":0}],"ns_oil.valmiera":[{"target":"bltmetal.siauliai","urgency":1,"shortest_distance_km":232,"ferry_time":0,"ferry_price":0,"cargo":"cargo.diesel","company_truck":"mercedes_actros_2014_4x2_c","trailer_variant":"trailer.willig.fuel_cistern","trailer_definition":"trailer_def.diesel.willig.fuel_cistern","units_count":95,"fill_ratio":1,"trailer_place":0},{"target":"cont_port_ru.petersburg","urgency":1,"shortest_distance_km":487,"ferry_time":0,"ferry_price":0,"cargo":"cargo.motor_oil_c","company_truck":"renault_premium_6x2_a","trailer_variant":"trailer.scs_flat_c_g","trailer_definition":"trailer_def.scs.flatbed.single_3.container","units_count":33,"fill_ratio":1,"trailer_place":0},{"target":"baltomorsk.kaunas","urgency":0,"shortest_distance_km":297,"ferry_time":0,"ferry_price":0,"cargo":"cargo.kerosene","company_truck":"mercedes_actros_2014_4x2_b","trailer_variant":"trailer.fuel_cistern","trailer_definition":"trailer_def.kerosene.fuel_cistern","units_count":100,"fill_ratio":1,"trailer_place":0}],"onnelik.narva":[{"target":"nch_ru.petersburg","urgency":0,"shortest_distance_km":198,"ferry_time":0,"ferry_price":0,"cargo":"cargo.apples","company_truck":"scania_r_4x2_520","trailer_variant":"trailer.scs_curt_a","trailer_definition":"trailer_def.scs.box.single_3.curtain","units_count":33,"fill_ratio":1,"trailer_place":0},{"target":"rosmark_ru.vyborg","urgency":1,"shortest_distance_km":310,"ferry_time":0,"ferry_price":0,"cargo":"cargo.potatoes","company_truck":"man_6x4_b","trailer_variant":"trailer.scs_curt_a","trailer_definition":"trailer_def.scs.box.single_3.curtain","units_count":33,"fill_ratio":1,"trailer_place":0}],"gnt.klaipeda":[{"target":"lintukainen.pori","urgency":0,"shortest_distance_km":903,"ferry_time":150,"ferry_price":430,"cargo":"cargo.diggers","company_truck":"daf_xf_euro6_6x2_a","trailer_variant":"trailer.overweight.digger","trailer_definition":"trailer_def.diggers.overweight.digger","units_count":98,"fill_ratio":1,"trailer_place":0}],"eviksi_a.valmiera":[{"target":"renar.parnu","urgency":1,"shortest_distance_km":249,"ferry_time":0,"ferry_price":0,"cargo":"cargo.cheese","company_truck":"man_tgx_euro6_4x2_xl","trailer_variant":"trailer.scs_ins","trailer_definition":"trailer_def.scs.box.single_3.insulated","units_count":33,"fill_ratio":1,"trailer_place":0}],"bltmetal.pori":[{"target":"blt_yacht_ru.petersburg","urgency":0,"shortest_distance_km":643,"ferry_time":0,"ferry_price":0,"cargo":"cargo.floorpanels","company_truck":"iveco_4x2_b","trailer_variant":"trailer.panel_trans.floor","trailer_definition":"trailer_def.floorpanels.panel_trans.floor","units_count":82,"fill_ratio":1,"trailer_place":0},{"target":"nch.turku","urgency":0,"shortest_distance_km":147,"ferry_time":0,"ferry_price":0,"cargo":"cargo.overweight","company_truck":"iveco_4x2_a","trailer_variant":"trailer.scs_flat_c_r","trailer_definition":"trailer_def.scs.flatbed.single_3.container","units_count":1,"fill_ratio":1,"trailer_place":0}],"ibp.naantali":[{"target":"ns_oil_ru.pskov","urgency":1,"shortest_distance_km":548,"ferry_time":150,"ferry_price":430,"cargo":"cargo.lpg","company_truck":"scania_streamline_4x2_b","trailer_variant":"trailer.fuel_cistern","trailer_definition":"trailer_def.lpg.fuel_cistern","units_count":100,"fill_ratio":1,"trailer_place":0}],"ns_oil.daugavpils":[{"target":"baltomorsk.daugavpils","urgency":0,"shortest_distance_km":5,"ferry_time":0,"ferry_price":0,"cargo":"cargo.petrol","company_truck":"scania_streamline_6x4_a","trailer_variant":"trailer.willig.fuel_cistern","trailer_definition":"trailer_def.petrol.willig.fuel_cistern","units_count":101,"fill_ratio":1,"trailer_place":0},{"target":"agrominta_a.utena","urgency":1,"shortest_distance_km":163,"ferry_time":0,"ferry_price":0,"cargo":"cargo.diesel","company_truck":"iveco_4x2_a","trailer_variant":"trailer.fuel_cistern","trailer_definition":"trailer_def.diesel.fuel_cistern","units_count":94,"fill_ratio":1,"trailer_place":0},{"target":"blt.siauliai","urgency":1,"shortest_distance_km":307,"ferry_time":0,"ferry_price":0,"cargo":"cargo.oil","company_truck":"scania_streamline_6x2_b","trailer_variant":"trailer.fuel_cistern","trailer_definition":"trailer_def.oil.fuel_cistern","units_count":100,"fill_ratio":1,"trailer_place":0},{"target":"bltmetal.siauliai","urgency":1,"shortest_distance_km":308,"ferry_time":0,"ferry_price":0,"cargo":"cargo.motor_oil","company_truck":"iveco_h_4x2_a","trailer_variant":"trailer.scs_curt_s","trailer_definition":"trailer_def.scs.box.single_3.curtain","units_count":33,"fill_ratio":1,"trailer_place":0}],"rosmark_ru.kaliningrad":[{"target":"blt.kaunas","urgency":0,"shortest_distance_km":327,"ferry_time":0,"ferry_price":0,"cargo":"cargo.concr_cent","company_truck":"iveco_4x2_a","trailer_variant":"trailer.scs_flat_c_r","trailer_definition":"trailer_def.scs.flatbed.single_3.container","units_count":2,"fill_ratio":1,"trailer_place":0}],"renat.riga":[{"target":"ateria.lahti","urgency":2,"shortest_distance_km":524,"ferry_time":150,"ferry_price":430,"cargo":"cargo.forklifts","company_truck":"daf_xf_euro6_4x2_b","trailer_variant":"trailer.overweight.forklifts","trailer_definition":"trailer_def.forklifts.overweight.forklifts","units_count":100,"fill_ratio":1,"trailer_place":0},{"target":"rosmark.riga","urgency":0,"shortest_distance_km":4,"ferry_time":0,"ferry_price":0,"cargo":"cargo.furniture","company_truck":"mercedes_4x2_b","trailer_variant":"trailer.scs_dry_s","trailer_definition":"trailer_def.scs.box.single_3.dryvan","units_count":33,"fill_ratio":1,"trailer_place":0}],"kivi.utena":[{"target":"nch.riga","urgency":1,"shortest_distance_km":288,"ferry_time":0,"ferry_price":0,"cargo":"cargo.stone_dust","company_truck":"scania_r_4x2_370","trailer_variant":"trailer.s_ki_solid.cover","trailer_definition":"trailer_def.stone_dust.s_ki_solid.cover","units_count":100,"fill_ratio":1,"trailer_place":0},{"target":"cemelt_hal.panevezys","urgency":1,"shortest_distance_km":143,"ferry_time":0,"ferry_price":0,"cargo":"cargo.excavator","company_truck":"man_6x4_b","trailer_variant":"trailer.overweight.excavator","trailer_definition":"trailer_def.excavator.overweight.excavator","units_count":94,"fill_ratio":1,"trailer_place":0},{"target":"blt.siauliai","urgency":1,"shortest_distance_km":180,"ferry_time":0,"ferry_price":0,"cargo":"cargo.digger1000","company_truck":"mercedes_4x2_b","trailer_variant":"trailer.overweight.digger1000","trailer_definition":"trailer_def.digger1000.overweight.digger1000","units_count":100,"fill_ratio":1,"trailer_place":0}],"renar.parnu":[{"target":"gnt.ventspils","urgency":0,"shortest_distance_km":366,"ferry_time":0,"ferry_price":0,"cargo":"cargo.hipresstank","company_truck":"scania_4x2_c","trailer_variant":"trailer.scs_flat_c_g","trailer_definition":"trailer_def.scs.flatbed.single_3.container","units_count":2,"fill_ratio":1,"trailer_place":0}],"cemelt_win.klaipeda":[{"target":"nosko.klaipeda","urgency":2,"shortest_distance_km":88,"ferry_time":0,"ferry_price":0,"cargo":"cargo.forklifts","company_truck":"iveco_4x2_a","trailer_variant":"trailer.overweight.forklifts","trailer_definition":"trailer_def.forklifts.overweight.forklifts","units_count":100,"fill_ratio":1,"trailer_place":0},{"target":"nch.kouvola","urgency":2,"shortest_distance_km":831,"ferry_time":150,"ferry_price":430,"cargo":"cargo.empty_palet","company_truck":"scania_streamline_4x2_b","trailer_variant":"trailer.scs_curt_s","trailer_definition":"trailer_def.scs.box.single_3.curtain","units_count":33,"fill_ratio":1,"trailer_place":0}],"blt_ru.pskov":[{"target":"rosmark_ru.luga","urgency":0,"shortest_distance_km":183,"ferry_time":0,"ferry_price":0,"cargo":"cargo.sandwch_pnls","company_truck":"iveco_h_4x2_a","trailer_variant":"trailer.scs_dry_s","trailer_definition":"trailer_def.scs.box.single_3.dryvan","units_count":33,"fill_ratio":1,"trailer_place":0}],"eviksi.daugavpils":[{"target":"blt.tartu","urgency":1,"shortest_distance_km":361,"ferry_time":0,"ferry_price":0,"cargo":"cargo.apples_c","company_truck":"man_6x4_b","trailer_variant":"trailer.scs_gosck220","trailer_definition":"trailer_def.scs.gooseneck.singl_3e_220.container","units_count":30,"fill_ratio":1,"trailer_place":0}],"blt.paldiski":[{"target":"renar.parnu","urgency":0,"shortest_distance_km":96,"ferry_time":0,"ferry_price":0,"cargo":"cargo.med_equip","company_truck":"iveco_4x2_a","trailer_variant":"trailer.scs_ins_s","trailer_definition":"trailer_def.scs.box.single_3.insulated","units_count":33,"fill_ratio":1,"trailer_place":0}],"kivi.tartu":[{"target":"kamen_ru.vyborg","urgency":1,"shortest_distance_km":511,"ferry_time":0,"ferry_price":0,"cargo":"cargo.excavator","company_truck":"man_6x4_b","trailer_variant":"trailer.overweight.excavator","trailer_definition":"trailer_def.excavator.overweight.excavator","units_count":94,"fill_ratio":1,"trailer_place":0}],"baltomors_ru.luga":[{"target":"renar.narva","urgency":0,"shortest_distance_km":158,"ferry_time":0,"ferry_price":0,"cargo":"cargo.digger500","company_truck":"scania_streamline_4x2_c","trailer_variant":"trailer.overweight.digger500","trailer_definition":"trailer_def.digger500.overweight.digger500","units_count":100,"fill_ratio":1,"trailer_place":0}],"aerobalt.tallinn":[{"target":"nch.kouvola","urgency":2,"shortest_distance_km":288,"ferry_time":150,"ferry_price":430,"cargo":"cargo.med_vaccine","company_truck":"mercedes_6x4_a","trailer_variant":"trailer.scs_ins_s","trailer_definition":"trailer_def.scs.box.single_3.insulated","units_count":33,"fill_ratio":1,"trailer_place":0}],"lvr.daugavpils":[{"target":"gnt.vilnius","urgency":2,"shortest_distance_km":203,"ferry_time":0,"ferry_price":0,"cargo":"cargo.train_part2","company_truck":"daf_4x2_b","trailer_variant":"trailer.scs_flat_c_g","trailer_definition":"trailer_def.scs.flatbed.single_3.container","units_count":2,"fill_ratio":1,"trailer_place":0},{"target":"blt_ru.pskov","urgency":0,"shortest_distance_km":271,"ferry_time":0,"ferry_price":0,"cargo":"cargo.hipresstank","company_truck":"mercedes_actros_2014_4x2_b","trailer_variant":"trailer.scs_flat_c_g","trailer_definition":"trailer_def.scs.flatbed.single_3.container","units_count":2,"fill_ratio":1,"trailer_place":0}],"suprema_ru.pskov":[{"target":"blt.paldiski","urgency":0,"shortest_distance_km":334,"ferry_time":0,"ferry_price":0,"cargo":"cargo.used_packag","company_truck":"iveco_4x2_a","trailer_variant":"trailer.scs_dry_a","trailer_definition":"trailer_def.scs.box.single_3.dryvan","units_count":33,"fill_ratio":1,"trailer_place":0}],"cemelt_fla.valmiera":[{"target":"blt.utena","urgency":0,"shortest_distance_km":383,"ferry_time":0,"ferry_price":0,"cargo":"cargo.diggers","company_truck":"daf_xf_euro6_6x4_c","trailer_variant":"trailer.overweight.digger","trailer_definition":"trailer_def.diggers.overweight.digger","units_count":98,"fill_ratio":1,"trailer_place":0},{"target":"domdepo.valmiera","urgency":0,"shortest_distance_km":63,"ferry_time":0,"ferry_price":0,"cargo":"cargo.excav_soil","company_truck":"iveco_6x2_a","trailer_variant":"trailer.s_ki_solid.cover","trailer_definition":"trailer_def.excav_soil.s_ki_solid.cover","units_count":99,"fill_ratio":1,"trailer_place":0}],"bltmetal.liepaja":[{"target":"blt_ru.pskov","urgency":0,"shortest_distance_km":456,"ferry_time":0,"ferry_price":0,"cargo":"cargo.outdr_flr_tl","company_truck":"scania_s_6x2_450","trailer_variant":"trailer.scs_brick_r","trailer_definition":"trailer_def.scs.flatbed.single_3.brick","units_count":33,"fill_ratio":1,"trailer_place":0}],"nch.vilnius":[{"target":"blt_ru.pskov","urgency":0,"shortest_distance_km":495,"ferry_time":0,"ferry_price":0,"cargo":"cargo.hipresstank","company_truck":"renault_premium_6x2_a","trailer_variant":"trailer.scs_flat_r","trailer_definition":"trailer_def.scs.flatbed.single_3.flatbed_w","units_count":2,"fill_ratio":1,"trailer_place":0},{"target":"blt.utena","urgency":2,"shortest_distance_km":78,"ferry_time":0,"ferry_price":0,"cargo":"cargo.oil_filters","company_truck":"renault_t_4x2h","trailer_variant":"trailer.scs_dry_m","trailer_definition":"trailer_def.scs.box.single_3.dryvan_m","units_count":33,"fill_ratio":1,"trailer_place":0}],"cont_port.klaipeda":[{"target":"blt.kunda","urgency":0,"shortest_distance_km":694,"ferry_time":0,"ferry_price":0,"cargo":"cargo.chem_sorb_c","company_truck":"daf_xf_euro6_6x2_a","trailer_variant":"trailer.scs_flat_c_r","trailer_definition":"trailer_def.scs.flatbed.single_3.container","units_count":33,"fill_ratio":1,"trailer_place":0}],"ateria.lahti":[{"target":"ukko.loviisa","urgency":2,"shortest_distance_km":203,"ferry_time":0,"ferry_price":0,"cargo":"cargo.packag_food","company_truck":"iveco_h_4x2_a","trailer_variant":"trailer.scs_dry_m","trailer_definition":"trailer_def.scs.box.single_3.dryvan_m","units_count":33,"fill_ratio":1,"trailer_place":0}],"cont_port.helsinki":[{"target":"cont_port_ru.petersburg","urgency":0,"shortest_distance_km":423,"ferry_time":0,"ferry_price":0,"cargo":"cargo.beverages_c","company_truck":"scania_6x2_b","trailer_variant":"trailer.scs_flat_c_r","trailer_definition":"trailer_def.scs.flatbed.single_3.container","units_count":33,"fill_ratio":1,"trailer_place":0},{"target":"nch.kouvola","urgency":0,"shortest_distance_km":169,"ferry_time":0,"ferry_price":0,"cargo":"cargo.clothes_c","company_truck":"daf_xf_euro6_4x2_b","trailer_variant":"trailer.scs_gosck40","trailer_definition":"trailer_def.scs.gooseneck.singl_3e_40.container","units_count":30,"fill_ratio":1,"trailer_place":0}],"severoatm_ru.sosnovy_bor":[{"target":"nch_ru.petersburg","urgency":0,"shortest_distance_km":172,"ferry_time":0,"ferry_price":0,"cargo":"cargo.excav_soil","company_truck":"renault_premium_4x2_a","trailer_variant":"trailer.s_ki_solid.cover","trailer_definition":"trailer_def.excav_soil.s_ki_solid.cover","units_count":99,"fill_ratio":1,"trailer_place":0},{"target":"blt.kunda","urgency":2,"shortest_distance_km":142,"ferry_time":0,"ferry_price":0,"cargo":"cargo.empty_palet","company_truck":"iveco_h_4x2_a","trailer_variant":"trailer.scs_curt","trailer_definition":"trailer_def.scs.box.single_3.curtain","units_count":33,"fill_ratio":1,"trailer_place":0}],"polarislines.naantali":[{"target":"nch.turku","urgency":1,"shortest_distance_km":37,"ferry_time":0,"ferry_price":0,"cargo":"cargo.potatoes","company_truck":"man_6x4_b","trailer_variant":"trailer.scs_dry_s","trailer_definition":"trailer_def.scs.box.single_3.dryvan","units_count":33,"fill_ratio":1,"trailer_place":0}],"renar.lahti":[{"target":"nch.kouvola","urgency":0,"shortest_distance_km":91,"ferry_time":0,"ferry_price":0,"cargo":"cargo.vinegar","company_truck":"man_6x4_b","trailer_variant":"trailer.scs_dry_m","trailer_definition":"trailer_def.scs.box.single_3.dryvan_m","units_count":33,"fill_ratio":1,"trailer_place":0}],"viljo_paper.kouvola":[{"target":"ika_bohag.helsinki","urgency":0,"shortest_distance_km":211,"ferry_time":0,"ferry_price":0,"cargo":"cargo.paper","company_truck":"iveco_6x2_a","trailer_variant":"trailer.scs_curt_a","trailer_definition":"trailer_def.scs.box.single_3.curtain","units_count":33,"fill_ratio":1,"trailer_place":0}],"renat.rezekne":[{"target":"ika_ru.petersburg","urgency":2,"shortest_distance_km":457,"ferry_time":0,"ferry_price":0,"cargo":"cargo.forklifts","company_truck":"daf_xf_euro6_4x2_a","trailer_variant":"trailer.overweight.forklifts","trailer_definition":"trailer_def.forklifts.overweight.forklifts","units_count":100,"fill_ratio":1,"trailer_place":0},{"target":"blt_yacht_ru.petersburg","urgency":0,"shortest_distance_km":489,"ferry_time":0,"ferry_price":0,"cargo":"cargo.furniture","company_truck":"iveco_4x2_b","trailer_variant":"trailer.scs_curt_a","trailer_definition":"trailer_def.scs.box.single_3.curtain","units_count":33,"fill_ratio":1,"trailer_place":0}],"radus_ru.petersburg":[{"target":"nch_ru.petersburg","urgency":2,"shortest_distance_km":109,"ferry_time":0,"ferry_price":0,"cargo":"cargo.bricks","company_truck":"daf_4x2_b","trailer_variant":"trailer.scs_brick_r","trailer_definition":"trailer_def.scs.flatbed.single_3.brick","units_count":33,"fill_ratio":1,"trailer_place":0},{"target":"renar.tallinn","urgency":0,"shortest_distance_km":489,"ferry_time":0,"ferry_price":0,"cargo":"cargo.diggers","company_truck":"scania_s_6x2_450","trailer_variant":"trailer.overweight.digger","trailer_definition":"trailer_def.diggers.overweight.digger","units_count":98,"fill_ratio":1,"trailer_place":0}],"cont_port.kotka":[{"target":"nch.turku","urgency":1,"shortest_distance_km":357,"ferry_time":0,"ferry_price":0,"cargo":"cargo.used_plast_c","company_truck":"iveco_4x2_a","trailer_variant":"trailer.scs_flat_c_g","trailer_definition":"trailer_def.scs.flatbed.single_3.container","units_count":33,"fill_ratio":1,"trailer_place":0},{"target":"blt.kaunas","urgency":1,"shortest_distance_km":808,"ferry_time":150,"ferry_price":430,"cargo":"cargo.apples_c","company_truck":"man_6x4_b","trailer_variant":"trailer.scs_flat_c_g","trailer_definition":"trailer_def.scs.flatbed.single_3.container","units_count":33,"fill_ratio":1,"trailer_place":0}],"bltmetal_ru.pskov":[{"target":"domdepo.valmiera","urgency":0,"shortest_distance_km":173,"ferry_time":0,"ferry_price":0,"cargo":"cargo.concr_beams2","company_truck":"daf_xf_euro6_4x2_c","trailer_variant":"trailer.scs_flat_c_g","trailer_definition":"trailer_def.scs.flatbed.single_3.container","units_count":2,"fill_ratio":1,"trailer_place":0},{"target":"rosmark_ru.kaliningrad","urgency":0,"shortest_distance_km":705,"ferry_time":0,"ferry_price":0,"cargo":"cargo.floorpanels","company_truck":"man_6x4_b","trailer_variant":"trailer.panel_trans.floor","trailer_definition":"trailer_def.floorpanels.panel_trans.floor","units_count":82,"fill_ratio":1,"trailer_place":0},{"target":"ns_oil.tallinn","urgency":0,"shortest_distance_km":338,"ferry_time":0,"ferry_price":0,"cargo":"cargo.vent_tube","company_truck":"scania_6x4_a","trailer_variant":"trailer.scs_flat_r","trailer_definition":"trailer_def.scs.flatbed.single_3.flatbed_w","units_count":2,"fill_ratio":1,"trailer_place":0},{"target":"blt.siauliai","urgency":1,"shortest_distance_km":416,"ferry_time":0,"ferry_price":0,"cargo":"cargo.train_part","company_truck":"iveco_h_4x2_a","trailer_variant":"trailer.scs_flat_c_r","trailer_definition":"trailer_def.scs.flatbed.single_3.container","units_count":2,"fill_ratio":1,"trailer_place":0}],"marina_it.klaipeda":[{"target":"polarislines.paldiski","urgency":0,"shortest_distance_km":582,"ferry_time":0,"ferry_price":0,"cargo":"cargo.princess","company_truck":"iveco_4x2_b","trailer_variant":"trailer.overweight.boat","trailer_definition":"trailer_def.princess.overweight.boat","units_count":100,"fill_ratio":1,"trailer_place":0}],"suprema.rezekne":[{"target":"blt.kunda","urgency":1,"shortest_distance_km":515,"ferry_time":0,"ferry_price":0,"cargo":"cargo.used_plast_c","company_truck":"renault_premium_4x2_c","trailer_variant":"trailer.scs_flat_c_r","trailer_definition":"trailer_def.scs.flatbed.single_3.container","units_count":33,"fill_ratio":1,"trailer_place":0},{"target":"blt_ru.pskov","urgency":2,"shortest_distance_km":225,"ferry_time":0,"ferry_price":0,"cargo":"cargo.empty_palet","company_truck":"renault_premium_6x2_a","trailer_variant":"trailer.scs_dry","trailer_definition":"trailer_def.scs.box.single_3.dryvan","units_count":33,"fill_ratio":1,"trailer_place":0}],"ns_oil_ru.kaliningrad":[{"target":"ibp.mazeikiai","urgency":1,"shortest_distance_km":362,"ferry_time":0,"ferry_price":0,"cargo":"cargo.oil","company_truck":"man_4x2_a","trailer_variant":"trailer.fuel_cistern","trailer_definition":"trailer_def.oil.fuel_cistern","units_count":100,"fill_ratio":1,"trailer_place":0},{"target":"marina_it.riga","urgency":1,"shortest_distance_km":474,"ferry_time":0,"ferry_price":0,"cargo":"cargo.diesel","company_truck":"scania_r_6x2_450","trailer_variant":"trailer.fuel_cistern","trailer_definition":"trailer_def.diesel.fuel_cistern","units_count":94,"fill_ratio":1,"trailer_place":0},{"target":"nch.kouvola","urgency":1,"shortest_distance_km":1020,"ferry_time":150,"ferry_price":430,"cargo":"cargo.lpg","company_truck":"man_6x4_b","trailer_variant":"trailer.fuel_cistern","trailer_definition":"trailer_def.lpg.fuel_cistern","units_count":100,"fill_ratio":1,"trailer_place":0}],"gnt.panevezys":[{"target":"suprema.parnu","urgency":0,"shortest_distance_km":263,"ferry_time":0,"ferry_price":0,"cargo":"cargo.flour","company_truck":"mercedes_actros_2014_6x4_b","trailer_variant":"trailer.scs_curt_s","trailer_definition":"trailer_def.scs.box.single_3.curtain","units_count":33,"fill_ratio":1,"trailer_place":0}],"baltomorsk.klaipeda":[{"target":"domdepo_ru.vyborg","urgency":0,"shortest_distance_km":957,"ferry_time":0,"ferry_price":0,"cargo":"cargo.sawpanels","company_truck":"man_6x4_b","trailer_variant":"trailer.scs_dry_s","trailer_definition":"trailer_def.scs.box.single_3.dryvan","units_count":33,"fill_ratio":1,"trailer_place":0},{"target":"gnt.klaipeda","urgency":0,"shortest_distance_km":3,"ferry_time":0,"ferry_price":0,"cargo":"cargo.diggers","company_truck":"renault_magnum_6x4_a","trailer_variant":"trailer.overweight.digger","trailer_definition":"trailer_def.diggers.overweight.digger","units_count":98,"fill_ratio":1,"trailer_place":0}],"polarislines.liepaja":[{"target":"blt.utena","urgency":0,"shortest_distance_km":385,"ferry_time":0,"ferry_price":0,"cargo":"cargo.carrots","company_truck":"renault_magnum_6x4_a","trailer_variant":"trailer.scs_dry_a","trailer_definition":"trailer_def.scs.box.single_3.dryvan","units_count":33,"fill_ratio":1,"trailer_place":0}],"domdepo.utena":[{"target":"rosmark.riga","urgency":0,"shortest_distance_km":306,"ferry_time":0,"ferry_price":0,"cargo":"cargo.plastic_gra","company_truck":"scania_streamline_6x2_b","trailer_variant":"trailer.cement","trailer_definition":"trailer_def.plastic_gra.cement","units_count":100,"fill_ratio":1,"trailer_place":0},{"target":"renat.siauliai","urgency":0,"shortest_distance_km":202,"ferry_time":0,"ferry_price":0,"cargo":"cargo.sawpanels","company_truck":"iveco_6x2_a","trailer_variant":"trailer.scs_curt_a","trailer_definition":"trailer_def.scs.box.single_3.curtain","units_count":33,"fill_ratio":1,"trailer_place":0}],"kivi.riga":[{"target":"baltomorsk.kaunas","urgency":1,"shortest_distance_km":253,"ferry_time":0,"ferry_price":0,"cargo":"cargo.excavator","company_truck":"scania_s_4x2_370","trailer_variant":"trailer.overweight.excavator","trailer_definition":"trailer_def.excavator.overweight.excavator","units_count":94,"fill_ratio":1,"trailer_place":0}],"polarislines.helsinki":[{"target":"ns_oil.kotka","urgency":0,"shortest_distance_km":245,"ferry_time":0,"ferry_price":0,"cargo":"cargo.chem_sorb_c","company_truck":"iveco_4x2_c","trailer_variant":"trailer.scs_gosck220","trailer_definition":"trailer_def.scs.gooseneck.singl_3e_220.container","units_count":30,"fill_ratio":1,"trailer_place":0}],"domdepo_ru.luga":[{"target":"blt_ru.pskov","urgency":0,"shortest_distance_km":172,"ferry_time":0,"ferry_price":0,"cargo":"cargo.floorpanels","company_truck":"daf_xf_euro6_4x2_a","trailer_variant":"trailer.panel_trans.floor","trailer_definition":"trailer_def.floorpanels.panel_trans.floor","units_count":82,"fill_ratio":1,"trailer_place":0},{"target":"renar.lahti","urgency":1,"shortest_distance_km":526,"ferry_time":0,"ferry_price":0,"cargo":"cargo.lumber","company_truck":"man_tgx_euro6_4x2_xxl","trailer_variant":"trailer.scs_flat_c_r","trailer_definition":"trailer_def.scs.flatbed.single_3.container","units_count":2,"fill_ratio":1,"trailer_place":0}],"eviksi_a.ventspils":[{"target":"suprema.kaunas","urgency":1,"shortest_distance_km":347,"ferry_time":0,"ferry_price":0,"cargo":"cargo.milk","company_truck":"man_tgx_euro6_4x2_xl","trailer_variant":"trailer.scs_dry_m","trailer_definition":"trailer_def.scs.box.single_3.dryvan_m","units_count":33,"fill_ratio":1,"trailer_place":0}],"ladoga.turku":[{"target":"sal_fi.helsinki","urgency":2,"shortest_distance_km":232,"ferry_time":0,"ferry_price":0,"cargo":"cargo.used_battery","company_truck":"scania_s_4x2_370","trailer_variant":"trailer.scs_dry","trailer_definition":"trailer_def.scs.box.single_3.dryvan","units_count":33,"fill_ratio":1,"trailer_place":0},{"target":"renar.narva","urgency":2,"shortest_distance_km":449,"ferry_time":150,"ferry_price":430,"cargo":"cargo.car_balt2","company_truck":"scania_6x2_b","trailer_variant":"trailer.car_trans_b2","trailer_definition":"trailer_def.car_balt2.car_trans_b2","units_count":100,"fill_ratio":1,"trailer_place":0},{"target":"renar.tampere","urgency":2,"shortest_distance_km":189,"ferry_time":0,"ferry_price":0,"cargo":"cargo.scrap_metals","company_truck":"mercedes_6x4_a","trailer_variant":"trailer.s_ki_solid.cover","trailer_definition":"trailer_def.scrap_metals.s_ki_solid.cover","units_count":100,"fill_ratio":1,"trailer_place":0},{"target":"cont_port.pori","urgency":1,"shortest_distance_km":138,"ferry_time":0,"ferry_price":0,"cargo":"cargo.used_plast_c","company_truck":"scania_s_4x2_370","trailer_variant":"trailer.scs_gosck220","trailer_definition":"trailer_def.scs.gooseneck.singl_3e_220.container","units_count":30,"fill_ratio":1,"trailer_place":0}],"ns_oil.ventspils":[{"target":"nch.riga","urgency":0,"shortest_distance_km":241,"ferry_time":0,"ferry_price":0,"cargo":"cargo.kerosene","company_truck":"scania_streamline_6x4_a","trailer_variant":"trailer.fuel_cistern","trailer_definition":"trailer_def.kerosene.fuel_cistern","units_count":100,"fill_ratio":1,"trailer_place":0}],"ns_oil.kotka":[{"target":"bltmetal.siauliai","urgency":0,"shortest_distance_km":704,"ferry_time":150,"ferry_price":430,"cargo":"cargo.kerosene","company_truck":"mercedes_actros_2014_6x4_b","trailer_variant":"trailer.fuel_cistern","trailer_definition":"trailer_def.kerosene.fuel_cistern","units_count":100,"fill_ratio":1,"trailer_place":0},{"target":"nch_ru.petersburg","urgency":1,"shortest_distance_km":386,"ferry_time":0,"ferry_price":0,"cargo":"cargo.lpg","company_truck":"scania_s_6x2_450","trailer_variant":"trailer.fuel_cistern","trailer_definition":"trailer_def.lpg.fuel_cistern","units_count":100,"fill_ratio":1,"trailer_place":0},{"target":"ladoga_ru.petersburg","urgency":1,"shortest_distance_km":243,"ferry_time":0,"ferry_price":0,"cargo":"cargo.motor_oil","company_truck":"scania_4x2_a","trailer_variant":"trailer.scs_dry_m","trailer_definition":"trailer_def.scs.box.single_3.dryvan_m","units_count":33,"fill_ratio":1,"trailer_place":0}],"ibp.mazeikiai":[{"target":"blt_ru.pskov","urgency":1,"shortest_distance_km":462,"ferry_time":0,"ferry_price":0,"cargo":"cargo.diesel","company_truck":"renault_magnum_6x4_a","trailer_variant":"trailer.fuel_cistern","trailer_definition":"trailer_def.diesel.fuel_cistern","units_count":94,"fill_ratio":1,"trailer_place":0},{"target":"baltomors_ru.pskov","urgency":1,"shortest_distance_km":470,"ferry_time":0,"ferry_price":0,"cargo":"cargo.oil","company_truck":"daf_xf_euro6_4x2_c","trailer_variant":"trailer.fuel_cistern","trailer_definition":"trailer_def.oil.fuel_cistern","units_count":100,"fill_ratio":1,"trailer_place":0}],"cont_port_ru.petersburg":[{"target":"ns_oil.tallinn","urgency":1,"shortest_distance_km":256,"ferry_time":0,"ferry_price":0,"cargo":"cargo.motor_oil_c","company_truck":"mercedes_6x4_a","trailer_variant":"trailer.scs_gosck220","trailer_definition":"trailer_def.scs.gooseneck.singl_3e_220.container","units_count":30,"fill_ratio":1,"trailer_place":0}],"cemelt_win.liepaja":[{"target":"nch.tallinn","urgency":2,"shortest_distance_km":538,"ferry_time":0,"ferry_price":0,"cargo":"cargo.empty_palet","company_truck":"scania_streamline_4x2_c","trailer_variant":"trailer.scs_curt_a","trailer_definition":"trailer_def.scs.box.single_3.curtain","units_count":33,"fill_ratio":1,"trailer_place":0}],"suprema.lahti":[{"target":"sal_fi.kouvola","urgency":1,"shortest_distance_km":62,"ferry_time":0,"ferry_price":0,"cargo":"cargo.used_plast_c","company_truck":"renault_magnum_6x2_a","trailer_variant":"trailer.scs_flat_c_r","trailer_definition":"trailer_def.scs.flatbed.single_3.container","units_count":33,"fill_ratio":1,"trailer_place":0},{"target":"sal_fi.pori","urgency":2,"shortest_distance_km":254,"ferry_time":0,"ferry_price":0,"cargo":"cargo.empty_palet","company_truck":"double/iveco_4x2_a","trailer_variant":"trailer.scs_curt_2","trailer_definition":"trailer_def.scs.box.double_3_2.curtain","units_count":53,"fill_ratio":1,"trailer_place":0}],"lintukainen.kotka":[{"target":"sal_fi.kouvola","urgency":1,"shortest_distance_km":96,"ferry_time":0,"ferry_price":0,"cargo":"cargo.logs","company_truck":"man_6x4_b","trailer_variant":"trailer.scs_log","trailer_definition":"trailer_def.scs.log.single_3.steel","units_count":2,"fill_ratio":1,"trailer_place":0}],"blt.tartu":[{"target":"rosmark_ru.vyborg","urgency":2,"shortest_distance_km":441,"ferry_time":0,"ferry_price":0,"cargo":"cargo.pnut_butter","company_truck":"daf_xf_euro6_4x2_c","trailer_variant":"trailer.scs_ins","trailer_definition":"trailer_def.scs.box.single_3.insulated","units_count":33,"fill_ratio":1,"trailer_place":0},{"target":"kivi.tartu","urgency":2,"shortest_distance_km":102,"ferry_time":0,"ferry_price":0,"cargo":"cargo.sand","company_truck":"mercedes_actros_2014_6x4_b","trailer_variant":"trailer.s_ki_solid.sand","trailer_definition":"trailer_def.sand.s_ki_solid.sand","units_count":100,"fill_ratio":1,"trailer_place":0}],"eviksi_a.liepaja":[{"target":"gnt.klaipeda","urgency":2,"shortest_distance_km":86,"ferry_time":0,"ferry_price":0,"cargo":"cargo.drymilk","company_truck":"man_6x4_b","trailer_variant":"trailer.scs_dry","trailer_definition":"trailer_def.scs.box.single_3.dryvan","units_count":33,"fill_ratio":1,"trailer_place":0}],"renat.tartu":[{"target":"sal_fi.helsinki","urgency":0,"shortest_distance_km":203,"ferry_time":150,"ferry_price":430,"cargo":"cargo.furniture","company_truck":"man_tgx_euro6_4x2_xl","trailer_variant":"trailer.scs_dry_ms","trailer_definition":"trailer_def.scs.box.single_3.dryvan_m","units_count":33,"fill_ratio":1,"trailer_place":0}]}