{"eurogoodies.mannheim":[{"target":"transinet.salzburg","urgency":0,"shortest_distance_km":500,"ferry_time":0,"ferry_price":0,"cargo":"cargo.limonades","company_truck":"scania_4x2_b","trailer_variant":"trailer.scs_curt","trailer_definition":"trailer_def.scs.box.single_3.curtain","units_count":32,"fill_ratio":1,"trailer_place":0}],"fle.paris":[{"target":"stokes.dusseldorf","urgency":0,"shortest_distance_km":554,"ferry_time":0,"ferry_price":0,"cargo":"cargo.med_equip","company_truck":"man_tgx_euro6_6x4_xlx","trailer_variant":"trailer.scs_ref_s","trailer_definition":"trailer_def.scs.box.single_3.reefer","units_count":33,"fill_ratio":1,"trailer_place":0}],"kaarfor.strasbourg":[{"target":"lkwlog.stuttgart","urgency":1,"shortest_distance_km":175,"ferry_time":0,"ferry_price":0,"cargo":"cargo.used_plast_c","company_truck":"daf_4x2_b","trailer_variant":"trailer.scs_gosck20","trailer_definition":"trailer_def.scs.gooseneck.singl_3e_20.container","units_count":15,"fill_ratio":1,"trailer_place":0},{"target":"posped.strasbourg","urgency":1,"shortest_distance_km":1,"ferry_time":0,"ferry_price":0,"cargo":"cargo.used_plast","company_truck":"scania_streamline_6x4_a","trailer_variant":"trailer.scs_dry_ms","trailer_definition":"trailer_def.scs.box.single_3.dryvan_m","units_count":33,"fill_ratio":1,"trailer_place":0}],"kaarfor.amsterdam":[{"target":"tradeaux.grimsby","urgency":2,"shortest_distance_km":246,"ferry_time":660,"ferry_price":995,"cargo":"cargo.empty_palet","company_truck":"man_6x4_b","trailer_variant":"trailer.scs_dry_s","trailer_definition":"trailer_def.scs.box.single_3.dryvan","units_count":33,"fill_ratio":1,"trailer_place":0},{"target":"tradeaux.felixstowe","urgency":1,"shortest_distance_km":215,"ferry_time":480,"ferry_price":960,"cargo":"cargo.used_plast_c","company_truck":"mercedes_6x2_b","trailer_variant":"trailer.scs_flat_c_g","trailer_definition":"trailer_def.scs.flatbed.single_3.container","units_count":33,"fill_ratio":1,"trailer_place":0}],"wgcc.frankfurt":[{"target":"transinet.rotterdam","urgency":1,"shortest_distance_km":611,"ferry_time":0,"ferry_price":0,"cargo":"cargo.fertilizer","company_truck":"man_tgx_euro6_6x4_xlx","trailer_variant":"trailer.scs_brick_b","trailer_definition":"trailer_def.scs.flatbed.single_3.brick","units_count":33,"fill_ratio":1,"trailer_place":0}],"tradeaux.klagenfurt":[{"target":"eurogoodies.erfurt","urgency":0,"shortest_distance_km":782,"ferry_time":0,"ferry_price":0,"cargo":"cargo.sugar","company_truck":"scania_streamline_4x2_b","trailer_variant":"trailer.scs_curt_a","trailer_definition":"trailer_def.scs.box.single_3.curtain","units_count":33,"fill_ratio":1,"trailer_place":0}],"nbfc.london":[{"target":"itcc.sheffield","urgency":1,"shortest_distance_km":279,"ferry_time":0,"ferry_price":0,"cargo":"cargo.graph_grease","company_truck":"daf_4x2_b","trailer_variant":"trailer.scs_dry","trailer_definition":"trailer_def.scs.box.single_3.dryvan","units_count":33,"fill_ratio":1,"trailer_place":0},{"target":"trameri.mannheim","urgency":1,"shortest_distance_km":791,"ferry_time":35,"ferry_price":300,"cargo":"cargo.diesel","company_truck":"scania_s_6x4_730","trailer_variant":"trailer.willig.fuel_cistern","trailer_definition":"trailer_def.diesel.willig.fuel_cistern","units_count":95,"fill_ratio":1,"trailer_place":0},{"target":"itcc.glasgow","urgency":1,"shortest_distance_km":666,"ferry_time":0,"ferry_price":0,"cargo":"cargo.nitrogen","company_truck":"renault_magnum_4x2_a","trailer_variant":"trailer.scs_flat_c_r","trailer_definition":"trailer_def.scs.flatbed.single_3.container","units_count":87,"fill_ratio":1,"trailer_place":0}],"sellplan.dresden":[{"target":"transinet.dresden","urgency":2,"shortest_distance_km":1,"ferry_time":0,"ferry_price":0,"cargo":"cargo.empty_palet","company_truck":"man_6x4_b","trailer_variant":"trailer.scs_dry_a","trailer_definition":"trailer_def.scs.box.single_3.dryvan","units_count":33,"fill_ratio":1,"trailer_place":0}],"posped.geneve":[{"target":"kaarfor.bern","urgency":1,"shortest_distance_km":129,"ferry_time":0,"ferry_price":0,"cargo":"cargo.watermelons","company_truck":"man_6x4_b","trailer_variant":"trailer.scs_ins_a","trailer_definition":"trailer_def.scs.box.single_3.insulated","units_count":33,"fill_ratio":1,"trailer_place":0}],"wgcc.bratislava":[{"target":"nbfc.linz","urgency":0,"shortest_distance_km":223,"ferry_time":0,"ferry_price":0,"cargo":"cargo.nitrocel","company_truck":"scania_streamline_4x2_b","trailer_variant":"trailer.scs_gosck220","trailer_definition":"trailer_def.scs.gooseneck.singl_3e_220.container","units_count":80,"fill_ratio":1,"trailer_place":0}],"eurogoodies.liverpool":[{"target":"posped.swansea","urgency":0,"shortest_distance_km":259,"ferry_time":0,"ferry_price":0,"cargo":"cargo.apples","company_truck":"scania_4x2_a","trailer_variant":"trailer.scs_dry","trailer_definition":"trailer_def.scs.box.single_3.dryvan","units_count":33,"fill_ratio":1,"trailer_place":0}],"fcp.brussel":[{"target":"posped.zurich","urgency":1,"shortest_distance_km":638,"ferry_time":0,"ferry_price":0,"cargo":"cargo.used_plast","company_truck":"man_4x2_c","trailer_variant":"trailer.scs_curt_s","trailer_definition":"trailer_def.scs.box.single_3.curtain","units_count":33,"fill_ratio":1,"trailer_place":0}],"sanbuilders.nurnberg":[{"target":"tradeaux.frankfurt","urgency":0,"shortest_distance_km":214,"ferry_time":0,"ferry_price":0,"cargo":"cargo.digger500","company_truck":"scania_streamline_4x2_c","trailer_variant":"trailer.overweight.digger500","trailer_definition":"trailer_def.digger500.overweight.digger500","units_count":100,"fill_ratio":1,"trailer_place":0},{"target":"stokes.wien","urgency":1,"shortest_distance_km":484,"ferry_time":0,"ferry_price":0,"cargo":"cargo.digger1000","company_truck":"scania_r_4x2_520","trailer_variant":"trailer.overweight.digger1000","trailer_definition":"trailer_def.digger1000.overweight.digger1000","units_count":100,"fill_ratio":1,"trailer_place":0}],"wgcc.munchen":[{"target":"nbfc.linz","urgency":2,"shortest_distance_km":278,"ferry_time":0,"ferry_price":0,"cargo":"cargo.phosphor","company_truck":"scania_s_6x4_730","trailer_variant":"trailer.scs_flat_c_g","trailer_definition":"trailer_def.scs.flatbed.single_3.container","units_count":87,"fill_ratio":1,"trailer_place":0}],"trameri.strasbourg":[{"target":"wgcc.rotterdam","urgency":0,"shortest_distance_km":558,"ferry_time":0,"ferry_price":0,"cargo":"cargo.emptytank","company_truck":"renault_premium_4x2_a","trailer_variant":"trailer.scs_flat_c_r","trailer_definition":"trailer_def.scs.flatbed.single_3.container","units_count":2,"fill_ratio":1,"trailer_place":0},{"target":"posped.bremen","urgency":1,"shortest_distance_km":669,"ferry_time":0,"ferry_price":0,"cargo":"cargo.roof_tiles","company_truck":"iveco_6x2_a","trailer_variant":"trailer.scs_brick_b","trailer_definition":"trailer_def.scs.flatbed.single_3.brick","units_count":33,"fill_ratio":1,"trailer_place":0}],"eurogoodies.dover":[{"target":"kaarfor.swansea","urgency":1,"shortest_distance_km":435,"ferry_time":0,"ferry_price":0,"cargo":"cargo.almond","company_truck":"scania_6x4_a","trailer_variant":"trailer.scs_dry_s","trailer_definition":"trailer_def.scs.box.single_3.dryvan","units_count":33,"fill_ratio":1,"trailer_place":0}],"wgcc.manchester":[{"target":"itcc.sheffield","urgency":0,"shortest_distance_km":124,"ferry_time":0,"ferry_price":0,"cargo":"cargo.petrol","company_truck":"scania_6x2_b","trailer_variant":"trailer.fuel_cistern","trailer_definition":"trailer_def.petrol.fuel_cistern","units_count":100,"fill_ratio":1,"trailer_place":0},{"target":"bcp.birmingham","urgency":0,"shortest_distance_km":191,"ferry_time":0,"ferry_price":0,"cargo":"cargo.kerosene","company_truck":"man_4x2_a","trailer_variant":"trailer.willig.fuel_cistern","trailer_definition":"trailer_def.kerosene.willig.fuel_cistern","units_count":100,"fill_ratio":1,"trailer_place":0},{"target":"trameri.klagenfurt","urgency":0,"shortest_distance_km":1946,"ferry_time":35,"ferry_price":300,"cargo":"cargo.chemicals","company_truck":"daf_4x2_a","trailer_variant":"trailer.chcistern","trailer_definition":"trailer_def.chemicals.chcistern","units_count":100,"fill_ratio":1,"trailer_place":0},{"target":"sanbuilders.london","urgency":0,"shortest_distance_km":364,"ferry_time":0,"ferry_price":0,"cargo":"cargo.vent_tube","company_truck":"mercedes_actros_2014_4x2_c","trailer_variant":"trailer.scs_flat_c_r","trailer_definition":"trailer_def.scs.flatbed.single_3.container","units_count":2,"fill_ratio":1,"trailer_place":0}],"tradeaux.kassel":[{"target":"transinet.mannheim","urgency":1,"shortest_distance_km":309,"ferry_time":0,"ferry_price":0,"cargo":"cargo.milk_t","company_truck":"scania_s_6x2_450","trailer_variant":"trailer.scs_fodt","trailer_definition":"trailer_def.scs.foodtank.single_3.paint","units_count":23,"fill_ratio":1,"trailer_place":0},{"target":"transinet.osnabruck","urgency":1,"shortest_distance_km":220,"ferry_time":0,"ferry_price":0,"cargo":"cargo.straw_bales","company_truck":"double/scania_r_4x2","trailer_variant":"trailer.scs_curt_2","trailer_definition":"trailer_def.scs.box.double_3_2.curtain","units_count":40,"fill_ratio":1,"trailer_place":0}],"nbfc.duisburg":[{"target":"bcp.kassel","urgency":2,"shortest_distance_km":223,"ferry_time":0,"ferry_price":0,"cargo":"cargo.magnesium","company_truck":"man_6x4_b","trailer_variant":"trailer.scs_gosck220","trailer_definition":"trailer_def.scs.gooseneck.singl_3e_220.container","units_count":80,"fill_ratio":1,"trailer_place":0},{"target":"wgcc.frankfurt","urgency":1,"shortest_distance_km":323,"ferry_time":0,"ferry_price":0,"cargo":"cargo.acetylene","company_truck":"scania_r_6x4_650","trailer_variant":"trailer.scs_flat_c_r","trailer_definition":"trailer_def.scs.flatbed.single_3.container","units_count":87,"fill_ratio":1,"trailer_place":0}],"tradeaux.paris":[{"target":"lisette_log.paris","urgency":1,"shortest_distance_km":95,"ferry_time":0,"ferry_price":0,"cargo":"cargo.digger1000","company_truck":"renault_premium_6x4_a","trailer_variant":"trailer.overweight.digger1000","trailer_definition":"trailer_def.digger1000.overweight.digger1000","units_count":100,"fill_ratio":1,"trailer_place":0}],"sanbuilders.salzburg":[{"target":"nbfc.duisburg","urgency":0,"shortest_distance_km":809,"ferry_time":0,"ferry_price":0,"cargo":"cargo.emptytank","company_truck":"renault_magnum_6x2_a","trailer_variant":"trailer.scs_flat_b","trailer_definition":"trailer_def.scs.flatbed.single_3.flatbed_w","units_count":2,"fill_ratio":1,"trailer_place":0}],"euroacres.dresden":[{"target":"posped.london","urgency":1,"shortest_distance_km":1173,"ferry_time":35,"ferry_price":300,"cargo":"cargo.milk_t","company_truck":"mercedes_actros_2014_4x2_c","trailer_variant":"trailer.scs_fodt","trailer_definition":"trailer_def.scs.foodtank.single_3.paint","units_count":23,"fill_ratio":1,"trailer_place":0}],"euroacres.wroclaw":[{"target":"lkwlog.calais","urgency":0,"shortest_distance_km":1231,"ferry_time":0,"ferry_price":0,"cargo":"cargo.grapes","company_truck":"scania_r_4x2_520","trailer_variant":"trailer.scs_ref_a","trailer_definition":"trailer_def.scs.box.single_3.reefer","units_count":33,"fill_ratio":1,"trailer_place":0},{"target":"sellplan.venezia","urgency":2,"shortest_distance_km":980,"ferry_time":0,"ferry_price":0,"cargo":"cargo.young_seed","company_truck":"man_6x4_b","trailer_variant":"trailer.scs_dry_a","trailer_definition":"trailer_def.scs.box.single_3.dryvan","units_count":33,"fill_ratio":1,"trailer_place":0}],"posped.bremen":[{"target":"transinet.hamburg","urgency":0,"shortest_distance_km":129,"ferry_time":0,"ferry_price":0,"cargo":"cargo.chem_sorb_c","company_truck":"scania_4x2_c","trailer_variant":"trailer.scs_flat_c_r","trailer_definition":"trailer_def.scs.flatbed.single_3.container","units_count":33,"fill_ratio":1,"trailer_place":0}],"nbfc.liverpool":[{"target":"wgcc.glasgow","urgency":0,"shortest_distance_km":368,"ferry_time":0,"ferry_price":0,"cargo":"cargo.nitrocel","company_truck":"scania_s_6x4_730","trailer_variant":"trailer.scs_gosck20","trailer_definition":"trailer_def.scs.gooseneck.singl_3e_20.container","units_count":40,"fill_ratio":1,"trailer_place":0},{"target":"wgcc.glasgow","urgency":2,"shortest_distance_km":368,"ferry_time":0,"ferry_price":0,"cargo":"cargo.cyanide","company_truck":"iveco_6x2_a","trailer_variant":"trailer.scs_flat_c_g","trailer_definition":"trailer_def.scs.flatbed.single_3.container","units_count":87,"fill_ratio":1,"trailer_place":0},{"target":"wgcc.glasgow","urgency":0,"shortest_distance_km":368,"ferry_time":0,"ferry_price":0,"cargo":"cargo.chlorine","company_truck":"man_6x4_b","trailer_variant":"trailer.scs_gosck40","trailer_definition":"trailer_def.scs.gooseneck.singl_3e_40.container","units_count":80,"fill_ratio":1,"trailer_place":0}],"euroacres.erfurt":[{"target":"sellplan.osnabruck","urgency":1,"shortest_distance_km":418,"ferry_time":0,"ferry_price":0,"cargo":"cargo.apples_c","company_truck":"mercedes_4x2","trailer_variant":"trailer.scs_flat_c_r","trailer_definition":"trailer_def.scs.flatbed.single_3.container","units_count":33,"fill_ratio":1,"trailer_place":0},{"target":"eurogoodies.magdeburg","urgency":1,"shortest_distance_km":217,"ferry_time":0,"ferry_price":0,"cargo":"cargo.watermelons","company_truck":"double/scania_4x2_a","trailer_variant":"trailer.scs_ref_2","trailer_definition":"trailer_def.scs.box.double_3_2.reefer","units_count":25,"fill_ratio":1,"trailer_place":0}],"bcp.birmingham":[{"target":"posped.swansea","urgency":0,"shortest_distance_km":314,"ferry_time":0,"ferry_price":0,"cargo":"cargo.mondeos","company_truck":"renault_premium_4x2_c","trailer_variant":"trailer.car_trans2","trailer_definition":"trailer_def.mondeos.car_trans2","units_count":100,"fill_ratio":1,"trailer_place":0}],"eurogoodies.szczecin":[{"target":"lkwlog.amsterdam","urgency":1,"shortest_distance_km":715,"ferry_time":0,"ferry_price":0,"cargo":"cargo.apples_c","company_truck":"daf_6x2_a","trailer_variant":"trailer.scs_flat_c_g","trailer_definition":"trailer_def.scs.flatbed.single_3.container","units_count":33,"fill_ratio":1,"trailer_place":0}],"transinet.rotterdam":[{"target":"lkwlog.manchester","urgency":0,"shortest_distance_km":224,"ferry_time":660,"ferry_price":995,"cargo":"cargo.vinegar","company_truck":"renault_premium_4x2_a","trailer_variant":"trailer.scs_dry_a","trailer_definition":"trailer_def.scs.box.single_3.dryvan","units_count":33,"fill_ratio":1,"trailer_place":0}],"sellplan.magdeburg":[{"target":"tradeaux.hannover","urgency":1,"shortest_distance_km":171,"ferry_time":0,"ferry_price":0,"cargo":"cargo.used_plast_c","company_truck":"scania_streamline_4x2_a","trailer_variant":"trailer.scs_gosck20","trailer_definition":"trailer_def.scs.gooseneck.singl_3e_20.container","units_count":15,"fill_ratio":1,"trailer_place":0},{"target":"posped.bremen","urgency":0,"shortest_distance_km":264,"ferry_time":0,"ferry_price":0,"cargo":"cargo.used_packag","company_truck":"man_4x2_a","trailer_variant":"trailer.scs_curt_a","trailer_definition":"trailer_def.scs.box.single_3.curtain","units_count":33,"fill_ratio":1,"trailer_place":0},{"target":"lkwlog.duisburg","urgency":1,"shortest_distance_km":432,"ferry_time":0,"ferry_price":0,"cargo":"cargo.used_plast","company_truck":"scania_4x2_c","trailer_variant":"trailer.scs_dry_ms","trailer_definition":"trailer_def.scs.box.single_3.dryvan_m","units_count":33,"fill_ratio":1,"trailer_place":0}],"tree_et.aberdeen":[{"target":"stokes.aberdeen","urgency":2,"shortest_distance_km":3,"ferry_time":0,"ferry_price":0,"cargo":"cargo.empty_palet","company_truck":"iveco_h_4x2_a","trailer_variant":"trailer.scs_dry_ms","trailer_definition":"trailer_def.scs.box.single_3.dryvan_m","units_count":32,"fill_ratio":1,"trailer_place":0}],"lkwlog.duisburg":[{"target":"tradeaux.geneve","urgency":0,"shortest_distance_km":843,"ferry_time":0,"ferry_price":0,"cargo":"cargo.outdr_flr_tl","company_truck":"scania_r_4x2_370","trailer_variant":"trailer.scs_curt_a","trailer_definition":"trailer_def.scs.box.single_3.curtain","units_count":33,"fill_ratio":1,"trailer_place":0}],"sellplan.newcastle":[{"target":"transinet.sheffield","urgency":1,"shortest_distance_km":220,"ferry_time":0,"ferry_price":0,"cargo":"cargo.used_plast_c","company_truck":"mercedes_4x2_b","trailer_variant":"trailer.scs_flat_c_r","trailer_definition":"trailer_def.scs.flatbed.single_3.container","units_count":33,"fill_ratio":1,"trailer_place":0},{"target":"stokes.dusseldorf","urgency":0,"shortest_distance_km":1118,"ferry_time":35,"ferry_price":300,"cargo":"cargo.used_packag","company_truck":"man_6x4_b","trailer_variant":"trailer.scs_curt_s","trailer_definition":"trailer_def.scs.box.single_3.curtain","units_count":33,"fill_ratio":1,"trailer_place":0},{"target":"transinet.sheffield","urgency":2,"shortest_distance_km":220,"ferry_time":0,"ferry_price":0,"cargo":"cargo.empty_palet","company_truck":"mercedes_4x2","trailer_variant":"trailer.scs_dry_s","trailer_definition":"trailer_def.scs.box.single_3.dryvan","units_count":33,"fill_ratio":1,"trailer_place":0}],"stokes.amsterdam":[{"target":"transinet.rotterdam","urgency":1,"shortest_distance_km":79,"ferry_time":0,"ferry_price":0,"cargo":"cargo.cheese","company_truck":"double/scania_streamline_4x2_a","trailer_variant":"trailer.scs_ref_2","trailer_definition":"trailer_def.scs.box.double_3_2.reefer","units_count":53,"fill_ratio":1,"trailer_place":0}],"cargotras.milano":[{"target":"lkwlog.venezia","urgency":2,"shortest_distance_km":261,"ferry_time":0,"ferry_price":0,"cargo":"cargo.ketchup","company_truck":"scania_r_6x2_450","trailer_variant":"trailer.scs_dry","trailer_definition":"trailer_def.scs.box.single_3.dryvan","units_count":33,"fill_ratio":1,"trailer_place":0},{"target":"sanbuilders.erfurt","urgency":2,"shortest_distance_km":990,"ferry_time":0,"ferry_price":0,"cargo":"cargo.precast_strs","company_truck":"scania_streamline_4x2_b","trailer_variant":"trailer.scs_curt","trailer_definition":"trailer_def.scs.box.single_3.curtain","units_count":33,"fill_ratio":1,"trailer_place":0}],"quarry.lyon":[{"target":"lkwlog.venezia","urgency":1,"shortest_distance_km":758,"ferry_time":0,"ferry_price":0,"cargo":"cargo.ore","company_truck":"scania_streamline_6x4_a","trailer_variant":"trailer.s_ki_solid.ore","trailer_definition":"trailer_def.ore.s_ki_solid.ore","units_count":100,"fill_ratio":1,"trailer_place":0},{"target":"cargotras.milano","urgency":1,"shortest_distance_km":550,"ferry_time":0,"ferry_price":0,"cargo":"cargo.digger1000","company_truck":"scania_s_6x2_450","trailer_variant":"trailer.overweight.digger1000","trailer_definition":"trailer_def.digger1000.overweight.digger1000","units_count":100,"fill_ratio":1,"trailer_place":0}],"quarry.wroclaw":[{"target":"tree_et.stuttgart","urgency":1,"shortest_distance_km":709,"ferry_time":0,"ferry_price":0,"cargo":"cargo.excavator","company_truck":"scania_s_6x2_450","trailer_variant":"trailer.overweight.excavator","trailer_definition":"trailer_def.excavator.overweight.excavator","units_count":94,"fill_ratio":1,"trailer_place":0},{"target":"lkwlog.brno","urgency":1,"shortest_distance_km":267,"ferry_time":0,"ferry_price":0,"cargo":"cargo.digger1000","company_truck":"renault_t_4x2h","trailer_variant":"trailer.overweight.digger1000","trailer_definition":"trailer_def.digger1000.overweight.digger1000","units_count":100,"fill_ratio":1,"trailer_place":0},{"target":"transinet.hamburg","urgency":2,"shortest_distance_km":703,"ferry_time":0,"ferry_price":0,"cargo":"cargo.sand","company_truck":"renault_premium_4x2_c","trailer_variant":"trailer.s_ki_solid.sand","trailer_definition":"trailer_def.sand.s_ki_solid.sand","units_count":100,"fill_ratio":1,"trailer_place":0}],"quarry.glasgow":[{"target":"tree_et.aberdeen","urgency":1,"shortest_distance_km":219,"ferry_time":0,"ferry_price":0,"cargo":"cargo.excavator","company_truck":"renault_premium_4x2_c","trailer_variant":"trailer.overweight.excavator","trailer_definition":"trailer_def.excavator.overweight.excavator","units_count":94,"fill_ratio":1,"trailer_place":0},{"target":"posped.rotterdam","urgency":2,"shortest_distance_km":559,"ferry_time":660,"ferry_price":995,"cargo":"cargo.sand","company_truck":"scania_6x2_b","trailer_variant":"trailer.s_ki_solid.sand","trailer_definition":"trailer_def.sand.s_ki_solid.sand","units_count":100,"fill_ratio":1,"trailer_place":0},{"target":"sanbuilders.edinburgh","urgency":0,"shortest_distance_km":147,"ferry_time":0,"ferry_price":0,"cargo":"cargo.stones","company_truck":"daf_xf_euro6_6x4_c","trailer_variant":"trailer.s_ki_solid.cover","trailer_definition":"trailer_def.stones.s_ki_solid.cover","units_count":100,"fill_ratio":1,"trailer_place":0}],"eurogoodies.lille":[{"target":"lkwlog.calais","urgency":2,"shortest_distance_km":109,"ferry_time":0,"ferry_price":0,"cargo":"cargo.pnut_butter","company_truck":"scania_r_6x2_450","trailer_variant":"trailer.scs_ins_a","trailer_definition":"trailer_def.scs.box.single_3.insulated","units_count":33,"fill_ratio":1,"trailer_place":0},{"target":"stokes.calais","urgency":1,"shortest_distance_km":109,"ferry_time":0,"ferry_price":0,"cargo":"cargo.milk_t","company_truck":"renault_premium_4x2_a","trailer_variant":"trailer.scs_fodt","trailer_definition":"trailer_def.scs.foodtank.single_3.paint","units_count":27,"fill_ratio":1,"trailer_place":0}],"kaarfor.swansea":[{"target":"posped.birmingham","urgency":2,"shortest_distance_km":316,"ferry_time":0,"ferry_price":0,"cargo":"cargo.empty_palet","company_truck":"daf_4x2_a","trailer_variant":"trailer.scs_dry","trailer_definition":"trailer_def.scs.box.single_3.dryvan","units_count":33,"fill_ratio":1,"trailer_place":0},{"target":"posped.strasbourg","urgency":0,"shortest_distance_km":1028,"ferry_time":35,"ferry_price":300,"cargo":"cargo.used_packag","company_truck":"scania_4x2_b","trailer_variant":"trailer.scs_dry_a","trailer_definition":"trailer_def.scs.box.single_3.dryvan","units_count":33,"fill_ratio":1,"trailer_place":0},{"target":"transinet.cambridge","urgency":1,"shortest_distance_km":436,"ferry_time":0,"ferry_price":0,"cargo":"cargo.used_plast_c","company_truck":"mercedes_4x2_a","trailer_variant":"trailer.scs_gosck20","trailer_definition":"trailer_def.scs.gooseneck.singl_3e_20.container","units_count":15,"fill_ratio":1,"trailer_place":0}],"stokes.zurich":[{"target":"bcp.munchen","urgency":2,"shortest_distance_km":300,"ferry_time":0,"ferry_price":0,"cargo":"cargo.electronics","company_truck":"iveco_4x2_b","trailer_variant":"trailer.scs_dry_a","trailer_definition":"trailer_def.scs.box.single_3.dryvan","units_count":33,"fill_ratio":1,"trailer_place":0},{"target":"kaarfor.bern","urgency":0,"shortest_distance_km":118,"ferry_time":0,"ferry_price":0,"cargo":"cargo.toys","company_truck":"man_6x4_b","trailer_variant":"trailer.scs_curt","trailer_definition":"trailer_def.scs.box.single_3.curtain","units_count":33,"fill_ratio":1,"trailer_place":0},{"target":"lkwlog.duisburg","urgency":1,"shortest_distance_km":626,"ferry_time":0,"ferry_price":0,"cargo":"cargo.apples_c","company_truck":"mercedes_actros_2014_4x2_a","trailer_variant":"trailer.scs_flat_c_r","trailer_definition":"trailer_def.scs.flatbed.single_3.container","units_count":33,"fill_ratio":1,"trailer_place":0}],"quarry.cardiff":[{"target":"euroacres.plymouth","urgency":0,"shortest_distance_km":253,"ferry_time":0,"ferry_price":0,"cargo":"cargo.digger500","company_truck":"scania_4x2_c","trailer_variant":"trailer.overweight.digger500","trailer_definition":"trailer_def.digger500.overweight.digger500","units_count":100,"fill_ratio":1,"trailer_place":0},{"target":"stokes.calais","urgency":1,"shortest_distance_km":399,"ferry_time":91,"ferry_price":384,"cargo":"cargo.digger1000","company_truck":"man_4x2_c","trailer_variant":"trailer.overweight.digger1000","trailer_definition":"trailer_def.digger1000.overweight.digger1000","units_count":100,"fill_ratio":1,"trailer_place":0},{"target":"transinet.mannheim","urgency":1,"shortest_distance_km":1023,"ferry_time":35,"ferry_price":300,"cargo":"cargo.excavator","company_truck":"man_tgx_euro6_4x2_xl","trailer_variant":"trailer.overweight.excavator","trailer_definition":"trailer_def.excavator.overweight.excavator","units_count":94,"fill_ratio":1,"trailer_place":0},{"target":"transinet.southampton","urgency":2,"shortest_distance_km":224,"ferry_time":0,"ferry_price":0,"cargo":"cargo.gravel","company_truck":"man_4x2_a","trailer_variant":"trailer.s_ki_solid.gravel","trailer_definition":"trailer_def.gravel.s_ki_solid.gravel","units_count":100,"fill_ratio":1,"trailer_place":0}],"ika_bohag.paris":[{"target":"posped.bratislava","urgency":2,"shortest_distance_km":1337,"ferry_time":0,"ferry_price":0,"cargo":"cargo.empty_palet","company_truck":"man_6x4_b","trailer_variant":"trailer.scs_curt_a","trailer_definition":"trailer_def.scs.box.single_3.curtain","units_count":33,"fill_ratio":1,"trailer_place":0}],"eurogoodies.salzburg":[{"target":"lkwlog.graz","urgency":2,"shortest_distance_km":243,"ferry_time":0,"ferry_price":0,"cargo":"cargo.rice","company_truck":"mercedes_4x2","trailer_variant":"trailer.scs_dry_m","trailer_definition":"trailer_def.scs.box.single_3.dryvan_m","units_count":33,"fill_ratio":1,"trailer_place":0},{"target":"transinet.szczecin","urgency":1,"shortest_distance_km":790,"ferry_time":0,"ferry_price":0,"cargo":"cargo.watermelons","company_truck":"renault_t_4x2h","trailer_variant":"trailer.scs_ins_a","trailer_definition":"trailer_def.scs.box.single_3.insulated","units_count":33,"fill_ratio":1,"trailer_place":0}],"kaarfor.bern":[{"target":"posped.geneve","urgency":2,"shortest_distance_km":139,"ferry_time":0,"ferry_price":0,"cargo":"cargo.empty_palet","company_truck":"scania_4x2_c","trailer_variant":"trailer.scs_curt_a","trailer_definition":"trailer_def.scs.box.single_3.curtain","units_count":33,"fill_ratio":1,"trailer_place":0}],"fcp.leipzig":[{"target":"tree_et.hannover","urgency":1,"shortest_distance_km":305,"ferry_time":0,"ferry_price":0,"cargo":"cargo.digger1000","company_truck":"scania_4x2_a","trailer_variant":"trailer.overweight.digger1000","trailer_definition":"trailer_def.digger1000.overweight.digger1000","units_count":100,"fill_ratio":1,"trailer_place":0}],"kaarfor.poznan":[{"target":"tradeaux.rostock","urgency":1,"shortest_distance_km":426,"ferry_time":0,"ferry_price":0,"cargo":"cargo.used_plast","company_truck":"man_6x4_b","trailer_variant":"trailer.scs_curt_s","trailer_definition":"trailer_def.scs.box.single_3.curtain","units_count":33,"fill_ratio":1,"trailer_place":0}],"tradeaux.hannover":[{"target":"transinet.dortmund","urgency":0,"shortest_distance_km":237,"ferry_time":0,"ferry_price":0,"cargo":"cargo.princess","company_truck":"mercedes_actros_2014_4x2_c","trailer_variant":"trailer.overweight.boat","trailer_definition":"trailer_def.princess.overweight.boat","units_count":100,"fill_ratio":1,"trailer_place":0},{"target":"eurogoodies.groningen","urgency":0,"shortest_distance_km":357,"ferry_time":0,"ferry_price":0,"cargo":"cargo.carb_water","company_truck":"mercedes_actros_2014_4x2_a","trailer_variant":"trailer.scs_dry","trailer_definition":"trailer_def.scs.box.single_3.dryvan","units_count":29,"fill_ratio":1,"trailer_place":0}],"itcc.rostock":[{"target":"lkwlog.amsterdam","urgency":0,"shortest_distance_km":569,"ferry_time":0,"ferry_price":0,"cargo":"cargo.emptytank","company_truck":"man_6x4_b","trailer_variant":"trailer.scs_flat_c_g","trailer_definition":"trailer_def.scs.flatbed.single_3.container","units_count":2,"fill_ratio":1,"trailer_place":0},{"target":"tradeaux.rostock","urgency":1,"shortest_distance_km":1,"ferry_time":0,"ferry_price":0,"cargo":"cargo.largetubes","company_truck":"scania_streamline_6x2_b","trailer_variant":"trailer.scs_flat_r","trailer_definition":"trailer_def.scs.flatbed.single_3.flatbed_w","units_count":2,"fill_ratio":1,"trailer_place":0}],"trameri.mannheim":[{"target":"lkwlog.duisburg","urgency":1,"shortest_distance_km":351,"ferry_time":0,"ferry_price":0,"cargo":"cargo.roof_tiles","company_truck":"renault_premium_6x4_a","trailer_variant":"trailer.scs_dry","trailer_definition":"trailer_def.scs.box.single_3.dryvan","units_count":33,"fill_ratio":1,"trailer_place":0},{"target":"posped.metz","urgency":2,"shortest_distance_km":239,"ferry_time":0,"ferry_price":0,"cargo":"cargo.chimney_syst","company_truck":"daf_xf_euro6_4x2_c","trailer_variant":"trailer.scs_dry_a","trailer_definition":"trailer_def.scs.box.single_3.dryvan","units_count":33,"fill_ratio":1,"trailer_place":0},{"target":"quarry.stuttgart","urgency":0,"shortest_distance_km":79,"ferry_time":0,"ferry_price":0,"cargo":"cargo.hipresstank","company_truck":"mercedes_6x4_a","trailer_variant":"trailer.scs_flat_c_g","trailer_definition":"trailer_def.scs.flatbed.single_3.container","units_count":2,"fill_ratio":1,"trailer_place":0}],"euroacres.berlin":[{"target":"sellplan.magdeburg","urgency":2,"shortest_distance_km":141,"ferry_time":0,"ferry_price":0,"cargo":"cargo.drymilk","company_truck":"daf_xf_euro6_6x2_a","trailer_variant":"trailer.scs_dry_m","trailer_definition":"trailer_def.scs.box.single_3.dryvan_m","units_count":33,"fill_ratio":1,"trailer_place":0}],"stokes.kiel":[{"target":"tradeaux.rostock","urgency":2,"shortest_distance_km":213,"ferry_time":0,"ferry_price":0,"cargo":"cargo.rice","company_truck":"mercedes_6x4_a","trailer_variant":"trailer.scs_dry_m","trailer_definition":"trailer_def.scs.box.single_3.dryvan_m","units_count":32,"fill_ratio":1,"trailer_place":0},{"target":"transinet.hamburg","urgency":1,"shortest_distance_km":157,"ferry_time":0,"ferry_price":0,"cargo":"cargo.largetubes","company_truck":"renault_t_4x2","trailer_variant":"trailer.scs_log","trailer_definition":"trailer_def.scs.log.single_3.steel","units_count":2,"fill_ratio":1,"trailer_place":0}],"kaarfor.munchen":[{"target":"stokes.nurnberg","urgency":0,"shortest_distance_km":194,"ferry_time":0,"ferry_price":0,"cargo":"cargo.used_packag","company_truck":"daf_xf_euro6_6x2_a","trailer_variant":"trailer.scs_dry_s","trailer_definition":"trailer_def.scs.box.single_3.dryvan","units_count":33,"fill_ratio":1,"trailer_place":0},{"target":"stokes.cardiff","urgency":1,"shortest_distance_km":1376,"ferry_time":35,"ferry_price":300,"cargo":"cargo.used_plast","company_truck":"scania_6x2_b","trailer_variant":"trailer.scs_dry_ms","trailer_definition":"trailer_def.scs.box.single_3.dryvan_m","units_count":33,"fill_ratio":1,"trailer_place":0}],"transinet.szczecin":[{"target":"posped.bratislava","urgency":2,"shortest_distance_km":774,"ferry_time":0,"ferry_price":0,"cargo":"cargo.sand","company_truck":"renault_t_6x2","trailer_variant":"trailer.s_ki_solid.sand","trailer_definition":"trailer_def.sand.s_ki_solid.sand","units_count":100,"fill_ratio":1,"trailer_place":0},{"target":"sanbuilders.salzburg","urgency":1,"shortest_distance_km":795,"ferry_time":0,"ferry_price":0,"cargo":"cargo.logs","company_truck":"daf_xf_euro6_4x2_a","trailer_variant":"trailer.scs_log","trailer_definition":"trailer_def.scs.log.single_3.steel","units_count":2,"fill_ratio":1,"trailer_place":0},{"target":"posped.verona","urgency":0,"shortest_distance_km":1096,"ferry_time":0,"ferry_price":0,"cargo":"cargo.limonades","company_truck":"mercedes_actros_2014_4x2_a","trailer_variant":"trailer.scs_dry_m","trailer_definition":"trailer_def.scs.box.single_3.dryvan_m","units_count":30,"fill_ratio":1,"trailer_place":0},{"target":"eurogoodies.szczecin","urgency":0,"shortest_distance_km":1,"ferry_time":0,"ferry_price":0,"cargo":"cargo.vinegar","company_truck":"scania_4x2_b","trailer_variant":"trailer.scs_curt","trailer_definition":"trailer_def.scs.box.single_3.curtain","units_count":33,"fill_ratio":1,"trailer_place":0}],"transinet.mannheim":[{"target":"cargotras.milano","urgency":0,"shortest_distance_km":661,"ferry_time":0,"ferry_price":0,"cargo":"cargo.vent_tube","company_truck":"man_6x4_b","trailer_variant":"trailer.scs_flat_b","trailer_definition":"trailer_def.scs.flatbed.single_3.flatbed_w","units_count":2,"fill_ratio":1,"trailer_place":0},{"target":"kaarfor.frankfurt","urgency":1,"shortest_distance_km":96,"ferry_time":0,"ferry_price":0,"cargo":"cargo.watermelons","company_truck":"mercedes_actros_2014_4x2_c","trailer_variant":"trailer.scs_ref_a","trailer_definition":"trailer_def.scs.box.single_3.reefer","units_count":33,"fill_ratio":1,"trailer_place":0}],"fcp.torino":[{"target":"tree_et.metz","urgency":2,"shortest_distance_km":784,"ferry_time":0,"ferry_price":0,"cargo":"cargo.forklifts","company_truck":"renault_t_6x2","trailer_variant":"trailer.overweight.forklifts","trailer_definition":"trailer_def.forklifts.overweight.forklifts","units_count":100,"fill_ratio":1,"trailer_place":0}],"tree_et.liege":[{"target":"euroacres.magdeburg","urgency":1,"shortest_distance_km":517,"ferry_time":0,"ferry_price":0,"cargo":"cargo.lumber","company_truck":"scania_r_4x2_520","trailer_variant":"trailer.scs_flat_b","trailer_definition":"trailer_def.scs.flatbed.single_3.flatbed_w","units_count":2,"fill_ratio":1,"trailer_place":0}],"tree_et.bratislava":[{"target":"transinet.dortmund","urgency":2,"shortest_distance_km":936,"ferry_time":0,"ferry_price":0,"cargo":"cargo.forklifts","company_truck":"renault_t_6x2","trailer_variant":"trailer.overweight.forklifts","trailer_definition":"trailer_def.forklifts.overweight.forklifts","units_count":100,"fill_ratio":1,"trailer_place":0}],"sellplan.prague":[{"target":"transinet.dresden","urgency":2,"shortest_distance_km":110,"ferry_time":0,"ferry_price":0,"cargo":"cargo.empty_palet","company_truck":"renault_t_4x2","trailer_variant":"trailer.scs_curt_s","trailer_definition":"trailer_def.scs.box.single_3.curtain","units_count":33,"fill_ratio":1,"trailer_place":0},{"target":"lkwlog.brno","urgency":1,"shortest_distance_km":181,"ferry_time":0,"ferry_price":0,"cargo":"cargo.used_plast","company_truck":"scania_streamline_4x2_a","trailer_variant":"trailer.scs_dry_s","trailer_definition":"trailer_def.scs.box.single_3.dryvan","units_count":33,"fill_ratio":1,"trailer_place":0}],"lkwlog.dover":[{"target":"nbfc.berlin","urgency":0,"shortest_distance_km":981,"ferry_time":91,"ferry_price":384,"cargo":"cargo.overweight","company_truck":"man_tgx_euro6_4x2_xxl","trailer_variant":"trailer.scs_flat_r","trailer_definition":"trailer_def.scs.flatbed.single_3.flatbed_w","units_count":1,"fill_ratio":1,"trailer_place":0}],"sellplan.sheffield":[{"target":"posped.carlisle","urgency":0,"shortest_distance_km":270,"ferry_time":0,"ferry_price":0,"cargo":"cargo.used_packag","company_truck":"renault_premium_4x2_a","trailer_variant":"trailer.scs_dry_m","trailer_definition":"trailer_def.scs.box.single_3.dryvan_m","units_count":33,"fill_ratio":1,"trailer_place":0}],"tree_et.felixstowe":[{"target":"euroacres.liverpool","urgency":1,"shortest_distance_km":398,"ferry_time":0,"ferry_price":0,"cargo":"cargo.lumber","company_truck":"renault_magnum_6x2_a","trailer_variant":"trailer.scs_flat_c_g","trailer_definition":"trailer_def.scs.flatbed.single_3.container","units_count":2,"fill_ratio":1,"trailer_place":0},{"target":"euroacres.erfurt","urgency":0,"shortest_distance_km":1070,"ferry_time":35,"ferry_price":300,"cargo":"cargo.wshavings","company_truck":"daf_xf_euro6_6x4_c","trailer_variant":"trailer.s_ki_solid.cover","trailer_definition":"trailer_def.wshavings.s_ki_solid.cover","units_count":100,"fill_ratio":1,"trailer_place":0}],"eurogoodies.cardiff":[{"target":"stokes.cardiff","urgency":1,"shortest_distance_km":1,"ferry_time":0,"ferry_price":0,"cargo":"cargo.potatoes","company_truck":"scania_r_4x2_520","trailer_variant":"trailer.scs_curt_s","trailer_definition":"trailer_def.scs.box.single_3.curtain","units_count":33,"fill_ratio":1,"trailer_place":0}],"trameri.lille":[{"target":"batisse_hs.paris","urgency":1,"shortest_distance_km":299,"ferry_time":0,"ferry_price":0,"cargo":"cargo.rooflights","company_truck":"mercedes_4x2_a","trailer_variant":"trailer.scs_dry_m","trailer_definition":"trailer_def.scs.box.single_3.dryvan_m","units_count":33,"fill_ratio":1,"trailer_place":0},{"target":"lkwlog.duisburg","urgency":0,"shortest_distance_km":445,"ferry_time":0,"ferry_price":0,"cargo":"cargo.overweight","company_truck":"man_6x4_b","trailer_variant":"trailer.scs_flat_b","trailer_definition":"trailer_def.scs.flatbed.single_3.flatbed_w","units_count":1,"fill_ratio":1,"trailer_place":0}],"posped.metz":[{"target":"kaarfor.reims","urgency":0,"shortest_distance_km":162,"ferry_time":0,"ferry_price":0,"cargo":"cargo.toys","company_truck":"renault_t_4x2h","trailer_variant":"trailer.scs_curt","trailer_definition":"trailer_def.scs.box.single_3.curtain","units_count":33,"fill_ratio":1,"trailer_place":0}],"tradeaux.grimsby":[{"target":"kaarfor.edinburgh","urgency":0,"shortest_distance_km":435,"ferry_time":0,"ferry_price":0,"cargo":"cargo.yogurt","company_truck":"scania_r_4x2_370","trailer_variant":"trailer.scs_ins_a","trailer_definition":"trailer_def.scs.box.single_3.insulated","units_count":33,"fill_ratio":1,"trailer_place":0},{"target":"posped.birmingham","urgency":0,"shortest_distance_km":203,"ferry_time":0,"ferry_price":0,"cargo":"cargo.paper","company_truck":"man_tgx_euro6_4x2_xxl","trailer_variant":"trailer.scs_dry_m","trailer_definition":"trailer_def.scs.box.single_3.dryvan_m","units_count":33,"fill_ratio":1,"trailer_place":0}],"euroacres.bremen":[{"target":"transinet.mannheim","urgency":1,"shortest_distance_km":503,"ferry_time":0,"ferry_price":0,"cargo":"cargo.milk","company_truck":"renault_premium_4x2_c","trailer_variant":"trailer.scs_dry_a","trailer_definition":"trailer_def.scs.box.single_3.dryvan","units_count":33,"fill_ratio":1,"trailer_place":0},{"target":"lkwlog.calais","urgency":1,"shortest_distance_km":755,"ferry_time":0,"ferry_price":0,"cargo":"cargo.straw_bales","company_truck":"iveco_4x2_c","trailer_variant":"trailer.scs_dry_s","trailer_definition":"trailer_def.scs.box.single_3.dryvan","units_count":33,"fill_ratio":1,"trailer_place":0}],"euroacres.nurnberg":[{"target":"posped.swansea","urgency":1,"shortest_distance_km":1329,"ferry_time":35,"ferry_price":300,"cargo":"cargo.apples_c","company_truck":"daf_6x2_a","trailer_variant":"trailer.scs_gosck20","trailer_definition":"trailer_def.scs.gooseneck.singl_3e_20.container","units_count":15,"fill_ratio":1,"trailer_place":0},{"target":"tradeaux.klagenfurt","urgency":1,"shortest_distance_km":579,"ferry_time":0,"ferry_price":0,"cargo":"cargo.straw_bales","company_truck":"iveco_h_4x2_a","trailer_variant":"trailer.scs_dry","trailer_definition":"trailer_def.scs.box.single_3.dryvan","units_count":33,"fill_ratio":1,"trailer_place":0}],"eurogoodies.dusseldorf":[{"target":"sellplan.osnabruck","urgency":1,"shortest_distance_km":199,"ferry_time":0,"ferry_price":0,"cargo":"cargo.beef_meat","company_truck":"man_6x4_b","trailer_variant":"trailer.scs_ref_b2","trailer_definition":"trailer_def.scs.box.bdouble_3_3.reefer","units_count":21,"fill_ratio":1,"trailer_place":0}],"euroacres.wien":[{"target":"eurogoodies.wien","urgency":0,"shortest_distance_km":12,"ferry_time":0,"ferry_price":0,"cargo":"cargo.beans","company_truck":"scania_s_4x2_370","trailer_variant":"trailer.scs_dry_a","trailer_definition":"trailer_def.scs.box.single_3.dryvan","units_count":33,"fill_ratio":1,"trailer_place":0}],"euroacres.brno":[{"target":"sellplan.wien","urgency":0,"shortest_distance_km":176,"ferry_time":0,"ferry_price":0,"cargo":"cargo.cont_trees","company_truck":"renault_magnum_4x2_a","trailer_variant":"trailer.scs_curt_s","trailer_definition":"trailer_def.scs.box.single_3.curtain","units_count":33,"fill_ratio":1,"trailer_place":0},{"target":"posped.graz","urgency":1,"shortest_distance_km":325,"ferry_time":0,"ferry_price":0,"cargo":"cargo.apples_c","company_truck":"renault_t_4x2h","trailer_variant":"trailer.scs_flat_c_g","trailer_definition":"trailer_def.scs.flatbed.single_3.container","units_count":33,"fill_ratio":1,"trailer_place":0}],"trameri.lyon":[{"target":"posped.bremen","urgency":0,"shortest_distance_km":1052,"ferry_time":0,"ferry_price":0,"cargo":"cargo.copp_rf_gutt","company_truck":"renault_premium_4x2_c","trailer_variant":"trailer.scs_dry_a","trailer_definition":"trailer_def.scs.box.single_3.dryvan","units_count":33,"fill_ratio":1,"trailer_place":0}],"eurogoodies.osnabruck":[{"target":"lkwlog.calais","urgency":1,"shortest_distance_km":648,"ferry_time":0,"ferry_price":0,"cargo":"cargo.cheese","company_truck":"iveco_4x2_c","trailer_variant":"trailer.scs_ref_s","trailer_definition":"trailer_def.scs.box.single_3.reefer","units_count":33,"fill_ratio":1,"trailer_place":0},{"target":"tradeaux.kassel","urgency":0,"shortest_distance_km":231,"ferry_time":0,"ferry_price":0,"cargo":"cargo.carrots_c","company_truck":"daf_xf_euro6_4x2_c","trailer_variant":"trailer.scs_flat_c_g","trailer_definition":"trailer_def.scs.flatbed.single_3.container","units_count":33,"fill_ratio":1,"trailer_place":0}],"wgcc.strasbourg":[{"target":"euroacres.carlisle","urgency":2,"shortest_distance_km":1271,"ferry_time":35,"ferry_price":300,"cargo":"cargo.forklifts","company_truck":"man_6x4_b","trailer_variant":"trailer.overweight.forklifts","trailer_definition":"trailer_def.forklifts.overweight.forklifts","units_count":100,"fill_ratio":1,"trailer_place":0},{"target":"euroacres.swansea","urgency":0,"shortest_distance_km":1052,"ferry_time":35,"ferry_price":300,"cargo":"cargo.emptytank","company_truck":"man_6x4_b","trailer_variant":"trailer.scs_flat_c_r","trailer_definition":"trailer_def.scs.flatbed.single_3.container","units_count":2,"fill_ratio":1,"trailer_place":0},{"target":"trameri.strasbourg","urgency":1,"shortest_distance_km":1,"ferry_time":0,"ferry_price":0,"cargo":"cargo.acetylene","company_truck":"man_tgx_euro6_4x2_xl","trailer_variant":"trailer.scs_flat_c_r","trailer_definition":"trailer_def.scs.flatbed.single_3.container","units_count":87,"fill_ratio":1,"trailer_place":0}],"sanbuilders.luxembourg":[{"target":"quarry.strasbourg","urgency":0,"shortest_distance_km":293,"ferry_time":0,"ferry_price":0,"cargo":"cargo.emptytank","company_truck":"renault_premium_6x4_a","trailer_variant":"trailer.scs_flat_r","trailer_definition":"trailer_def.scs.flatbed.single_3.flatbed_w","units_count":2,"fill_ratio":1,"trailer_place":0}],"trameri.plymouth":[{"target":"transinet.cambridge","urgency":2,"shortest_distance_km":475,"ferry_time":0,"ferry_price":0,"cargo":"cargo.chimney_syst","company_truck":"daf_6x2_a","trailer_variant":"trailer.scs_dry","trailer_definition":"trailer_def.scs.box.single_3.dryvan","units_count":33,"fill_ratio":1,"trailer_place":0}],"tree_et.zurich":[{"target":"lkwlog.hamburg","urgency":1,"shortest_distance_km":813,"ferry_time":0,"ferry_price":0,"cargo":"cargo.excavator","company_truck":"man_6x4_b","trailer_variant":"trailer.overweight.excavator","trailer_definition":"trailer_def.excavator.overweight.excavator","units_count":94,"fill_ratio":1,"trailer_place":0}],"euroacres.dijon":[{"target":"stokes.zurich","urgency":1,"shortest_distance_km":337,"ferry_time":0,"ferry_price":0,"cargo":"cargo.straw_bales","company_truck":"renault_t_4x2h","trailer_variant":"trailer.scs_flat_c_g","trailer_definition":"trailer_def.scs.flatbed.single_3.container","units_count":33,"fill_ratio":1,"trailer_place":0},{"target":"sellplan.geneve","urgency":0,"shortest_distance_km":172,"ferry_time":0,"ferry_price":0,"cargo":"cargo.grass_rolls","company_truck":"man_6x4_b","trailer_variant":"trailer.scs_curt_a","trailer_definition":"trailer_def.scs.box.single_3.curtain","units_count":33,"fill_ratio":1,"trailer_place":0}],"tree_et.stuttgart":[{"target":"euroacres.reims","urgency":1,"shortest_distance_km":526,"ferry_time":0,"ferry_price":0,"cargo":"cargo.lumber","company_truck":"daf_4x2_b","trailer_variant":"trailer.scs_flat_c_g","trailer_definition":"trailer_def.scs.flatbed.single_3.container","units_count":2,"fill_ratio":1,"trailer_place":0}],"wgcc.glasgow":[{"target":"itcc.sheffield","urgency":2,"shortest_distance_km":437,"ferry_time":0,"ferry_price":0,"cargo":"cargo.neon","company_truck":"renault_premium_4x2_a","trailer_variant":"trailer.scs_gosck40","trailer_definition":"trailer_def.scs.gooseneck.singl_3e_40.container","units_count":80,"fill_ratio":1,"trailer_place":0}],"tree_et.geneve":[{"target":"stokes.dijon","urgency":2,"shortest_distance_km":168,"ferry_time":0,"ferry_price":0,"cargo":"cargo.empty_palet","company_truck":"mercedes_6x2_b","trailer_variant":"trailer.scs_curt_a","trailer_definition":"trailer_def.scs.box.single_3.curtain","units_count":33,"fill_ratio":1,"trailer_place":0}],"bcp.berlin":[{"target":"stokes.poznan","urgency":2,"shortest_distance_km":229,"ferry_time":0,"ferry_price":0,"cargo":"cargo.empty_palet","company_truck":"mercedes_4x2","trailer_variant":"trailer.scs_dry_s","trailer_definition":"trailer_def.scs.box.single_3.dryvan","units_count":33,"fill_ratio":1,"trailer_place":1}],"lkwlog.amsterdam":[{"target":"tradeaux.frankfurt","urgency":1,"shortest_distance_km":528,"ferry_time":0,"ferry_price":0,"cargo":"cargo.plant_substr","company_truck":"scania_streamline_6x2_b","trailer_variant":"trailer.scs_curt_s","trailer_definition":"trailer_def.scs.box.single_3.curtain","units_count":33,"fill_ratio":1,"trailer_place":0}],"nbfc.berlin":[{"target":"wgcc.munchen","urgency":2,"shortest_distance_km":551,"ferry_time":0,"ferry_price":0,"cargo":"cargo.phosphor","company_truck":"renault_magnum_6x4_a","trailer_variant":"trailer.scs_gosck220","trailer_definition":"trailer_def.scs.gooseneck.singl_3e_220.container","units_count":80,"fill_ratio":1,"trailer_place":0},{"target":"itcc.rostock","urgency":1,"shortest_distance_km":209,"ferry_time":0,"ferry_price":0,"cargo":"cargo.nitrogen","company_truck":"renault_magnum_4x2_a","trailer_variant":"trailer.scs_gosck220","trailer_definition":"trailer_def.scs.gooseneck.singl_3e_220.container","units_count":80,"fill_ratio":1,"trailer_place":0}],"kaarfor.edinburgh":[{"target":"lkwlog.amsterdam","urgency":0,"shortest_distance_km":496,"ferry_time":660,"ferry_price":995,"cargo":"cargo.used_packag","company_truck":"mercedes_actros_2014_4x2_a","trailer_variant":"trailer.scs_dry_m","trailer_definition":"trailer_def.scs.box.single_3.dryvan_m","units_count":33,"fill_ratio":1,"trailer_place":0},{"target":"transinet.sheffield","urgency":1,"shortest_distance_km":376,"ferry_time":0,"ferry_price":0,"cargo":"cargo.used_plast","company_truck":"scania_s_6x2_450","trailer_variant":"trailer.scs_dry_a","trailer_definition":"trailer_def.scs.box.single_3.dryvan","units_count":33,"fill_ratio":1,"trailer_place":0},{"target":"lkwlog.manchester","urgency":1,"shortest_distance_km":353,"ferry_time":0,"ferry_price":0,"cargo":"cargo.used_plast_c","company_truck":"scania_streamline_6x2_b","trailer_variant":"trailer.scs_gosck20","trailer_definition":"trailer_def.scs.gooseneck.singl_3e_20.container","units_count":15,"fill_ratio":1,"trailer_place":0}],"itcc.glasgow":[{"target":"sanbuilders.rotterdam","urgency":2,"shortest_distance_km":487,"ferry_time":660,"ferry_price":995,"cargo":"cargo.precast_strs","company_truck":"man_4x2_a","trailer_variant":"trailer.scs_dry_ms","trailer_definition":"trailer_def.scs.box.single_3.dryvan_m","units_count":32,"fill_ratio":1,"trailer_place":0},{"target":"sanbuilders.edinburgh","urgency":0,"shortest_distance_km":82,"ferry_time":0,"ferry_price":0,"cargo":"cargo.vent_tube","company_truck":"renault_t_4x2","trailer_variant":"trailer.scs_flat_c_r","trailer_definition":"trailer_def.scs.flatbed.single_3.container","units_count":2,"fill_ratio":1,"trailer_place":0}],"nbfc.calais":[{"target":"sanbuilders.birmingham","urgency":0,"shortest_distance_km":325,"ferry_time":91,"ferry_price":384,"cargo":"cargo.vent_tube","company_truck":"scania_6x4_a","trailer_variant":"trailer.scs_flat_b","trailer_definition":"trailer_def.scs.flatbed.single_3.flatbed_w","units_count":2,"fill_ratio":1,"trailer_place":0},{"target":"fcp.brussel","urgency":2,"shortest_distance_km":230,"ferry_time":0,"ferry_price":0,"cargo":"cargo.magnesium","company_truck":"man_tgx_euro6_4x2_xl","trailer_variant":"trailer.scs_flat_c_r","trailer_definition":"trailer_def.scs.flatbed.single_3.container","units_count":87,"fill_ratio":1,"trailer_place":0},{"target":"wgcc.rotterdam","urgency":2,"shortest_distance_km":376,"ferry_time":0,"ferry_price":0,"cargo":"cargo.cyanide","company_truck":"man_tgx_euro6_4x2_xl","trailer_variant":"trailer.scs_gosck40","trailer_definition":"trailer_def.scs.gooseneck.singl_3e_40.container","units_count":80,"fill_ratio":1,"trailer_place":0}],"fcp.bremen":[{"target":"lkwlog.amsterdam","urgency":0,"shortest_distance_km":306,"ferry_time":0,"ferry_price":0,"cargo":"cargo.diggers","company_truck":"mercedes_4x2_b","trailer_variant":"trailer.overweight.digger","trailer_definition":"trailer_def.diggers.overweight.digger","units_count":98,"fill_ratio":1,"trailer_place":0}],"quarry.salzburg":[{"target":"tradeaux.klagenfurt","urgency":2,"shortest_distance_km":252,"ferry_time":0,"ferry_price":0,"cargo":"cargo.gravel","company_truck":"iveco_4x2_b","trailer_variant":"trailer.s_ki_solid.gravel","trailer_definition":"trailer_def.gravel.s_ki_solid.gravel","units_count":100,"fill_ratio":1,"trailer_place":0}],"sanbuilders.london":[{"target":"tree_et.geneve","urgency":1,"shortest_distance_km":937,"ferry_time":35,"ferry_price":300,"cargo":"cargo.excavator","company_truck":"man_4x2_c","trailer_variant":"trailer.overweight.excavator","trailer_definition":"trailer_def.excavator.overweight.excavator","units_count":94,"fill_ratio":1,"trailer_place":0}],"stokes.aberdeen":[{"target":"posped.carlisle","urgency":0,"shortest_distance_km":380,"ferry_time":0,"ferry_price":0,"cargo":"cargo.used_packag","company_truck":"daf_6x2_a","trailer_variant":"trailer.scs_curt","trailer_definition":"trailer_def.scs.box.single_3.curtain","units_count":33,"fill_ratio":1,"trailer_place":0}],"quarry.strasbourg":[{"target":"posped.strasbourg","urgency":1,"shortest_distance_km":191,"ferry_time":0,"ferry_price":0,"cargo":"cargo.coal","company_truck":"man_tgx_euro6_6x4_xlx","trailer_variant":"trailer.s_ki_solid.coal","trailer_definition":"trailer_def.coal.s_ki_solid.coal","units_count":100,"fill_ratio":1,"trailer_place":0}],"transinet.dortmund":[{"target":"lkwlog.hamburg","urgency":0,"shortest_distance_km":348,"ferry_time":0,"ferry_price":0,"cargo":"cargo.plastic_gra","company_truck":"scania_r_4x2_520","trailer_variant":"trailer.cement","trailer_definition":"trailer_def.plastic_gra.cement","units_count":100,"fill_ratio":1,"trailer_place":0}],"eurogoodies.magdeburg":[{"target":"transinet.osnabruck","urgency":0,"shortest_distance_km":267,"ferry_time":0,"ferry_price":0,"cargo":"cargo.flour","company_truck":"man_6x4_b","trailer_variant":"trailer.scs_curt_2","trailer_definition":"trailer_def.scs.box.double_3_2.curtain","units_count":30,"fill_ratio":1,"trailer_place":0}],"eurogoodies.liege":[{"target":"posped.koln","urgency":0,"shortest_distance_km":157,"ferry_time":0,"ferry_price":0,"cargo":"cargo.sugar","company_truck":"mercedes_4x2_b","trailer_variant":"trailer.scs_dry_a","trailer_definition":"trailer_def.scs.box.single_3.dryvan","units_count":32,"fill_ratio":1,"trailer_place":0}],"posped.swansea":[{"target":"transinet.southampton","urgency":0,"shortest_distance_km":282,"ferry_time":0,"ferry_price":0,"cargo":"cargo.chem_sorb_c","company_truck":"scania_r_6x2_450","trailer_variant":"trailer.scs_gosck40","trailer_definition":"trailer_def.scs.gooseneck.singl_3e_40.container","units_count":30,"fill_ratio":1,"trailer_place":0},{"target":"sellplan.southampton","urgency":0,"shortest_distance_km":298,"ferry_time":0,"ferry_price":0,"cargo":"cargo.furniture","company_truck":"daf_xf_euro6_6x4_c","trailer_variant":"trailer.scs_dry_a","trailer_definition":"trailer_def.scs.box.single_3.dryvan","units_count":33,"fill_ratio":1,"trailer_place":0},{"target":"tradeaux.grimsby","urgency":2,"shortest_distance_km":458,"ferry_time":0,"ferry_price":0,"cargo":"cargo.sand","company_truck":"mercedes_actros_2014_4x2_b","trailer_variant":"trailer.s_ki_solid.sand","trailer_definition":"trailer_def.sand.s_ki_solid.sand","units_count":100,"fill_ratio":1,"trailer_place":0}],"transinet.torino":[{"target":"cargotras.milano","urgency":1,"shortest_distance_km":212,"ferry_time":0,"ferry_price":0,"cargo":"cargo.potatoes","company_truck":"scania_r_6x4_650","trailer_variant":"trailer.scs_dry_s","trailer_definition":"trailer_def.scs.box.single_3.dryvan","units_count":33,"fill_ratio":1,"trailer_place":0}],"fcp.dusseldorf":[{"target":"transinet.osnabruck","urgency":0,"shortest_distance_km":199,"ferry_time":0,"ferry_price":0,"cargo":"cargo.mondeos","company_truck":"renault_premium_6x4_a","trailer_variant":"trailer.car_trans2","trailer_definition":"trailer_def.mondeos.car_trans2","units_count":100,"fill_ratio":1,"trailer_place":0}],"trameri.klagenfurt":[{"target":"transinet.salzburg","urgency":0,"shortest_distance_km":316,"ferry_time":0,"ferry_price":0,"cargo":"cargo.roofing_felt","company_truck":"scania_s_6x2_450","trailer_variant":"trailer.scs_curt_a","trailer_definition":"trailer_def.scs.box.single_3.curtain","units_count":33,"fill_ratio":1,"trailer_place":0},{"target":"fcp.torino","urgency":0,"shortest_distance_km":784,"ferry_time":0,"ferry_price":0,"cargo":"cargo.hipresstank","company_truck":"mercedes_actros_2014_4x2_b","trailer_variant":"trailer.scs_flat_r","trailer_definition":"trailer_def.scs.flatbed.single_3.flatbed_w","units_count":2,"fill_ratio":1,"trailer_place":0}],"sellplan.southampton":[{"target":"stokes.plymouth","urgency":1,"shortest_distance_km":257,"ferry_time":0,"ferry_price":0,"cargo":"cargo.used_plast_c","company_truck":"renault_premium_6x2_a","trailer_variant":"trailer.scs_gosck220","trailer_definition":"trailer_def.scs.gooseneck.singl_3e_220.container","units_count":30,"fill_ratio":1,"trailer_place":0}],"euroacres.torino":[{"target":"sellplan.torino","urgency":1,"shortest_distance_km":58,"ferry_time":0,"ferry_price":0,"cargo":"cargo.apples_c","company_truck":"mercedes_4x2_a","trailer_variant":"trailer.scs_gosck220","trailer_definition":"trailer_def.scs.gooseneck.singl_3e_220.container","units_count":30,"fill_ratio":1,"trailer_place":0}],"stokes.wien":[{"target":"kaarfor.munchen","urgency":0,"shortest_distance_km":423,"ferry_time":0,"ferry_price":0,"cargo":"cargo.clothes_c","company_truck":"mercedes_4x2_b","trailer_variant":"trailer.scs_gosck220","trailer_definition":"trailer_def.scs.gooseneck.singl_3e_220.container","units_count":30,"fill_ratio":1,"trailer_place":0}],"tree_et.manchester":[{"target":"lkwlog.amsterdam","urgency":1,"shortest_distance_km":303,"ferry_time":660,"ferry_price":995,"cargo":"cargo.excavator","company_truck":"scania_4x2_c","trailer_variant":"trailer.overweight.excavator","trailer_definition":"trailer_def.excavator.overweight.excavator","units_count":94,"fill_ratio":1,"trailer_place":0}],"quarry.sheffield":[{"target":"tradeaux.lille","urgency":2,"shortest_distance_km":582,"ferry_time":35,"ferry_price":300,"cargo":"cargo.gravel","company_truck":"scania_streamline_4x2_a","trailer_variant":"trailer.s_ki_solid.gravel","trailer_definition":"trailer_def.gravel.s_ki_solid.gravel","units_count":100,"fill_ratio":1,"trailer_place":0},{"target":"transinet.cambridge","urgency":1,"shortest_distance_km":295,"ferry_time":0,"ferry_price":0,"cargo":"cargo.excavator","company_truck":"man_6x4_b","trailer_variant":"trailer.overweight.excavator","trailer_definition":"trailer_def.excavator.overweight.excavator","units_count":94,"fill_ratio":1,"trailer_place":0}],"posped.koln":[{"target":"transinet.brussel","urgency":0,"shortest_distance_km":296,"ferry_time":0,"ferry_price":0,"cargo":"cargo.beverages_t","company_truck":"mercedes_actros_2014_4x2_b","trailer_variant":"trailer.scs_fodt","trailer_definition":"trailer_def.scs.foodtank.single_3.paint","units_count":23,"fill_ratio":1,"trailer_place":0}],"sellplan.rostock":[{"target":"transinet.hamburg","urgency":0,"shortest_distance_km":187,"ferry_time":0,"ferry_price":0,"cargo":"cargo.used_packag","company_truck":"double/scania_streamline_4x2_a","trailer_variant":"trailer.scs_dry_2","trailer_definition":"trailer_def.scs.box.double_3_2.dryvan","units_count":27,"fill_ratio":1,"trailer_place":0},{"target":"stokes.poznan","urgency":2,"shortest_distance_km":430,"ferry_time":0,"ferry_price":0,"cargo":"cargo.empty_palet","company_truck":"scania_6x4_a","trailer_variant":"trailer.scs_curt_s","trailer_definition":"trailer_def.scs.box.single_3.curtain","units_count":33,"fill_ratio":1,"trailer_place":0},{"target":"transinet.dortmund","urgency":1,"shortest_distance_km":511,"ferry_time":0,"ferry_price":0,"cargo":"cargo.used_plast_c","company_truck":"daf_4x2_a","trailer_variant":"trailer.scs_flat_c_g","trailer_definition":"trailer_def.scs.flatbed.single_3.container","units_count":33,"fill_ratio":1,"trailer_place":0}],"sellplan.london":[{"target":"transinet.sheffield","urgency":1,"shortest_distance_km":278,"ferry_time":0,"ferry_price":0,"cargo":"cargo.used_plast","company_truck":"scania_r_6x4_650","trailer_variant":"trailer.scs_dry_a","trailer_definition":"trailer_def.scs.box.single_3.dryvan","units_count":33,"fill_ratio":1,"trailer_place":0},{"target":"tradeaux.paris","urgency":1,"shortest_distance_km":374,"ferry_time":35,"ferry_price":300,"cargo":"cargo.used_plast_c","company_truck":"scania_r_4x2_520","trailer_variant":"trailer.scs_flat_c_r","trailer_definition":"trailer_def.scs.flatbed.single_3.container","units_count":33,"fill_ratio":1,"trailer_place":0},{"target":"lkwlog.stuttgart","urgency":0,"shortest_distance_km":930,"ferry_time":35,"ferry_price":300,"cargo":"cargo.used_packag","company_truck":"man_tgx_euro6_6x4_xlx","trailer_variant":"trailer.scs_dry_a","trailer_definition":"trailer_def.scs.box.single_3.dryvan","units_count":33,"fill_ratio":1,"trailer_place":0}],"bcp.stuttgart":[{"target":"tradeaux.frankfurt","urgency":0,"shortest_distance_km":226,"ferry_time":0,"ferry_price":0,"cargo":"cargo.used_packag","company_truck":"double/scania_r_4x2","trailer_variant":"trailer.scs_curt_2","trailer_definition":"trailer_def.scs.box.double_3_2.curtain","units_count":30,"fill_ratio":1,"trailer_place":0}],"kaarfor.dortmund":[{"target":"posped.koln","urgency":1,"shortest_distance_km":126,"ferry_time":0,"ferry_price":0,"cargo":"cargo.used_plast","company_truck":"mercedes_4x2_a","trailer_variant":"trailer.scs_curt","trailer_definition":"trailer_def.scs.box.single_3.curtain","units_count":33,"fill_ratio":1,"trailer_place":0}],"quarry.hannover":[{"target":"transinet.osnabruck","urgency":1,"shortest_distance_km":214,"ferry_time":0,"ferry_price":0,"cargo":"cargo.ore","company_truck":"scania_4x2_b","trailer_variant":"trailer.s_ki_solid.ore","trailer_definition":"trailer_def.ore.s_ki_solid.ore","units_count":100,"fill_ratio":1,"trailer_place":0},{"target":"tradeaux.lille","urgency":1,"shortest_distance_km":709,"ferry_time":0,"ferry_price":0,"cargo":"cargo.largetubes","company_truck":"scania_streamline_4x2_a","trailer_variant":"trailer.scs_flat_c_r","trailer_definition":"trailer_def.scs.flatbed.single_3.container","units_count":2,"fill_ratio":1,"trailer_place":0},{"target":"euroacres.osnabruck","urgency":0,"shortest_distance_km":223,"ferry_time":0,"ferry_price":0,"cargo":"cargo.digger500","company_truck":"renault_premium_6x4_a","trailer_variant":"trailer.overweight.digger500","trailer_definition":"trailer_def.digger500.overweight.digger500","units_count":100,"fill_ratio":1,"trailer_place":0},{"target":"stokes.dijon","urgency":0,"shortest_distance_km":924,"ferry_time":0,"ferry_price":0,"cargo":"cargo.diggers","company_truck":"man_6x4_b","trailer_variant":"trailer.overweight.digger","trailer_definition":"trailer_def.diggers.overweight.digger","units_count":98,"fill_ratio":1,"trailer_place":0}],"transinet.salzburg":[{"target":"sanbuilders.salzburg","urgency":0,"shortest_distance_km":1,"ferry_time":0,"ferry_price":0,"cargo":"cargo.wallpanels","company_truck":"man_6x4_b","trailer_variant":"trailer.panel_trans.wall","trailer_definition":"trailer_def.wallpanels.panel_trans.wall","units_count":85,"fill_ratio":1,"trailer_place":0},{"target":"sanbuilders.salzburg","urgency":0,"shortest_distance_km":1,"ferry_time":0,"ferry_price":0,"cargo":"cargo.sawpanels","company_truck":"daf_xf_euro6_6x4_c","trailer_variant":"trailer.scs_curt_s","trailer_definition":"trailer_def.scs.box.single_3.curtain","units_count":33,"fill_ratio":1,"trailer_place":0},{"target":"posped.linz","urgency":2,"shortest_distance_km":136,"ferry_time":0,"ferry_price":0,"cargo":"cargo.clothes","company_truck":"scania_s_6x2_450","trailer_variant":"trailer.scs_dry_a","trailer_definition":"trailer_def.scs.box.single_3.dryvan","units_count":33,"fill_ratio":1,"trailer_place":0},{"target":"kaarfor.frankfurt","urgency":0,"shortest_distance_km":512,"ferry_time":0,"ferry_price":0,"cargo":"cargo.beans","company_truck":"renault_premium_4x2_c","trailer_variant":"trailer.scs_dry_s","trailer_definition":"trailer_def.scs.box.single_3.dryvan","units_count":33,"fill_ratio":1,"trailer_place":0}],"kaarfor.frankfurt":[{"target":"tradeaux.kassel","urgency":1,"shortest_distance_km":281,"ferry_time":0,"ferry_price":0,"cargo":"cargo.used_plast","company_truck":"double/mercedes_4x2_a","trailer_variant":"trailer.scs_curt_b2","trailer_definition":"trailer_def.scs.box.bdouble_3_3.curtain","units_count":53,"fill_ratio":1,"trailer_place":0},{"target":"transinet.dortmund","urgency":0,"shortest_distance_km":297,"ferry_time":0,"ferry_price":0,"cargo":"cargo.used_packag","company_truck":"mercedes_actros_2014_6x4_b","trailer_variant":"trailer.scs_dry_m","trailer_definition":"trailer_def.scs.box.single_3.dryvan_m","units_count":33,"fill_ratio":1,"trailer_place":0},{"target":"posped.graz","urgency":1,"shortest_distance_km":666,"ferry_time":0,"ferry_price":0,"cargo":"cargo.used_plast_c","company_truck":"daf_xf_euro6_4x2_b","trailer_variant":"trailer.scs_gosck40","trailer_definition":"trailer_def.scs.gooseneck.singl_3e_40.container","units_count":30,"fill_ratio":1,"trailer_place":0}],"posped.rotterdam":[{"target":"stokes.amsterdam","urgency":1,"shortest_distance_km":80,"ferry_time":0,"ferry_price":0,"cargo":"cargo.logs","company_truck":"renault_t_6x2","trailer_variant":"trailer.scs_log","trailer_definition":"trailer_def.scs.log.single_3.steel","units_count":2,"fill_ratio":1,"trailer_place":0},{"target":"lkwlog.amsterdam","urgency":0,"shortest_distance_km":80,"ferry_time":0,"ferry_price":0,"cargo":"cargo.wallpanels","company_truck":"daf_4x2_a","trailer_variant":"trailer.panel_trans.wall","trailer_definition":"trailer_def.wallpanels.panel_trans.wall","units_count":100,"fill_ratio":1,"trailer_place":0}],"bcp.verona":[{"target":"trameri.innsbruck","urgency":2,"shortest_distance_km":251,"ferry_time":0,"ferry_price":0,"cargo":"cargo.forklifts","company_truck":"scania_streamline_4x2_b","trailer_variant":"trailer.overweight.forklifts","trailer_definition":"trailer_def.forklifts.overweight.forklifts","units_count":100,"fill_ratio":1,"trailer_place":0}],"trameri.nurnberg":[{"target":"sanbuilders.erfurt","urgency":0,"shortest_distance_km":213,"ferry_time":0,"ferry_price":0,"cargo":"cargo.roofing_felt","company_truck":"mercedes_6x4_a","trailer_variant":"trailer.scs_dry_a","trailer_definition":"trailer_def.scs.box.single_3.dryvan","units_count":33,"fill_ratio":1,"trailer_place":0},{"target":"transinet.salzburg","urgency":0,"shortest_distance_km":307,"ferry_time":0,"ferry_price":0,"cargo":"cargo.emptytank","company_truck":"scania_6x2_b","trailer_variant":"trailer.scs_flat_r","trailer_definition":"trailer_def.scs.flatbed.single_3.flatbed_w","units_count":2,"fill_ratio":1,"trailer_place":0}],"sanbuilders.edinburgh":[{"target":"euroacres.carlisle","urgency":0,"shortest_distance_km":167,"ferry_time":0,"ferry_price":0,"cargo":"cargo.emptytank","company_truck":"daf_xf_euro6_4x2_a","trailer_variant":"trailer.scs_flat_r","trailer_definition":"trailer_def.scs.flatbed.single_3.flatbed_w","units_count":2,"fill_ratio":1,"trailer_place":0},{"target":"posped.carlisle","urgency":2,"shortest_distance_km":162,"ferry_time":0,"ferry_price":0,"cargo":"cargo.empty_palet","company_truck":"iveco_h_4x2_a","trailer_variant":"trailer.scs_dry","trailer_definition":"trailer_def.scs.box.single_3.dryvan","units_count":33,"fill_ratio":1,"trailer_place":0},{"target":"posped.carlisle","urgency":1,"shortest_distance_km":162,"ferry_time":0,"ferry_price":0,"cargo":"cargo.digger1000","company_truck":"man_6x4_b","trailer_variant":"trailer.overweight.digger1000","trailer_definition":"trailer_def.digger1000.overweight.digger1000","units_count":100,"fill_ratio":1,"trailer_place":0}],"tree_et.southampton":[{"target":"transinet.brussel","urgency":2,"shortest_distance_km":422,"ferry_time":35,"ferry_price":300,"cargo":"cargo.forklifts","company_truck":"man_4x2_a","trailer_variant":"trailer.overweight.forklifts","trailer_definition":"trailer_def.forklifts.overweight.forklifts","units_count":100,"fill_ratio":1,"trailer_place":0}],"posped.strasbourg":[{"target":"tradeaux.kassel","urgency":0,"shortest_distance_km":439,"ferry_time":0,"ferry_price":0,"cargo":"cargo.furniture","company_truck":"daf_4x2_b","trailer_variant":"trailer.scs_curt","trailer_definition":"trailer_def.scs.box.single_3.curtain","units_count":33,"fill_ratio":1,"trailer_place":0}],"sanbuilders.lyon":[{"target":"quarry.salzburg","urgency":1,"shortest_distance_km":836,"ferry_time":0,"ferry_price":0,"cargo":"cargo.excavator","company_truck":"scania_streamline_4x2_a","trailer_variant":"trailer.overweight.excavator","trailer_definition":"trailer_def.excavator.overweight.excavator","units_count":100,"fill_ratio":1,"trailer_place":0}],"kaarfor.cambridge":[{"target":"lkwlog.felixstowe","urgency":1,"shortest_distance_km":159,"ferry_time":0,"ferry_price":0,"cargo":"cargo.used_plast_c","company_truck":"scania_s_6x2_450","trailer_variant":"trailer.scs_gosck220","trailer_definition":"trailer_def.scs.gooseneck.singl_3e_220.container","units_count":30,"fill_ratio":1,"trailer_place":0},{"target":"stokes.calais","urgency":0,"shortest_distance_km":199,"ferry_time":91,"ferry_price":384,"cargo":"cargo.used_packag","company_truck":"iveco_4x2_c","trailer_variant":"trailer.scs_dry_s","trailer_definition":"trailer_def.scs.box.single_3.dryvan","units_count":33,"fill_ratio":1,"trailer_place":0},{"target":"transinet.cambridge","urgency":1,"shortest_distance_km":1,"ferry_time":0,"ferry_price":0,"cargo":"cargo.used_plast","company_truck":"man_6x4_b","trailer_variant":"trailer.scs_dry_a","trailer_definition":"trailer_def.scs.box.single_3.dryvan","units_count":33,"fill_ratio":1,"trailer_place":0}],"eurogoodies.bremen":[{"target":"sellplan.london","urgency":2,"shortest_distance_km":903,"ferry_time":35,"ferry_price":300,"cargo":"cargo.maple_syrup","company_truck":"iveco_4x2_a","trailer_variant":"trailer.scs_dry","trailer_definition":"trailer_def.scs.box.single_3.dryvan","units_count":33,"fill_ratio":1,"trailer_place":0}],"posped.london":[{"target":"lkwlog.manchester","urgency":2,"shortest_distance_km":371,"ferry_time":0,"ferry_price":0,"cargo":"cargo.chocolate","company_truck":"mercedes_4x2_b","trailer_variant":"trailer.scs_curt","trailer_definition":"trailer_def.scs.box.single_3.curtain","units_count":32,"fill_ratio":1,"trailer_place":0}],"wgcc.rotterdam":[{"target":"itcc.liege","urgency":0,"shortest_distance_km":290,"ferry_time":0,"ferry_price":0,"cargo":"cargo.vent_tube","company_truck":"scania_streamline_6x2_b","trailer_variant":"trailer.scs_flat_c_r","trailer_definition":"trailer_def.scs.flatbed.single_3.container","units_count":2,"fill_ratio":1,"trailer_place":0}],"euroacres.salzburg":[{"target":"tradeaux.hannover","urgency":1,"shortest_distance_km":763,"ferry_time":0,"ferry_price":0,"cargo":"cargo.honey","company_truck":"mercedes_actros_2014_4x2_c","trailer_variant":"trailer.scs_dry_m","trailer_definition":"trailer_def.scs.box.single_3.dryvan_m","units_count":33,"fill_ratio":1,"trailer_place":0},{"target":"sellplan.klagenfurt","urgency":2,"shortest_distance_km":299,"ferry_time":0,"ferry_price":0,"cargo":"cargo.young_seed","company_truck":"man_6x4_b","trailer_variant":"trailer.scs_ins","trailer_definition":"trailer_def.scs.box.single_3.insulated","units_count":33,"fill_ratio":1,"trailer_place":0}],"aci.milano":[{"target":"tradeaux.geneve","urgency":0,"shortest_distance_km":539,"ferry_time":0,"ferry_price":0,"cargo":"cargo.med_equip","company_truck":"daf_xf_euro6_6x4_c","trailer_variant":"trailer.scs_curt_a","trailer_definition":"trailer_def.scs.box.single_3.curtain","units_count":33,"fill_ratio":1,"trailer_place":0}],"kaarfor.reims":[{"target":"lkwlog.duisburg","urgency":0,"shortest_distance_km":499,"ferry_time":0,"ferry_price":0,"cargo":"cargo.used_packag","company_truck":"scania_r_4x2_370","trailer_variant":"trailer.scs_dry_s","trailer_definition":"trailer_def.scs.box.single_3.dryvan","units_count":33,"fill_ratio":1,"trailer_place":0}],"sellplan.venezia":[{"target":"posped.verona","urgency":2,"shortest_distance_km":114,"ferry_time":0,"ferry_price":0,"cargo":"cargo.empty_palet","company_truck":"man_4x2_c","trailer_variant":"trailer.scs_curt_s","trailer_definition":"trailer_def.scs.box.single_3.curtain","units_count":33,"fill_ratio":1,"trailer_place":0}],"quarry.dortmund":[{"target":"lkwlog.duisburg","urgency":1,"shortest_distance_km":168,"ferry_time":0,"ferry_price":0,"cargo":"cargo.digger1000","company_truck":"daf_6x2_a","trailer_variant":"trailer.overweight.digger1000","trailer_definition":"trailer_def.digger1000.overweight.digger1000","units_count":100,"fill_ratio":1,"trailer_place":0},{"target":"fcp.brussel","urgency":0,"shortest_distance_km":458,"ferry_time":0,"ferry_price":0,"cargo":"cargo.fueltanker","company_truck":"mercedes_6x4_a","trailer_variant":"trailer.scs_flat_c_g","trailer_definition":"trailer_def.scs.flatbed.single_3.container","units_count":87,"fill_ratio":1,"trailer_place":0}],"sellplan.groningen":[{"target":"lkwlog.manchester","urgency":1,"shortest_distance_km":478,"ferry_time":660,"ferry_price":995,"cargo":"cargo.used_plast_c","company_truck":"mercedes_actros_2014_6x2_a","trailer_variant":"trailer.scs_gosck220","trailer_definition":"trailer_def.scs.gooseneck.singl_3e_220.container","units_count":30,"fill_ratio":1,"trailer_place":0}],"lisette_log.paris":[{"target":"stokes.zurich","urgency":1,"shortest_distance_km":749,"ferry_time":0,"ferry_price":0,"cargo":"cargo.plant_substr","company_truck":"man_tgx_euro6_4x2_xxl","trailer_variant":"trailer.scs_dry_ms","trailer_definition":"trailer_def.scs.box.single_3.dryvan_m","units_count":33,"fill_ratio":1,"trailer_place":0}],"bcp.bratislava":[{"target":"posped.linz","urgency":0,"shortest_distance_km":222,"ferry_time":0,"ferry_price":0,"cargo":"cargo.used_packag","company_truck":"renault_magnum_6x2_a","trailer_variant":"trailer.scs_dry_a","trailer_definition":"trailer_def.scs.box.single_3.dryvan","units_count":33,"fill_ratio":1,"trailer_place":0}],"sanbuilders.berlin":[{"target":"euroacres.magdeburg","urgency":0,"shortest_distance_km":145,"ferry_time":0,"ferry_price":0,"cargo":"cargo.emptytank","company_truck":"daf_xf_euro6_4x2_a","trailer_variant":"trailer.scs_flat_b","trailer_definition":"trailer_def.scs.flatbed.single_3.flatbed_w","units_count":2,"fill_ratio":1,"trailer_place":1},{"target":"stokes.poznan","urgency":1,"shortest_distance_km":230,"ferry_time":0,"ferry_price":0,"cargo":"cargo.excavator","company_truck":"man_6x4_b","trailer_variant":"trailer.overweight.excavator","trailer_definition":"trailer_def.excavator.overweight.excavator","units_count":94,"fill_ratio":1,"trailer_place":1}]}