{"sellplan.wien":[{"target":"stokes.bystrica","urgency":1,"shortest_distance_km":252,"ferry_time":0,"ferry_price":0,"cargo":"cargo.used_plast","company_truck":"mercedes_6x4_a","trailer_variant":"trailer.scs_curt","trailer_definition":"trailer_def.scs.box.single_3.curtain","units_count":33,"fill_ratio":1,"trailer_place":0},{"target":"posped.lodz","urgency":1,"shortest_distance_km":512,"ferry_time":0,"ferry_price":0,"cargo":"cargo.used_plast_c","company_truck":"man_6x4_b","trailer_variant":"trailer.scs_flat_c_r","trailer_definition":"trailer_def.scs.flatbed.single_3.container","units_count":33,"fill_ratio":1,"trailer_place":0}],"wgcc.frankfurt":[{"target":"tradeaux.pecs","urgency":0,"shortest_distance_km":1008,"ferry_time":0,"ferry_price":0,"cargo":"cargo.fueltanker","company_truck":"man_tgx_euro6_4x2_xxl","trailer_variant":"trailer.scs_gosck20","trailer_definition":"trailer_def.scs.gooseneck.singl_3e_20.container","units_count":40,"fill_ratio":1,"trailer_place":0}],"nbfc.ostrava":[{"target":"itcc.ostrava","urgency":1,"shortest_distance_km":1,"ferry_time":0,"ferry_price":0,"cargo":"cargo.motor_oil_c","company_truck":"renault_premium_6x4_a","trailer_variant":"trailer.scs_gosck40","trailer_definition":"trailer_def.scs.gooseneck.singl_3e_40.container","units_count":30,"fill_ratio":1,"trailer_place":0}],"kaarfor.lublin":[{"target":"lkwlog.gdansk","urgency":0,"shortest_distance_km":439,"ferry_time":0,"ferry_price":0,"cargo":"cargo.used_packag","company_truck":"daf_4x2_a","trailer_variant":"trailer.scs_dry_m","trailer_definition":"trailer_def.scs.box.single_3.dryvan_m","units_count":33,"fill_ratio":1,"trailer_place":0}],"wgcc.gdansk":[{"target":"posped.lodz","urgency":1,"shortest_distance_km":315,"ferry_time":0,"ferry_price":0,"cargo":"cargo.fertilizer","company_truck":"man_6x4_b","trailer_variant":"trailer.scs_dry_m","trailer_definition":"trailer_def.scs.box.single_3.dryvan_m","units_count":33,"fill_ratio":1,"trailer_place":0}],"kaarfor.budapest":[{"target":"tradeaux.budapest","urgency":1,"shortest_distance_km":1,"ferry_time":0,"ferry_price":0,"cargo":"cargo.used_plast","company_truck":"scania_streamline_4x2_a","trailer_variant":"trailer.scs_dry_m","trailer_definition":"trailer_def.scs.box.single_3.dryvan_m","units_count":33,"fill_ratio":1,"trailer_place":0}],"tree_et.bialystok":[{"target":"euroacres.bialystok","urgency":1,"shortest_distance_km":29,"ferry_time":0,"ferry_price":0,"cargo":"cargo.logs","company_truck":"iveco_4x2_a","trailer_variant":"trailer.scs_log","trailer_definition":"trailer_def.scs.log.single_3.steel","units_count":2,"fill_ratio":1,"trailer_place":0}],"wgcc.munchen":[{"target":"bcp.kosice","urgency":1,"shortest_distance_km":841,"ferry_time":0,"ferry_price":0,"cargo":"cargo.oil","company_truck":"mercedes_actros_2014_4x2_b","trailer_variant":"trailer.willig.fuel_cistern","trailer_definition":"trailer_def.oil.willig.fuel_cistern","units_count":101,"fill_ratio":1,"trailer_place":0}],"sanbuilders.krakow":[{"target":"lkwlog.lodz","urgency":1,"shortest_distance_km":217,"ferry_time":0,"ferry_price":0,"cargo":"cargo.excavator","company_truck":"daf_6x2_a","trailer_variant":"trailer.overweight.excavator","trailer_definition":"trailer_def.excavator.overweight.excavator","units_count":94,"fill_ratio":1,"trailer_place":0}],"tree_et.olsztyn":[{"target":"transinet.bialystok","urgency":0,"shortest_distance_km":255,"ferry_time":0,"ferry_price":0,"cargo":"cargo.digger500","company_truck":"mercedes_actros_2014_6x4_b","trailer_variant":"trailer.overweight.digger500","trailer_definition":"trailer_def.digger500.overweight.digger500","units_count":100,"fill_ratio":1,"trailer_place":0},{"target":"lkwlog.gdansk","urgency":0,"shortest_distance_km":173,"ferry_time":0,"ferry_price":0,"cargo":"cargo.diggers","company_truck":"scania_s_6x4_730","trailer_variant":"trailer.overweight.digger","trailer_definition":"trailer_def.diggers.overweight.digger","units_count":98,"fill_ratio":1,"trailer_place":0}],"cesare_smar.milano":[{"target":"stokes.warszawa","urgency":0,"shortest_distance_km":1458,"ferry_time":0,"ferry_price":0,"cargo":"cargo.used_packag","company_truck":"scania_s_4x2_370","trailer_variant":"trailer.scs_dry_s","trailer_definition":"trailer_def.scs.box.single_3.dryvan","units_count":33,"fill_ratio":1,"trailer_place":0}],"itcc.kosice":[{"target":"tradeaux.budapest","urgency":2,"shortest_distance_km":224,"ferry_time":0,"ferry_price":0,"cargo":"cargo.precast_strs","company_truck":"mercedes_actros_2014_4x2_b","trailer_variant":"trailer.scs_dry_s","trailer_definition":"trailer_def.scs.box.single_3.dryvan","units_count":33,"fill_ratio":1,"trailer_place":0}],"tree_et.katowice":[{"target":"euroacres.gdansk","urgency":0,"shortest_distance_km":470,"ferry_time":0,"ferry_price":0,"cargo":"cargo.digger500","company_truck":"scania_streamline_6x2_b","trailer_variant":"trailer.overweight.digger500","trailer_definition":"trailer_def.digger500.overweight.digger500","units_count":100,"fill_ratio":1,"trailer_place":0},{"target":"nbfc.ostrava","urgency":2,"shortest_distance_km":109,"ferry_time":0,"ferry_price":0,"cargo":"cargo.forklifts","company_truck":"mercedes_4x2_a","trailer_variant":"trailer.overweight.forklifts","trailer_definition":"trailer_def.forklifts.overweight.forklifts","units_count":100,"fill_ratio":1,"trailer_place":0},{"target":"lkwlog.lodz","urgency":0,"shortest_distance_km":155,"ferry_time":0,"ferry_price":0,"cargo":"cargo.sawpanels","company_truck":"mercedes_4x2_c","trailer_variant":"trailer.scs_curt","trailer_definition":"trailer_def.scs.box.single_3.curtain","units_count":33,"fill_ratio":1,"trailer_place":0},{"target":"euroacres.gdansk","urgency":1,"shortest_distance_km":470,"ferry_time":0,"ferry_price":0,"cargo":"cargo.lumber","company_truck":"man_tgx_euro6_4x2_xl","trailer_variant":"trailer.scs_flat_c_g","trailer_definition":"trailer_def.scs.flatbed.single_3.container","units_count":2,"fill_ratio":1,"trailer_place":0},{"target":"posped.lodz","urgency":0,"shortest_distance_km":154,"ferry_time":0,"ferry_price":0,"cargo":"cargo.diggers","company_truck":"renault_magnum_4x2_a","trailer_variant":"trailer.overweight.digger","trailer_definition":"trailer_def.diggers.overweight.digger","units_count":98,"fill_ratio":1,"trailer_place":0}],"tradeaux.olsztyn":[{"target":"lkwlog.kosice","urgency":0,"shortest_distance_km":604,"ferry_time":0,"ferry_price":0,"cargo":"cargo.fueltanker","company_truck":"mercedes_actros_2014_4x2_b","trailer_variant":"trailer.scs_gosck40","trailer_definition":"trailer_def.scs.gooseneck.singl_3e_40.container","units_count":80,"fill_ratio":1,"trailer_place":0}],"lkwlog.kosice":[{"target":"transinet.debrecen","urgency":2,"shortest_distance_km":179,"ferry_time":0,"ferry_price":0,"cargo":"cargo.chimney_syst","company_truck":"iveco_4x2_c","trailer_variant":"trailer.scs_dry","trailer_definition":"trailer_def.scs.box.single_3.dryvan","units_count":33,"fill_ratio":1,"trailer_place":0}],"stokes.bystrica":[{"target":"posped.bystrica","urgency":1,"shortest_distance_km":1,"ferry_time":0,"ferry_price":0,"cargo":"cargo.beef_meat","company_truck":"daf_xf_euro6_4x2_c","trailer_variant":"trailer.scs_ref_s","trailer_definition":"trailer_def.scs.box.single_3.reefer","units_count":33,"fill_ratio":1,"trailer_place":0}],"euroacres.szeged":[{"target":"transinet.debrecen","urgency":1,"shortest_distance_km":207,"ferry_time":0,"ferry_price":0,"cargo":"cargo.potatoes","company_truck":"scania_4x2_a","trailer_variant":"trailer.scs_curt","trailer_definition":"trailer_def.scs.box.single_3.curtain","units_count":33,"fill_ratio":1,"trailer_place":0}],"tree_et.bystrica":[{"target":"posped.lodz","urgency":2,"shortest_distance_km":366,"ferry_time":0,"ferry_price":0,"cargo":"cargo.empty_palet","company_truck":"iveco_4x2_a","trailer_variant":"trailer.scs_dry_a","trailer_definition":"trailer_def.scs.box.single_3.dryvan","units_count":33,"fill_ratio":1,"trailer_place":0}],"euroacres.reims":[{"target":"kaarfor.lublin","urgency":1,"shortest_distance_km":1465,"ferry_time":0,"ferry_price":0,"cargo":"cargo.tomatoes","company_truck":"renault_magnum_6x2_a","trailer_variant":"trailer.scs_ins_a","trailer_definition":"trailer_def.scs.box.single_3.insulated","units_count":33,"fill_ratio":1,"trailer_place":0}],"posped.warszawa":[{"target":"stokes.warszawa","urgency":1,"shortest_distance_km":1,"ferry_time":0,"ferry_price":0,"cargo":"cargo.cement","company_truck":"scania_r_6x2_450","trailer_variant":"trailer.cement","trailer_definition":"trailer_def.cement.cement","units_count":100,"fill_ratio":1,"trailer_place":0}],"sellplan.lodz":[{"target":"tradeaux.olsztyn","urgency":1,"shortest_distance_km":274,"ferry_time":0,"ferry_price":0,"cargo":"cargo.used_plast_c","company_truck":"scania_streamline_4x2_a","trailer_variant":"trailer.scs_flat_c_r","trailer_definition":"trailer_def.scs.flatbed.single_3.container","units_count":33,"fill_ratio":1,"trailer_place":0}],"lkwlog.lodz":[{"target":"sellplan.lodz","urgency":1,"shortest_distance_km":2,"ferry_time":0,"ferry_price":0,"cargo":"cargo.cheese","company_truck":"scania_s_6x4_730","trailer_variant":"trailer.scs_ref","trailer_definition":"trailer_def.scs.box.single_3.reefer","units_count":33,"fill_ratio":1,"trailer_place":0}],"lkwlog.venezia":[{"target":"stokes.bystrica","urgency":0,"shortest_distance_km":814,"ferry_time":0,"ferry_price":0,"cargo":"cargo.clothes_c","company_truck":"mercedes_4x2_a","trailer_variant":"trailer.scs_gosck220","trailer_definition":"trailer_def.scs.gooseneck.singl_3e_220.container","units_count":30,"fill_ratio":1,"trailer_place":0}],"eurogoodies.lodz":[{"target":"transinet.ostrava","urgency":1,"shortest_distance_km":246,"ferry_time":0,"ferry_price":0,"cargo":"cargo.oranges","company_truck":"renault_t_4x2h","trailer_variant":"trailer.scs_ref_a","trailer_definition":"trailer_def.scs.box.single_3.reefer","units_count":33,"fill_ratio":1,"trailer_place":0}],"kaarfor.munchen":[{"target":"lkwlog.szeged","urgency":2,"shortest_distance_km":822,"ferry_time":0,"ferry_price":0,"cargo":"cargo.empty_palet","company_truck":"scania_r_4x2_520","trailer_variant":"trailer.scs_dry","trailer_definition":"trailer_def.scs.box.single_3.dryvan","units_count":33,"fill_ratio":1,"trailer_place":0}],"tree_et.bratislava":[{"target":"tradeaux.budapest","urgency":0,"shortest_distance_km":344,"ferry_time":0,"ferry_price":0,"cargo":"cargo.digger500","company_truck":"daf_xf_euro6_4x2_a","trailer_variant":"trailer.overweight.digger500","trailer_definition":"trailer_def.digger500.overweight.digger500","units_count":100,"fill_ratio":1,"trailer_place":0},{"target":"posped.katowice","urgency":1,"shortest_distance_km":284,"ferry_time":0,"ferry_price":0,"cargo":"cargo.excavator","company_truck":"scania_streamline_4x2_c","trailer_variant":"trailer.overweight.excavator","trailer_definition":"trailer_def.excavator.overweight.excavator","units_count":94,"fill_ratio":1,"trailer_place":0},{"target":"sanbuilders.gdansk","urgency":0,"shortest_distance_km":744,"ferry_time":0,"ferry_price":0,"cargo":"cargo.sawpanels","company_truck":"daf_xf_euro6_4x2_c","trailer_variant":"trailer.scs_dry_s","trailer_definition":"trailer_def.scs.box.single_3.dryvan","units_count":33,"fill_ratio":1,"trailer_place":0}],"stokes.katowice":[{"target":"tradeaux.budapest","urgency":0,"shortest_distance_km":434,"ferry_time":0,"ferry_price":0,"cargo":"cargo.wshavings","company_truck":"man_6x4_b","trailer_variant":"trailer.s_ki_solid.cover","trailer_definition":"trailer_def.wshavings.s_ki_solid.cover","units_count":100,"fill_ratio":1,"trailer_place":0},{"target":"posped.lodz","urgency":2,"shortest_distance_km":152,"ferry_time":0,"ferry_price":0,"cargo":"cargo.pnut_butter","company_truck":"scania_streamline_4x2_a","trailer_variant":"trailer.scs_curt_s","trailer_definition":"trailer_def.scs.box.single_3.curtain","units_count":33,"fill_ratio":1,"trailer_place":0}],"tree_et.graz":[{"target":"posped.szeged","urgency":0,"shortest_distance_km":436,"ferry_time":0,"ferry_price":0,"cargo":"cargo.diggers","company_truck":"mercedes_4x2","trailer_variant":"trailer.overweight.digger","trailer_definition":"trailer_def.diggers.overweight.digger","units_count":98,"fill_ratio":1,"trailer_place":0},{"target":"posped.szeged","urgency":2,"shortest_distance_km":436,"ferry_time":0,"ferry_price":0,"cargo":"cargo.empty_palet","company_truck":"scania_r_6x2_450","trailer_variant":"trailer.scs_dry_a","trailer_definition":"trailer_def.scs.box.single_3.dryvan","units_count":33,"fill_ratio":1,"trailer_place":0}],"transinet.bialystok":[{"target":"tradeaux.olsztyn","urgency":0,"shortest_distance_km":250,"ferry_time":0,"ferry_price":0,"cargo":"cargo.princess","company_truck":"scania_r_6x2_450","trailer_variant":"trailer.overweight.boat","trailer_definition":"trailer_def.princess.overweight.boat","units_count":100,"fill_ratio":1,"trailer_place":0}],"lkwlog.lublin":[{"target":"transinet.debrecen","urgency":0,"shortest_distance_km":487,"ferry_time":0,"ferry_price":0,"cargo":"cargo.beverages_c","company_truck":"mercedes_6x2_b","trailer_variant":"trailer.scs_flat_c_r","trailer_definition":"trailer_def.scs.flatbed.single_3.container","units_count":33,"fill_ratio":1,"trailer_place":0},{"target":"eurogoodies.lublin","urgency":2,"shortest_distance_km":1,"ferry_time":0,"ferry_price":0,"cargo":"cargo.nuts","company_truck":"scania_streamline_4x2_c","trailer_variant":"trailer.scs_dry_a","trailer_definition":"trailer_def.scs.box.single_3.dryvan","units_count":33,"fill_ratio":1,"trailer_place":0}],"trameri.krakow":[{"target":"sanbuilders.debrecen","urgency":0,"shortest_distance_km":535,"ferry_time":0,"ferry_price":0,"cargo":"cargo.fueltanker","company_truck":"man_tgx_euro6_4x2_xxl","trailer_variant":"trailer.scs_flat_c_r","trailer_definition":"trailer_def.scs.flatbed.single_3.container","units_count":87,"fill_ratio":1,"trailer_place":0}],"eurogoodies.lublin":[{"target":"tradeaux.krakow","urgency":1,"shortest_distance_km":262,"ferry_time":0,"ferry_price":0,"cargo":"cargo.honey","company_truck":"mercedes_actros_2014_6x4_b","trailer_variant":"trailer.scs_dry_s","trailer_definition":"trailer_def.scs.box.single_3.dryvan","units_count":33,"fill_ratio":1,"trailer_place":0}],"sellplan.kosice":[{"target":"lkwlog.gdansk","urgency":1,"shortest_distance_km":728,"ferry_time":0,"ferry_price":0,"cargo":"cargo.used_plast_c","company_truck":"scania_4x2_b","trailer_variant":"trailer.scs_flat_c_g","trailer_definition":"trailer_def.scs.flatbed.single_3.container","units_count":33,"fill_ratio":1,"trailer_place":0},{"target":"posped.lublin","urgency":1,"shortest_distance_km":310,"ferry_time":0,"ferry_price":0,"cargo":"cargo.used_plast","company_truck":"scania_streamline_4x2_a","trailer_variant":"trailer.scs_dry_m","trailer_definition":"trailer_def.scs.box.single_3.dryvan_m","units_count":33,"fill_ratio":1,"trailer_place":0}],"tree_et.stuttgart":[{"target":"quarry.katowice","urgency":1,"shortest_distance_km":961,"ferry_time":0,"ferry_price":0,"cargo":"cargo.excavator","company_truck":"scania_s_6x2_450","trailer_variant":"trailer.overweight.excavator","trailer_definition":"trailer_def.excavator.overweight.excavator","units_count":94,"fill_ratio":1,"trailer_place":0}],"fcp.graz":[{"target":"tradeaux.budapest","urgency":2,"shortest_distance_km":340,"ferry_time":0,"ferry_price":0,"cargo":"cargo.used_battery","company_truck":"iveco_h_4x2_a","trailer_variant":"trailer.scs_dry_a","trailer_definition":"trailer_def.scs.box.single_3.dryvan","units_count":33,"fill_ratio":1,"trailer_place":0}],"trameri.warszawa":[{"target":"transinet.bialystok","urgency":2,"shortest_distance_km":165,"ferry_time":0,"ferry_price":0,"cargo":"cargo.scrap_metals","company_truck":"scania_streamline_4x2_c","trailer_variant":"trailer.s_ki_solid.cover","trailer_definition":"trailer_def.scrap_metals.s_ki_solid.cover","units_count":100,"fill_ratio":1,"trailer_place":0},{"target":"bcp.gdansk","urgency":0,"shortest_distance_km":307,"ferry_time":0,"ferry_price":0,"cargo":"cargo.overweight","company_truck":"man_4x2_c","trailer_variant":"trailer.scs_flat_b","trailer_definition":"trailer_def.scs.flatbed.single_3.flatbed_w","units_count":1,"fill_ratio":1,"trailer_place":0}],"tradeaux.budapest":[{"target":"stokes.katowice","urgency":0,"shortest_distance_km":434,"ferry_time":0,"ferry_price":0,"cargo":"cargo.used_packag","company_truck":"iveco_6x2_a","trailer_variant":"trailer.scs_dry_s","trailer_definition":"trailer_def.scs.box.single_3.dryvan","units_count":33,"fill_ratio":1,"trailer_place":0}],"quarry.katowice":[{"target":"stokes.katowice","urgency":1,"shortest_distance_km":37,"ferry_time":0,"ferry_price":0,"cargo":"cargo.ore","company_truck":"scania_streamline_4x2_b","trailer_variant":"trailer.s_ki_solid.ore","trailer_definition":"trailer_def.ore.s_ki_solid.ore","units_count":100,"fill_ratio":1,"trailer_place":0},{"target":"tradeaux.budapest","urgency":1,"shortest_distance_km":470,"ferry_time":0,"ferry_price":0,"cargo":"cargo.largetubes","company_truck":"renault_magnum_6x4_a","trailer_variant":"trailer.scs_log","trailer_definition":"trailer_def.scs.log.single_3.steel","units_count":2,"fill_ratio":1,"trailer_place":0}],"stokes.warszawa":[{"target":"posped.lublin","urgency":1,"shortest_distance_km":133,"ferry_time":0,"ferry_price":0,"cargo":"cargo.beef_meat","company_truck":"scania_4x2_b","trailer_variant":"trailer.scs_ref_a","trailer_definition":"trailer_def.scs.box.single_3.reefer","units_count":33,"fill_ratio":1,"trailer_place":0},{"target":"eurogoodies.lublin","urgency":0,"shortest_distance_km":132,"ferry_time":0,"ferry_price":0,"cargo":"cargo.beverages_c","company_truck":"scania_4x2_a","trailer_variant":"trailer.scs_gosck220","trailer_definition":"trailer_def.scs.gooseneck.singl_3e_220.container","units_count":30,"fill_ratio":1,"trailer_place":0}],"fcp.poznan":[{"target":"stokes.warszawa","urgency":0,"shortest_distance_km":235,"ferry_time":0,"ferry_price":0,"cargo":"cargo.mondeos","company_truck":"man_4x2_c","trailer_variant":"trailer.car_trans2","trailer_definition":"trailer_def.mondeos.car_trans2","units_count":100,"fill_ratio":1,"trailer_place":0}],"posped.lublin":[{"target":"stokes.warszawa","urgency":0,"shortest_distance_km":133,"ferry_time":0,"ferry_price":0,"cargo":"cargo.grass_rolls","company_truck":"iveco_6x2_a","trailer_variant":"trailer.scs_curt_a","trailer_definition":"trailer_def.scs.box.single_3.curtain","units_count":33,"fill_ratio":1,"trailer_place":0}],"tree_et.poznan":[{"target":"lkwlog.lodz","urgency":0,"shortest_distance_km":196,"ferry_time":0,"ferry_price":0,"cargo":"cargo.sawpanels","company_truck":"scania_4x2_c","trailer_variant":"trailer.scs_dry_m","trailer_definition":"trailer_def.scs.box.single_3.dryvan_m","units_count":33,"fill_ratio":1,"trailer_place":0},{"target":"sanbuilders.krakow","urgency":0,"shortest_distance_km":421,"ferry_time":0,"ferry_price":0,"cargo":"cargo.digger500","company_truck":"scania_r_4x2_520","trailer_variant":"trailer.overweight.digger500","trailer_definition":"trailer_def.digger500.overweight.digger500","units_count":100,"fill_ratio":1,"trailer_place":0}],"eurogoodies.liege":[{"target":"kaarfor.budapest","urgency":2,"shortest_distance_km":1339,"ferry_time":0,"ferry_price":0,"cargo":"cargo.drymilk","company_truck":"renault_premium_6x4_a","trailer_variant":"trailer.scs_dry_ms","trailer_definition":"trailer_def.scs.box.single_3.dryvan_m","units_count":33,"fill_ratio":1,"trailer_place":0}],"posped.lodz":[{"target":"eurogoodies.lodz","urgency":1,"shortest_distance_km":1,"ferry_time":0,"ferry_price":0,"cargo":"cargo.watermelons","company_truck":"renault_premium_6x2_a","trailer_variant":"trailer.scs_ref_s","trailer_definition":"trailer_def.scs.box.single_3.reefer","units_count":33,"fill_ratio":1,"trailer_place":0}],"posped.koln":[{"target":"euroacres.szeged","urgency":0,"shortest_distance_km":1321,"ferry_time":0,"ferry_price":0,"cargo":"cargo.petrol","company_truck":"renault_t_6x2","trailer_variant":"trailer.willig.fuel_cistern","trailer_definition":"trailer_def.petrol.willig.fuel_cistern","units_count":101,"fill_ratio":1,"trailer_place":0}],"bcp.kosice":[{"target":"lkwlog.lublin","urgency":2,"shortest_distance_km":320,"ferry_time":0,"ferry_price":0,"cargo":"cargo.forklifts","company_truck":"daf_4x2_b","trailer_variant":"trailer.overweight.forklifts","trailer_definition":"trailer_def.forklifts.overweight.forklifts","units_count":100,"fill_ratio":1,"trailer_place":0}],"sellplan.olsztyn":[{"target":"tradeaux.olsztyn","urgency":1,"shortest_distance_km":1,"ferry_time":0,"ferry_price":0,"cargo":"cargo.used_plast_c","company_truck":"mercedes_actros_2014_4x2_b","trailer_variant":"trailer.scs_gosck40","trailer_definition":"trailer_def.scs.gooseneck.singl_3e_40.container","units_count":30,"fill_ratio":1,"trailer_place":0}],"wgcc.rotterdam":[{"target":"nbfc.ostrava","urgency":0,"shortest_distance_km":1210,"ferry_time":0,"ferry_price":0,"cargo":"cargo.nitrocel","company_truck":"daf_4x2_b","trailer_variant":"trailer.scs_gosck20","trailer_definition":"trailer_def.scs.gooseneck.singl_3e_20.container","units_count":40,"fill_ratio":1,"trailer_place":0}],"transinet.hamburg":[{"target":"quarry.katowice","urgency":1,"shortest_distance_km":824,"ferry_time":0,"ferry_price":0,"cargo":"cargo.digger1000","company_truck":"mercedes_6x2_b","trailer_variant":"trailer.overweight.digger1000","trailer_definition":"trailer_def.digger1000.overweight.digger1000","units_count":100,"fill_ratio":1,"trailer_place":0}],"sanbuilders.warszawa":[{"target":"posped.lublin","urgency":1,"shortest_distance_km":132,"ferry_time":0,"ferry_price":0,"cargo":"cargo.excavator","company_truck":"scania_streamline_6x2_b","trailer_variant":"trailer.overweight.excavator","trailer_definition":"trailer_def.excavator.overweight.excavator","units_count":94,"fill_ratio":1,"trailer_place":0}],"euroacres.debrecen":[{"target":"posped.szeged","urgency":0,"shortest_distance_km":225,"ferry_time":0,"ferry_price":0,"cargo":"cargo.grapes","company_truck":"scania_streamline_6x4_a","trailer_variant":"trailer.scs_ref_a","trailer_definition":"trailer_def.scs.box.single_3.reefer","units_count":33,"fill_ratio":1,"trailer_place":0},{"target":"posped.bystrica","urgency":1,"shortest_distance_km":351,"ferry_time":0,"ferry_price":0,"cargo":"cargo.honey","company_truck":"mercedes_6x2_b","trailer_variant":"trailer.scs_dry_m","trailer_definition":"trailer_def.scs.box.single_3.dryvan_m","units_count":33,"fill_ratio":1,"trailer_place":0}],"transinet.debrecen":[{"target":"euroacres.krakow","urgency":0,"shortest_distance_km":494,"ferry_time":0,"ferry_price":0,"cargo":"cargo.wshavings","company_truck":"scania_streamline_4x2_b","trailer_variant":"trailer.s_ki_solid.cover","trailer_definition":"trailer_def.wshavings.s_ki_solid.cover","units_count":100,"fill_ratio":1,"trailer_place":0},{"target":"lkwlog.szeged","urgency":0,"shortest_distance_km":191,"ferry_time":0,"ferry_price":0,"cargo":"cargo.beans","company_truck":"scania_streamline_6x4_a","trailer_variant":"trailer.scs_curt","trailer_definition":"trailer_def.scs.box.single_3.curtain","units_count":33,"fill_ratio":1,"trailer_place":0},{"target":"sanbuilders.warszawa","urgency":0,"shortest_distance_km":590,"ferry_time":0,"ferry_price":0,"cargo":"cargo.vent_tube","company_truck":"mercedes_4x2","trailer_variant":"trailer.scs_flat_c_r","trailer_definition":"trailer_def.scs.flatbed.single_3.container","units_count":2,"fill_ratio":1,"trailer_place":0}],"lkwlog.szeged":[{"target":"transinet.debrecen","urgency":1,"shortest_distance_km":191,"ferry_time":0,"ferry_price":0,"cargo":"cargo.apples_c","company_truck":"iveco_4x2_a","trailer_variant":"trailer.scs_gosck40","trailer_definition":"trailer_def.scs.gooseneck.singl_3e_40.container","units_count":30,"fill_ratio":1,"trailer_place":0}]}