{"kaarfor.strasbourg":[{"target":"lisette_log.lemans","urgency":0,"shortest_distance_km":733,"ferry_time":0,"ferry_price":0,"cargo":"cargo.used_packag","company_truck":"scania_4x2_a","trailer_variant":"trailer.scs_dry_s","trailer_definition":"trailer_def.scs.box.single_3.dryvan","units_count":33,"fill_ratio":1,"trailer_place":0}],"kaarfor.amsterdam":[{"target":"lisette_log.bordeaux","urgency":1,"shortest_distance_km":1299,"ferry_time":0,"ferry_price":0,"cargo":"cargo.used_plast","company_truck":"scania_r_6x2_450","trailer_variant":"trailer.scs_curt_s","trailer_definition":"trailer_def.scs.box.single_3.curtain","units_count":33,"fill_ratio":1,"trailer_place":0}],"voitureux.paris":[{"target":"tradeaux.clermont","urgency":1,"shortest_distance_km":484,"ferry_time":0,"ferry_price":0,"cargo":"cargo.used_plast","company_truck":"mercedes_6x2_b","trailer_variant":"trailer.scs_dry_m","trailer_definition":"trailer_def.scs.box.single_3.dryvan_m","units_count":33,"fill_ratio":1,"trailer_place":0}],"bhb_raffin.lehavre":[{"target":"huilant.larochelle","urgency":0,"shortest_distance_km":627,"ferry_time":0,"ferry_price":0,"cargo":"cargo.kerosene","company_truck":"daf_xf_euro6_4x2_a","trailer_variant":"trailer.fuel_cistern","trailer_definition":"trailer_def.kerosene.fuel_cistern","units_count":100,"fill_ratio":1,"trailer_place":0}],"batisse_base.clermont":[{"target":"nos_pat_cf.clermont","urgency":0,"shortest_distance_km":23,"ferry_time":0,"ferry_price":0,"cargo":"cargo.hipresstank","company_truck":"renault_premium_4x2_c","trailer_variant":"trailer.scs_flat_b","trailer_definition":"trailer_def.scs.flatbed.single_3.flatbed_w","units_count":2,"fill_ratio":1,"trailer_place":0}],"gnt.bastia":[{"target":"nucleon.golfech","urgency":0,"shortest_distance_km":724,"ferry_time":840,"ferry_price":1193,"cargo":"cargo.vent_tube","company_truck":"mercedes_4x2_a","trailer_variant":"trailer.scs_flat_c_r","trailer_definition":"trailer_def.scs.flatbed.single_3.container","units_count":2,"fill_ratio":1,"trailer_place":0}],"kaarfor.bastia":[{"target":"tradeaux.ajaccio","urgency":0,"shortest_distance_km":129,"ferry_time":0,"ferry_price":0,"cargo":"cargo.used_packag","company_truck":"man_6x4_b","trailer_variant":"trailer.scs_dry_m","trailer_definition":"trailer_def.scs.box.single_3.dryvan_m","units_count":33,"fill_ratio":1,"trailer_place":0}],"lkwlog.felixstowe":[{"target":"tradeaux.geneve","urgency":1,"shortest_distance_km":1065,"ferry_time":35,"ferry_price":300,"cargo":"cargo.corks","company_truck":"scania_s_6x2_450","trailer_variant":"trailer.scs_curt_a","trailer_definition":"trailer_def.scs.box.single_3.curtain","units_count":33,"fill_ratio":1,"trailer_place":0}],"nos_pat_cf.clermont":[{"target":"globeur.montpellier","urgency":1,"shortest_distance_km":301,"ferry_time":0,"ferry_price":0,"cargo":"cargo.cheese","company_truck":"iveco_6x2_a","trailer_variant":"trailer.scs_ins_s","trailer_definition":"trailer_def.scs.box.single_3.insulated","units_count":33,"fill_ratio":1,"trailer_place":0}],"mvm_carriere.bordeaux":[{"target":"batisse_road.bordeaux","urgency":2,"shortest_distance_km":80,"ferry_time":0,"ferry_price":0,"cargo":"cargo.granite_cube","company_truck":"mercedes_4x2","trailer_variant":"trailer.s_ki_solid.cover","trailer_definition":"trailer_def.granite_cube.s_ki_solid.cover","units_count":100,"fill_ratio":1,"trailer_place":0},{"target":"batisse_road.bordeaux","urgency":0,"shortest_distance_km":80,"ferry_time":0,"ferry_price":0,"cargo":"cargo.stones","company_truck":"mercedes_4x2_c","trailer_variant":"trailer.s_ki_solid.cover","trailer_definition":"trailer_def.stones.s_ki_solid.cover","units_count":100,"fill_ratio":1,"trailer_place":0}],"tradeaux.kassel":[{"target":"lkwlog.hamburg","urgency":2,"shortest_distance_km":323,"ferry_time":0,"ferry_price":0,"cargo":"cargo.soy_milk","company_truck":"renault_premium_4x2_c","trailer_variant":"trailer.scs_curt_s","trailer_definition":"trailer_def.scs.box.single_3.curtain","units_count":33,"fill_ratio":1,"trailer_place":0}],"globeur.lehavre":[{"target":"wilnet_trans.lemans","urgency":1,"shortest_distance_km":295,"ferry_time":0,"ferry_price":0,"cargo":"cargo.tableware","company_truck":"renault_t_4x2","trailer_variant":"trailer.scs_dry_a","trailer_definition":"trailer_def.scs.box.single_3.dryvan","units_count":33,"fill_ratio":1,"trailer_place":0}],"kaarfor.nice":[{"target":"tradeaux.nice","urgency":2,"shortest_distance_km":6,"ferry_time":0,"ferry_price":0,"cargo":"cargo.empty_palet","company_truck":"man_4x2_c","trailer_variant":"trailer.scs_dry_a","trailer_definition":"trailer_def.scs.box.single_3.dryvan","units_count":33,"fill_ratio":1,"trailer_place":0}],"lkwlog.brno":[{"target":"posped.strasbourg","urgency":2,"shortest_distance_km":819,"ferry_time":0,"ferry_price":0,"cargo":"cargo.harvest_bins","company_truck":"renault_premium_6x4_a","trailer_variant":"trailer.scs_dry_s","trailer_definition":"trailer_def.scs.box.single_3.dryvan","units_count":33,"fill_ratio":1,"trailer_place":0}],"fle.toulouse":[{"target":"wilnet_trans.toulouse","urgency":2,"shortest_distance_km":12,"ferry_time":0,"ferry_price":0,"cargo":"cargo.post_packag","company_truck":"renault_magnum_6x4_a","trailer_variant":"trailer.scs_dry","trailer_definition":"trailer_def.scs.box.single_3.dryvan","units_count":33,"fill_ratio":1,"trailer_place":0},{"target":"globeur.rennes","urgency":2,"shortest_distance_km":713,"ferry_time":0,"ferry_price":0,"cargo":"cargo.med_vaccine","company_truck":"man_6x4_b","trailer_variant":"trailer.scs_ins","trailer_definition":"trailer_def.scs.box.single_3.insulated","units_count":33,"fill_ratio":1,"trailer_place":0}],"wilnet_trans.toulouse":[{"target":"tradeaux.brest","urgency":0,"shortest_distance_km":843,"ferry_time":0,"ferry_price":0,"cargo":"cargo.beverages_c","company_truck":"renault_premium_4x2_a","trailer_variant":"trailer.scs_flat_c_r","trailer_definition":"trailer_def.scs.flatbed.single_3.container","units_count":33,"fill_ratio":1,"trailer_place":0},{"target":"tradeaux.toulouse","urgency":0,"shortest_distance_km":1,"ferry_time":0,"ferry_price":0,"cargo":"cargo.grass_rolls","company_truck":"mercedes_4x2_b","trailer_variant":"trailer.scs_dry_a","trailer_definition":"trailer_def.scs.box.single_3.dryvan","units_count":33,"fill_ratio":1,"trailer_place":0},{"target":"tradeaux.clermont","urgency":2,"shortest_distance_km":395,"ferry_time":0,"ferry_price":0,"cargo":"cargo.chocolate","company_truck":"daf_xf_euro6_6x2_a","trailer_variant":"trailer.scs_dry_s","trailer_definition":"trailer_def.scs.box.single_3.dryvan","units_count":33,"fill_ratio":1,"trailer_place":0},{"target":"tradeaux.toulouse","urgency":0,"shortest_distance_km":1,"ferry_time":0,"ferry_price":0,"cargo":"cargo.basil","company_truck":"daf_xf_euro6_6x2_a","trailer_variant":"trailer.scs_dry","trailer_definition":"trailer_def.scs.box.single_3.dryvan","units_count":33,"fill_ratio":1,"trailer_place":0}],"gallia_ferry.roscoff":[{"target":"wilnet_trans.marseille","urgency":2,"shortest_distance_km":1221,"ferry_time":0,"ferry_price":0,"cargo":"cargo.soy_milk","company_truck":"man_tgx_euro6_4x2_xxl","trailer_variant":"trailer.scs_dry_m","trailer_definition":"trailer_def.scs.box.single_3.dryvan_m","units_count":33,"fill_ratio":1,"trailer_place":0},{"target":"globeur.bourges","urgency":0,"shortest_distance_km":702,"ferry_time":0,"ferry_price":0,"cargo":"cargo.carrots_c","company_truck":"daf_xf_euro6_4x2_c","trailer_variant":"trailer.scs_flat_c_g","trailer_definition":"trailer_def.scs.flatbed.single_3.container","units_count":33,"fill_ratio":1,"trailer_place":0},{"target":"kaarfor.nantes","urgency":1,"shortest_distance_km":270,"ferry_time":0,"ferry_price":0,"cargo":"cargo.potatoes","company_truck":"renault_premium_4x2_a","trailer_variant":"trailer.scs_dry_m","trailer_definition":"trailer_def.scs.box.single_3.dryvan_m","units_count":33,"fill_ratio":1,"trailer_place":0}],"tradeaux.paris":[{"target":"globeur.lehavre","urgency":2,"shortest_distance_km":258,"ferry_time":0,"ferry_price":0,"cargo":"cargo.empty_palet","company_truck":"man_6x4_b","trailer_variant":"trailer.scs_dry_ms","trailer_definition":"trailer_def.scs.box.single_3.dryvan_m","units_count":33,"fill_ratio":1,"trailer_place":0},{"target":"wilnet_trans.lemans","urgency":2,"shortest_distance_km":325,"ferry_time":0,"ferry_price":0,"cargo":"cargo.comp_process","company_truck":"mercedes_actros_2014_4x2_b","trailer_variant":"trailer.scs_curt_s","trailer_definition":"trailer_def.scs.box.single_3.curtain","units_count":33,"fill_ratio":1,"trailer_place":0}],"wilnet_trans.nantes":[{"target":"kaarfor.nantes","urgency":1,"shortest_distance_km":2,"ferry_time":0,"ferry_price":0,"cargo":"cargo.milk","company_truck":"mercedes_6x2_b","trailer_variant":"trailer.scs_dry_s","trailer_definition":"trailer_def.scs.box.single_3.dryvan","units_count":33,"fill_ratio":1,"trailer_place":0}],"tradeaux.brest":[{"target":"globeur.rennes","urgency":2,"shortest_distance_km":306,"ferry_time":0,"ferry_price":0,"cargo":"cargo.comp_process","company_truck":"man_4x2_c","trailer_variant":"trailer.scs_dry_ms","trailer_definition":"trailer_def.scs.box.single_3.dryvan_m","units_count":33,"fill_ratio":1,"trailer_place":0}],"huilant.ajaccio":[{"target":"wilnet_trans.limoges","urgency":0,"shortest_distance_km":819,"ferry_time":840,"ferry_price":1193,"cargo":"cargo.fuel_oil","company_truck":"iveco_4x2_b","trailer_variant":"trailer.fuel_cistern","trailer_definition":"trailer_def.fuel_oil.fuel_cistern","units_count":100,"fill_ratio":1,"trailer_place":0}],"dans_jardin.montpellier":[{"target":"wilnet_trans.toulouse","urgency":1,"shortest_distance_km":300,"ferry_time":0,"ferry_price":0,"cargo":"cargo.lavender","company_truck":"man_tgx_euro6_4x2_xxl","trailer_variant":"trailer.scs_curt_a","trailer_definition":"trailer_def.scs.box.single_3.curtain","units_count":33,"fill_ratio":1,"trailer_place":0}],"mvm_carriere.limoges":[{"target":"batisse_base.calvi","urgency":0,"shortest_distance_km":885,"ferry_time":840,"ferry_price":1193,"cargo":"cargo.stones","company_truck":"mercedes_actros_2014_4x2_a","trailer_variant":"trailer.s_ki_solid.cover","trailer_definition":"trailer_def.stones.s_ki_solid.cover","units_count":100,"fill_ratio":1,"trailer_place":0},{"target":"dans_jardin.bordeaux","urgency":0,"shortest_distance_km":288,"ferry_time":0,"ferry_price":0,"cargo":"cargo.excav_soil","company_truck":"scania_streamline_4x2_a","trailer_variant":"trailer.s_ki_solid.cover","trailer_definition":"trailer_def.excav_soil.s_ki_solid.cover","units_count":100,"fill_ratio":1,"trailer_place":0},{"target":"wilnet_trans.lemans","urgency":1,"shortest_distance_km":453,"ferry_time":0,"ferry_price":0,"cargo":"cargo.stone_dust","company_truck":"daf_xf_euro6_4x2_a","trailer_variant":"trailer.s_ki_solid.cover","trailer_definition":"trailer_def.stone_dust.s_ki_solid.cover","units_count":100,"fill_ratio":1,"trailer_place":0},{"target":"batisse_base.rennes","urgency":2,"shortest_distance_km":575,"ferry_time":0,"ferry_price":0,"cargo":"cargo.gravel","company_truck":"renault_magnum_6x2_a","trailer_variant":"trailer.s_ki_solid.gravel","trailer_definition":"trailer_def.gravel.s_ki_solid.gravel","units_count":100,"fill_ratio":1,"trailer_place":0}],"transinet.rotterdam":[{"target":"lisette_log.paris","urgency":2,"shortest_distance_km":436,"ferry_time":0,"ferry_price":0,"cargo":"cargo.comp_process","company_truck":"mercedes_4x2","trailer_variant":"trailer.scs_dry_ms","trailer_definition":"trailer_def.scs.box.single_3.dryvan_m","units_count":33,"fill_ratio":1,"trailer_place":0}],"stokes.plymouth":[{"target":"gallia_ferry.roscoff","urgency":0,"shortest_distance_km":6,"ferry_time":420,"ferry_price":910,"cargo":"cargo.steel_cord","company_truck":"scania_4x2_a","trailer_variant":"trailer.scs_dry_a","trailer_definition":"trailer_def.scs.box.single_3.dryvan","units_count":33,"fill_ratio":1,"trailer_place":0}],"bhb_raffin.marseille":[{"target":"mvm_carriere.nice","urgency":0,"shortest_distance_km":327,"ferry_time":0,"ferry_price":0,"cargo":"cargo.fuel_oil","company_truck":"daf_4x2_b","trailer_variant":"trailer.willig.fuel_cistern","trailer_definition":"trailer_def.fuel_oil.willig.fuel_cistern","units_count":100,"fill_ratio":1,"trailer_place":0}],"wilnet_trans.lemans":[{"target":"tradeaux.clermont","urgency":1,"shortest_distance_km":472,"ferry_time":0,"ferry_price":0,"cargo":"cargo.fertilizer","company_truck":"scania_r_4x2_520","trailer_variant":"trailer.scs_dry_s","trailer_definition":"trailer_def.scs.box.single_3.dryvan","units_count":33,"fill_ratio":1,"trailer_place":0},{"target":"globeur.rennes","urgency":1,"shortest_distance_km":152,"ferry_time":0,"ferry_price":0,"cargo":"cargo.lumber","company_truck":"scania_streamline_6x2_b","trailer_variant":"trailer.scs_flat_c_g","trailer_definition":"trailer_def.scs.flatbed.single_3.container","units_count":2,"fill_ratio":1,"trailer_place":0}],"quarry.lyon":[{"target":"lisette_log.nice","urgency":0,"shortest_distance_km":472,"ferry_time":0,"ferry_price":0,"cargo":"cargo.diggers","company_truck":"man_tgx_euro6_4x2_xl","trailer_variant":"trailer.overweight.digger","trailer_definition":"trailer_def.diggers.overweight.digger","units_count":100,"fill_ratio":1,"trailer_place":0}],"kaarfor.verona":[{"target":"tradeaux.clermont","urgency":0,"shortest_distance_km":824,"ferry_time":0,"ferry_price":0,"cargo":"cargo.used_packag","company_truck":"renault_premium_6x4_a","trailer_variant":"trailer.scs_dry_ms","trailer_definition":"trailer_def.scs.box.single_3.dryvan_m","units_count":33,"fill_ratio":1,"trailer_place":0}],"subse.clermont":[{"target":"globeur.bourges","urgency":2,"shortest_distance_km":210,"ferry_time":0,"ferry_price":0,"cargo":"cargo.packag_food","company_truck":"mercedes_actros_2014_6x4_b","trailer_variant":"trailer.scs_dry_ms","trailer_definition":"trailer_def.scs.box.single_3.dryvan_m","units_count":33,"fill_ratio":1,"trailer_place":0}],"batisse_hs.montpellier":[{"target":"wilnet_trans.toulouse","urgency":0,"shortest_distance_km":283,"ferry_time":0,"ferry_price":0,"cargo":"cargo.digger500","company_truck":"scania_r_4x2_520","trailer_variant":"trailer.overweight.digger500","trailer_definition":"trailer_def.digger500.overweight.digger500","units_count":100,"fill_ratio":1,"trailer_place":0}],"batisse_road.lemans":[{"target":"mvm_carriere.lemans","urgency":1,"shortest_distance_km":177,"ferry_time":0,"ferry_price":0,"cargo":"cargo.excavator","company_truck":"mercedes_actros_2014_4x2_a","trailer_variant":"trailer.overweight.excavator","trailer_definition":"trailer_def.excavator.overweight.excavator","units_count":100,"fill_ratio":1,"trailer_place":0}],"nucleon.golfech":[{"target":"dans_jardin.bordeaux","urgency":2,"shortest_distance_km":303,"ferry_time":0,"ferry_price":0,"cargo":"cargo.forklifts","company_truck":"man_6x4_b","trailer_variant":"trailer.overweight.forklifts","trailer_definition":"trailer_def.forklifts.overweight.forklifts","units_count":100,"fill_ratio":1,"trailer_place":0},{"target":"huilant.bordeaux","urgency":2,"shortest_distance_km":244,"ferry_time":0,"ferry_price":0,"cargo":"cargo.empty_palet","company_truck":"iveco_h_4x2_a","trailer_variant":"trailer.scs_dry_ms","trailer_definition":"trailer_def.scs.box.single_3.dryvan_m","units_count":33,"fill_ratio":1,"trailer_place":0}],"batisse_hs.paris":[{"target":"wilnet_trans.lemans","urgency":1,"shortest_distance_km":325,"ferry_time":0,"ferry_price":0,"cargo":"cargo.digger1000","company_truck":"renault_magnum_6x2_a","trailer_variant":"trailer.overweight.digger1000","trailer_definition":"trailer_def.digger1000.overweight.digger1000","units_count":100,"fill_ratio":1,"trailer_place":0}],"nucleon.civaux":[{"target":"batisse_wind.montpellier","urgency":2,"shortest_distance_km":548,"ferry_time":0,"ferry_price":0,"cargo":"cargo.forklifts","company_truck":"scania_streamline_6x4_a","trailer_variant":"trailer.overweight.forklifts","trailer_definition":"trailer_def.forklifts.overweight.forklifts","units_count":100,"fill_ratio":1,"trailer_place":0},{"target":"dans_jardin.lemans","urgency":0,"shortest_distance_km":178,"ferry_time":0,"ferry_price":0,"cargo":"cargo.excav_soil","company_truck":"man_6x4_b","trailer_variant":"trailer.s_ki_solid.cover","trailer_definition":"trailer_def.excav_soil.s_ki_solid.cover","units_count":100,"fill_ratio":1,"trailer_place":0}],"stokes.zurich":[{"target":"wilnet_trans.lemans","urgency":0,"shortest_distance_km":828,"ferry_time":0,"ferry_price":0,"cargo":"cargo.nylon_cord","company_truck":"man_6x4_b","trailer_variant":"trailer.scs_dry","trailer_definition":"trailer_def.scs.box.single_3.dryvan","units_count":30,"fill_ratio":1,"trailer_place":0}],"kaarfor.larochelle":[{"target":"lisette_log.lemans","urgency":0,"shortest_distance_km":440,"ferry_time":0,"ferry_price":0,"cargo":"cargo.used_packag","company_truck":"renault_magnum_6x4_a","trailer_variant":"trailer.scs_dry","trailer_definition":"trailer_def.scs.box.single_3.dryvan","units_count":33,"fill_ratio":1,"trailer_place":0}],"cont_port_fr.marseille":[{"target":"lisette_log.bordeaux","urgency":1,"shortest_distance_km":664,"ferry_time":0,"ferry_price":0,"cargo":"cargo.apples_c","company_truck":"mercedes_actros_2014_4x2_a","trailer_variant":"trailer.scs_flat_c_r","trailer_definition":"trailer_def.scs.flatbed.single_3.container","units_count":33,"fill_ratio":1,"trailer_place":0}],"trameri.carlisle":[{"target":"wilnet_trans.marseille","urgency":0,"shortest_distance_km":1667,"ferry_time":35,"ferry_price":300,"cargo":"cargo.roofing_felt","company_truck":"mercedes_actros_2014_4x2_b","trailer_variant":"trailer.scs_dry_ms","trailer_definition":"trailer_def.scs.box.single_3.dryvan_m","units_count":33,"fill_ratio":1,"trailer_place":0}],"fle.brest":[{"target":"globeur.rennes","urgency":2,"shortest_distance_km":286,"ferry_time":0,"ferry_price":0,"cargo":"cargo.post_packag","company_truck":"renault_premium_4x2_c","trailer_variant":"trailer.scs_dry","trailer_definition":"trailer_def.scs.box.single_3.dryvan","units_count":33,"fill_ratio":1,"trailer_place":0}],"tradeaux.toulouse":[{"target":"lisette_log.bordeaux","urgency":1,"shortest_distance_km":205,"ferry_time":0,"ferry_price":0,"cargo":"cargo.milk_t","company_truck":"man_tgx_euro6_4x2_xxl","trailer_variant":"trailer.scs_fodt","trailer_definition":"trailer_def.scs.foodtank.single_3.paint","units_count":27,"fill_ratio":1,"trailer_place":0},{"target":"wilnet_trans.toulouse","urgency":2,"shortest_distance_km":1,"ferry_time":0,"ferry_price":0,"cargo":"cargo.scrap_metals","company_truck":"daf_xf_euro6_6x2_a","trailer_variant":"trailer.s_ki_solid.cover","trailer_definition":"trailer_def.scrap_metals.s_ki_solid.cover","units_count":100,"fill_ratio":1,"trailer_place":0},{"target":"wilnet_trans.toulouse","urgency":2,"shortest_distance_km":1,"ferry_time":0,"ferry_price":0,"cargo":"cargo.plums","company_truck":"daf_xf_euro6_4x2_a","trailer_variant":"trailer.scs_ins_s","trailer_definition":"trailer_def.scs.box.single_3.insulated","units_count":33,"fill_ratio":1,"trailer_place":0}],"voitureux.lehavre":[{"target":"bhv.nantes","urgency":2,"shortest_distance_km":474,"ferry_time":0,"ferry_price":0,"cargo":"cargo.cars_fr","company_truck":"daf_xf_euro6_4x2_a","trailer_variant":"trailer.car_fr","trailer_definition":"trailer_def.cars_fr.car_fr","units_count":100,"fill_ratio":1,"trailer_place":0},{"target":"globeur.lehavre","urgency":1,"shortest_distance_km":12,"ferry_time":0,"ferry_price":0,"cargo":"cargo.used_plast","company_truck":"daf_xf_euro6_6x4_c","trailer_variant":"trailer.scs_dry_s","trailer_definition":"trailer_def.scs.box.single_3.dryvan","units_count":33,"fill_ratio":1,"trailer_place":0}],"boisserie.limoges":[{"target":"wilnet_trans.toulouse","urgency":0,"shortest_distance_km":233,"ferry_time":0,"ferry_price":0,"cargo":"cargo.wshavings","company_truck":"man_tgx_euro6_4x2_xl","trailer_variant":"trailer.s_ki_solid.cover","trailer_definition":"trailer_def.wshavings.s_ki_solid.cover","units_count":100,"fill_ratio":1,"trailer_place":0}],"lisette_log.rennes":[{"target":"wilnet_trans.toulouse","urgency":1,"shortest_distance_km":735,"ferry_time":0,"ferry_price":0,"cargo":"cargo.big_bag_seed","company_truck":"scania_streamline_4x2_b","trailer_variant":"trailer.scs_brick_b","trailer_definition":"trailer_def.scs.flatbed.single_3.brick","units_count":33,"fill_ratio":1,"trailer_place":0}],"eurogoodies.metz":[{"target":"wilnet_trans.marseille","urgency":2,"shortest_distance_km":685,"ferry_time":0,"ferry_price":0,"cargo":"cargo.packag_food","company_truck":"mercedes_6x4_a","trailer_variant":"trailer.scs_dry_m","trailer_definition":"trailer_def.scs.box.single_3.dryvan_m","units_count":33,"fill_ratio":1,"trailer_place":0}],"nos_pat_lhv.lehavre":[{"target":"nos_pat_brg.bourges","urgency":2,"shortest_distance_km":347,"ferry_time":0,"ferry_price":0,"cargo":"cargo.live_catt_fr","company_truck":"scania_6x2_b","trailer_variant":"trailer.livestock","trailer_definition":"trailer_def.live_catt_fr.livestock","units_count":100,"fill_ratio":1,"trailer_place":0},{"target":"kaarfor.nantes","urgency":1,"shortest_distance_km":331,"ferry_time":0,"ferry_price":0,"cargo":"cargo.beef_meat","company_truck":"scania_s_6x4_730","trailer_variant":"trailer.scs_ref_s","trailer_definition":"trailer_def.scs.box.single_3.reefer","units_count":33,"fill_ratio":1,"trailer_place":0},{"target":"globeur.rennes","urgency":1,"shortest_distance_km":230,"ferry_time":0,"ferry_price":0,"cargo":"cargo.milk","company_truck":"renault_premium_4x2_a","trailer_variant":"trailer.scs_dry","trailer_definition":"trailer_def.scs.box.single_3.dryvan","units_count":33,"fill_ratio":1,"trailer_place":0}],"globeur.bordeaux":[{"target":"eolo_lines.marseille","urgency":0,"shortest_distance_km":785,"ferry_time":0,"ferry_price":0,"cargo":"cargo.conc_juice_t","company_truck":"mercedes_actros_2014_4x2_a","trailer_variant":"trailer.scs_fodt","trailer_definition":"trailer_def.scs.foodtank.single_3.paint","units_count":21,"fill_ratio":1,"trailer_place":0},{"target":"wilnet_trans.porto_vecchi","urgency":2,"shortest_distance_km":788,"ferry_time":840,"ferry_price":1193,"cargo":"cargo.clothes","company_truck":"mercedes_4x2_a","trailer_variant":"trailer.scs_dry_m","trailer_definition":"trailer_def.scs.box.single_3.dryvan_m","units_count":33,"fill_ratio":1,"trailer_place":0}],"huilant.bordeaux":[{"target":"bhb_raffin.lehavre","urgency":1,"shortest_distance_km":786,"ferry_time":0,"ferry_price":0,"cargo":"cargo.lpg","company_truck":"man_6x4_b","trailer_variant":"trailer.fuel_cistern","trailer_definition":"trailer_def.lpg.fuel_cistern","units_count":100,"fill_ratio":1,"trailer_place":0}],"fle.calvi":[{"target":"gnt.bastia","urgency":0,"shortest_distance_km":125,"ferry_time":0,"ferry_price":0,"cargo":"cargo.cut_flowers","company_truck":"scania_r_6x2_450","trailer_variant":"trailer.scs_ref_a","trailer_definition":"trailer_def.scs.box.single_3.reefer","units_count":33,"fill_ratio":1,"trailer_place":0}],"kaarfor.montpellier":[{"target":"huilant.larochelle","urgency":2,"shortest_distance_km":740,"ferry_time":0,"ferry_price":0,"cargo":"cargo.empty_palet","company_truck":"mercedes_actros_2014_4x2_b","trailer_variant":"trailer.scs_dry","trailer_definition":"trailer_def.scs.box.single_3.dryvan","units_count":33,"fill_ratio":1,"trailer_place":0},{"target":"globeur.montpellier","urgency":0,"shortest_distance_km":56,"ferry_time":0,"ferry_price":0,"cargo":"cargo.used_packag","company_truck":"scania_streamline_4x2_c","trailer_variant":"trailer.scs_curt_s","trailer_definition":"trailer_def.scs.box.single_3.curtain","units_count":33,"fill_ratio":1,"trailer_place":0},{"target":"wilnet_trans.lemans","urgency":1,"shortest_distance_km":803,"ferry_time":0,"ferry_price":0,"cargo":"cargo.used_plast_c","company_truck":"man_4x2_c","trailer_variant":"trailer.scs_flat_c_g","trailer_definition":"trailer_def.scs.flatbed.single_3.container","units_count":33,"fill_ratio":1,"trailer_place":0}],"fle.montpellier":[{"target":"globeur.montpellier","urgency":2,"shortest_distance_km":62,"ferry_time":0,"ferry_price":0,"cargo":"cargo.med_vaccine","company_truck":"man_6x4_b","trailer_variant":"trailer.scs_ins_s","trailer_definition":"trailer_def.scs.box.single_3.insulated","units_count":33,"fill_ratio":1,"trailer_place":0}],"marina_fr.larochelle":[{"target":"wilnet_trans.nantes","urgency":0,"shortest_distance_km":214,"ferry_time":0,"ferry_price":0,"cargo":"cargo.princess","company_truck":"iveco_4x2_c","trailer_variant":"trailer.overweight.boat","trailer_definition":"trailer_def.princess.overweight.boat","units_count":100,"fill_ratio":1,"trailer_place":0}],"eolo_lines.marseille":[{"target":"wilnet_trans.marseille","urgency":1,"shortest_distance_km":9,"ferry_time":0,"ferry_price":0,"cargo":"cargo.silica","company_truck":"renault_premium_4x2_a","trailer_variant":"trailer.scs_dry_m","trailer_definition":"trailer_def.scs.box.single_3.dryvan_m","units_count":33,"fill_ratio":1,"trailer_place":0}],"wgcc.grimsby":[{"target":"batisse_wind.brest","urgency":2,"shortest_distance_km":538,"ferry_time":420,"ferry_price":910,"cargo":"cargo.forklifts","company_truck":"scania_r_6x2_450","trailer_variant":"trailer.overweight.forklifts","trailer_definition":"trailer_def.forklifts.overweight.forklifts","units_count":100,"fill_ratio":1,"trailer_place":0}],"voitureux.rennes":[{"target":"wilnet_trans.nantes","urgency":1,"shortest_distance_km":82,"ferry_time":0,"ferry_price":0,"cargo":"cargo.used_plast_c","company_truck":"renault_magnum_6x2_a","trailer_variant":"trailer.scs_flat_c_r","trailer_definition":"trailer_def.scs.flatbed.single_3.container","units_count":33,"fill_ratio":1,"trailer_place":0},{"target":"wilnet_trans.lemans","urgency":1,"shortest_distance_km":210,"ferry_time":0,"ferry_price":0,"cargo":"cargo.used_plast","company_truck":"scania_6x2_b","trailer_variant":"trailer.scs_dry_s","trailer_definition":"trailer_def.scs.box.single_3.dryvan","units_count":33,"fill_ratio":1,"trailer_place":0},{"target":"wilnet_trans.nantes","urgency":2,"shortest_distance_km":82,"ferry_time":0,"ferry_price":0,"cargo":"cargo.empty_palet","company_truck":"scania_4x2_b","trailer_variant":"trailer.scs_dry_m","trailer_definition":"trailer_def.scs.box.single_3.dryvan_m","units_count":33,"fill_ratio":1,"trailer_place":0},{"target":"wilnet_trans.limoges","urgency":2,"shortest_distance_km":406,"ferry_time":0,"ferry_price":0,"cargo":"cargo.scrap_metals","company_truck":"mercedes_actros_2014_4x2_a","trailer_variant":"trailer.s_ki_solid.cover","trailer_definition":"trailer_def.scrap_metals.s_ki_solid.cover","units_count":100,"fill_ratio":1,"trailer_place":0},{"target":"wilnet_trans.porto_vecchi","urgency":0,"shortest_distance_km":1040,"ferry_time":840,"ferry_price":1193,"cargo":"cargo.used_packag","company_truck":"mercedes_6x2_b","trailer_variant":"trailer.scs_dry_s","trailer_definition":"trailer_def.scs.box.single_3.dryvan","units_count":33,"fill_ratio":1,"trailer_place":0}],"nos_pat_brg.bourges":[{"target":"nos_pat_lhv.lehavre","urgency":2,"shortest_distance_km":346,"ferry_time":0,"ferry_price":0,"cargo":"cargo.live_catt_fr","company_truck":"mercedes_6x2_b","trailer_variant":"trailer.livestock","trailer_definition":"trailer_def.live_catt_fr.livestock","units_count":100,"fill_ratio":1,"trailer_place":0}],"lisette_log.bordeaux":[{"target":"nucleon.golfech","urgency":0,"shortest_distance_km":185,"ferry_time":0,"ferry_price":0,"cargo":"cargo.hi_volt_cabl","company_truck":"scania_4x2_c","trailer_variant":"trailer.scs_curt_a","trailer_definition":"trailer_def.scs.box.single_3.curtain","units_count":33,"fill_ratio":1,"trailer_place":0},{"target":"huilant.bordeaux","urgency":0,"shortest_distance_km":143,"ferry_time":0,"ferry_price":0,"cargo":"cargo.chem_sorb_c","company_truck":"renault_t_4x2h","trailer_variant":"trailer.scs_gosck220","trailer_definition":"trailer_def.scs.gooseneck.singl_3e_220.container","units_count":30,"fill_ratio":1,"trailer_place":0}],"dans_jardin.porto_vecchi":[{"target":"tradeaux.clermont","urgency":0,"shortest_distance_km":442,"ferry_time":840,"ferry_price":1193,"cargo":"cargo.cut_flowers","company_truck":"scania_streamline_4x2_a","trailer_variant":"trailer.scs_ref_a","trailer_definition":"trailer_def.scs.box.single_3.reefer","units_count":33,"fill_ratio":1,"trailer_place":0},{"target":"lisette_log.bordeaux","urgency":0,"shortest_distance_km":685,"ferry_time":840,"ferry_price":1193,"cargo":"cargo.apples","company_truck":"scania_6x4_a","trailer_variant":"trailer.scs_dry_a","trailer_definition":"trailer_def.scs.box.single_3.dryvan","units_count":33,"fill_ratio":1,"trailer_place":0}],"posped.kiel":[{"target":"eurogoodies.magdeburg","urgency":1,"shortest_distance_km":356,"ferry_time":0,"ferry_price":0,"cargo":"cargo.coconut_milk","company_truck":"daf_4x2_b","trailer_variant":"trailer.scs_curt","trailer_definition":"trailer_def.scs.box.single_3.curtain","units_count":31,"fill_ratio":1,"trailer_place":0}],"batisse_wind.montpellier":[{"target":"bhb_raffin.marseille","urgency":2,"shortest_distance_km":282,"ferry_time":0,"ferry_price":0,"cargo":"cargo.empty_palet","company_truck":"scania_r_6x4_650","trailer_variant":"trailer.scs_dry_s","trailer_definition":"trailer_def.scs.box.single_3.dryvan","units_count":33,"fill_ratio":1,"trailer_place":0}],"gomme_monde.clermont":[{"target":"subse.clermont","urgency":2,"shortest_distance_km":33,"ferry_time":0,"ferry_price":0,"cargo":"cargo.empty_palet","company_truck":"man_tgx_euro6_6x4_xlx","trailer_variant":"trailer.scs_dry_s","trailer_definition":"trailer_def.scs.box.single_3.dryvan","units_count":33,"fill_ratio":1,"trailer_place":0}],"batisse_base.rennes":[{"target":"dans_jardin.nantes","urgency":0,"shortest_distance_km":253,"ferry_time":0,"ferry_price":0,"cargo":"cargo.excav_soil","company_truck":"renault_t_4x2","trailer_variant":"trailer.s_ki_solid.cover","trailer_definition":"trailer_def.excav_soil.s_ki_solid.cover","units_count":100,"fill_ratio":1,"trailer_place":0}],"wilnet_trans.marseille":[{"target":"mvm_carriere.porto_vecchi","urgency":2,"shortest_distance_km":24,"ferry_time":840,"ferry_price":1193,"cargo":"cargo.sand","company_truck":"renault_premium_4x2_a","trailer_variant":"trailer.s_ki_solid.sand","trailer_definition":"trailer_def.sand.s_ki_solid.sand","units_count":100,"fill_ratio":1,"trailer_place":0}],"ika_bohag.clermont":[{"target":"tradeaux.clermont","urgency":0,"shortest_distance_km":2,"ferry_time":0,"ferry_price":0,"cargo":"cargo.used_packag","company_truck":"iveco_4x2_b","trailer_variant":"trailer.scs_dry_m","trailer_definition":"trailer_def.scs.box.single_3.dryvan_m","units_count":33,"fill_ratio":1,"trailer_place":0}],"sellplan.geneve":[{"target":"wilnet_trans.toulouse","urgency":1,"shortest_distance_km":692,"ferry_time":0,"ferry_price":0,"cargo":"cargo.used_plast_c","company_truck":"scania_s_4x2_370","trailer_variant":"trailer.scs_gosck220","trailer_definition":"trailer_def.scs.gooseneck.singl_3e_220.container","units_count":30,"fill_ratio":1,"trailer_place":0}],"fle.bastia":[{"target":"renar.calvi","urgency":0,"shortest_distance_km":126,"ferry_time":0,"ferry_price":0,"cargo":"cargo.med_equip","company_truck":"man_4x2_a","trailer_variant":"trailer.scs_curt","trailer_definition":"trailer_def.scs.box.single_3.curtain","units_count":33,"fill_ratio":1,"trailer_place":0}],"wgcc.glasgow":[{"target":"nbfc.aberdeen","urgency":0,"shortest_distance_km":236,"ferry_time":0,"ferry_price":0,"cargo":"cargo.fuel_oil","company_truck":"daf_xf_euro6_6x4_c","trailer_variant":"trailer.willig.fuel_cistern","trailer_definition":"trailer_def.fuel_oil.willig.fuel_cistern","units_count":100,"fill_ratio":1,"trailer_place":0}],"tree_et.geneve":[{"target":"dans_jardin.montpellier","urgency":0,"shortest_distance_km":525,"ferry_time":0,"ferry_price":0,"cargo":"cargo.sawpanels","company_truck":"scania_4x2_c","trailer_variant":"trailer.scs_curt_a","trailer_definition":"trailer_def.scs.box.single_3.curtain","units_count":33,"fill_ratio":1,"trailer_place":0},{"target":"batisse_hs.montpellier","urgency":1,"shortest_distance_km":496,"ferry_time":0,"ferry_price":0,"cargo":"cargo.lumber","company_truck":"scania_s_6x4_730","trailer_variant":"trailer.scs_flat_b","trailer_definition":"trailer_def.scs.flatbed.single_3.flatbed_w","units_count":2,"fill_ratio":1,"trailer_place":0},{"target":"globeur.bourges","urgency":0,"shortest_distance_km":462,"ferry_time":0,"ferry_price":0,"cargo":"cargo.diggers","company_truck":"mercedes_6x2_b","trailer_variant":"trailer.overweight.digger","trailer_definition":"trailer_def.diggers.overweight.digger","units_count":98,"fill_ratio":1,"trailer_place":0}],"tradeaux.nice":[{"target":"eolo_lines.lile_rousse","urgency":2,"shortest_distance_km":455,"ferry_time":840,"ferry_price":1193,"cargo":"cargo.rice","company_truck":"renault_t_4x2","trailer_variant":"trailer.scs_dry_m","trailer_definition":"trailer_def.scs.box.single_3.dryvan_m","units_count":33,"fill_ratio":1,"trailer_place":0}],"lisette_log.larochelle":[{"target":"kaarfor.larochelle","urgency":1,"shortest_distance_km":75,"ferry_time":0,"ferry_price":0,"cargo":"cargo.tomatoes","company_truck":"scania_streamline_6x2_b","trailer_variant":"trailer.scs_ref","trailer_definition":"trailer_def.scs.box.single_3.reefer","units_count":33,"fill_ratio":1,"trailer_place":0}],"huilant.larochelle":[{"target":"dans_jardin.porto_vecchi","urgency":1,"shortest_distance_km":942,"ferry_time":840,"ferry_price":1193,"cargo":"cargo.diesel","company_truck":"man_4x2_c","trailer_variant":"trailer.willig.fuel_cistern","trailer_definition":"trailer_def.diesel.willig.fuel_cistern","units_count":100,"fill_ratio":1,"trailer_place":0}],"nbfc.calais":[{"target":"chimi.larochelle","urgency":2,"shortest_distance_km":800,"ferry_time":0,"ferry_price":0,"cargo":"cargo.contamin","company_truck":"man_6x4_b","trailer_variant":"trailer.scs_flat_c_g","trailer_definition":"trailer_def.scs.flatbed.single_3.container","units_count":87,"fill_ratio":1,"trailer_place":0}],"marina_fr.brest":[{"target":"lisette_log.lemans","urgency":0,"shortest_distance_km":440,"ferry_time":0,"ferry_price":0,"cargo":"cargo.princess","company_truck":"scania_6x2_b","trailer_variant":"trailer.overweight.boat","trailer_definition":"trailer_def.princess.overweight.boat","units_count":100,"fill_ratio":1,"trailer_place":0}],"dans_jardin.lemans":[{"target":"kaarfor.limoges","urgency":1,"shortest_distance_km":270,"ferry_time":0,"ferry_price":0,"cargo":"cargo.potatoes","company_truck":"man_tgx_euro6_6x4_xlx","trailer_variant":"trailer.scs_dry_ms","trailer_definition":"trailer_def.scs.box.single_3.dryvan_m","units_count":33,"fill_ratio":1,"trailer_place":0},{"target":"subse.nantes","urgency":0,"shortest_distance_km":174,"ferry_time":0,"ferry_price":0,"cargo":"cargo.basil","company_truck":"scania_4x2_c","trailer_variant":"trailer.scs_dry_s","trailer_definition":"trailer_def.scs.box.single_3.dryvan","units_count":33,"fill_ratio":1,"trailer_place":0},{"target":"subse.nantes","urgency":0,"shortest_distance_km":174,"ferry_time":0,"ferry_price":0,"cargo":"cargo.olives","company_truck":"renault_premium_4x2_c","trailer_variant":"trailer.scs_curt","trailer_definition":"trailer_def.scs.box.single_3.curtain","units_count":33,"fill_ratio":1,"trailer_place":0}],"tradeaux.ajaccio":[{"target":"lisette_log.ajaccio","urgency":2,"shortest_distance_km":15,"ferry_time":0,"ferry_price":0,"cargo":"cargo.harvest_bins","company_truck":"daf_4x2_b","trailer_variant":"trailer.scs_dry_ms","trailer_definition":"trailer_def.scs.box.single_3.dryvan_m","units_count":33,"fill_ratio":1,"trailer_place":0}],"eurogoodies.erfurt":[{"target":"kaarfor.nice","urgency":0,"shortest_distance_km":1269,"ferry_time":0,"ferry_price":0,"cargo":"cargo.carrots_c","company_truck":"scania_s_6x4_730","trailer_variant":"trailer.scs_gosck220","trailer_definition":"trailer_def.scs.gooseneck.singl_3e_220.container","units_count":30,"fill_ratio":1,"trailer_place":0}],"mvm_carriere.bastia":[{"target":"wilnet_trans.porto_vecchi","urgency":1,"shortest_distance_km":109,"ferry_time":0,"ferry_price":0,"cargo":"cargo.stone_dust","company_truck":"iveco_6x2_a","trailer_variant":"trailer.s_ki_solid.cover","trailer_definition":"trailer_def.stone_dust.s_ki_solid.cover","units_count":100,"fill_ratio":1,"trailer_place":0}],"dans_jardin.nantes":[{"target":"subse.brest","urgency":0,"shortest_distance_km":282,"ferry_time":0,"ferry_price":0,"cargo":"cargo.basil","company_truck":"scania_s_6x2_450","trailer_variant":"trailer.scs_curt_a","trailer_definition":"trailer_def.scs.box.single_3.curtain","units_count":33,"fill_ratio":1,"trailer_place":0},{"target":"globeur.bordeaux","urgency":0,"shortest_distance_km":431,"ferry_time":0,"ferry_price":0,"cargo":"cargo.olives","company_truck":"scania_streamline_4x2_a","trailer_variant":"trailer.scs_curt","trailer_definition":"trailer_def.scs.box.single_3.curtain","units_count":33,"fill_ratio":1,"trailer_place":0}],"ika_bohag.montpellier":[{"target":"globeur.montpellier","urgency":0,"shortest_distance_km":56,"ferry_time":0,"ferry_price":0,"cargo":"cargo.used_packag","company_truck":"scania_4x2_b","trailer_variant":"trailer.scs_curt","trailer_definition":"trailer_def.scs.box.single_3.curtain","units_count":33,"fill_ratio":1,"trailer_place":0}],"nucleon.laurent":[{"target":"batisse_base.clermont","urgency":2,"shortest_distance_km":287,"ferry_time":0,"ferry_price":0,"cargo":"cargo.forklifts","company_truck":"scania_streamline_4x2_a","trailer_variant":"trailer.overweight.forklifts","trailer_definition":"trailer_def.forklifts.overweight.forklifts","units_count":100,"fill_ratio":1,"trailer_place":0}],"transinet.southampton":[{"target":"globeur.lehavre","urgency":0,"shortest_distance_km":430,"ferry_time":35,"ferry_price":300,"cargo":"cargo.chem_sorb_c","company_truck":"iveco_4x2_b","trailer_variant":"trailer.scs_flat_c_r","trailer_definition":"trailer_def.scs.flatbed.single_3.container","units_count":33,"fill_ratio":1,"trailer_place":0},{"target":"lisette_log.roscoff","urgency":1,"shortest_distance_km":262,"ferry_time":420,"ferry_price":910,"cargo":"cargo.goat_cheese","company_truck":"renault_premium_6x4_a","trailer_variant":"trailer.scs_ins","trailer_definition":"trailer_def.scs.box.single_3.insulated","units_count":33,"fill_ratio":1,"trailer_place":0}],"sellplan.osnabruck":[{"target":"wilnet_trans.lemans","urgency":1,"shortest_distance_km":954,"ferry_time":0,"ferry_price":0,"cargo":"cargo.used_plast_c","company_truck":"daf_4x2_b","trailer_variant":"trailer.scs_flat_c_r","trailer_definition":"trailer_def.scs.flatbed.single_3.container","units_count":33,"fill_ratio":1,"trailer_place":0}],"ika_bohag.brest":[{"target":"subse.brest","urgency":2,"shortest_distance_km":81,"ferry_time":0,"ferry_price":0,"cargo":"cargo.empty_palet","company_truck":"iveco_4x2_b","trailer_variant":"trailer.scs_dry","trailer_definition":"trailer_def.scs.box.single_3.dryvan","units_count":33,"fill_ratio":1,"trailer_place":0}],"globeur.montpellier":[{"target":"tradeaux.ajaccio","urgency":0,"shortest_distance_km":390,"ferry_time":840,"ferry_price":1193,"cargo":"cargo.mason_jars","company_truck":"renault_magnum_6x4_a","trailer_variant":"trailer.scs_dry","trailer_definition":"trailer_def.scs.box.single_3.dryvan","units_count":33,"fill_ratio":1,"trailer_place":0}],"kaarfor.nantes":[{"target":"subse.brest","urgency":2,"shortest_distance_km":216,"ferry_time":0,"ferry_price":0,"cargo":"cargo.empty_palet","company_truck":"scania_6x4_a","trailer_variant":"trailer.scs_dry_a","trailer_definition":"trailer_def.scs.box.single_3.dryvan","units_count":33,"fill_ratio":1,"trailer_place":0},{"target":"globeur.rennes","urgency":1,"shortest_distance_km":138,"ferry_time":0,"ferry_price":0,"cargo":"cargo.used_plast","company_truck":"man_6x4_b","trailer_variant":"trailer.scs_dry_ms","trailer_definition":"trailer_def.scs.box.single_3.dryvan_m","units_count":33,"fill_ratio":1,"trailer_place":0}],"transinet.torino":[{"target":"batisse_base.clermont","urgency":0,"shortest_distance_km":524,"ferry_time":0,"ferry_price":0,"cargo":"cargo.hipresstank","company_truck":"man_6x4_b","trailer_variant":"trailer.scs_flat_r","trailer_definition":"trailer_def.scs.flatbed.single_3.flatbed_w","units_count":2,"fill_ratio":1,"trailer_place":0}],"mvm_carriere.ajaccio":[{"target":"batisse_base.calvi","urgency":1,"shortest_distance_km":134,"ferry_time":0,"ferry_price":0,"cargo":"cargo.digger1000","company_truck":"man_4x2_c","trailer_variant":"trailer.overweight.digger1000","trailer_definition":"trailer_def.digger1000.overweight.digger1000","units_count":100,"fill_ratio":1,"trailer_place":0},{"target":"wilnet_trans.porto_vecchi","urgency":1,"shortest_distance_km":90,"ferry_time":0,"ferry_price":0,"cargo":"cargo.stone_dust","company_truck":"scania_streamline_4x2_c","trailer_variant":"trailer.s_ki_solid.cover","trailer_definition":"trailer_def.stone_dust.s_ki_solid.cover","units_count":100,"fill_ratio":1,"trailer_place":0}],"ika_bohag.rennes":[{"target":"tradeaux.brest","urgency":2,"shortest_distance_km":189,"ferry_time":0,"ferry_price":0,"cargo":"cargo.empty_palet","company_truck":"man_6x4_b","trailer_variant":"trailer.scs_dry","trailer_definition":"trailer_def.scs.box.single_3.dryvan","units_count":33,"fill_ratio":1,"trailer_place":0}],"sellplan.southampton":[{"target":"lisette_log.rennes","urgency":2,"shortest_distance_km":730,"ferry_time":35,"ferry_price":300,"cargo":"cargo.empty_palet","company_truck":"scania_r_6x2_450","trailer_variant":"trailer.scs_dry","trailer_definition":"trailer_def.scs.box.single_3.dryvan","units_count":33,"fill_ratio":1,"trailer_place":0}],"mvm_carriere.nice":[{"target":"dans_jardin.montpellier","urgency":0,"shortest_distance_km":472,"ferry_time":0,"ferry_price":0,"cargo":"cargo.excav_soil","company_truck":"renault_t_4x2","trailer_variant":"trailer.s_ki_solid.cover","trailer_definition":"trailer_def.excav_soil.s_ki_solid.cover","units_count":100,"fill_ratio":1,"trailer_place":0}],"fle.clermont":[{"target":"tradeaux.clermont","urgency":0,"shortest_distance_km":8,"ferry_time":0,"ferry_price":0,"cargo":"cargo.cut_flowers","company_truck":"mercedes_actros_2014_4x2_c","trailer_variant":"trailer.scs_ref","trailer_definition":"trailer_def.scs.box.single_3.reefer","units_count":33,"fill_ratio":1,"trailer_place":0},{"target":"wilnet_trans.nantes","urgency":0,"shortest_distance_km":708,"ferry_time":0,"ferry_price":0,"cargo":"cargo.med_equip","company_truck":"renault_premium_4x2_c","trailer_variant":"trailer.scs_dry_m","trailer_definition":"trailer_def.scs.box.single_3.dryvan_m","units_count":33,"fill_ratio":1,"trailer_place":0}],"wilnet_trans.porto_vecchi":[{"target":"lisette_log.nice","urgency":1,"shortest_distance_km":256,"ferry_time":840,"ferry_price":1193,"cargo":"cargo.coal","company_truck":"mercedes_actros_2014_4x2_c","trailer_variant":"trailer.s_ki_solid.coal","trailer_definition":"trailer_def.coal.s_ki_solid.coal","units_count":100,"fill_ratio":1,"trailer_place":0},{"target":"fle.montpellier","urgency":1,"shortest_distance_km":212,"ferry_time":840,"ferry_price":1193,"cargo":"cargo.air_mails","company_truck":"daf_xf_euro6_4x2_c","trailer_variant":"trailer.scs_curt","trailer_definition":"trailer_def.scs.box.single_3.curtain","units_count":33,"fill_ratio":1,"trailer_place":0}],"boisserie.lemans":[{"target":"globeur.bourges","urgency":1,"shortest_distance_km":252,"ferry_time":0,"ferry_price":0,"cargo":"cargo.corks","company_truck":"mercedes_4x2","trailer_variant":"trailer.scs_curt_s","trailer_definition":"trailer_def.scs.box.single_3.curtain","units_count":33,"fill_ratio":1,"trailer_place":0}],"dans_jardin.bastia":[{"target":"tradeaux.nice","urgency":0,"shortest_distance_km":346,"ferry_time":840,"ferry_price":1193,"cargo":"cargo.cut_flowers","company_truck":"renault_magnum_6x2_a","trailer_variant":"trailer.scs_ref_a","trailer_definition":"trailer_def.scs.box.single_3.reefer","units_count":33,"fill_ratio":1,"trailer_place":0}],"spinelli.milano":[{"target":"dans_jardin.bastia","urgency":2,"shortest_distance_km":707,"ferry_time":840,"ferry_price":1193,"cargo":"cargo.forklifts","company_truck":"mercedes_actros_2014_4x2_b","trailer_variant":"trailer.overweight.forklifts","trailer_definition":"trailer_def.forklifts.overweight.forklifts","units_count":100,"fill_ratio":1,"trailer_place":0}],"tradeaux.clermont":[{"target":"lisette_log.lemans","urgency":1,"shortest_distance_km":484,"ferry_time":0,"ferry_price":0,"cargo":"cargo.boric_acid","company_truck":"renault_magnum_6x4_a","trailer_variant":"trailer.scs_dry_s","trailer_definition":"trailer_def.scs.box.single_3.dryvan","units_count":33,"fill_ratio":1,"trailer_place":0}],"sanbuilders.lyon":[{"target":"tradeaux.clermont","urgency":0,"shortest_distance_km":192,"ferry_time":0,"ferry_price":0,"cargo":"cargo.digger500","company_truck":"man_4x2_a","trailer_variant":"trailer.overweight.digger500","trailer_definition":"trailer_def.digger500.overweight.digger500","units_count":100,"fill_ratio":1,"trailer_place":0}],"trameri.innsbruck":[{"target":"lisette_log.lemans","urgency":1,"shortest_distance_km":1058,"ferry_time":0,"ferry_price":0,"cargo":"cargo.used_plast_c","company_truck":"mercedes_actros_2014_4x2_b","trailer_variant":"trailer.scs_gosck20","trailer_definition":"trailer_def.scs.gooseneck.singl_3e_20.container","units_count":15,"fill_ratio":1,"trailer_place":0}],"posped.london":[{"target":"transinet.southampton","urgency":2,"shortest_distance_km":193,"ferry_time":0,"ferry_price":0,"cargo":"cargo.comp_process","company_truck":"mercedes_actros_2014_4x2_c","trailer_variant":"trailer.scs_dry_ms","trailer_definition":"trailer_def.scs.box.single_3.dryvan_m","units_count":33,"fill_ratio":1,"trailer_place":0}],"aci.milano":[{"target":"fle.montpellier","urgency":2,"shortest_distance_km":678,"ferry_time":0,"ferry_price":0,"cargo":"cargo.med_vaccine","company_truck":"man_6x4_b","trailer_variant":"trailer.scs_ins_s","trailer_definition":"trailer_def.scs.box.single_3.insulated","units_count":33,"fill_ratio":1,"trailer_place":0},{"target":"wilnet_trans.toulouse","urgency":2,"shortest_distance_km":957,"ferry_time":0,"ferry_price":0,"cargo":"cargo.post_packag","company_truck":"scania_s_6x2_450","trailer_variant":"trailer.scs_dry_s","trailer_definition":"trailer_def.scs.box.single_3.dryvan","units_count":33,"fill_ratio":1,"trailer_place":0}],"subse.brest":[{"target":"lisette_log.larochelle","urgency":1,"shortest_distance_km":373,"ferry_time":0,"ferry_price":0,"cargo":"cargo.coconut_milk","company_truck":"mercedes_actros_2014_6x4_b","trailer_variant":"trailer.scs_curt_a","trailer_definition":"trailer_def.scs.box.single_3.curtain","units_count":33,"fill_ratio":1,"trailer_place":0}],"kaarfor.reims":[{"target":"bhb_raffin.lehavre","urgency":2,"shortest_distance_km":342,"ferry_time":0,"ferry_price":0,"cargo":"cargo.empty_palet","company_truck":"scania_6x2_b","trailer_variant":"trailer.scs_dry_a","trailer_definition":"trailer_def.scs.box.single_3.dryvan","units_count":33,"fill_ratio":1,"trailer_place":0}],"renar.calvi":[{"target":"wilnet_trans.marseille","urgency":0,"shortest_distance_km":230,"ferry_time":840,"ferry_price":1193,"cargo":"cargo.icecream","company_truck":"renault_premium_4x2_c","trailer_variant":"trailer.scs_ref_a","trailer_definition":"trailer_def.scs.box.single_3.reefer","units_count":33,"fill_ratio":1,"trailer_place":0}],"kaarfor.limoges":[{"target":"lisette_log.ajaccio","urgency":0,"shortest_distance_km":768,"ferry_time":840,"ferry_price":1193,"cargo":"cargo.used_packag","company_truck":"renault_magnum_6x4_a","trailer_variant":"trailer.scs_dry_ms","trailer_definition":"trailer_def.scs.box.single_3.dryvan_m","units_count":33,"fill_ratio":1,"trailer_place":0}],"nucleon.paluel":[{"target":"globeur.lehavre","urgency":1,"shortest_distance_km":124,"ferry_time":0,"ferry_price":0,"cargo":"cargo.digger1000","company_truck":"man_6x4_b","trailer_variant":"trailer.overweight.digger1000","trailer_definition":"trailer_def.digger1000.overweight.digger1000","units_count":100,"fill_ratio":1,"trailer_place":0}],"mvm_carriere.porto_vecchi":[{"target":"wilnet_trans.marseille","urgency":1,"shortest_distance_km":23,"ferry_time":840,"ferry_price":1193,"cargo":"cargo.stone_dust","company_truck":"iveco_4x2_a","trailer_variant":"trailer.s_ki_solid.cover","trailer_definition":"trailer_def.stone_dust.s_ki_solid.cover","units_count":100,"fill_ratio":1,"trailer_place":0}],"cont_port_fr.lehavre":[{"target":"wilnet_trans.lemans","urgency":0,"shortest_distance_km":298,"ferry_time":0,"ferry_price":0,"cargo":"cargo.clothes_c","company_truck":"scania_4x2_b","trailer_variant":"trailer.scs_flat_c_g","trailer_definition":"trailer_def.scs.flatbed.single_3.container","units_count":33,"fill_ratio":1,"trailer_place":0}],"subse.nantes":[{"target":"lisette_log.larochelle","urgency":0,"shortest_distance_km":244,"ferry_time":0,"ferry_price":0,"cargo":"cargo.coconut_oil","company_truck":"renault_premium_6x4_a","trailer_variant":"trailer.scs_dry_ms","trailer_definition":"trailer_def.scs.box.single_3.dryvan_m","units_count":33,"fill_ratio":1,"trailer_place":0}],"dans_jardin.marseille":[{"target":"globeur.bourges","urgency":1,"shortest_distance_km":633,"ferry_time":0,"ferry_price":0,"cargo":"cargo.lavender","company_truck":"scania_s_4x2_580","trailer_variant":"trailer.scs_dry_a","trailer_definition":"trailer_def.scs.box.single_3.dryvan","units_count":33,"fill_ratio":1,"trailer_place":0}]}