{"sanbuilders.salzburg":[{"target":"stokes.nurnberg","urgency":0,"shortest_distance_km":307,"ferry_time":0,"ferry_price":0,"cargo":"cargo.mobile_crane","company_truck":"heavy/scania_r_8x4","trailer_variant":"trailer.goldhofer.mpa_k_flat14.t_c_3160","trailer_definition":"trailer_def.mobile_crane.goldhofer.mpa_k_flat14.t_c_3160","units_count":100,"fill_ratio":1,"trailer_place":0}],"stokes.dijon":[{"target":"tradeaux.lyon","urgency":1,"shortest_distance_km":199,"ferry_time":0,"ferry_price":0,"cargo":"cargo.asph_miller","company_truck":"heavy/renault_6x4","trailer_variant":"trailer.goldhofer.mpa_k_flat14.wirtgenw250i","trailer_definition":"trailer_def.asph_miller.goldhofer.mpa_k_flat14.wirtgenw250i","units_count":100,"fill_ratio":1,"trailer_place":0}],"tradeaux.rostock":[{"target":"transinet.mannheim","urgency":1,"shortest_distance_km":702,"ferry_time":0,"ferry_price":0,"cargo":"cargo.asph_miller","company_truck":"man_6x4_b","trailer_variant":"trailer.goldhofer.mpa_k_flat14.wirtgenw250i","trailer_definition":"trailer_def.asph_miller.goldhofer.mpa_k_flat14.wirtgenw250i","units_count":100,"fill_ratio":1,"trailer_place":0}],"sanbuilders.hamburg":[{"target":"posped.kiel","urgency":2,"shortest_distance_km":171,"ferry_time":0,"ferry_price":0,"cargo":"cargo.dozer","company_truck":"heavy/scania_s_6x4","trailer_variant":"trailer.goldhofer.mpa_k_flat14.k_d155ax_5","trailer_definition":"trailer_def.dozer.goldhofer.mpa_k_flat14.k_d155ax_5","units_count":100,"fill_ratio":1,"trailer_place":0}],"sanbuilders.erfurt":[{"target":"stokes.dusseldorf","urgency":2,"shortest_distance_km":419,"ferry_time":0,"ferry_price":0,"cargo":"cargo.dozer","company_truck":"man_6x4_b","trailer_variant":"trailer.goldhofer.mpa_k_flat14.k_d155ax_5","trailer_definition":"trailer_def.dozer.goldhofer.mpa_k_flat14.k_d155ax_5","units_count":100,"fill_ratio":1,"trailer_place":0}],"posped.metz":[{"target":"quarry.reims","urgency":2,"shortest_distance_km":205,"ferry_time":0,"ferry_price":0,"cargo":"cargo.metal_center","company_truck":"heavy/scania_s_6x4","trailer_variant":"trailer.goldhofer.stz_vl.m_centering","trailer_definition":"trailer_def.metal_center.goldhofer.stz_vl.m_centering","units_count":100,"fill_ratio":1,"trailer_place":0}],"lkwlog.stuttgart":[{"target":"posped.koln","urgency":2,"shortest_distance_km":440,"ferry_time":0,"ferry_price":0,"cargo":"cargo.cable_reel","company_truck":"heavy/scania_streamline_8x4","trailer_variant":"trailer.goldhofer.stz_vl.coil","trailer_definition":"trailer_def.cable_reel.goldhofer.stz_vl.coil","units_count":100,"fill_ratio":1,"trailer_place":0}]}