{"tesore_gust.milano":[{"target":"te_logistica.firenze","urgency":2,"shortest_distance_km":314,"ferry_time":0,"ferry_price":0,"cargo":"cargo.chewing_gums","company_truck":"man_6x4_b","trailer_variant":"trailer.scs_curt_a","trailer_definition":"trailer_def.scs.box.single_3.curtain","units_count":33,"fill_ratio":1,"trailer_place":0}],"marmo.olbia":[{"target":"te_logistica.messina","urgency":1,"shortest_distance_km":486,"ferry_time":720,"ferry_price":778,"cargo":"cargo.digger1000","company_truck":"daf_4x2_b","trailer_variant":"trailer.overweight.digger1000","trailer_definition":"trailer_def.digger1000.overweight.digger1000","units_count":100,"fill_ratio":1,"trailer_place":0}],"cargotras.sassari":[{"target":"te_logistica.cagliari","urgency":1,"shortest_distance_km":210,"ferry_time":0,"ferry_price":0,"cargo":"cargo.used_plast","company_truck":"man_tgx_euro6_4x2_xl","trailer_variant":"trailer.scs_dry_s","trailer_definition":"trailer_def.scs.box.single_3.dryvan","units_count":33,"fill_ratio":1,"trailer_place":0},{"target":"acc.catania","urgency":1,"shortest_distance_km":420,"ferry_time":720,"ferry_price":778,"cargo":"cargo.motor_oil","company_truck":"mercedes_actros_2014_4x2_a","trailer_variant":"trailer.scs_curt_s","trailer_definition":"trailer_def.scs.box.single_3.curtain","units_count":33,"fill_ratio":1,"trailer_place":0}],"c_navale.olbia":[{"target":"te_logistica.sassari","urgency":2,"shortest_distance_km":96,"ferry_time":0,"ferry_price":0,"cargo":"cargo.scrap_metals","company_truck":"mercedes_4x2_c","trailer_variant":"trailer.s_ki_solid.cover","trailer_definition":"trailer_def.scrap_metals.s_ki_solid.cover","units_count":100,"fill_ratio":1,"trailer_place":0}],"sal.pescara":[{"target":"marmo.firenze","urgency":0,"shortest_distance_km":535,"ferry_time":0,"ferry_price":0,"cargo":"cargo.digger500","company_truck":"scania_streamline_6x4_a","trailer_variant":"trailer.overweight.digger500","trailer_definition":"trailer_def.digger500.overweight.digger500","units_count":100,"fill_ratio":1,"trailer_place":0},{"target":"exomar.roma","urgency":0,"shortest_distance_km":258,"ferry_time":0,"ferry_price":0,"cargo":"cargo.wshavings","company_truck":"mercedes_6x2_b","trailer_variant":"trailer.s_ki_solid.cover","trailer_definition":"trailer_def.wshavings.s_ki_solid.cover","units_count":100,"fill_ratio":1,"trailer_place":0}],"tesore_gust.firenze":[{"target":"exomar.bologna","urgency":2,"shortest_distance_km":221,"ferry_time":0,"ferry_price":0,"cargo":"cargo.chocolate","company_truck":"renault_t_4x2","trailer_variant":"trailer.scs_curt","trailer_definition":"trailer_def.scs.box.single_3.curtain","units_count":33,"fill_ratio":1,"trailer_place":0}],"costruzi_fla.catanzaro":[{"target":"piac.bologna","urgency":2,"shortest_distance_km":937,"ferry_time":0,"ferry_price":0,"cargo":"cargo.forklifts","company_truck":"scania_s_6x4_730","trailer_variant":"trailer.overweight.forklifts","trailer_definition":"trailer_def.forklifts.overweight.forklifts","units_count":100,"fill_ratio":1,"trailer_place":0},{"target":"fui.catanzaro","urgency":0,"shortest_distance_km":148,"ferry_time":0,"ferry_price":0,"cargo":"cargo.excav_soil","company_truck":"man_6x4_b","trailer_variant":"trailer.s_ki_solid.cover","trailer_definition":"trailer_def.excav_soil.s_ki_solid.cover","units_count":100,"fill_ratio":1,"trailer_place":0}],"ika_bohag.napoli":[{"target":"te_logistica.sassari","urgency":0,"shortest_distance_km":223,"ferry_time":840,"ferry_price":879,"cargo":"cargo.used_packag","company_truck":"mercedes_actros_2014_6x4_b","trailer_variant":"trailer.scs_curt","trailer_definition":"trailer_def.scs.box.single_3.curtain","units_count":33,"fill_ratio":1,"trailer_place":0}],"costruzi_win.pescara":[{"target":"exomar.olbia","urgency":2,"shortest_distance_km":519,"ferry_time":840,"ferry_price":879,"cargo":"cargo.forklifts","company_truck":"iveco_4x2_a","trailer_variant":"trailer.overweight.forklifts","trailer_definition":"trailer_def.forklifts.overweight.forklifts","units_count":100,"fill_ratio":1,"trailer_place":0},{"target":"cnp.livorno","urgency":2,"shortest_distance_km":582,"ferry_time":0,"ferry_price":0,"cargo":"cargo.empty_palet","company_truck":"mercedes_4x2_a","trailer_variant":"trailer.scs_dry_m","trailer_definition":"trailer_def.scs.box.single_3.dryvan_m","units_count":33,"fill_ratio":1,"trailer_place":0}],"kaarfor.lyon":[{"target":"te_logistica.parma","urgency":0,"shortest_distance_km":581,"ferry_time":0,"ferry_price":0,"cargo":"cargo.used_packag","company_truck":"renault_magnum_6x4_a","trailer_variant":"trailer.scs_dry","trailer_definition":"trailer_def.scs.box.single_3.dryvan","units_count":33,"fill_ratio":1,"trailer_place":0}],"ika_bohag.catania":[{"target":"cargotras.sassari","urgency":2,"shortest_distance_km":420,"ferry_time":720,"ferry_price":778,"cargo":"cargo.empty_palet","company_truck":"scania_r_4x2_370","trailer_variant":"trailer.scs_curt","trailer_definition":"trailer_def.scs.box.single_3.curtain","units_count":33,"fill_ratio":1,"trailer_place":0},{"target":"tras_med.cagliari","urgency":0,"shortest_distance_km":242,"ferry_time":720,"ferry_price":778,"cargo":"cargo.used_packag","company_truck":"renault_magnum_4x2_a","trailer_variant":"trailer.scs_curt_a","trailer_definition":"trailer_def.scs.box.single_3.curtain","units_count":33,"fill_ratio":1,"trailer_place":0}],"cargotras.livorno":[{"target":"marina_it.genova","urgency":0,"shortest_distance_km":249,"ferry_time":0,"ferry_price":0,"cargo":"cargo.princess","company_truck":"daf_xf_euro6_4x2_c","trailer_variant":"trailer.overweight.boat","trailer_definition":"trailer_def.princess.overweight.boat","units_count":100,"fill_ratio":1,"trailer_place":0}],"tree_et.innsbruck":[{"target":"exomar.roma","urgency":0,"shortest_distance_km":760,"ferry_time":0,"ferry_price":0,"cargo":"cargo.diggers","company_truck":"man_6x4_b","trailer_variant":"trailer.overweight.digger","trailer_definition":"trailer_def.diggers.overweight.digger","units_count":100,"fill_ratio":1,"trailer_place":0}],"te_logistica.parma":[{"target":"cnp.livorno","urgency":2,"shortest_distance_km":237,"ferry_time":0,"ferry_price":0,"cargo":"cargo.empty_palet","company_truck":"renault_premium_6x4_a","trailer_variant":"trailer.scs_curt_a","trailer_definition":"trailer_def.scs.box.single_3.curtain","units_count":33,"fill_ratio":1,"trailer_place":0}],"piac.cassino":[{"target":"cargotras.pescara","urgency":1,"shortest_distance_km":164,"ferry_time":0,"ferry_price":0,"cargo":"cargo.used_plast","company_truck":"mercedes_actros_2014_4x2_a","trailer_variant":"trailer.scs_dry_a","trailer_definition":"trailer_def.scs.box.single_3.dryvan","units_count":33,"fill_ratio":1,"trailer_place":0},{"target":"cargotras.livorno","urgency":2,"shortest_distance_km":458,"ferry_time":0,"ferry_price":0,"cargo":"cargo.empty_palet","company_truck":"mercedes_actros_2014_4x2_a","trailer_variant":"trailer.scs_dry_s","trailer_definition":"trailer_def.scs.box.single_3.dryvan","units_count":33,"fill_ratio":1,"trailer_place":0}],"exomar.ancona":[{"target":"aaa.pescara","urgency":0,"shortest_distance_km":180,"ferry_time":0,"ferry_price":0,"cargo":"cargo.scooters","company_truck":"iveco_4x2_a","trailer_variant":"trailer.scs_curt","trailer_definition":"trailer_def.scs.box.single_3.curtain","units_count":33,"fill_ratio":1,"trailer_place":0}],"fui.catanzaro":[{"target":"cesare_smar.pescara","urgency":0,"shortest_distance_km":470,"ferry_time":0,"ferry_price":0,"cargo":"cargo.olive_oil_t","company_truck":"man_6x4_b","trailer_variant":"trailer.scs_fodt","trailer_definition":"trailer_def.scs.foodtank.single_3.paint","units_count":30,"fill_ratio":1,"trailer_place":0}],"tras_med.cagliari":[{"target":"te_logistica.messina","urgency":0,"shortest_distance_km":251,"ferry_time":720,"ferry_price":778,"cargo":"cargo.beverages_c","company_truck":"man_tgx_euro6_4x2_xl","trailer_variant":"trailer.scs_gosck40","trailer_definition":"trailer_def.scs.gooseneck.singl_3e_40.container","units_count":30,"fill_ratio":1,"trailer_place":0}],"cont_port_it.bari":[{"target":"piac.parma","urgency":1,"shortest_distance_km":794,"ferry_time":0,"ferry_price":0,"cargo":"cargo.motor_oil_c","company_truck":"man_6x4_b","trailer_variant":"trailer.scs_flat_c_r","trailer_definition":"trailer_def.scs.flatbed.single_3.container","units_count":33,"fill_ratio":1,"trailer_place":0}],"posped.zurich":[{"target":"tras_med.genova","urgency":1,"shortest_distance_km":512,"ferry_time":0,"ferry_price":0,"cargo":"cargo.beverages","company_truck":"scania_streamline_6x2_b","trailer_variant":"trailer.scs_curt_a","trailer_definition":"trailer_def.scs.box.single_3.curtain","units_count":33,"fill_ratio":1,"trailer_place":0}],"ika_bohag.ancona":[{"target":"cargotras.pescara","urgency":2,"shortest_distance_km":181,"ferry_time":0,"ferry_price":0,"cargo":"cargo.empty_palet","company_truck":"renault_premium_4x2_c","trailer_variant":"trailer.scs_curt_s","trailer_definition":"trailer_def.scs.box.single_3.curtain","units_count":33,"fill_ratio":1,"trailer_place":0}],"sellplan.klagenfurt":[{"target":"tras_med.cagliari","urgency":1,"shortest_distance_km":1175,"ferry_time":840,"ferry_price":879,"cargo":"cargo.used_plast_c","company_truck":"renault_magnum_6x4_a","trailer_variant":"trailer.scs_flat_c_g","trailer_definition":"trailer_def.scs.flatbed.single_3.container","units_count":33,"fill_ratio":1,"trailer_place":0}],"cargotras.milano":[{"target":"libellula.ancona","urgency":2,"shortest_distance_km":360,"ferry_time":0,"ferry_price":0,"cargo":"cargo.oil_filters","company_truck":"renault_premium_4x2_c","trailer_variant":"trailer.scs_curt_a","trailer_definition":"trailer_def.scs.box.single_3.curtain","units_count":33,"fill_ratio":1,"trailer_place":0}],"tradeaux.frankfurt":[{"target":"exomar.ancona","urgency":1,"shortest_distance_km":1185,"ferry_time":0,"ferry_price":0,"cargo":"cargo.chem_sorbent","company_truck":"daf_xf_euro6_6x4_c","trailer_variant":"trailer.scs_curt_s","trailer_definition":"trailer_def.scs.box.single_3.curtain","units_count":33,"fill_ratio":1,"trailer_place":0}],"cont_port_it.napoli":[{"target":"tesore_gust.parma","urgency":1,"shortest_distance_km":671,"ferry_time":0,"ferry_price":0,"cargo":"cargo.vinegar_c","company_truck":"daf_xf_euro6_4x2_a","trailer_variant":"trailer.scs_gosck20","trailer_definition":"trailer_def.scs.gooseneck.singl_3e_20.container","units_count":15,"fill_ratio":1,"trailer_place":0},{"target":"tras_med.cagliari","urgency":1,"shortest_distance_km":38,"ferry_time":840,"ferry_price":879,"cargo":"cargo.apples_c","company_truck":"mercedes_6x4_a","trailer_variant":"trailer.scs_gosck220","trailer_definition":"trailer_def.scs.gooseneck.singl_3e_220.container","units_count":30,"fill_ratio":1,"trailer_place":0},{"target":"exomar.olbia","urgency":2,"shortest_distance_km":255,"ferry_time":840,"ferry_price":879,"cargo":"cargo.exhausts_c","company_truck":"scania_4x2_b","trailer_variant":"trailer.scs_flat_c_g","trailer_definition":"trailer_def.scs.flatbed.single_3.container","units_count":33,"fill_ratio":1,"trailer_place":0}],"tras_med.bari":[{"target":"eolo_lines.napoli","urgency":0,"shortest_distance_km":249,"ferry_time":0,"ferry_price":0,"cargo":"cargo.mozzarela","company_truck":"scania_4x2_a","trailer_variant":"trailer.scs_ins_a","trailer_definition":"trailer_def.scs.box.single_3.insulated","units_count":33,"fill_ratio":1,"trailer_place":0},{"target":"cargotras.pescara","urgency":2,"shortest_distance_km":329,"ferry_time":0,"ferry_price":0,"cargo":"cargo.bottle_water","company_truck":"mercedes_6x4_a","trailer_variant":"trailer.scs_dry_s","trailer_definition":"trailer_def.scs.box.single_3.dryvan","units_count":33,"fill_ratio":1,"trailer_place":0},{"target":"exomar.olbia","urgency":2,"shortest_distance_km":505,"ferry_time":840,"ferry_price":879,"cargo":"cargo.peas","company_truck":"renault_premium_6x2_a","trailer_variant":"trailer.scs_dry_s","trailer_definition":"trailer_def.scs.box.single_3.dryvan","units_count":33,"fill_ratio":1,"trailer_place":0}],"acc.catania":[{"target":"eolo_lines.cagliari","urgency":2,"shortest_distance_km":206,"ferry_time":720,"ferry_price":778,"cargo":"cargo.seal_bearing","company_truck":"renault_t_4x2","trailer_variant":"trailer.scs_dry_a","trailer_definition":"trailer_def.scs.box.single_3.dryvan","units_count":33,"fill_ratio":1,"trailer_place":0},{"target":"costruzi_win.taranto","urgency":0,"shortest_distance_km":537,"ferry_time":20,"ferry_price":347,"cargo":"cargo.vent_tube","company_truck":"mercedes_actros_2014_4x2_a","trailer_variant":"trailer.scs_flat_r","trailer_definition":"trailer_def.scs.flatbed.single_3.flatbed_w","units_count":2,"fill_ratio":1,"trailer_place":0},{"target":"te_logistica.messina","urgency":0,"shortest_distance_km":142,"ferry_time":0,"ferry_price":0,"cargo":"cargo.brake_pads","company_truck":"renault_premium_4x2_c","trailer_variant":"trailer.scs_dry_ms","trailer_definition":"trailer_def.scs.box.single_3.dryvan_m","units_count":33,"fill_ratio":1,"trailer_place":0}],"aaa.pescara":[{"target":"tras_med.roma","urgency":0,"shortest_distance_km":240,"ferry_time":0,"ferry_price":0,"cargo":"cargo.motorcycles","company_truck":"scania_streamline_6x2_b","trailer_variant":"trailer.scs_dry_m","trailer_definition":"trailer_def.scs.box.single_3.dryvan_m","units_count":33,"fill_ratio":1,"trailer_place":0}],"fattoria_f.napoli":[{"target":"te_logistica.cagliari","urgency":1,"shortest_distance_km":193,"ferry_time":840,"ferry_price":879,"cargo":"cargo.milk","company_truck":"scania_s_4x2_580","trailer_variant":"trailer.scs_dry_a","trailer_definition":"trailer_def.scs.box.single_3.dryvan","units_count":33,"fill_ratio":1,"trailer_place":0},{"target":"tras_med.catania","urgency":2,"shortest_distance_km":585,"ferry_time":20,"ferry_price":347,"cargo":"cargo.drymilk","company_truck":"renault_magnum_6x2_a","trailer_variant":"trailer.scs_dry_m","trailer_definition":"trailer_def.scs.box.single_3.dryvan_m","units_count":33,"fill_ratio":1,"trailer_place":0},{"target":"eolo_lines.cagliari","urgency":0,"shortest_distance_km":181,"ferry_time":840,"ferry_price":879,"cargo":"cargo.mozzarela","company_truck":"man_6x4_b","trailer_variant":"trailer.scs_ref_a","trailer_definition":"trailer_def.scs.box.single_3.reefer","units_count":33,"fill_ratio":1,"trailer_place":0}],"kaarfor.bern":[{"target":"cont_port_it.genova","urgency":1,"shortest_distance_km":515,"ferry_time":0,"ferry_price":0,"cargo":"cargo.used_plast_c","company_truck":"iveco_6x2_a","trailer_variant":"trailer.scs_gosck40","trailer_definition":"trailer_def.scs.gooseneck.singl_3e_40.container","units_count":30,"fill_ratio":1,"trailer_place":0}],"tesore_gust.roma":[{"target":"eolo_lines.napoli","urgency":2,"shortest_distance_km":291,"ferry_time":0,"ferry_price":0,"cargo":"cargo.gnocchi","company_truck":"scania_streamline_6x4_a","trailer_variant":"trailer.scs_ins_a","trailer_definition":"trailer_def.scs.box.single_3.insulated","units_count":33,"fill_ratio":1,"trailer_place":0}],"cnp.catania":[{"target":"te_logistica.cagliari","urgency":0,"shortest_distance_km":259,"ferry_time":720,"ferry_price":778,"cargo":"cargo.petrol","company_truck":"scania_s_4x2_580","trailer_variant":"trailer.willig.fuel_cistern","trailer_definition":"trailer_def.petrol.willig.fuel_cistern","units_count":101,"fill_ratio":1,"trailer_place":0},{"target":"tras_med.roma","urgency":2,"shortest_distance_km":849,"ferry_time":20,"ferry_price":347,"cargo":"cargo.carbn_pwdr_c","company_truck":"scania_6x2_b","trailer_variant":"trailer.scs_flat_c_g","trailer_definition":"trailer_def.scs.flatbed.single_3.container","units_count":33,"fill_ratio":1,"trailer_place":0}],"te_logistica.firenze":[{"target":"tesore_gust.parma","urgency":2,"shortest_distance_km":162,"ferry_time":0,"ferry_price":0,"cargo":"cargo.nuts","company_truck":"mercedes_4x2_b","trailer_variant":"trailer.scs_curt","trailer_definition":"trailer_def.scs.box.single_3.curtain","units_count":33,"fill_ratio":1,"trailer_place":0}],"libellula.ancona":[{"target":"exomar.ancona","urgency":0,"shortest_distance_km":116,"ferry_time":0,"ferry_price":0,"cargo":"cargo.motorcycles","company_truck":"renault_t_4x2h","trailer_variant":"trailer.scs_dry_ms","trailer_definition":"trailer_def.scs.box.single_3.dryvan_m","units_count":33,"fill_ratio":1,"trailer_place":0}],"spinelli.parma":[{"target":"tras_med.roma","urgency":2,"shortest_distance_km":461,"ferry_time":0,"ferry_price":0,"cargo":"cargo.empty_palet","company_truck":"man_tgx_euro6_4x2_xl","trailer_variant":"trailer.scs_curt_s","trailer_definition":"trailer_def.scs.box.single_3.curtain","units_count":33,"fill_ratio":1,"trailer_place":0},{"target":"piac.bologna","urgency":2,"shortest_distance_km":108,"ferry_time":0,"ferry_price":0,"cargo":"cargo.forklifts","company_truck":"scania_streamline_4x2_a","trailer_variant":"trailer.overweight.forklifts","trailer_definition":"trailer_def.forklifts.overweight.forklifts","units_count":100,"fill_ratio":1,"trailer_place":0}],"fui.firenze":[{"target":"te_logistica.parma","urgency":1,"shortest_distance_km":258,"ferry_time":0,"ferry_price":0,"cargo":"cargo.frsh_herbs","company_truck":"renault_premium_4x2_c","trailer_variant":"trailer.scs_ref","trailer_definition":"trailer_def.scs.box.single_3.reefer","units_count":33,"fill_ratio":1,"trailer_place":0}],"quadrelli.bari":[{"target":"cargotras.sassari","urgency":2,"shortest_distance_km":468,"ferry_time":840,"ferry_price":879,"cargo":"cargo.sand","company_truck":"daf_xf_euro6_6x4_c","trailer_variant":"trailer.s_ki_solid.sand","trailer_definition":"trailer_def.sand.s_ki_solid.sand","units_count":100,"fill_ratio":1,"trailer_place":0}],"sal.terni":[{"target":"marmo.livorno","urgency":0,"shortest_distance_km":439,"ferry_time":0,"ferry_price":0,"cargo":"cargo.digger500","company_truck":"scania_6x2_b","trailer_variant":"trailer.overweight.digger500","trailer_definition":"trailer_def.digger500.overweight.digger500","units_count":100,"fill_ratio":1,"trailer_place":0}],"costruzi_win.taranto":[{"target":"tras_med.cagliari","urgency":2,"shortest_distance_km":266,"ferry_time":840,"ferry_price":879,"cargo":"cargo.empty_palet","company_truck":"mercedes_actros_2014_6x4_b","trailer_variant":"trailer.scs_curt_a","trailer_definition":"trailer_def.scs.box.single_3.curtain","units_count":33,"fill_ratio":1,"trailer_place":0}],"te_logistica.cagliari":[{"target":"sal.sassari","urgency":0,"shortest_distance_km":153,"ferry_time":0,"ferry_price":0,"cargo":"cargo.fueltanker","company_truck":"scania_s_6x2_450","trailer_variant":"trailer.scs_gosck20","trailer_definition":"trailer_def.scs.gooseneck.singl_3e_20.container","units_count":40,"fill_ratio":1,"trailer_place":0}],"aaa.taranto":[{"target":"tras_med.bari","urgency":0,"shortest_distance_km":84,"ferry_time":0,"ferry_price":0,"cargo":"cargo.scooters","company_truck":"scania_s_6x4_730","trailer_variant":"trailer.scs_curt_s","trailer_definition":"trailer_def.scs.box.single_3.curtain","units_count":33,"fill_ratio":1,"trailer_place":0}],"pp_chimica.olbia":[{"target":"cargotras.olbia","urgency":0,"shortest_distance_km":88,"ferry_time":0,"ferry_price":0,"cargo":"cargo.fueltanker","company_truck":"scania_s_6x4_730","trailer_variant":"trailer.scs_gosck40","trailer_definition":"trailer_def.scs.gooseneck.singl_3e_40.container","units_count":80,"fill_ratio":1,"trailer_place":0}],"marmo.palermo":[{"target":"tras_med.catania","urgency":1,"shortest_distance_km":231,"ferry_time":0,"ferry_price":0,"cargo":"cargo.excavator","company_truck":"man_tgx_euro6_4x2_xl","trailer_variant":"trailer.overweight.excavator","trailer_definition":"trailer_def.excavator.overweight.excavator","units_count":100,"fill_ratio":1,"trailer_place":0}],"tree_et.liege":[{"target":"exomar.bologna","urgency":0,"shortest_distance_km":1093,"ferry_time":0,"ferry_price":0,"cargo":"cargo.diggers","company_truck":"daf_xf_euro6_4x2_b","trailer_variant":"trailer.overweight.digger","trailer_definition":"trailer_def.diggers.overweight.digger","units_count":100,"fill_ratio":1,"trailer_place":0}],"sal.livorno":[{"target":"exomar.bologna","urgency":1,"shortest_distance_km":260,"ferry_time":0,"ferry_price":0,"cargo":"cargo.digger1000","company_truck":"scania_r_4x2_370","trailer_variant":"trailer.overweight.digger1000","trailer_definition":"trailer_def.digger1000.overweight.digger1000","units_count":100,"fill_ratio":1,"trailer_place":0},{"target":"cargotras.olbia","urgency":1,"shortest_distance_km":842,"ferry_time":840,"ferry_price":879,"cargo":"cargo.excavator","company_truck":"renault_t_4x2","trailer_variant":"trailer.overweight.excavator","trailer_definition":"trailer_def.excavator.overweight.excavator","units_count":100,"fill_ratio":1,"trailer_place":0}],"cnp.napoli":[{"target":"acc.taranto","urgency":1,"shortest_distance_km":267,"ferry_time":0,"ferry_price":0,"cargo":"cargo.motor_oil_c","company_truck":"scania_r_4x2_520","trailer_variant":"trailer.scs_gosck220","trailer_definition":"trailer_def.scs.gooseneck.singl_3e_220.container","units_count":30,"fill_ratio":1,"trailer_place":0}],"spinelli.cassino":[{"target":"eolo_lines.napoli","urgency":0,"shortest_distance_km":171,"ferry_time":0,"ferry_price":0,"cargo":"cargo.moto_tires","company_truck":"iveco_h_4x2_a","trailer_variant":"trailer.scs_dry_m","trailer_definition":"trailer_def.scs.box.single_3.dryvan_m","units_count":33,"fill_ratio":1,"trailer_place":0},{"target":"tras_med.roma","urgency":2,"shortest_distance_km":154,"ferry_time":0,"ferry_price":0,"cargo":"cargo.empty_palet","company_truck":"scania_streamline_4x2_c","trailer_variant":"trailer.scs_curt_a","trailer_definition":"trailer_def.scs.box.single_3.curtain","units_count":33,"fill_ratio":1,"trailer_place":0},{"target":"cargotras.palermo","urgency":2,"shortest_distance_km":784,"ferry_time":20,"ferry_price":347,"cargo":"cargo.scrap_metals","company_truck":"scania_r_4x2_370","trailer_variant":"trailer.s_ki_solid.cover","trailer_definition":"trailer_def.scrap_metals.s_ki_solid.cover","units_count":100,"fill_ratio":1,"trailer_place":0}],"eolo_lines.palermo":[{"target":"marmo.palermo","urgency":0,"shortest_distance_km":61,"ferry_time":0,"ferry_price":0,"cargo":"cargo.wrk_cloth","company_truck":"daf_xf_euro6_4x2_b","trailer_variant":"trailer.scs_curt_s","trailer_definition":"trailer_def.scs.box.single_3.curtain","units_count":33,"fill_ratio":1,"trailer_place":0},{"target":"cesare_smar.sassari","urgency":0,"shortest_distance_km":216,"ferry_time":720,"ferry_price":778,"cargo":"cargo.beverages_t","company_truck":"scania_6x4_a","trailer_variant":"trailer.scs_fodt","trailer_definition":"trailer_def.scs.foodtank.single_3.paint","units_count":27,"fill_ratio":1,"trailer_place":0},{"target":"exomar.ancona","urgency":0,"shortest_distance_km":1025,"ferry_time":20,"ferry_price":347,"cargo":"cargo.mozzarela","company_truck":"scania_s_4x2_370","trailer_variant":"trailer.scs_ref","trailer_definition":"trailer_def.scs.box.single_3.reefer","units_count":33,"fill_ratio":1,"trailer_place":0}],"libellula.livorno":[{"target":"tras_med.genova","urgency":0,"shortest_distance_km":256,"ferry_time":0,"ferry_price":0,"cargo":"cargo.used_packag","company_truck":"mercedes_actros_2014_6x2_a","trailer_variant":"trailer.scs_curt","trailer_definition":"trailer_def.scs.box.single_3.curtain","units_count":33,"fill_ratio":1,"trailer_place":0}],"eolo_lines.napoli":[{"target":"te_logistica.sassari","urgency":2,"shortest_distance_km":215,"ferry_time":840,"ferry_price":879,"cargo":"cargo.prosciutto","company_truck":"mercedes_6x2_b","trailer_variant":"trailer.scs_ref_a","trailer_definition":"trailer_def.scs.box.single_3.reefer","units_count":33,"fill_ratio":1,"trailer_place":0},{"target":"te_logistica.firenze","urgency":0,"shortest_distance_km":527,"ferry_time":0,"ferry_price":0,"cargo":"cargo.brake_pads","company_truck":"man_6x4_b","trailer_variant":"trailer.scs_dry_ms","trailer_definition":"trailer_def.scs.box.single_3.dryvan_m","units_count":33,"fill_ratio":1,"trailer_place":0}],"exomar.roma":[{"target":"cnp.napoli","urgency":1,"shortest_distance_km":262,"ferry_time":0,"ferry_price":0,"cargo":"cargo.oil","company_truck":"mercedes_actros_2014_6x2_a","trailer_variant":"trailer.willig.fuel_cistern","trailer_definition":"trailer_def.oil.willig.fuel_cistern","units_count":101,"fill_ratio":1,"trailer_place":0}],"quadrelli.pescara":[{"target":"costruzi_hal.sassari","urgency":1,"shortest_distance_km":475,"ferry_time":840,"ferry_price":879,"cargo":"cargo.digger1000","company_truck":"scania_6x4_a","trailer_variant":"trailer.overweight.digger1000","trailer_definition":"trailer_def.digger1000.overweight.digger1000","units_count":100,"fill_ratio":1,"trailer_place":0},{"target":"marmo.livorno","urgency":1,"shortest_distance_km":579,"ferry_time":0,"ferry_price":0,"cargo":"cargo.excavator","company_truck":"iveco_4x2_b","trailer_variant":"trailer.overweight.excavator","trailer_definition":"trailer_def.excavator.overweight.excavator","units_count":100,"fill_ratio":1,"trailer_place":0}],"cargotras.olbia":[{"target":"fattoria_f.roma","urgency":0,"shortest_distance_km":479,"ferry_time":840,"ferry_price":879,"cargo":"cargo.hipresstank","company_truck":"man_6x4_b","trailer_variant":"trailer.scs_flat_b","trailer_definition":"trailer_def.scs.flatbed.single_3.flatbed_w","units_count":2,"fill_ratio":1,"trailer_place":0}],"tras_med.roma":[{"target":"exomar.taranto","urgency":2,"shortest_distance_km":552,"ferry_time":0,"ferry_price":0,"cargo":"cargo.prosciutto","company_truck":"mercedes_4x2_c","trailer_variant":"trailer.scs_ref_a","trailer_definition":"trailer_def.scs.box.single_3.reefer","units_count":33,"fill_ratio":1,"trailer_place":0}],"cargotras.catanzaro":[{"target":"tras_med.bari","urgency":1,"shortest_distance_km":317,"ferry_time":0,"ferry_price":0,"cargo":"cargo.beef_meat","company_truck":"mercedes_actros_2014_4x2_b","trailer_variant":"trailer.scs_ref_a","trailer_definition":"trailer_def.scs.box.single_3.reefer","units_count":33,"fill_ratio":1,"trailer_place":0},{"target":"te_logistica.napoli","urgency":0,"shortest_distance_km":356,"ferry_time":0,"ferry_price":0,"cargo":"cargo.glass_packed","company_truck":"man_6x4_b","trailer_variant":"trailer.gls_trailer","trailer_definition":"trailer_def.glass_packed.gls_trailer","units_count":100,"fill_ratio":1,"trailer_place":0},{"target":"te_logistica.messina","urgency":1,"shortest_distance_km":159,"ferry_time":20,"ferry_price":347,"cargo":"cargo.used_plast_c","company_truck":"man_tgx_euro6_4x2_xxl","trailer_variant":"trailer.scs_gosck220","trailer_definition":"trailer_def.scs.gooseneck.singl_3e_220.container","units_count":30,"fill_ratio":1,"trailer_place":0}],"exomar.taranto":[{"target":"te_logistica.cagliari","urgency":1,"shortest_distance_km":302,"ferry_time":840,"ferry_price":879,"cargo":"cargo.ore","company_truck":"scania_r_4x2_370","trailer_variant":"trailer.s_ki_solid.ore","trailer_definition":"trailer_def.ore.s_ki_solid.ore","units_count":100,"fill_ratio":1,"trailer_place":0}],"cnp.taranto":[{"target":"cont_port_it.genova","urgency":1,"shortest_distance_km":988,"ferry_time":0,"ferry_price":0,"cargo":"cargo.motor_oil_c","company_truck":"iveco_4x2_b","trailer_variant":"trailer.scs_gosck20","trailer_definition":"trailer_def.scs.gooseneck.singl_3e_20.container","units_count":15,"fill_ratio":1,"trailer_place":0}],"libellula.bologna":[{"target":"te_logistica.firenze","urgency":2,"shortest_distance_km":116,"ferry_time":0,"ferry_price":0,"cargo":"cargo.scrap_metals","company_truck":"mercedes_actros_2014_6x4_b","trailer_variant":"trailer.s_ki_solid.cover","trailer_definition":"trailer_def.scrap_metals.s_ki_solid.cover","units_count":100,"fill_ratio":1,"trailer_place":0}],"wgcc.strasbourg":[{"target":"pp_chimica.bologna","urgency":2,"shortest_distance_km":762,"ferry_time":0,"ferry_price":0,"cargo":"cargo.lead","company_truck":"scania_s_4x2_370","trailer_variant":"trailer.scs_flat_c_r","trailer_definition":"trailer_def.scs.flatbed.single_3.container","units_count":87,"fill_ratio":1,"trailer_place":0}],"comoto.suzzara":[{"target":"cargotras.livorno","urgency":0,"shortest_distance_km":230,"ferry_time":0,"ferry_price":0,"cargo":"cargo.used_packag","company_truck":"daf_xf_euro6_6x4_c","trailer_variant":"trailer.scs_dry_ms","trailer_definition":"trailer_def.scs.box.single_3.dryvan_m","units_count":33,"fill_ratio":1,"trailer_place":0},{"target":"cnp.livorno","urgency":2,"shortest_distance_km":229,"ferry_time":0,"ferry_price":0,"cargo":"cargo.empty_palet","company_truck":"scania_r_6x2_450","trailer_variant":"trailer.scs_dry_s","trailer_definition":"trailer_def.scs.box.single_3.dryvan","units_count":33,"fill_ratio":1,"trailer_place":0}],"fattoria_f.roma":[{"target":"tras_med.roma","urgency":0,"shortest_distance_km":128,"ferry_time":0,"ferry_price":0,"cargo":"cargo.mozzarela","company_truck":"scania_streamline_6x2_b","trailer_variant":"trailer.scs_ref","trailer_definition":"trailer_def.scs.box.single_3.reefer","units_count":33,"fill_ratio":1,"trailer_place":0}],"costruzi_win.cagliari":[{"target":"tras_med.bari","urgency":2,"shortest_distance_km":346,"ferry_time":840,"ferry_price":879,"cargo":"cargo.forklifts","company_truck":"mercedes_4x2_b","trailer_variant":"trailer.overweight.forklifts","trailer_definition":"trailer_def.forklifts.overweight.forklifts","units_count":100,"fill_ratio":1,"trailer_place":0}],"eolo_lines.sassari":[{"target":"exomar.olbia","urgency":1,"shortest_distance_km":140,"ferry_time":0,"ferry_price":0,"cargo":"cargo.tableware","company_truck":"scania_streamline_4x2_a","trailer_variant":"trailer.scs_dry","trailer_definition":"trailer_def.scs.box.single_3.dryvan","units_count":33,"fill_ratio":1,"trailer_place":0}],"te_logistica.messina":[{"target":"tras_med.catania","urgency":0,"shortest_distance_km":141,"ferry_time":0,"ferry_price":0,"cargo":"cargo.carb_water","company_truck":"man_tgx_euro6_4x2_xxl","trailer_variant":"trailer.scs_curt_s","trailer_definition":"trailer_def.scs.box.single_3.curtain","units_count":33,"fill_ratio":1,"trailer_place":0}],"cnp.ancona":[{"target":"c_navale.ancona","urgency":1,"shortest_distance_km":26,"ferry_time":0,"ferry_price":0,"cargo":"cargo.motor_oil_c","company_truck":"man_4x2_c","trailer_variant":"trailer.scs_gosck20","trailer_definition":"trailer_def.scs.gooseneck.singl_3e_20.container","units_count":15,"fill_ratio":1,"trailer_place":0},{"target":"acc.terni","urgency":1,"shortest_distance_km":156,"ferry_time":0,"ferry_price":0,"cargo":"cargo.oil","company_truck":"renault_t_4x2h","trailer_variant":"trailer.fuel_cistern","trailer_definition":"trailer_def.oil.fuel_cistern","units_count":100,"fill_ratio":1,"trailer_place":0}],"te_logistica.napoli":[{"target":"cargotras.sassari","urgency":0,"shortest_distance_km":238,"ferry_time":840,"ferry_price":879,"cargo":"cargo.carrots","company_truck":"man_tgx_euro6_4x2_xl","trailer_variant":"trailer.scs_dry_a","trailer_definition":"trailer_def.scs.box.single_3.dryvan","units_count":33,"fill_ratio":1,"trailer_place":0}],"itcc.glasgow":[{"target":"quarry.glasgow","urgency":0,"shortest_distance_km":73,"ferry_time":0,"ferry_price":0,"cargo":"cargo.sq_tub","company_truck":"iveco_h_4x2_a","trailer_variant":"trailer.scs_flat_r","trailer_definition":"trailer_def.scs.flatbed.single_3.flatbed_w","units_count":2,"fill_ratio":1,"trailer_place":0}],"tras_med.genova":[{"target":"te_logistica.firenze","urgency":0,"shortest_distance_km":275,"ferry_time":0,"ferry_price":0,"cargo":"cargo.olive_oil","company_truck":"scania_streamline_6x2_b","trailer_variant":"trailer.scs_dry","trailer_definition":"trailer_def.scs.box.single_3.dryvan","units_count":33,"fill_ratio":1,"trailer_place":0}],"eolo_lines.cagliari":[{"target":"te_logistica.messina","urgency":0,"shortest_distance_km":209,"ferry_time":720,"ferry_price":778,"cargo":"cargo.perfor_frks","company_truck":"scania_4x2_b","trailer_variant":"trailer.scs_dry","trailer_definition":"trailer_def.scs.box.single_3.dryvan","units_count":33,"fill_ratio":1,"trailer_place":0},{"target":"piac.napoli","urgency":2,"shortest_distance_km":6,"ferry_time":840,"ferry_price":879,"cargo":"cargo.seal_bearing","company_truck":"man_6x4_b","trailer_variant":"trailer.scs_dry_m","trailer_definition":"trailer_def.scs.box.single_3.dryvan_m","units_count":33,"fill_ratio":1,"trailer_place":0}],"lkwlog.hamburg":[{"target":"te_logistica.firenze","urgency":0,"shortest_distance_km":1386,"ferry_time":0,"ferry_price":0,"cargo":"cargo.apples","company_truck":"man_tgx_euro6_6x4_xlx","trailer_variant":"trailer.scs_dry","trailer_definition":"trailer_def.scs.box.single_3.dryvan","units_count":33,"fill_ratio":1,"trailer_place":0}],"cnp.livorno":[{"target":"spinelli.cassino","urgency":2,"shortest_distance_km":450,"ferry_time":0,"ferry_price":0,"cargo":"cargo.carbn_pwdr_c","company_truck":"man_4x2_c","trailer_variant":"trailer.scs_gosck40","trailer_definition":"trailer_def.scs.gooseneck.singl_3e_40.container","units_count":30,"fill_ratio":1,"trailer_place":0},{"target":"sal.pescara","urgency":0,"shortest_distance_km":568,"ferry_time":0,"ferry_price":0,"cargo":"cargo.kerosene","company_truck":"scania_6x4_a","trailer_variant":"trailer.fuel_cistern","trailer_definition":"trailer_def.kerosene.fuel_cistern","units_count":100,"fill_ratio":1,"trailer_place":0}],"eurogoodies.venezia":[{"target":"exomar.bologna","urgency":1,"shortest_distance_km":181,"ferry_time":0,"ferry_price":0,"cargo":"cargo.beverages","company_truck":"iveco_h_4x2_a","trailer_variant":"trailer.scs_ref_a","trailer_definition":"trailer_def.scs.box.single_3.reefer","units_count":33,"fill_ratio":1,"trailer_place":0}],"quarry.strasbourg":[{"target":"te_logistica.parma","urgency":2,"shortest_distance_km":601,"ferry_time":0,"ferry_price":0,"cargo":"cargo.sand","company_truck":"daf_6x2_a","trailer_variant":"trailer.s_ki_solid.sand","trailer_definition":"trailer_def.sand.s_ki_solid.sand","units_count":100,"fill_ratio":1,"trailer_place":0}],"fui.catania":[{"target":"tras_med.roma","urgency":0,"shortest_distance_km":782,"ferry_time":20,"ferry_price":347,"cargo":"cargo.olive_oil_t","company_truck":"mercedes_actros_2014_6x2_a","trailer_variant":"trailer.scs_fodt","trailer_definition":"trailer_def.scs.foodtank.single_3.paint","units_count":30,"fill_ratio":1,"trailer_place":0},{"target":"eolo_lines.sassari","urgency":2,"shortest_distance_km":412,"ferry_time":720,"ferry_price":778,"cargo":"cargo.nuts","company_truck":"man_6x4_b","trailer_variant":"trailer.scs_dry","trailer_definition":"trailer_def.scs.box.single_3.dryvan","units_count":33,"fill_ratio":1,"trailer_place":0}],"eolo_lines.messina":[{"target":"cargotras.catanzaro","urgency":2,"shortest_distance_km":165,"ferry_time":20,"ferry_price":347,"cargo":"cargo.nuts","company_truck":"renault_magnum_6x2_a","trailer_variant":"trailer.scs_dry_m","trailer_definition":"trailer_def.scs.box.single_3.dryvan_m","units_count":33,"fill_ratio":1,"trailer_place":0},{"target":"tras_med.cagliari","urgency":0,"shortest_distance_km":248,"ferry_time":720,"ferry_price":778,"cargo":"cargo.mozzarela","company_truck":"mercedes_actros_2014_6x2_a","trailer_variant":"trailer.scs_ins","trailer_definition":"trailer_def.scs.box.single_3.insulated","units_count":33,"fill_ratio":1,"trailer_place":0}],"sellplan.torino":[{"target":"cargotras.olbia","urgency":2,"shortest_distance_km":694,"ferry_time":1050,"ferry_price":1548,"cargo":"cargo.empty_palet","company_truck":"daf_6x2_a","trailer_variant":"trailer.scs_dry_m","trailer_definition":"trailer_def.scs.box.single_3.dryvan_m","units_count":33,"fill_ratio":1,"trailer_place":0}],"itcc.sheffield":[{"target":"lkwlog.luxembourg","urgency":0,"shortest_distance_km":826,"ferry_time":35,"ferry_price":300,"cargo":"cargo.mtl_coil","company_truck":"iveco_4x2_a","trailer_variant":"trailer.scs_flat_c_r","trailer_definition":"trailer_def.scs.flatbed.single_3.container","units_count":1,"fill_ratio":1,"trailer_place":0}],"cargotras.palermo":[{"target":"cesare_smar.sassari","urgency":1,"shortest_distance_km":220,"ferry_time":720,"ferry_price":778,"cargo":"cargo.tyres","company_truck":"renault_t_4x2","trailer_variant":"trailer.scs_dry_a","trailer_definition":"trailer_def.scs.box.single_3.dryvan","units_count":33,"fill_ratio":1,"trailer_place":0},{"target":"te_logistica.messina","urgency":2,"shortest_distance_km":206,"ferry_time":0,"ferry_price":0,"cargo":"cargo.fireworks","company_truck":"renault_t_4x2h","trailer_variant":"trailer.scs_curt_a","trailer_definition":"trailer_def.scs.box.single_3.curtain","units_count":33,"fill_ratio":1,"trailer_place":0}],"te_logistica.sassari":[{"target":"cargotras.catanzaro","urgency":0,"shortest_distance_km":593,"ferry_time":740,"ferry_price":1125,"cargo":"cargo.carrots","company_truck":"mercedes_actros_2014_6x2_a","trailer_variant":"trailer.scs_dry_m","trailer_definition":"trailer_def.scs.box.single_3.dryvan_m","units_count":33,"fill_ratio":1,"trailer_place":0}],"libellula.milano":[{"target":"cargotras.pescara","urgency":0,"shortest_distance_km":674,"ferry_time":0,"ferry_price":0,"cargo":"cargo.motorcycles","company_truck":"daf_xf_euro6_6x2_a","trailer_variant":"trailer.scs_curt_s","trailer_definition":"trailer_def.scs.box.single_3.curtain","units_count":33,"fill_ratio":1,"trailer_place":0},{"target":"te_logistica.parma","urgency":2,"shortest_distance_km":181,"ferry_time":0,"ferry_price":0,"cargo":"cargo.empty_palet","company_truck":"man_4x2_c","trailer_variant":"trailer.scs_curt","trailer_definition":"trailer_def.scs.box.single_3.curtain","units_count":33,"fill_ratio":1,"trailer_place":0}],"acc.taranto":[{"target":"costruzi_win.pescara","urgency":0,"shortest_distance_km":333,"ferry_time":0,"ferry_price":0,"cargo":"cargo.vent_tube","company_truck":"mercedes_4x2_c","trailer_variant":"trailer.scs_flat_c_r","trailer_definition":"trailer_def.scs.flatbed.single_3.container","units_count":2,"fill_ratio":1,"trailer_place":0},{"target":"tras_med.bari","urgency":0,"shortest_distance_km":67,"ferry_time":0,"ferry_price":0,"cargo":"cargo.iron_pipes","company_truck":"renault_t_6x2","trailer_variant":"trailer.scs_log","trailer_definition":"trailer_def.scs.log.single_3.steel","units_count":2,"fill_ratio":1,"trailer_place":0}],"quadrelli.catania":[{"target":"costruzi_fla.catanzaro","urgency":1,"shortest_distance_km":346,"ferry_time":20,"ferry_price":347,"cargo":"cargo.marb_blck","company_truck":"man_6x4_b","trailer_variant":"trailer.scs_flat_c_r","trailer_definition":"trailer_def.scs.flatbed.single_3.container","units_count":2,"fill_ratio":1,"trailer_place":0}],"c_navale.ancona":[{"target":"te_logistica.firenze","urgency":2,"shortest_distance_km":271,"ferry_time":0,"ferry_price":0,"cargo":"cargo.empty_palet","company_truck":"mercedes_actros_2014_6x2_a","trailer_variant":"trailer.scs_dry_a","trailer_definition":"trailer_def.scs.box.single_3.dryvan","units_count":33,"fill_ratio":1,"trailer_place":0}],"exomar.olbia":[{"target":"cargotras.sassari","urgency":0,"shortest_distance_km":97,"ferry_time":0,"ferry_price":0,"cargo":"cargo.vinegar","company_truck":"daf_xf_euro6_6x2_a","trailer_variant":"trailer.scs_curt","trailer_definition":"trailer_def.scs.box.single_3.curtain","units_count":33,"fill_ratio":1,"trailer_place":0}],"stokes.nurnberg":[{"target":"c_navale.ancona","urgency":2,"shortest_distance_km":1002,"ferry_time":0,"ferry_price":0,"cargo":"cargo.oil_filters","company_truck":"scania_streamline_6x2_b","trailer_variant":"trailer.scs_dry_a","trailer_definition":"trailer_def.scs.box.single_3.dryvan","units_count":33,"fill_ratio":1,"trailer_place":0}],"cesare_smar.palermo":[{"target":"cargotras.palermo","urgency":1,"shortest_distance_km":1,"ferry_time":0,"ferry_price":0,"cargo":"cargo.used_plast_c","company_truck":"iveco_6x2_a","trailer_variant":"trailer.scs_gosck20","trailer_definition":"trailer_def.scs.gooseneck.singl_3e_20.container","units_count":15,"fill_ratio":1,"trailer_place":0},{"target":"te_logistica.sassari","urgency":0,"shortest_distance_km":219,"ferry_time":720,"ferry_price":778,"cargo":"cargo.used_packag","company_truck":"man_tgx_euro6_4x2_xl","trailer_variant":"trailer.scs_curt","trailer_definition":"trailer_def.scs.box.single_3.curtain","units_count":33,"fill_ratio":1,"trailer_place":0}],"sellplan.groningen":[{"target":"cargotras.sassari","urgency":1,"shortest_distance_km":1496,"ferry_time":1050,"ferry_price":1548,"cargo":"cargo.used_plast","company_truck":"mercedes_actros_2014_4x2_b","trailer_variant":"trailer.scs_dry","trailer_definition":"trailer_def.scs.box.single_3.dryvan","units_count":33,"fill_ratio":1,"trailer_place":0}],"aci.bologna":[{"target":"exomar.roma","urgency":1,"shortest_distance_km":396,"ferry_time":0,"ferry_price":0,"cargo":"cargo.frsh_herbs","company_truck":"iveco_4x2_b","trailer_variant":"trailer.scs_ins_s","trailer_definition":"trailer_def.scs.box.single_3.insulated","units_count":33,"fill_ratio":1,"trailer_place":0}],"cargotras.pescara":[{"target":"exomar.bologna","urgency":1,"shortest_distance_km":381,"ferry_time":0,"ferry_price":0,"cargo":"cargo.digger1000","company_truck":"scania_r_6x4_650","trailer_variant":"trailer.overweight.digger1000","trailer_definition":"trailer_def.digger1000.overweight.digger1000","units_count":100,"fill_ratio":1,"trailer_place":0},{"target":"libellula.bologna","urgency":1,"shortest_distance_km":410,"ferry_time":0,"ferry_price":0,"cargo":"cargo.motor_oil","company_truck":"daf_xf_euro6_4x2_c","trailer_variant":"trailer.scs_dry_ms","trailer_definition":"trailer_def.scs.box.single_3.dryvan_m","units_count":33,"fill_ratio":1,"trailer_place":0}],"cont_port_it.ancona":[{"target":"cargotras.pescara","urgency":0,"shortest_distance_km":248,"ferry_time":0,"ferry_price":0,"cargo":"cargo.beverages_c","company_truck":"man_6x4_b","trailer_variant":"trailer.scs_gosck220","trailer_definition":"trailer_def.scs.gooseneck.singl_3e_220.container","units_count":30,"fill_ratio":1,"trailer_place":0}]}