{"drekkar.bergen":[{"target":"renar.vaxjo","urgency":2,"shortest_distance_km":973,"ferry_time":0,"ferry_price":0,"cargo":"cargo.roller","company_truck":"scania_s_4x2_370","trailer_variant":"trailer.overweight.roller","trailer_definition":"trailer_def.roller.overweight.roller","units_count":100,"fill_ratio":1,"trailer_place":0}],"trameri.strasbourg":[{"target":"tradeaux.frankfurt","urgency":0,"shortest_distance_km":250,"ferry_time":0,"ferry_price":0,"cargo":"cargo.tube","company_truck":"renault_premium_6x4_a","trailer_variant":"trailer.overweight.tube","trailer_definition":"trailer_def.tube.overweight.tube","units_count":94,"fill_ratio":1,"trailer_place":0}],"wilnet_trans.limoges":[{"target":"tradeaux.toulouse","urgency":0,"shortest_distance_km":264,"ferry_time":0,"ferry_price":0,"cargo":"cargo.tube","company_truck":"renault_magnum_4x2_a","trailer_variant":"trailer.overweight.tube","trailer_definition":"trailer_def.tube.overweight.tube","units_count":100,"fill_ratio":1,"trailer_place":0}],"tradeaux.lille":[{"target":"stokes.liege","urgency":2,"shortest_distance_km":218,"ferry_time":0,"ferry_price":0,"cargo":"cargo.roller","company_truck":"renault_magnum_6x2_a","trailer_variant":"trailer.overweight.roller","trailer_definition":"trailer_def.roller.overweight.roller","units_count":100,"fill_ratio":1,"trailer_place":0}],"trameri.dresden":[{"target":"stokes.amsterdam","urgency":0,"shortest_distance_km":790,"ferry_time":0,"ferry_price":0,"cargo":"cargo.tube","company_truck":"daf_xf_euro6_4x2_c","trailer_variant":"trailer.overweight.tube","trailer_definition":"trailer_def.tube.overweight.tube","units_count":94,"fill_ratio":1,"trailer_place":0}],"lisette_log.rennes":[{"target":"globeur.bordeaux","urgency":0,"shortest_distance_km":543,"ferry_time":0,"ferry_price":0,"cargo":"cargo.tube","company_truck":"renault_t_4x2h","trailer_variant":"trailer.overweight.tube","trailer_definition":"trailer_def.tube.overweight.tube","units_count":100,"fill_ratio":1,"trailer_place":0}],"globeur.rennes":[{"target":"wilnet_trans.nantes","urgency":0,"shortest_distance_km":138,"ferry_time":0,"ferry_price":0,"cargo":"cargo.tube","company_truck":"renault_t_6x2","trailer_variant":"trailer.overweight.tube","trailer_definition":"trailer_def.tube.overweight.tube","units_count":100,"fill_ratio":1,"trailer_place":0}],"trameri.krakow":[{"target":"stokes.katowice","urgency":0,"shortest_distance_km":71,"ferry_time":0,"ferry_price":0,"cargo":"cargo.tube","company_truck":"daf_4x2_b","trailer_variant":"trailer.overweight.tube","trailer_definition":"trailer_def.tube.overweight.tube","units_count":94,"fill_ratio":1,"trailer_place":0}],"trameri.lyon":[{"target":"lkwlog.graz","urgency":0,"shortest_distance_km":1103,"ferry_time":0,"ferry_price":0,"cargo":"cargo.tube","company_truck":"iveco_6x2_a","trailer_variant":"trailer.overweight.tube","trailer_definition":"trailer_def.tube.overweight.tube","units_count":100,"fill_ratio":1,"trailer_place":0}],"trameri.hannover":[{"target":"quarry.katowice","urgency":0,"shortest_distance_km":788,"ferry_time":0,"ferry_price":0,"cargo":"cargo.tube","company_truck":"renault_magnum_6x4_a","trailer_variant":"trailer.overweight.tube","trailer_definition":"trailer_def.tube.overweight.tube","units_count":94,"fill_ratio":1,"trailer_place":0}],"sanbuilders.rotterdam":[{"target":"tradeaux.lille","urgency":2,"shortest_distance_km":223,"ferry_time":0,"ferry_price":0,"cargo":"cargo.roller","company_truck":"renault_magnum_6x4_a","trailer_variant":"trailer.overweight.roller","trailer_definition":"trailer_def.roller.overweight.roller","units_count":100,"fill_ratio":1,"trailer_place":0}],"norrsken.karlskrona":[{"target":"gnt.kalmar","urgency":2,"shortest_distance_km":109,"ferry_time":0,"ferry_price":0,"cargo":"cargo.roller","company_truck":"iveco_6x2_a","trailer_variant":"trailer.overweight.roller","trailer_definition":"trailer_def.roller.overweight.roller","units_count":100,"fill_ratio":1,"trailer_place":0}],"sanbuilders.debrecen":[{"target":"posped.lodz","urgency":2,"shortest_distance_km":727,"ferry_time":0,"ferry_price":0,"cargo":"cargo.roller","company_truck":"mercedes_actros_2014_4x2_c","trailer_variant":"trailer.overweight.roller","trailer_definition":"trailer_def.roller.overweight.roller","units_count":100,"fill_ratio":1,"trailer_place":0}],"domdepo.tekirdag":[{"target":"lognstick.istanbul","urgency":0,"shortest_distance_km":141,"ferry_time":0,"ferry_price":0,"cargo":"cargo.tube","company_truck":"renault_magnum_6x4_a","trailer_variant":"trailer.overweight.tube","trailer_definition":"trailer_def.tube.overweight.tube","units_count":100,"fill_ratio":1,"trailer_place":0}],"domdepo.edirne":[{"target":"balkan_loco.edirne","urgency":0,"shortest_distance_km":2,"ferry_time":0,"ferry_price":0,"cargo":"cargo.tube","company_truck":"daf_xf_euro6_4x2_b","trailer_variant":"trailer.overweight.tube","trailer_definition":"trailer_def.tube.overweight.tube","units_count":100,"fill_ratio":1,"trailer_place":0}]}