{"eurogoodies.mannheim":[{"target":"polarislines.travemunde","urgency":2,"shortest_distance_km":642,"ferry_time":0,"ferry_price":0,"cargo":"cargo.atl_cod_flt","company_truck":"scania_4x2_c","trailer_variant":"trailer.scs_ins_a","trailer_definition":"trailer_def.scs.box.single_3.insulated","units_count":33,"fill_ratio":1,"trailer_place":0}],"bcp.kassel":[{"target":"transinet.hamburg","urgency":1,"shortest_distance_km":323,"ferry_time":0,"ferry_price":0,"cargo":"cargo.empty_barr","company_truck":"double/renault_premium_4x2_a","trailer_variant":"trailer.scs_dry_2","trailer_definition":"trailer_def.scs.box.double_3_2.dryvan","units_count":53,"fill_ratio":1,"trailer_place":0}],"posped.birmingham":[{"target":"kaarfor.cambridge","urgency":2,"shortest_distance_km":201,"ferry_time":0,"ferry_price":0,"cargo":"cargo.fresh_fish","company_truck":"mercedes_4x2_a","trailer_variant":"trailer.scs_ref_s","trailer_definition":"trailer_def.scs.box.single_3.reefer","units_count":33,"fill_ratio":1,"trailer_place":0}],"vpc.goteborg":[{"target":"bhv.linkoping","urgency":1,"shortest_distance_km":323,"ferry_time":0,"ferry_price":0,"cargo":"cargo.volvo_cars","company_truck":"scania_6x4_a","trailer_variant":"trailer.car_volvo","trailer_definition":"trailer_def.volvo_cars.car_volvo","units_count":100,"fill_ratio":1,"trailer_place":0}],"eurogoodies.plymouth":[{"target":"transinet.hamburg","urgency":0,"shortest_distance_km":1277,"ferry_time":35,"ferry_price":300,"cargo":"cargo.liver_paste","company_truck":"scania_4x2_c","trailer_variant":"trailer.scs_ref_a","trailer_definition":"trailer_def.scs.box.single_3.reefer","units_count":33,"fill_ratio":1,"trailer_place":0}],"eurogoodies.reims":[{"target":"norrsken.malmo","urgency":2,"shortest_distance_km":1307,"ferry_time":0,"ferry_price":0,"cargo":"cargo.lamb_stom","company_truck":"daf_4x2_b","trailer_variant":"trailer.scs_ins_a","trailer_definition":"trailer_def.scs.box.single_3.insulated","units_count":33,"fill_ratio":1,"trailer_place":0}],"norrsken.goteborg":[{"target":"norr_food.karlskrona","urgency":0,"shortest_distance_km":326,"ferry_time":0,"ferry_price":0,"cargo":"cargo.cont_trees","company_truck":"man_6x4_b","trailer_variant":"trailer.scs_ref_b2","trailer_definition":"trailer_def.scs.box.bdouble_3_3.reefer","units_count":53,"fill_ratio":1,"trailer_place":0},{"target":"norr_food.vasteraas","urgency":0,"shortest_distance_km":362,"ferry_time":0,"ferry_price":0,"cargo":"cargo.sausages","company_truck":"man_6x4_b","trailer_variant":"trailer.scs_ins_2","trailer_definition":"trailer_def.scs.box.double_3_2.insulated","units_count":53,"fill_ratio":1,"trailer_place":0},{"target":"renar.vaxjo","urgency":0,"shortest_distance_km":238,"ferry_time":0,"ferry_price":0,"cargo":"cargo.cott_cheese","company_truck":"double/man_4x2_a","trailer_variant":"trailer.scs_ref_2","trailer_definition":"trailer_def.scs.box.double_3_2.reefer","units_count":53,"fill_ratio":1,"trailer_place":0}],"tradeaux.klagenfurt":[{"target":"eurogoodies.leipzig","urgency":0,"shortest_distance_km":729,"ferry_time":0,"ferry_price":0,"cargo":"cargo.salt_spices","company_truck":"daf_xf_euro6_6x4_c","trailer_variant":"trailer.scs_curt_a","trailer_definition":"trailer_def.scs.box.single_3.curtain","units_count":33,"fill_ratio":1,"trailer_place":0}],"drekkar.bergen":[{"target":"gnt.bergen","urgency":0,"shortest_distance_km":13,"ferry_time":0,"ferry_price":0,"cargo":"cargo.mondeos","company_truck":"daf_6x2_a","trailer_variant":"trailer.car_trans2","trailer_definition":"trailer_def.mondeos.car_trans2","units_count":100,"fill_ratio":1,"trailer_place":0}],"agronord.goteborg":[{"target":"norr_food.jonkoping","urgency":0,"shortest_distance_km":219,"ferry_time":0,"ferry_price":0,"cargo":"cargo.carrots","company_truck":"mercedes_actros_2014_4x2_a","trailer_variant":"trailer.scs_curt","trailer_definition":"trailer_def.scs.box.single_3.curtain","units_count":33,"fill_ratio":1,"trailer_place":0},{"target":"drekkar.karlskrona","urgency":2,"shortest_distance_km":394,"ferry_time":0,"ferry_price":0,"cargo":"cargo.pears","company_truck":"renault_magnum_6x2_a","trailer_variant":"trailer.scs_ref","trailer_definition":"trailer_def.scs.box.single_3.reefer","units_count":33,"fill_ratio":1,"trailer_place":0}],"posped.geneve":[{"target":"tradeaux.geneve","urgency":0,"shortest_distance_km":1,"ferry_time":0,"ferry_price":0,"cargo":"cargo.sheep_wool","company_truck":"daf_xf_euro6_4x2_c","trailer_variant":"trailer.scs_dry_m","trailer_definition":"trailer_def.scs.box.single_3.dryvan_m","units_count":33,"fill_ratio":1,"trailer_place":0}],"tree_et.dortmund":[{"target":"drekkar.karlskrona","urgency":0,"shortest_distance_km":1022,"ferry_time":0,"ferry_price":0,"cargo":"cargo.wshavings","company_truck":"man_4x2_a","trailer_variant":"trailer.s_ki_solid.cover","trailer_definition":"trailer_def.wshavings.s_ki_solid.cover","units_count":100,"fill_ratio":1,"trailer_place":0}],"norr_food.vaxjo":[{"target":"norrsken.karlskrona","urgency":0,"shortest_distance_km":70,"ferry_time":0,"ferry_price":0,"cargo":"cargo.used_packag","company_truck":"scania_s_4x2_370","trailer_variant":"trailer.scs_dry_ms","trailer_definition":"trailer_def.scs.box.single_3.dryvan_m","units_count":33,"fill_ratio":1,"trailer_place":0}],"agronord.esbjerg":[{"target":"drekkar.odense","urgency":0,"shortest_distance_km":226,"ferry_time":0,"ferry_price":0,"cargo":"cargo.cont_trees","company_truck":"double/mercedes_actros_2014_4x2_a","trailer_variant":"trailer.scs_ref_b2","trailer_definition":"trailer_def.scs.box.bdouble_3_3.reefer","units_count":53,"fill_ratio":1,"trailer_place":0}],"eurogoodies.liverpool":[{"target":"drekkar.malmo","urgency":1,"shortest_distance_km":588,"ferry_time":1140,"ferry_price":1314,"cargo":"cargo.tomatoes","company_truck":"man_4x2_a","trailer_variant":"trailer.scs_ref","trailer_definition":"trailer_def.scs.box.single_3.reefer","units_count":33,"fill_ratio":1,"trailer_place":0}],"polar_fish.goteborg":[{"target":"drekkar.malmo","urgency":0,"shortest_distance_km":297,"ferry_time":0,"ferry_price":0,"cargo":"cargo.frozen_hake","company_truck":"scania_6x2_b","trailer_variant":"trailer.scs_ref_a","trailer_definition":"trailer_def.scs.box.single_3.reefer","units_count":33,"fill_ratio":1,"trailer_place":0},{"target":"drekkar.linkoping","urgency":1,"shortest_distance_km":322,"ferry_time":0,"ferry_price":0,"cargo":"cargo.smokd_sprats","company_truck":"double/scania_r_4x2","trailer_variant":"trailer.scs_ins_b2","trailer_definition":"trailer_def.scs.box.bdouble_3_3.insulated","units_count":53,"fill_ratio":1,"trailer_place":0}],"scania_fac.sodertalje":[{"target":"scania_dlr.stockholm","urgency":2,"shortest_distance_km":35,"ferry_time":0,"ferry_price":0,"cargo":"cargo.scania_tr","company_truck":"man_6x4_b","trailer_variant":"trailer.truck_trans.scania","trailer_definition":"trailer_def.scania_tr.truck_trans.scania","units_count":100,"fill_ratio":1,"trailer_place":0}],"eurogoodies.innsbruck":[{"target":"kaarfor.verona","urgency":2,"shortest_distance_km":258,"ferry_time":0,"ferry_price":0,"cargo":"cargo.lamb_stom","company_truck":"daf_xf_euro6_4x2_c","trailer_variant":"trailer.scs_ref_a","trailer_definition":"trailer_def.scs.box.single_3.reefer","units_count":33,"fill_ratio":1,"trailer_place":0}],"konstnr_wind.gedser":[{"target":"norr_food.kobenhavn","urgency":2,"shortest_distance_km":110,"ferry_time":0,"ferry_price":0,"cargo":"cargo.forklifts","company_truck":"iveco_h_4x2_a","trailer_variant":"trailer.overweight.forklifts","trailer_definition":"trailer_def.forklifts.overweight.forklifts","units_count":100,"fill_ratio":1,"trailer_place":0}],"sanbuilders.nurnberg":[{"target":"ika_bohag.kobenhavn","urgency":2,"shortest_distance_km":763,"ferry_time":105,"ferry_price":404,"cargo":"cargo.forklifts","company_truck":"mercedes_4x2","trailer_variant":"trailer.overweight.forklifts","trailer_definition":"trailer_def.forklifts.overweight.forklifts","units_count":100,"fill_ratio":1,"trailer_place":0}],"transinet.brussel":[{"target":"norr_food.kobenhavn","urgency":2,"shortest_distance_km":1071,"ferry_time":0,"ferry_price":0,"cargo":"cargo.plast_film","company_truck":"renault_magnum_4x2_a","trailer_variant":"trailer.scs_curt","trailer_definition":"trailer_def.scs.box.single_3.curtain","units_count":33,"fill_ratio":1,"trailer_place":0}],"polarislines.kristiansand":[{"target":"norrsken.aalborg","urgency":0,"shortest_distance_km":102,"ferry_time":195,"ferry_price":1052,"cargo":"cargo.canned_pork","company_truck":"daf_xf_euro6_4x2_c","trailer_variant":"trailer.scs_ref_s","trailer_definition":"trailer_def.scs.box.single_3.reefer","units_count":33,"fill_ratio":1,"trailer_place":0}],"transinet.sheffield":[{"target":"renar.stavanger","urgency":1,"shortest_distance_km":688,"ferry_time":1335,"ferry_price":2366,"cargo":"cargo.roof_tiles","company_truck":"mercedes_actros_2014_6x4_b","trailer_variant":"trailer.scs_brick_b","trailer_definition":"trailer_def.scs.flatbed.single_3.brick","units_count":33,"fill_ratio":1,"trailer_place":0}],"sanbuilders.newcastle":[{"target":"norrsken.karlskrona","urgency":2,"shortest_distance_km":742,"ferry_time":1140,"ferry_price":1314,"cargo":"cargo.empty_palet","company_truck":"man_6x4_b","trailer_variant":"trailer.scs_dry_a","trailer_definition":"trailer_def.scs.box.single_3.dryvan","units_count":33,"fill_ratio":1,"trailer_place":0},{"target":"renar.stavanger","urgency":1,"shortest_distance_km":734,"ferry_time":1335,"ferry_price":2366,"cargo":"cargo.digger1000","company_truck":"scania_s_4x2_580","trailer_variant":"trailer.overweight.digger1000","trailer_definition":"trailer_def.digger1000.overweight.digger1000","units_count":100,"fill_ratio":1,"trailer_place":0}],"eurogoodies.munchen":[{"target":"kaarfor.frankfurt","urgency":0,"shortest_distance_km":399,"ferry_time":0,"ferry_price":0,"cargo":"cargo.smokd_eel","company_truck":"double/renault_t_4x2h","trailer_variant":"trailer.scs_ins_2","trailer_definition":"trailer_def.scs.box.double_3_2.insulated","units_count":47,"fill_ratio":1,"trailer_place":0}],"norr_food.kobenhavn":[{"target":"norrsken.goteborg","urgency":2,"shortest_distance_km":338,"ferry_time":0,"ferry_price":0,"cargo":"cargo.empty_palet","company_truck":"man_tgx_euro6_4x2_xl","trailer_variant":"trailer.scs_curt_s","trailer_definition":"trailer_def.scs.box.single_3.curtain","units_count":33,"fill_ratio":1,"trailer_place":0}],"norr_food.stockholm":[{"target":"norrsken.malmo","urgency":1,"shortest_distance_km":526,"ferry_time":0,"ferry_price":0,"cargo":"cargo.used_plast","company_truck":"man_6x4_b","trailer_variant":"trailer.scs_curt_a","trailer_definition":"trailer_def.scs.box.single_3.curtain","units_count":33,"fill_ratio":1,"trailer_place":0}],"nord_crown.bergen":[{"target":"gnt.bergen","urgency":0,"shortest_distance_km":12,"ferry_time":0,"ferry_price":0,"cargo":"cargo.sausages","company_truck":"man_6x4_b","trailer_variant":"trailer.scs_ref_b2","trailer_definition":"trailer_def.scs.box.bdouble_3_3.reefer","units_count":53,"fill_ratio":1,"trailer_place":0},{"target":"gnt.bergen","urgency":0,"shortest_distance_km":12,"ferry_time":0,"ferry_price":0,"cargo":"cargo.liver_paste","company_truck":"double/man_euro6_4x2_xxl","trailer_variant":"trailer.scs_ins_b2","trailer_definition":"trailer_def.scs.box.bdouble_3_3.insulated","units_count":53,"fill_ratio":1,"trailer_place":0},{"target":"renar.stavanger","urgency":1,"shortest_distance_km":432,"ferry_time":0,"ferry_price":0,"cargo":"cargo.pet_food","company_truck":"double/scania_s_4x2","trailer_variant":"trailer.scs_dry_b2","trailer_definition":"trailer_def.scs.box.bdouble_3_3.dryvan","units_count":53,"fill_ratio":1,"trailer_place":0},{"target":"norr_food.oslo","urgency":2,"shortest_distance_km":520,"ferry_time":0,"ferry_price":0,"cargo":"cargo.lamb_stom","company_truck":"renault_premium_6x2_a","trailer_variant":"trailer.scs_ref","trailer_definition":"trailer_def.scs.box.single_3.reefer","units_count":33,"fill_ratio":1,"trailer_place":0}],"bjork.kristiansand":[{"target":"konstnr.oslo","urgency":0,"shortest_distance_km":334,"ferry_time":0,"ferry_price":0,"cargo":"cargo.sawpanels","company_truck":"iveco_4x2_b","trailer_variant":"trailer.scs_dry_ms","trailer_definition":"trailer_def.scs.box.single_3.dryvan_m","units_count":33,"fill_ratio":1,"trailer_place":0}],"ns_oil.goteborg":[{"target":"volvo_fac.goteborg","urgency":1,"shortest_distance_km":12,"ferry_time":0,"ferry_price":0,"cargo":"cargo.diesel","company_truck":"renault_t_4x2h","trailer_variant":"trailer.willig.fuel_cistern","trailer_definition":"trailer_def.diesel.willig.fuel_cistern","units_count":100,"fill_ratio":1,"trailer_place":0}],"polar_fish.aalborg":[{"target":"norrsken.goteborg","urgency":2,"shortest_distance_km":205,"ferry_time":195,"ferry_price":677,"cargo":"cargo.atl_cod_flt","company_truck":"double/daf_4x2_a","trailer_variant":"trailer.scs_ref_b2","trailer_definition":"trailer_def.scs.box.bdouble_3_3.reefer","units_count":53,"fill_ratio":1,"trailer_place":0}],"euroacres.groningen":[{"target":"posped.koln","urgency":2,"shortest_distance_km":359,"ferry_time":0,"ferry_price":0,"cargo":"cargo.onion","company_truck":"scania_streamline_4x2_c","trailer_variant":"trailer.scs_dry","trailer_definition":"trailer_def.scs.box.single_3.dryvan","units_count":33,"fill_ratio":1,"trailer_place":0}],"polarislines.esbjerg":[{"target":"gnt.kristiansand","urgency":0,"shortest_distance_km":314,"ferry_time":195,"ferry_price":1052,"cargo":"cargo.guard_rails","company_truck":"renault_premium_6x2_a","trailer_variant":"trailer.scs_curt","trailer_definition":"trailer_def.scs.box.single_3.curtain","units_count":33,"fill_ratio":1,"trailer_place":0},{"target":"norr_food.jonkoping","urgency":0,"shortest_distance_km":585,"ferry_time":0,"ferry_price":0,"cargo":"cargo.carrots","company_truck":"scania_r_4x2_370","trailer_variant":"trailer.scs_dry_ms","trailer_definition":"trailer_def.scs.box.single_3.dryvan_m","units_count":33,"fill_ratio":1,"trailer_place":0},{"target":"norrsken.malmo","urgency":0,"shortest_distance_km":326,"ferry_time":0,"ferry_price":0,"cargo":"cargo.plumb_suppl","company_truck":"scania_6x4_a","trailer_variant":"trailer.scs_curt","trailer_definition":"trailer_def.scs.box.single_3.curtain","units_count":33,"fill_ratio":1,"trailer_place":0}],"ika_bohag.oslo":[{"target":"norrsken.stockholm","urgency":2,"shortest_distance_km":595,"ferry_time":0,"ferry_price":0,"cargo":"cargo.empty_palet","company_truck":"scania_s_4x2_580","trailer_variant":"trailer.scs_dry","trailer_definition":"trailer_def.scs.box.single_3.dryvan","units_count":33,"fill_ratio":1,"trailer_place":0},{"target":"renar.oslo","urgency":1,"shortest_distance_km":123,"ferry_time":0,"ferry_price":0,"cargo":"cargo.pot_flowers","company_truck":"scania_streamline_4x2_c","trailer_variant":"trailer.scs_ref","trailer_definition":"trailer_def.scs.box.single_3.reefer","units_count":33,"fill_ratio":1,"trailer_place":0}],"euroacres.dresden":[{"target":"kaarfor.poznan","urgency":0,"shortest_distance_km":404,"ferry_time":0,"ferry_price":0,"cargo":"cargo.pork_meat","company_truck":"man_tgx_euro6_4x2_xxl","trailer_variant":"trailer.scs_ins_a","trailer_definition":"trailer_def.scs.box.single_3.insulated","units_count":33,"fill_ratio":1,"trailer_place":0}],"ms_stein.kristiansand":[{"target":"konstnr.oslo","urgency":1,"shortest_distance_km":328,"ferry_time":0,"ferry_price":0,"cargo":"cargo.digger1000","company_truck":"man_4x2_a","trailer_variant":"trailer.overweight.digger1000","trailer_definition":"trailer_def.digger1000.overweight.digger1000","units_count":100,"fill_ratio":1,"trailer_place":0}],"posped.bremen":[{"target":"polarislines.travemunde","urgency":0,"shortest_distance_km":230,"ferry_time":0,"ferry_price":0,"cargo":"cargo.liver_paste","company_truck":"scania_s_4x2_580","trailer_variant":"trailer.scs_ref_a","trailer_definition":"trailer_def.scs.box.single_3.reefer","units_count":33,"fill_ratio":1,"trailer_place":0},{"target":"drekkar.malmo","urgency":0,"shortest_distance_km":634,"ferry_time":0,"ferry_price":0,"cargo":"cargo.iron_pipes","company_truck":"iveco_4x2_c","trailer_variant":"trailer.scs_log","trailer_definition":"trailer_def.scs.log.single_3.steel","units_count":2,"fill_ratio":1,"trailer_place":0}],"konstnr_wind.esbjerg":[{"target":"nord_crown.odense","urgency":2,"shortest_distance_km":241,"ferry_time":0,"ferry_price":0,"cargo":"cargo.empty_palet","company_truck":"man_4x2_c","trailer_variant":"trailer.scs_curt_a","trailer_definition":"trailer_def.scs.box.single_3.curtain","units_count":33,"fill_ratio":1,"trailer_place":0},{"target":"nord_crown.odense","urgency":2,"shortest_distance_km":241,"ferry_time":0,"ferry_price":0,"cargo":"cargo.forklifts","company_truck":"mercedes_actros_2014_4x2_b","trailer_variant":"trailer.overweight.forklifts","trailer_definition":"trailer_def.forklifts.overweight.forklifts","units_count":100,"fill_ratio":1,"trailer_place":0}],"eurogoodies.wien":[{"target":"sellplan.klagenfurt","urgency":0,"shortest_distance_km":264,"ferry_time":0,"ferry_price":0,"cargo":"cargo.smokd_eel","company_truck":"scania_streamline_6x2_b","trailer_variant":"trailer.scs_ref","trailer_definition":"trailer_def.scs.box.single_3.reefer","units_count":33,"fill_ratio":1,"trailer_place":0}],"gnt.uppsala":[{"target":"norrsken.orebro","urgency":0,"shortest_distance_km":175,"ferry_time":0,"ferry_price":0,"cargo":"cargo.plumb_suppl","company_truck":"man_tgx_euro6_4x2_xxl","trailer_variant":"trailer.scs_dry","trailer_definition":"trailer_def.scs.box.single_3.dryvan","units_count":33,"fill_ratio":1,"trailer_place":0}],"eurogoodies.szczecin":[{"target":"norr_food.stockholm","urgency":2,"shortest_distance_km":925,"ferry_time":105,"ferry_price":404,"cargo":"cargo.atl_cod_flt","company_truck":"renault_magnum_4x2_a","trailer_variant":"trailer.scs_ins_a","trailer_definition":"trailer_def.scs.box.single_3.insulated","units_count":33,"fill_ratio":1,"trailer_place":0}],"eurogoodies.groningen":[{"target":"norr_food.vasteraas","urgency":0,"shortest_distance_km":1401,"ferry_time":0,"ferry_price":0,"cargo":"cargo.grapes","company_truck":"renault_premium_6x4_a","trailer_variant":"trailer.scs_ref","trailer_definition":"trailer_def.scs.box.single_3.reefer","units_count":33,"fill_ratio":1,"trailer_place":0}],"konstnr_hs.vasteraas":[{"target":"sag_tre.goteborg","urgency":0,"shortest_distance_km":348,"ferry_time":0,"ferry_price":0,"cargo":"cargo.digger500","company_truck":"scania_s_6x4_730","trailer_variant":"trailer.overweight.digger500","trailer_definition":"trailer_def.digger500.overweight.digger500","units_count":100,"fill_ratio":1,"trailer_place":0}],"norr_food.odense":[{"target":"drekkar.odense","urgency":1,"shortest_distance_km":6,"ferry_time":0,"ferry_price":0,"cargo":"cargo.used_plast","company_truck":"daf_xf_euro6_4x2_b","trailer_variant":"trailer.scs_curt_a","trailer_definition":"trailer_def.scs.box.single_3.curtain","units_count":33,"fill_ratio":1,"trailer_place":0}],"nbfc.linz":[{"target":"drekkar.bergen","urgency":1,"shortest_distance_km":1934,"ferry_time":195,"ferry_price":1052,"cargo":"cargo.graph_grease","company_truck":"scania_streamline_6x2_b","trailer_variant":"trailer.scs_dry_a","trailer_definition":"trailer_def.scs.box.single_3.dryvan","units_count":33,"fill_ratio":1,"trailer_place":0},{"target":"ns_chem.malmo","urgency":2,"shortest_distance_km":1037,"ferry_time":105,"ferry_price":404,"cargo":"cargo.fluorine","company_truck":"scania_streamline_6x4_a","trailer_variant":"trailer.scs_flat_c_r","trailer_definition":"trailer_def.scs.flatbed.single_3.container","units_count":87,"fill_ratio":1,"trailer_place":0}],"eurogoodies.glasgow":[{"target":"stokes.aberdeen","urgency":1,"shortest_distance_km":235,"ferry_time":0,"ferry_price":0,"cargo":"cargo.canned_tuna","company_truck":"man_tgx_euro6_6x4_xlx","trailer_variant":"trailer.scs_ref_a","trailer_definition":"trailer_def.scs.box.single_3.reefer","units_count":33,"fill_ratio":1,"trailer_place":0}],"lkwlog.manchester":[{"target":"aria_fd_trbg.trelleborg","urgency":0,"shortest_distance_km":539,"ferry_time":1140,"ferry_price":1314,"cargo":"cargo.hipresstank","company_truck":"scania_streamline_4x2_c","trailer_variant":"trailer.scs_flat_c_r","trailer_definition":"trailer_def.scs.flatbed.single_3.container","units_count":2,"fill_ratio":1,"trailer_place":0}],"polarislines.frederikshv":[{"target":"drekkar.odense","urgency":0,"shortest_distance_km":323,"ferry_time":0,"ferry_price":0,"cargo":"cargo.guard_rails","company_truck":"double/mercedes_4x2_a","trailer_variant":"trailer.scs_dry_b2","trailer_definition":"trailer_def.scs.box.bdouble_3_3.dryvan","units_count":46,"fill_ratio":1,"trailer_place":0},{"target":"gnt.helsingborg","urgency":0,"shortest_distance_km":243,"ferry_time":195,"ferry_price":677,"cargo":"cargo.beverages_t","company_truck":"mercedes_6x4_a","trailer_variant":"trailer.scs_fodt","trailer_definition":"trailer_def.scs.foodtank.single_3.paint","units_count":25,"fill_ratio":1,"trailer_place":0}],"volvo_fac.goteborg":[{"target":"norrsken.goteborg","urgency":0,"shortest_distance_km":101,"ferry_time":0,"ferry_price":0,"cargo":"cargo.used_packag","company_truck":"daf_6x2_a","trailer_variant":"trailer.scs_curt_s","trailer_definition":"trailer_def.scs.box.single_3.curtain","units_count":33,"fill_ratio":1,"trailer_place":0},{"target":"renar.vasteraas","urgency":2,"shortest_distance_km":447,"ferry_time":0,"ferry_price":0,"cargo":"cargo.scrap_metals","company_truck":"scania_4x2_c","trailer_variant":"trailer.s_ki_solid.cover","trailer_definition":"trailer_def.scrap_metals.s_ki_solid.cover","units_count":100,"fill_ratio":1,"trailer_place":0}],"stokes.amsterdam":[{"target":"renar.kobenhavn","urgency":2,"shortest_distance_km":867,"ferry_time":0,"ferry_price":0,"cargo":"cargo.bottle_water","company_truck":"daf_xf_euro6_4x2_a","trailer_variant":"trailer.scs_dry_ms","trailer_definition":"trailer_def.scs.box.single_3.dryvan_m","units_count":31,"fill_ratio":1,"trailer_place":0}],"euroacres.osnabruck":[{"target":"stokes.cardiff","urgency":0,"shortest_distance_km":1061,"ferry_time":35,"ferry_price":300,"cargo":"cargo.wheat","company_truck":"mercedes_6x2_b","trailer_variant":"trailer.s_ki_solid.cover","trailer_definition":"trailer_def.wheat.s_ki_solid.cover","units_count":100,"fill_ratio":1,"trailer_place":0}],"polarislines.hirtshals":[{"target":"drekkar.bergen","urgency":2,"shortest_distance_km":533,"ferry_time":195,"ferry_price":1052,"cargo":"cargo.desinfection","company_truck":"daf_4x2_a","trailer_variant":"trailer.scs_curt_s","trailer_definition":"trailer_def.scs.box.single_3.curtain","units_count":33,"fill_ratio":1,"trailer_place":0},{"target":"drekkar.linkoping","urgency":0,"shortest_distance_km":391,"ferry_time":195,"ferry_price":677,"cargo":"cargo.carrots","company_truck":"iveco_4x2_b","trailer_variant":"trailer.scs_curt_a","trailer_definition":"trailer_def.scs.box.single_3.curtain","units_count":33,"fill_ratio":1,"trailer_place":0}],"polarislines.oslo":[{"target":"scania_fac.sodertalje","urgency":0,"shortest_distance_km":535,"ferry_time":0,"ferry_price":0,"cargo":"cargo.truck_rims_c","company_truck":"mercedes_actros_2014_4x2_a","trailer_variant":"trailer.scs_flat_c_g","trailer_definition":"trailer_def.scs.flatbed.single_3.container","units_count":33,"fill_ratio":1,"trailer_place":0},{"target":"drekkar.malmo","urgency":1,"shortest_distance_km":561,"ferry_time":0,"ferry_price":0,"cargo":"cargo.roof_tiles","company_truck":"scania_4x2_a","trailer_variant":"trailer.scs_dry_a","trailer_definition":"trailer_def.scs.box.single_3.dryvan","units_count":33,"fill_ratio":1,"trailer_place":0}],"stokes.liege":[{"target":"norrsken.goteborg","urgency":1,"shortest_distance_km":1319,"ferry_time":0,"ferry_price":0,"cargo":"cargo.beverages","company_truck":"man_4x2_a","trailer_variant":"trailer.scs_dry_ms","trailer_definition":"trailer_def.scs.box.single_3.dryvan_m","units_count":33,"fill_ratio":1,"trailer_place":0}],"ika_bohag.kalmar":[{"target":"gnt.uppsala","urgency":0,"shortest_distance_km":405,"ferry_time":0,"ferry_price":0,"cargo":"cargo.used_packag","company_truck":"man_tgx_euro6_4x2_xl","trailer_variant":"trailer.scs_dry_s","trailer_definition":"trailer_def.scs.box.single_3.dryvan","units_count":33,"fill_ratio":1,"trailer_place":0},{"target":"drekkar.linkoping","urgency":2,"shortest_distance_km":192,"ferry_time":0,"ferry_price":0,"cargo":"cargo.empty_palet","company_truck":"mercedes_actros_2014_4x2_a","trailer_variant":"trailer.scs_dry","trailer_definition":"trailer_def.scs.box.single_3.dryvan","units_count":33,"fill_ratio":1,"trailer_place":0}],"euroacres.magdeburg":[{"target":"eurogoodies.berlin","urgency":0,"shortest_distance_km":143,"ferry_time":0,"ferry_price":0,"cargo":"cargo.pork_meat","company_truck":"daf_4x2_a","trailer_variant":"trailer.scs_ins","trailer_definition":"trailer_def.scs.box.single_3.insulated","units_count":33,"fill_ratio":1,"trailer_place":0}],"polarislines.bergen":[{"target":"gnt.kristiansand","urgency":0,"shortest_distance_km":540,"ferry_time":0,"ferry_price":0,"cargo":"cargo.copp_rf_gutt","company_truck":"scania_streamline_6x4_a","trailer_variant":"trailer.scs_dry_s","trailer_definition":"trailer_def.scs.box.single_3.dryvan","units_count":33,"fill_ratio":1,"trailer_place":0},{"target":"drekkar.bergen","urgency":1,"shortest_distance_km":15,"ferry_time":0,"ferry_price":0,"cargo":"cargo.pet_food","company_truck":"double/renault_t_4x2h","trailer_variant":"trailer.scs_curt_2","trailer_definition":"trailer_def.scs.box.double_3_2.curtain","units_count":53,"fill_ratio":1,"trailer_place":0},{"target":"vpc.goteborg","urgency":1,"shortest_distance_km":749,"ferry_time":0,"ferry_price":0,"cargo":"cargo.motor_oil","company_truck":"renault_premium_4x2_c","trailer_variant":"trailer.scs_curt_a","trailer_definition":"trailer_def.scs.box.single_3.curtain","units_count":33,"fill_ratio":1,"trailer_place":0}],"bjork.vaxjo":[{"target":"gnt.jonkoping","urgency":2,"shortest_distance_km":123,"ferry_time":0,"ferry_price":0,"cargo":"cargo.wood_bark","company_truck":"scania_4x2_c","trailer_variant":"trailer.s_ki_solid.cover","trailer_definition":"trailer_def.wood_bark.s_ki_solid.cover","units_count":100,"fill_ratio":1,"trailer_place":0}],"euroacres.plymouth":[{"target":"lkwlog.calais","urgency":0,"shortest_distance_km":481,"ferry_time":35,"ferry_price":300,"cargo":"cargo.pork_meat","company_truck":"renault_magnum_6x2_a","trailer_variant":"trailer.scs_ins","trailer_definition":"trailer_def.scs.box.single_3.insulated","units_count":33,"fill_ratio":1,"trailer_place":0}],"cont_port.esbjerg":[{"target":"renar.oslo","urgency":1,"shortest_distance_km":845,"ferry_time":0,"ferry_price":0,"cargo":"cargo.salt_spice_c","company_truck":"renault_premium_6x4_a","trailer_variant":"trailer.scs_gosck220","trailer_definition":"trailer_def.scs.gooseneck.singl_3e_220.container","units_count":30,"fill_ratio":1,"trailer_place":0}],"vitas_pwr.esbjerg":[{"target":"norrsken.stockholm","urgency":1,"shortest_distance_km":858,"ferry_time":0,"ferry_price":0,"cargo":"cargo.windml_eng","company_truck":"man_6x4_b","trailer_variant":"trailer.overweight.windplant","trailer_definition":"trailer_def.windml_eng.overweight.windplant","units_count":100,"fill_ratio":1,"trailer_place":0},{"target":"konstnr_wind.esbjerg","urgency":0,"shortest_distance_km":123,"ferry_time":0,"ferry_price":0,"cargo":"cargo.windml_tube","company_truck":"scania_streamline_4x2_b","trailer_variant":"trailer.overweight.tubeair","trailer_definition":"trailer_def.windml_tube.overweight.tubeair","units_count":100,"fill_ratio":1,"trailer_place":0}],"itcc.szczecin":[{"target":"nord_sten.linkoping","urgency":1,"shortest_distance_km":819,"ferry_time":105,"ferry_price":404,"cargo":"cargo.excavator","company_truck":"iveco_6x2_a","trailer_variant":"trailer.overweight.excavator","trailer_definition":"trailer_def.excavator.overweight.excavator","units_count":94,"fill_ratio":1,"trailer_place":0}],"gnt.helsingborg":[{"target":"norrsken.stockholm","urgency":1,"shortest_distance_km":480,"ferry_time":0,"ferry_price":0,"cargo":"cargo.volvo_cars","company_truck":"iveco_h_4x2_a","trailer_variant":"trailer.car_volvo","trailer_definition":"trailer_def.volvo_cars.car_volvo","units_count":100,"fill_ratio":1,"trailer_place":0}],"euroacres.carlisle":[{"target":"norrsken.aalborg","urgency":1,"shortest_distance_km":530,"ferry_time":1140,"ferry_price":1314,"cargo":"cargo.potatoes","company_truck":"mercedes_4x2_b","trailer_variant":"trailer.scs_dry","trailer_definition":"trailer_def.scs.box.single_3.dryvan","units_count":33,"fill_ratio":1,"trailer_place":0}],"aria_fd_esbj.esbjerg":[{"target":"drekkar.malmo","urgency":1,"shortest_distance_km":336,"ferry_time":0,"ferry_price":0,"cargo":"cargo.beef_meat","company_truck":"double/scania_streamline_4x2_a","trailer_variant":"trailer.scs_ref_b2","trailer_definition":"trailer_def.scs.box.bdouble_3_3.reefer","units_count":46,"fill_ratio":1,"trailer_place":0}],"ns_oil.stavanger":[{"target":"bjork.kristiansand","urgency":1,"shortest_distance_km":172,"ferry_time":0,"ferry_price":0,"cargo":"cargo.diesel","company_truck":"daf_xf_euro6_6x4_c","trailer_variant":"trailer.fuel_cistern","trailer_definition":"trailer_def.diesel.fuel_cistern","units_count":100,"fill_ratio":1,"trailer_place":0}],"gnt.kalmar":[{"target":"norr_food.vaxjo","urgency":1,"shortest_distance_km":76,"ferry_time":0,"ferry_price":0,"cargo":"cargo.salt_spice_c","company_truck":"scania_streamline_4x2_b","trailer_variant":"trailer.scs_gosck220","trailer_definition":"trailer_def.scs.gooseneck.singl_3e_220.container","units_count":30,"fill_ratio":1,"trailer_place":0},{"target":"norr_food.kalmar","urgency":2,"shortest_distance_km":1,"ferry_time":0,"ferry_price":0,"cargo":"cargo.bottle_water","company_truck":"man_6x4_b","trailer_variant":"trailer.scs_dry_ms","trailer_definition":"trailer_def.scs.box.single_3.dryvan_m","units_count":33,"fill_ratio":1,"trailer_place":0}],"ika_bohag.paris":[{"target":"lkwlog.felixstowe","urgency":1,"shortest_distance_km":480,"ferry_time":35,"ferry_price":300,"cargo":"cargo.pot_flowers","company_truck":"mercedes_actros_2014_4x2_a","trailer_variant":"trailer.scs_ref_a","trailer_definition":"trailer_def.scs.box.single_3.reefer","units_count":33,"fill_ratio":1,"trailer_place":0}],"konstnr_hs.helsingborg":[{"target":"norrsken.orebro","urgency":1,"shortest_distance_km":466,"ferry_time":0,"ferry_price":0,"cargo":"cargo.digger1000","company_truck":"scania_streamline_4x2_a","trailer_variant":"trailer.overweight.digger1000","trailer_definition":"trailer_def.digger1000.overweight.digger1000","units_count":100,"fill_ratio":1,"trailer_place":0}],"marina.oslo":[{"target":"polarislines.goteborg","urgency":0,"shortest_distance_km":390,"ferry_time":0,"ferry_price":0,"cargo":"cargo.princess","company_truck":"man_4x2_a","trailer_variant":"trailer.overweight.boat","trailer_definition":"trailer_def.princess.overweight.boat","units_count":100,"fill_ratio":1,"trailer_place":0}],"ms_stein.stavanger":[{"target":"bjork.kristiansand","urgency":1,"shortest_distance_km":204,"ferry_time":0,"ferry_price":0,"cargo":"cargo.digger1000","company_truck":"mercedes_actros_2014_4x2_a","trailer_variant":"trailer.overweight.digger1000","trailer_definition":"trailer_def.digger1000.overweight.digger1000","units_count":100,"fill_ratio":1,"trailer_place":0}],"eurogoodies.dijon":[{"target":"stokes.dijon","urgency":0,"shortest_distance_km":1,"ferry_time":0,"ferry_price":0,"cargo":"cargo.canned_pork","company_truck":"man_6x4_b","trailer_variant":"trailer.scs_ins_s","trailer_definition":"trailer_def.scs.box.single_3.insulated","units_count":33,"fill_ratio":1,"trailer_place":0},{"target":"polarislines.frederikshv","urgency":2,"shortest_distance_km":1482,"ferry_time":0,"ferry_price":0,"cargo":"cargo.peas","company_truck":"scania_streamline_4x2_b","trailer_variant":"trailer.scs_curt","trailer_definition":"trailer_def.scs.box.single_3.curtain","units_count":33,"fill_ratio":1,"trailer_place":0}],"tradeaux.hannover":[{"target":"eurogoodies.liege","urgency":0,"shortest_distance_km":441,"ferry_time":0,"ferry_price":0,"cargo":"cargo.smokd_eel","company_truck":"scania_4x2_c","trailer_variant":"trailer.scs_ins","trailer_definition":"trailer_def.scs.box.single_3.insulated","units_count":33,"fill_ratio":1,"trailer_place":0}],"eurogoodies.edinburgh":[{"target":"polarislines.bergen","urgency":1,"shortest_distance_km":1248,"ferry_time":1335,"ferry_price":2366,"cargo":"cargo.smokd_sprats","company_truck":"iveco_4x2_c","trailer_variant":"trailer.scs_ins_a","trailer_definition":"trailer_def.scs.box.single_3.insulated","units_count":33,"fill_ratio":1,"trailer_place":0}],"bhv.jonkoping":[{"target":"renar.vaxjo","urgency":1,"shortest_distance_km":109,"ferry_time":0,"ferry_price":0,"cargo":"cargo.volvo_cars","company_truck":"mercedes_actros_2014_6x4_b","trailer_variant":"trailer.car_volvo","trailer_definition":"trailer_def.volvo_cars.car_volvo","units_count":100,"fill_ratio":1,"trailer_place":0}],"polarislines.nynashamn":[{"target":"norr_food.uppsala","urgency":1,"shortest_distance_km":108,"ferry_time":0,"ferry_price":0,"cargo":"cargo.potatoes","company_truck":"double/man_4x2_a","trailer_variant":"trailer.scs_curt_2","trailer_definition":"trailer_def.scs.box.double_3_2.curtain","units_count":53,"fill_ratio":1,"trailer_place":0}],"ms_stein.oslo":[{"target":"gnt.helsingborg","urgency":1,"shortest_distance_km":526,"ferry_time":0,"ferry_price":0,"cargo":"cargo.digger1000","company_truck":"daf_xf_euro6_4x2_c","trailer_variant":"trailer.overweight.digger1000","trailer_definition":"trailer_def.digger1000.overweight.digger1000","units_count":100,"fill_ratio":1,"trailer_place":0}],"renar.vasteraas":[{"target":"polarislines.hirtshals","urgency":1,"shortest_distance_km":535,"ferry_time":195,"ferry_price":677,"cargo":"cargo.graph_grease","company_truck":"double/renault_t_4x2h","trailer_variant":"trailer.scs_dry_2","trailer_definition":"trailer_def.scs.box.double_3_2.dryvan","units_count":53,"fill_ratio":1,"trailer_place":0}],"eurogoodies.prague":[{"target":"lkwlog.brno","urgency":2,"shortest_distance_km":181,"ferry_time":0,"ferry_price":0,"cargo":"cargo.pet_food_c","company_truck":"scania_streamline_6x4_a","trailer_variant":"trailer.scs_gosck40","trailer_definition":"trailer_def.scs.gooseneck.singl_3e_40.container","units_count":30,"fill_ratio":1,"trailer_place":0}],"tradeaux.felixstowe":[{"target":"trameri.swansea","urgency":0,"shortest_distance_km":487,"ferry_time":0,"ferry_price":0,"cargo":"cargo.ibc_cont","company_truck":"man_tgx_euro6_4x2_xl","trailer_variant":"trailer.scs_dry_s","trailer_definition":"trailer_def.scs.box.single_3.dryvan","units_count":33,"fill_ratio":1,"trailer_place":0}],"transinet.mannheim":[{"target":"eurogoodies.newcastle","urgency":0,"shortest_distance_km":1274,"ferry_time":35,"ferry_price":300,"cargo":"cargo.fish_chips","company_truck":"daf_xf_euro6_6x2_a","trailer_variant":"trailer.scs_ref_s","trailer_definition":"trailer_def.scs.box.single_3.reefer","units_count":33,"fill_ratio":1,"trailer_place":0}],"transinet.osnabruck":[{"target":"posped.koln","urgency":0,"shortest_distance_km":208,"ferry_time":0,"ferry_price":0,"cargo":"cargo.ibc_cont","company_truck":"double/mercedes_actros_2014_4x2_a","trailer_variant":"trailer.scs_curt_b2","trailer_definition":"trailer_def.scs.box.bdouble_3_3.curtain","units_count":52,"fill_ratio":1,"trailer_place":0}],"nord_crown.aalborg":[{"target":"norr_food.odense","urgency":1,"shortest_distance_km":249,"ferry_time":0,"ferry_price":0,"cargo":"cargo.pet_food","company_truck":"double/iveco_4x2_a","trailer_variant":"trailer.scs_dry_2","trailer_definition":"trailer_def.scs.box.double_3_2.dryvan","units_count":52,"fill_ratio":1,"trailer_place":0}],"ika_bohag.stavanger":[{"target":"gnt.kristiansand","urgency":0,"shortest_distance_km":168,"ferry_time":0,"ferry_price":0,"cargo":"cargo.used_packag","company_truck":"renault_premium_4x2_c","trailer_variant":"trailer.scs_curt","trailer_definition":"trailer_def.scs.box.single_3.curtain","units_count":33,"fill_ratio":1,"trailer_place":0},{"target":"ns_oil.stavanger","urgency":2,"shortest_distance_km":30,"ferry_time":0,"ferry_price":0,"cargo":"cargo.empty_palet","company_truck":"mercedes_6x2_b","trailer_variant":"trailer.scs_dry_s","trailer_definition":"trailer_def.scs.box.single_3.dryvan","units_count":33,"fill_ratio":1,"trailer_place":0}],"stokes.cardiff":[{"target":"trameri.carlisle","urgency":0,"shortest_distance_km":449,"ferry_time":0,"ferry_price":0,"cargo":"cargo.ibc_cont","company_truck":"renault_premium_6x2_a","trailer_variant":"trailer.scs_dry_s","trailer_definition":"trailer_def.scs.box.single_3.dryvan","units_count":33,"fill_ratio":1,"trailer_place":0}],"polarislines.stavanger":[{"target":"renar.kobenhavn","urgency":1,"shortest_distance_km":614,"ferry_time":195,"ferry_price":1052,"cargo":"cargo.big_bag_seed","company_truck":"double/man_4x2_a","trailer_variant":"trailer.scs_dry_2","trailer_definition":"trailer_def.scs.box.double_3_2.dryvan","units_count":53,"fill_ratio":1,"trailer_place":0}],"sellplan.prague":[{"target":"drekkar.odense","urgency":1,"shortest_distance_km":761,"ferry_time":105,"ferry_price":404,"cargo":"cargo.used_plast_c","company_truck":"mercedes_actros_2014_6x2_a","trailer_variant":"trailer.scs_flat_c_r","trailer_definition":"trailer_def.scs.flatbed.single_3.container","units_count":33,"fill_ratio":1,"trailer_place":0}],"lkwlog.dover":[{"target":"euroacres.groningen","urgency":2,"shortest_distance_km":651,"ferry_time":91,"ferry_price":384,"cargo":"cargo.desinfection","company_truck":"renault_t_6x2","trailer_variant":"trailer.scs_dry_a","trailer_definition":"trailer_def.scs.box.single_3.dryvan","units_count":33,"fill_ratio":1,"trailer_place":0}],"polarislines.karlskrona":[{"target":"norr_food.oslo","urgency":0,"shortest_distance_km":647,"ferry_time":0,"ferry_price":0,"cargo":"cargo.carrots_c","company_truck":"scania_r_4x2_370","trailer_variant":"trailer.scs_flat_c_r","trailer_definition":"trailer_def.scs.flatbed.single_3.container","units_count":33,"fill_ratio":1,"trailer_place":0},{"target":"norr_food.vaxjo","urgency":2,"shortest_distance_km":86,"ferry_time":0,"ferry_price":0,"cargo":"cargo.pears","company_truck":"mercedes_4x2_b","trailer_variant":"trailer.scs_curt","trailer_definition":"trailer_def.scs.box.single_3.curtain","units_count":33,"fill_ratio":1,"trailer_place":0}],"vitas_pwr.aalborg":[{"target":"gnt.jonkoping","urgency":2,"shortest_distance_km":284,"ferry_time":195,"ferry_price":677,"cargo":"cargo.empty_palet","company_truck":"man_6x4_b","trailer_variant":"trailer.scs_dry_s","trailer_definition":"trailer_def.scs.box.single_3.dryvan","units_count":33,"fill_ratio":1,"trailer_place":0}],"nord_crown.orebro":[{"target":"norr_food.uppsala","urgency":0,"shortest_distance_km":188,"ferry_time":0,"ferry_price":0,"cargo":"cargo.canned_pork","company_truck":"scania_r_6x2_450","trailer_variant":"trailer.scs_ins","trailer_definition":"trailer_def.scs.box.single_3.insulated","units_count":33,"fill_ratio":1,"trailer_place":0},{"target":"norr_food.uppsala","urgency":1,"shortest_distance_km":188,"ferry_time":0,"ferry_price":0,"cargo":"cargo.beef_meat","company_truck":"double/scania_s_4x2","trailer_variant":"trailer.scs_ref_2","trailer_definition":"trailer_def.scs.box.double_3_2.reefer","units_count":53,"fill_ratio":1,"trailer_place":0}],"sellplan.sheffield":[{"target":"renar.oslo","urgency":1,"shortest_distance_km":1017,"ferry_time":1140,"ferry_price":1314,"cargo":"cargo.used_plast","company_truck":"mercedes_actros_2014_4x2_a","trailer_variant":"trailer.scs_curt","trailer_definition":"trailer_def.scs.box.single_3.curtain","units_count":33,"fill_ratio":1,"trailer_place":0}],"bhv.kristiansand":[{"target":"gnt.kristiansand","urgency":0,"shortest_distance_km":2,"ferry_time":0,"ferry_price":0,"cargo":"cargo.mondeos","company_truck":"mercedes_4x2_c","trailer_variant":"trailer.car_trans3","trailer_definition":"trailer_def.mondeos.car_trans3","units_count":100,"fill_ratio":1,"trailer_place":0}],"tree_et.felixstowe":[{"target":"lisette_log.paris","urgency":2,"shortest_distance_km":442,"ferry_time":35,"ferry_price":300,"cargo":"cargo.wood_bark","company_truck":"mercedes_actros_2014_4x2_a","trailer_variant":"trailer.s_ki_solid.cover","trailer_definition":"trailer_def.wood_bark.s_ki_solid.cover","units_count":100,"fill_ratio":1,"trailer_place":0}],"konstnr.stockholm":[{"target":"drekkar.malmo","urgency":0,"shortest_distance_km":533,"ferry_time":0,"ferry_price":0,"cargo":"cargo.diggers","company_truck":"daf_xf_euro6_4x2_c","trailer_variant":"trailer.overweight.digger","trailer_definition":"trailer_def.diggers.overweight.digger","units_count":100,"fill_ratio":1,"trailer_place":0},{"target":"nord_sten.linkoping","urgency":0,"shortest_distance_km":211,"ferry_time":0,"ferry_price":0,"cargo":"cargo.hipresstank","company_truck":"daf_xf_euro6_4x2_a","trailer_variant":"trailer.scs_flat_r","trailer_definition":"trailer_def.scs.flatbed.single_3.flatbed_w","units_count":2,"fill_ratio":1,"trailer_place":0}],"trameri.wroclaw":[{"target":"posped.bratislava","urgency":2,"shortest_distance_km":433,"ferry_time":0,"ferry_price":0,"cargo":"cargo.plast_film","company_truck":"daf_xf_euro6_4x2_a","trailer_variant":"trailer.scs_dry_s","trailer_definition":"trailer_def.scs.box.single_3.dryvan","units_count":33,"fill_ratio":1,"trailer_place":0}],"fcp.manchester":[{"target":"norr_food.odense","urgency":2,"shortest_distance_km":337,"ferry_time":1140,"ferry_price":1314,"cargo":"cargo.forklifts","company_truck":"mercedes_actros_2014_4x2_a","trailer_variant":"trailer.overweight.forklifts","trailer_definition":"trailer_def.forklifts.overweight.forklifts","units_count":100,"fill_ratio":1,"trailer_place":0}],"ika_bohag.kobenhavn":[{"target":"renar.kobenhavn","urgency":0,"shortest_distance_km":1,"ferry_time":0,"ferry_price":0,"cargo":"cargo.used_packag","company_truck":"mercedes_actros_2014_6x2_a","trailer_variant":"trailer.scs_dry","trailer_definition":"trailer_def.scs.box.single_3.dryvan","units_count":33,"fill_ratio":1,"trailer_place":0}],"trameri.lille":[{"target":"stokes.liege","urgency":2,"shortest_distance_km":217,"ferry_time":0,"ferry_price":0,"cargo":"cargo.plast_film","company_truck":"iveco_4x2_a","trailer_variant":"trailer.scs_dry_a","trailer_definition":"trailer_def.scs.box.single_3.dryvan","units_count":33,"fill_ratio":1,"trailer_place":0}],"tradeaux.grimsby":[{"target":"gnt.bergen","urgency":0,"shortest_distance_km":994,"ferry_time":1335,"ferry_price":2366,"cargo":"cargo.brake_fluid","company_truck":"daf_xf_euro6_6x4_c","trailer_variant":"trailer.scs_flat_c_g","trailer_definition":"trailer_def.scs.flatbed.single_3.container","units_count":33,"fill_ratio":1,"trailer_place":0}],"ika_bohag.uppsala":[{"target":"renar.vasteraas","urgency":1,"shortest_distance_km":93,"ferry_time":0,"ferry_price":0,"cargo":"cargo.pot_flowers","company_truck":"scania_6x4_a","trailer_variant":"trailer.scs_ref","trailer_definition":"trailer_def.scs.box.single_3.reefer","units_count":33,"fill_ratio":1,"trailer_place":0},{"target":"gnt.jonkoping","urgency":2,"shortest_distance_km":342,"ferry_time":0,"ferry_price":0,"cargo":"cargo.empty_palet","company_truck":"mercedes_actros_2014_4x2_b","trailer_variant":"trailer.scs_dry","trailer_definition":"trailer_def.scs.box.single_3.dryvan","units_count":33,"fill_ratio":1,"trailer_place":0}],"euroacres.wien":[{"target":"eurogoodies.szczecin","urgency":0,"shortest_distance_km":775,"ferry_time":0,"ferry_price":0,"cargo":"cargo.cott_cheese","company_truck":"daf_xf_euro6_6x4_c","trailer_variant":"trailer.scs_ref_a","trailer_definition":"trailer_def.scs.box.single_3.reefer","units_count":33,"fill_ratio":1,"trailer_place":0}],"ika_bohag.milano":[{"target":"drekkar.odense","urgency":2,"shortest_distance_km":1483,"ferry_time":0,"ferry_price":0,"cargo":"cargo.empty_palet","company_truck":"mercedes_4x2_c","trailer_variant":"trailer.scs_dry_ms","trailer_definition":"trailer_def.scs.box.single_3.dryvan_m","units_count":33,"fill_ratio":1,"trailer_place":0}],"drekkar.malmo":[{"target":"gnt.jonkoping","urgency":0,"shortest_distance_km":241,"ferry_time":0,"ferry_price":0,"cargo":"cargo.carrots_c","company_truck":"scania_4x2_c","trailer_variant":"trailer.scs_gosck40","trailer_definition":"trailer_def.scs.gooseneck.singl_3e_40.container","units_count":30,"fill_ratio":1,"trailer_place":0}],"tradeaux.geneve":[{"target":"stokes.calais","urgency":2,"shortest_distance_km":856,"ferry_time":0,"ferry_price":0,"cargo":"cargo.truck_batt","company_truck":"man_tgx_euro6_4x2_xl","trailer_variant":"trailer.scs_curt","trailer_definition":"trailer_def.scs.box.single_3.curtain","units_count":33,"fill_ratio":1,"trailer_place":0}],"trameri.liverpool":[{"target":"bjork.kristiansand","urgency":2,"shortest_distance_km":575,"ferry_time":1335,"ferry_price":2366,"cargo":"cargo.forklifts","company_truck":"scania_streamline_4x2_c","trailer_variant":"trailer.overweight.forklifts","trailer_definition":"trailer_def.forklifts.overweight.forklifts","units_count":100,"fill_ratio":1,"trailer_place":0},{"target":"renar.stavanger","urgency":2,"shortest_distance_km":748,"ferry_time":1335,"ferry_price":2366,"cargo":"cargo.electronics","company_truck":"mercedes_actros_2014_4x2_c","trailer_variant":"trailer.scs_dry_m","trailer_definition":"trailer_def.scs.box.single_3.dryvan_m","units_count":33,"fill_ratio":1,"trailer_place":0}],"nord_sten.linkoping":[{"target":"konstnr_hs.vasteraas","urgency":0,"shortest_distance_km":201,"ferry_time":0,"ferry_price":0,"cargo":"cargo.stones","company_truck":"daf_xf_euro6_4x2_b","trailer_variant":"trailer.s_ki_solid.cover","trailer_definition":"trailer_def.stones.s_ki_solid.cover","units_count":100,"fill_ratio":1,"trailer_place":0}],"eurogoodies.bern":[{"target":"polarislines.oslo","urgency":1,"shortest_distance_km":1970,"ferry_time":0,"ferry_price":0,"cargo":"cargo.salt_spice_c","company_truck":"iveco_4x2_a","trailer_variant":"trailer.scs_gosck20","trailer_definition":"trailer_def.scs.gooseneck.singl_3e_20.container","units_count":15,"fill_ratio":1,"trailer_place":0}],"quarry.prague":[{"target":"konstnr.kobenhavn","urgency":1,"shortest_distance_km":782,"ferry_time":105,"ferry_price":404,"cargo":"cargo.digger1000","company_truck":"mercedes_actros_2014_6x4_b","trailer_variant":"trailer.overweight.digger1000","trailer_definition":"trailer_def.digger1000.overweight.digger1000","units_count":100,"fill_ratio":1,"trailer_place":0}],"drekkar.odense":[{"target":"gnt.kristiansand","urgency":2,"shortest_distance_km":309,"ferry_time":195,"ferry_price":1052,"cargo":"cargo.oil_filters","company_truck":"mercedes_4x2","trailer_variant":"trailer.scs_dry_a","trailer_definition":"trailer_def.scs.box.single_3.dryvan","units_count":33,"fill_ratio":1,"trailer_place":0},{"target":"ns_chem.malmo","urgency":2,"shortest_distance_km":184,"ferry_time":0,"ferry_price":0,"cargo":"cargo.hchemicals","company_truck":"mercedes_6x2_b","trailer_variant":"trailer.chcistern","trailer_definition":"trailer_def.hchemicals.chcistern","units_count":100,"fill_ratio":1,"trailer_place":0}],"lkwlog.amsterdam":[{"target":"volvo_dlr.luxembourg","urgency":2,"shortest_distance_km":343,"ferry_time":0,"ferry_price":0,"cargo":"cargo.truck_batt_c","company_truck":"scania_r_6x4_650","trailer_variant":"trailer.scs_gosck40","trailer_definition":"trailer_def.scs.gooseneck.singl_3e_40.container","units_count":30,"fill_ratio":1,"trailer_place":0}],"norr_food.helsingborg":[{"target":"norrsken.malmo","urgency":1,"shortest_distance_km":36,"ferry_time":0,"ferry_price":0,"cargo":"cargo.used_plast","company_truck":"double/man_4x2_a","trailer_variant":"trailer.scs_dry_2","trailer_definition":"trailer_def.scs.box.double_3_2.dryvan","units_count":53,"fill_ratio":1,"trailer_place":0}],"skoda.prague":[{"target":"nord_crown.odense","urgency":2,"shortest_distance_km":808,"ferry_time":105,"ferry_price":404,"cargo":"cargo.forklifts","company_truck":"scania_4x2_a","trailer_variant":"trailer.overweight.forklifts","trailer_definition":"trailer_def.forklifts.overweight.forklifts","units_count":100,"fill_ratio":1,"trailer_place":0}],"eurogoodies.berlin":[{"target":"norr_food.jonkoping","urgency":0,"shortest_distance_km":664,"ferry_time":105,"ferry_price":404,"cargo":"cargo.fish_chips","company_truck":"scania_streamline_4x2_c","trailer_variant":"trailer.scs_ref","trailer_definition":"trailer_def.scs.box.single_3.reefer","units_count":33,"fill_ratio":1,"trailer_place":1}],"euroacres.cambridge":[{"target":"stokes.amsterdam","urgency":2,"shortest_distance_km":687,"ferry_time":35,"ferry_price":300,"cargo":"cargo.onion","company_truck":"scania_r_6x2_450","trailer_variant":"trailer.scs_curt_a","trailer_definition":"trailer_def.scs.box.single_3.curtain","units_count":33,"fill_ratio":1,"trailer_place":0}],"drekkar.karlskrona":[{"target":"gnt.helsingborg","urgency":1,"shortest_distance_km":170,"ferry_time":0,"ferry_price":0,"cargo":"cargo.apples_c","company_truck":"daf_xf_euro6_4x2_a","trailer_variant":"trailer.scs_gosck20","trailer_definition":"trailer_def.scs.gooseneck.singl_3e_20.container","units_count":15,"fill_ratio":1,"trailer_place":0},{"target":"norr_food.jonkoping","urgency":2,"shortest_distance_km":193,"ferry_time":0,"ferry_price":0,"cargo":"cargo.canned_beans","company_truck":"iveco_h_4x2_a","trailer_variant":"trailer.scs_curt_s","trailer_definition":"trailer_def.scs.box.single_3.curtain","units_count":33,"fill_ratio":1,"trailer_place":0}],"trameri.amsterdam":[{"target":"aria_fd_albg.aalborg","urgency":0,"shortest_distance_km":832,"ferry_time":0,"ferry_price":0,"cargo":"cargo.emptytank","company_truck":"man_6x4_b","trailer_variant":"trailer.scs_flat_c_g","trailer_definition":"trailer_def.scs.flatbed.single_3.container","units_count":2,"fill_ratio":1,"trailer_place":0}],"posped.graz":[{"target":"stokes.calais","urgency":1,"shortest_distance_km":1329,"ferry_time":0,"ferry_price":0,"cargo":"cargo.pot_flowers","company_truck":"renault_t_4x2","trailer_variant":"trailer.scs_ins","trailer_definition":"trailer_def.scs.box.single_3.insulated","units_count":33,"fill_ratio":1,"trailer_place":0}],"gnt.bergen":[{"target":"drekkar.bergen","urgency":1,"shortest_distance_km":13,"ferry_time":0,"ferry_price":0,"cargo":"cargo.digger1000","company_truck":"scania_streamline_4x2_b","trailer_variant":"trailer.overweight.digger1000","trailer_definition":"trailer_def.digger1000.overweight.digger1000","units_count":100,"fill_ratio":1,"trailer_place":0}],"trameri.swansea":[{"target":"konstnr_wind.gedser","urgency":2,"shortest_distance_km":1538,"ferry_time":140,"ferry_price":704,"cargo":"cargo.electronics","company_truck":"man_6x4_b","trailer_variant":"trailer.scs_dry_ms","trailer_definition":"trailer_def.scs.box.single_3.dryvan_m","units_count":33,"fill_ratio":1,"trailer_place":0}],"sag_tre.linkoping":[{"target":"drekkar.uppsala","urgency":2,"shortest_distance_km":224,"ferry_time":0,"ferry_price":0,"cargo":"cargo.wood_bark","company_truck":"scania_s_6x4_730","trailer_variant":"trailer.s_ki_solid.cover","trailer_definition":"trailer_def.wood_bark.s_ki_solid.cover","units_count":100,"fill_ratio":1,"trailer_place":0},{"target":"konstnr_br.linkoping","urgency":0,"shortest_distance_km":14,"ferry_time":0,"ferry_price":0,"cargo":"cargo.wooden_beams","company_truck":"iveco_h_4x2_a","trailer_variant":"trailer.scs_flat_b","trailer_definition":"trailer_def.scs.flatbed.single_3.flatbed_w","units_count":33,"fill_ratio":1,"trailer_place":0}],"cont_port.oslo":[{"target":"volvo_fac.goteborg","urgency":1,"shortest_distance_km":261,"ferry_time":0,"ferry_price":0,"cargo":"cargo.motor_oil_c","company_truck":"daf_xf_euro6_6x2_a","trailer_variant":"trailer.scs_flat_c_g","trailer_definition":"trailer_def.scs.flatbed.single_3.container","units_count":33,"fill_ratio":1,"trailer_place":0},{"target":"norr_food.stockholm","urgency":1,"shortest_distance_km":503,"ferry_time":0,"ferry_price":0,"cargo":"cargo.salt_spice_c","company_truck":"renault_premium_6x2_a","trailer_variant":"trailer.scs_gosck220","trailer_definition":"trailer_def.scs.gooseneck.singl_3e_220.container","units_count":30,"fill_ratio":1,"trailer_place":0}],"stokes.aberdeen":[{"target":"lkwlog.amsterdam","urgency":0,"shortest_distance_km":715,"ferry_time":660,"ferry_price":995,"cargo":"cargo.brake_fluid","company_truck":"mercedes_actros_2014_4x2_c","trailer_variant":"trailer.scs_flat_c_r","trailer_definition":"trailer_def.scs.flatbed.single_3.container","units_count":33,"fill_ratio":1,"trailer_place":0}],"sanbuilders.brno":[{"target":"konstnr.kobenhavn","urgency":0,"shortest_distance_km":847,"ferry_time":105,"ferry_price":404,"cargo":"cargo.digger500","company_truck":"iveco_h_4x2_a","trailer_variant":"trailer.overweight.digger500","trailer_definition":"trailer_def.digger500.overweight.digger500","units_count":100,"fill_ratio":1,"trailer_place":0}],"agronord.kalmar":[{"target":"norr_food.jonkoping","urgency":2,"shortest_distance_km":196,"ferry_time":0,"ferry_price":0,"cargo":"cargo.plums","company_truck":"scania_s_6x4_730","trailer_variant":"trailer.scs_ins_s","trailer_definition":"trailer_def.scs.box.single_3.insulated","units_count":33,"fill_ratio":1,"trailer_place":0},{"target":"renar.kobenhavn","urgency":0,"shortest_distance_km":395,"ferry_time":0,"ferry_price":0,"cargo":"cargo.rye","company_truck":"renault_magnum_6x4_a","trailer_variant":"trailer.s_ki_solid.cover","trailer_definition":"trailer_def.rye.s_ki_solid.cover","units_count":100,"fill_ratio":1,"trailer_place":0}],"aria_fd_trbg.trelleborg":[{"target":"drekkar.vaxjo","urgency":0,"shortest_distance_km":235,"ferry_time":0,"ferry_price":0,"cargo":"cargo.sheep_wool","company_truck":"scania_6x2_b","trailer_variant":"trailer.scs_dry_s","trailer_definition":"trailer_def.scs.box.single_3.dryvan","units_count":33,"fill_ratio":1,"trailer_place":0},{"target":"norr_food.vaxjo","urgency":0,"shortest_distance_km":235,"ferry_time":0,"ferry_price":0,"cargo":"cargo.pork_meat","company_truck":"iveco_6x2_a","trailer_variant":"trailer.scs_ref_a","trailer_definition":"trailer_def.scs.box.single_3.reefer","units_count":33,"fill_ratio":1,"trailer_place":0},{"target":"gnt.helsingborg","urgency":0,"shortest_distance_km":89,"ferry_time":0,"ferry_price":0,"cargo":"cargo.chicken_meat","company_truck":"renault_premium_4x2_c","trailer_variant":"trailer.scs_ref","trailer_definition":"trailer_def.scs.box.single_3.reefer","units_count":33,"fill_ratio":1,"trailer_place":0}],"norr_food.oslo":[{"target":"gnt.jonkoping","urgency":0,"shortest_distance_km":461,"ferry_time":0,"ferry_price":0,"cargo":"cargo.used_packag","company_truck":"mercedes_actros_2014_4x2_b","trailer_variant":"trailer.scs_dry_a","trailer_definition":"trailer_def.scs.box.single_3.dryvan","units_count":33,"fill_ratio":1,"trailer_place":0}],"transinet.dortmund":[{"target":"stokes.dusseldorf","urgency":1,"shortest_distance_km":121,"ferry_time":0,"ferry_price":0,"cargo":"cargo.volvo_cars","company_truck":"scania_r_6x4_650","trailer_variant":"trailer.car_volvo","trailer_definition":"trailer_def.volvo_cars.car_volvo","units_count":100,"fill_ratio":1,"trailer_place":0}],"polarislines.gedser":[{"target":"renar.kobenhavn","urgency":0,"shortest_distance_km":118,"ferry_time":0,"ferry_price":0,"cargo":"cargo.carrots_c","company_truck":"iveco_4x2_a","trailer_variant":"trailer.scs_flat_c_r","trailer_definition":"trailer_def.scs.flatbed.single_3.container","units_count":33,"fill_ratio":1,"trailer_place":0},{"target":"drekkar.bergen","urgency":2,"shortest_distance_km":1180,"ferry_time":0,"ferry_price":0,"cargo":"cargo.chimney_syst","company_truck":"double/mercedes_actros_2014_4x2_a","trailer_variant":"trailer.scs_dry_b2","trailer_definition":"trailer_def.scs.box.bdouble_3_3.dryvan","units_count":53,"fill_ratio":1,"trailer_place":0}],"eurogoodies.magdeburg":[{"target":"sellplan.magdeburg","urgency":2,"shortest_distance_km":1,"ferry_time":0,"ferry_price":0,"cargo":"cargo.lamb_stom","company_truck":"scania_streamline_6x4_a","trailer_variant":"trailer.scs_ins","trailer_definition":"trailer_def.scs.box.single_3.insulated","units_count":33,"fill_ratio":1,"trailer_place":0}],"euroacres.swansea":[{"target":"posped.carlisle","urgency":0,"shortest_distance_km":444,"ferry_time":0,"ferry_price":0,"cargo":"cargo.barley","company_truck":"scania_streamline_4x2_c","trailer_variant":"trailer.s_ki_solid.cover","trailer_definition":"trailer_def.barley.s_ki_solid.cover","units_count":100,"fill_ratio":1,"trailer_place":0}],"renar.oslo":[{"target":"norrsken.goteborg","urgency":2,"shortest_distance_km":275,"ferry_time":0,"ferry_price":0,"cargo":"cargo.chewing_gums","company_truck":"iveco_4x2_b","trailer_variant":"trailer.scs_curt_s","trailer_definition":"trailer_def.scs.box.single_3.curtain","units_count":33,"fill_ratio":1,"trailer_place":0},{"target":"ns_oil.oslo","urgency":0,"shortest_distance_km":2,"ferry_time":0,"ferry_price":0,"cargo":"cargo.chem_sorb_c","company_truck":"man_6x4_b","trailer_variant":"trailer.scs_gosck20","trailer_definition":"trailer_def.scs.gooseneck.singl_3e_20.container","units_count":15,"fill_ratio":1,"trailer_place":0}],"norrsken.orebro":[{"target":"gnt.uppsala","urgency":0,"shortest_distance_km":189,"ferry_time":0,"ferry_price":0,"cargo":"cargo.beverages_c","company_truck":"scania_s_6x2_450","trailer_variant":"trailer.scs_gosck20","trailer_definition":"trailer_def.scs.gooseneck.singl_3e_20.container","units_count":15,"fill_ratio":1,"trailer_place":0},{"target":"konstnr_hs.vasteraas","urgency":0,"shortest_distance_km":109,"ferry_time":0,"ferry_price":0,"cargo":"cargo.wallpanels","company_truck":"mercedes_4x2","trailer_variant":"trailer.panel_trans.wall","trailer_definition":"trailer_def.wallpanels.panel_trans.wall","units_count":93,"fill_ratio":1,"trailer_place":0}],"ika_bohag.odense":[{"target":"ns_chem.kristiansand","urgency":2,"shortest_distance_km":307,"ferry_time":195,"ferry_price":1052,"cargo":"cargo.empty_palet","company_truck":"man_6x4_b","trailer_variant":"trailer.scs_dry","trailer_definition":"trailer_def.scs.box.single_3.dryvan","units_count":33,"fill_ratio":1,"trailer_place":0}],"posped.bratislava":[{"target":"eurogoodies.munchen","urgency":1,"shortest_distance_km":490,"ferry_time":0,"ferry_price":0,"cargo":"cargo.canned_tuna","company_truck":"scania_6x2_b","trailer_variant":"trailer.scs_ins_s","trailer_definition":"trailer_def.scs.box.single_3.insulated","units_count":33,"fill_ratio":1,"trailer_place":0}],"stokes.wien":[{"target":"lkwlog.brno","urgency":0,"shortest_distance_km":119,"ferry_time":0,"ferry_price":0,"cargo":"cargo.fish_chips","company_truck":"mercedes_4x2_b","trailer_variant":"trailer.scs_ref","trailer_definition":"trailer_def.scs.box.single_3.reefer","units_count":33,"fill_ratio":1,"trailer_place":0}],"drekkar.vaxjo":[{"target":"norr_food.odense","urgency":1,"shortest_distance_km":418,"ferry_time":0,"ferry_price":0,"cargo":"cargo.almond","company_truck":"mercedes_actros_2014_4x2_a","trailer_variant":"trailer.scs_curt_s","trailer_definition":"trailer_def.scs.box.single_3.curtain","units_count":33,"fill_ratio":1,"trailer_place":0},{"target":"konstnr_br.linkoping","urgency":0,"shortest_distance_km":240,"ferry_time":0,"ferry_price":0,"cargo":"cargo.sawpanels","company_truck":"scania_r_4x2_520","trailer_variant":"trailer.scs_dry_m","trailer_definition":"trailer_def.scs.box.single_3.dryvan_m","units_count":33,"fill_ratio":1,"trailer_place":0}],"tree_et.manchester":[{"target":"aria_fd_albg.aalborg","urgency":0,"shortest_distance_km":430,"ferry_time":1140,"ferry_price":1314,"cargo":"cargo.wooden_beams","company_truck":"scania_streamline_4x2_a","trailer_variant":"trailer.scs_dry_s","trailer_definition":"trailer_def.scs.box.single_3.dryvan","units_count":32,"fill_ratio":1,"trailer_place":0}],"quarry.sheffield":[{"target":"konstnr.kobenhavn","urgency":1,"shortest_distance_km":472,"ferry_time":1140,"ferry_price":1314,"cargo":"cargo.digger1000","company_truck":"iveco_4x2_c","trailer_variant":"trailer.overweight.digger1000","trailer_definition":"trailer_def.digger1000.overweight.digger1000","units_count":100,"fill_ratio":1,"trailer_place":0},{"target":"konstnr.kobenhavn","urgency":0,"shortest_distance_km":472,"ferry_time":1140,"ferry_price":1314,"cargo":"cargo.stones","company_truck":"mercedes_actros_2014_4x2_a","trailer_variant":"trailer.s_ki_solid.cover","trailer_definition":"trailer_def.stones.s_ki_solid.cover","units_count":100,"fill_ratio":1,"trailer_place":0}],"eurogoodies.newcastle":[{"target":"stokes.kiel","urgency":2,"shortest_distance_km":875,"ferry_time":660,"ferry_price":995,"cargo":"cargo.pet_food_c","company_truck":"renault_magnum_4x2_a","trailer_variant":"trailer.scs_flat_c_g","trailer_definition":"trailer_def.scs.flatbed.single_3.container","units_count":33,"fill_ratio":1,"trailer_place":0}],"sanbuilders.birmingham":[{"target":"agronord.esbjerg","urgency":0,"shortest_distance_km":405,"ferry_time":1140,"ferry_price":1314,"cargo":"cargo.emptytank","company_truck":"scania_r_6x2_450","trailer_variant":"trailer.scs_flat_r","trailer_definition":"trailer_def.scs.flatbed.single_3.flatbed_w","units_count":2,"fill_ratio":1,"trailer_place":0}],"kaarfor.dortmund":[{"target":"nord_crown.aalborg","urgency":2,"shortest_distance_km":782,"ferry_time":0,"ferry_price":0,"cargo":"cargo.empty_palet","company_truck":"mercedes_4x2","trailer_variant":"trailer.scs_curt_s","trailer_definition":"trailer_def.scs.box.single_3.curtain","units_count":33,"fill_ratio":1,"trailer_place":0}],"konstnr.kobenhavn":[{"target":"nord_sten.linkoping","urgency":1,"shortest_distance_km":499,"ferry_time":0,"ferry_price":0,"cargo":"cargo.excavator","company_truck":"mercedes_4x2_c","trailer_variant":"trailer.overweight.excavator","trailer_definition":"trailer_def.excavator.overweight.excavator","units_count":100,"fill_ratio":1,"trailer_place":0},{"target":"renar.kobenhavn","urgency":0,"shortest_distance_km":5,"ferry_time":0,"ferry_price":0,"cargo":"cargo.hipresstank","company_truck":"scania_streamline_4x2_b","trailer_variant":"trailer.scs_flat_b","trailer_definition":"trailer_def.scs.flatbed.single_3.flatbed_w","units_count":2,"fill_ratio":1,"trailer_place":0}],"polarislines.trelleborg":[{"target":"gnt.jonkoping","urgency":2,"shortest_distance_km":271,"ferry_time":0,"ferry_price":0,"cargo":"cargo.lamb_stom","company_truck":"double/scania_s_4x2","trailer_variant":"trailer.scs_ins_2","trailer_definition":"trailer_def.scs.box.double_3_2.insulated","units_count":53,"fill_ratio":1,"trailer_place":0}],"ika_bohag.orebro":[{"target":"gnt.jonkoping","urgency":2,"shortest_distance_km":211,"ferry_time":0,"ferry_price":0,"cargo":"cargo.empty_palet","company_truck":"scania_streamline_4x2_a","trailer_variant":"trailer.scs_curt_s","trailer_definition":"trailer_def.scs.box.single_3.curtain","units_count":33,"fill_ratio":1,"trailer_place":0}],"nord_sten.vaxjo":[{"target":"konstnr_hs.helsingborg","urgency":0,"shortest_distance_km":155,"ferry_time":0,"ferry_price":0,"cargo":"cargo.stones","company_truck":"man_6x4_b","trailer_variant":"trailer.s_ki_solid.cover","trailer_definition":"trailer_def.stones.s_ki_solid.cover","units_count":100,"fill_ratio":1,"trailer_place":0},{"target":"gnt.helsingborg","urgency":1,"shortest_distance_km":153,"ferry_time":0,"ferry_price":0,"cargo":"cargo.digger1000","company_truck":"mercedes_4x2_a","trailer_variant":"trailer.overweight.digger1000","trailer_definition":"trailer_def.digger1000.overweight.digger1000","units_count":100,"fill_ratio":1,"trailer_place":0}],"ika_bohag.malmo":[{"target":"norrsken.malmo","urgency":0,"shortest_distance_km":2,"ferry_time":0,"ferry_price":0,"cargo":"cargo.used_packag","company_truck":"scania_streamline_4x2_b","trailer_variant":"trailer.scs_curt_a","trailer_definition":"trailer_def.scs.box.single_3.curtain","units_count":33,"fill_ratio":1,"trailer_place":0},{"target":"norrsken.malmo","urgency":1,"shortest_distance_km":2,"ferry_time":0,"ferry_price":0,"cargo":"cargo.pot_flowers","company_truck":"mercedes_actros_2014_4x2_a","trailer_variant":"trailer.scs_ref_a","trailer_definition":"trailer_def.scs.box.single_3.reefer","units_count":33,"fill_ratio":1,"trailer_place":0}],"ika_bohag.stockholm":[{"target":"drekkar.linkoping","urgency":0,"shortest_distance_km":138,"ferry_time":0,"ferry_price":0,"cargo":"cargo.used_packag","company_truck":"scania_streamline_6x2_b","trailer_variant":"trailer.scs_dry_m","trailer_definition":"trailer_def.scs.box.single_3.dryvan_m","units_count":33,"fill_ratio":1,"trailer_place":0},{"target":"norr_food.linkoping","urgency":1,"shortest_distance_km":139,"ferry_time":0,"ferry_price":0,"cargo":"cargo.pot_flowers","company_truck":"scania_4x2_a","trailer_variant":"trailer.scs_ref_a","trailer_definition":"trailer_def.scs.box.single_3.reefer","units_count":33,"fill_ratio":1,"trailer_place":0}],"posped.rotterdam":[{"target":"lkwlog.felixstowe","urgency":2,"shortest_distance_km":137,"ferry_time":480,"ferry_price":960,"cargo":"cargo.truck_batt_c","company_truck":"man_6x4_b","trailer_variant":"trailer.scs_gosck220","trailer_definition":"trailer_def.scs.gooseneck.singl_3e_220.container","units_count":30,"fill_ratio":1,"trailer_place":0}],"norr_food.jonkoping":[{"target":"ns_chem.stockholm","urgency":2,"shortest_distance_km":307,"ferry_time":0,"ferry_price":0,"cargo":"cargo.empty_palet","company_truck":"scania_s_4x2_580","trailer_variant":"trailer.scs_curt","trailer_definition":"trailer_def.scs.box.single_3.curtain","units_count":33,"fill_ratio":1,"trailer_place":0}],"polarislines.kapellskar":[{"target":"gnt.uppsala","urgency":1,"shortest_distance_km":123,"ferry_time":0,"ferry_price":0,"cargo":"cargo.big_bag_seed","company_truck":"mercedes_actros_2014_4x2_c","trailer_variant":"trailer.scs_dry_a","trailer_definition":"trailer_def.scs.box.single_3.dryvan","units_count":33,"fill_ratio":1,"trailer_place":0},{"target":"renar.vasteraas","urgency":1,"shortest_distance_km":159,"ferry_time":0,"ferry_price":0,"cargo":"cargo.roof_tiles","company_truck":"scania_streamline_6x2_b","trailer_variant":"trailer.scs_dry","trailer_definition":"trailer_def.scs.box.single_3.dryvan","units_count":33,"fill_ratio":1,"trailer_place":0}],"agronord.kristiansand":[{"target":"norr_food.odense","urgency":2,"shortest_distance_km":381,"ferry_time":195,"ferry_price":1052,"cargo":"cargo.young_seed","company_truck":"man_6x4_b","trailer_variant":"trailer.scs_curt_b2","trailer_definition":"trailer_def.scs.box.bdouble_3_3.curtain","units_count":53,"fill_ratio":1,"trailer_place":0}],"euroacres.dover":[{"target":"norr_food.kobenhavn","urgency":2,"shortest_distance_km":1319,"ferry_time":91,"ferry_price":384,"cargo":"cargo.young_seed","company_truck":"scania_s_6x2_450","trailer_variant":"trailer.scs_ins_a","trailer_definition":"trailer_def.scs.box.single_3.insulated","units_count":33,"fill_ratio":1,"trailer_place":0}],"eurogoodies.grimsby":[{"target":"kaarfor.swansea","urgency":0,"shortest_distance_km":501,"ferry_time":0,"ferry_price":0,"cargo":"cargo.salt_spices","company_truck":"renault_premium_4x2_a","trailer_variant":"trailer.scs_curt_a","trailer_definition":"trailer_def.scs.box.single_3.curtain","units_count":33,"fill_ratio":1,"trailer_place":0}],"polarislines.goteborg":[{"target":"norrsken.goteborg","urgency":2,"shortest_distance_km":114,"ferry_time":0,"ferry_price":0,"cargo":"cargo.elect_wiring","company_truck":"man_6x4_b","trailer_variant":"trailer.scs_curt","trailer_definition":"trailer_def.scs.box.single_3.curtain","units_count":33,"fill_ratio":1,"trailer_place":0},{"target":"norr_food.uppsala","urgency":0,"shortest_distance_km":536,"ferry_time":0,"ferry_price":0,"cargo":"cargo.beverages_t","company_truck":"renault_magnum_4x2_a","trailer_variant":"trailer.scs_fodt","trailer_definition":"trailer_def.scs.foodtank.single_3.paint","units_count":29,"fill_ratio":1,"trailer_place":0}],"ika_bohag.linkoping":[{"target":"drekkar.linkoping","urgency":1,"shortest_distance_km":1,"ferry_time":0,"ferry_price":0,"cargo":"cargo.pot_flowers","company_truck":"daf_4x2_a","trailer_variant":"trailer.scs_ref_a","trailer_definition":"trailer_def.scs.box.single_3.reefer","units_count":33,"fill_ratio":1,"trailer_place":0},{"target":"gnt.jonkoping","urgency":2,"shortest_distance_km":126,"ferry_time":0,"ferry_price":0,"cargo":"cargo.empty_palet","company_truck":"man_tgx_euro6_6x4_xlx","trailer_variant":"trailer.scs_curt_a","trailer_definition":"trailer_def.scs.box.single_3.curtain","units_count":33,"fill_ratio":1,"trailer_place":0}],"nord_crown.stavanger":[{"target":"gnt.kristiansand","urgency":1,"shortest_distance_km":167,"ferry_time":0,"ferry_price":0,"cargo":"cargo.beef_meat","company_truck":"mercedes_4x2_c","trailer_variant":"trailer.scs_ref_a","trailer_definition":"trailer_def.scs.box.single_3.reefer","units_count":33,"fill_ratio":1,"trailer_place":0}],"norrsken.stockholm":[{"target":"polarislines.kristiansand","urgency":0,"shortest_distance_km":815,"ferry_time":0,"ferry_price":0,"cargo":"cargo.paper","company_truck":"daf_xf_euro6_4x2_c","trailer_variant":"trailer.scs_curt_s","trailer_definition":"trailer_def.scs.box.single_3.curtain","units_count":33,"fill_ratio":1,"trailer_place":0}],"sellplan.venezia":[{"target":"gnt.kristiansand","urgency":0,"shortest_distance_km":1810,"ferry_time":195,"ferry_price":1052,"cargo":"cargo.used_packag","company_truck":"mercedes_actros_2014_6x2_a","trailer_variant":"trailer.scs_dry_ms","trailer_definition":"trailer_def.scs.box.single_3.dryvan_m","units_count":33,"fill_ratio":1,"trailer_place":0}],"gnt.kristiansand":[{"target":"renar.oslo","urgency":0,"shortest_distance_km":365,"ferry_time":0,"ferry_price":0,"cargo":"cargo.liver_paste","company_truck":"man_6x4_b","trailer_variant":"trailer.scs_ref_b2","trailer_definition":"trailer_def.scs.box.bdouble_3_3.reefer","units_count":53,"fill_ratio":1,"trailer_place":0}],"ika_bohag.aalborg":[{"target":"polarislines.goteborg","urgency":1,"shortest_distance_km":111,"ferry_time":195,"ferry_price":677,"cargo":"cargo.pot_flowers","company_truck":"scania_streamline_4x2_c","trailer_variant":"trailer.scs_ins_s","trailer_definition":"trailer_def.scs.box.single_3.insulated","units_count":33,"fill_ratio":1,"trailer_place":0},{"target":"drekkar.odense","urgency":2,"shortest_distance_km":218,"ferry_time":0,"ferry_price":0,"cargo":"cargo.empty_palet","company_truck":"man_tgx_euro6_6x4_xlx","trailer_variant":"trailer.scs_dry_a","trailer_definition":"trailer_def.scs.box.single_3.dryvan","units_count":33,"fill_ratio":1,"trailer_place":0}],"nord_sten.jonkoping":[{"target":"norrsken.goteborg","urgency":1,"shortest_distance_km":95,"ferry_time":0,"ferry_price":0,"cargo":"cargo.digger1000","company_truck":"mercedes_4x2_a","trailer_variant":"trailer.overweight.digger1000","trailer_definition":"trailer_def.digger1000.overweight.digger1000","units_count":100,"fill_ratio":1,"trailer_place":0}],"sanbuilders.berlin":[{"target":"nord_crown.bergen","urgency":2,"shortest_distance_km":1410,"ferry_time":105,"ferry_price":404,"cargo":"cargo.forklifts","company_truck":"scania_r_4x2_520","trailer_variant":"trailer.overweight.forklifts","trailer_definition":"trailer_def.forklifts.overweight.forklifts","units_count":100,"fill_ratio":1,"trailer_place":1}],"norrsken.karlskrona":[{"target":"norr_food.helsingborg","urgency":1,"shortest_distance_km":170,"ferry_time":0,"ferry_price":0,"cargo":"cargo.cheese","company_truck":"double/scania_r_4x2","trailer_variant":"trailer.scs_ins_b2","trailer_definition":"trailer_def.scs.box.bdouble_3_3.insulated","units_count":53,"fill_ratio":1,"trailer_place":0}],"konstnr.oslo":[{"target":"renar.oslo","urgency":0,"shortest_distance_km":123,"ferry_time":0,"ferry_price":0,"cargo":"cargo.diggers","company_truck":"man_6x4_b","trailer_variant":"trailer.overweight.digger","trailer_definition":"trailer_def.diggers.overweight.digger","units_count":100,"fill_ratio":1,"trailer_place":0}]}