{"euroacres.liverpool":[{"target":"lkwlog.calais","urgency":0,"shortest_distance_km":475,"ferry_time":91,"ferry_price":384,"cargo":"cargo.tractors","company_truck":"man_4x2_a","trailer_variant":"trailer.overweight.tractors","trailer_definition":"trailer_def.tractors.overweight.tractors","units_count":100,"fill_ratio":1,"trailer_place":0}],"tree_et.metz":[{"target":"posped.metz","urgency":0,"shortest_distance_km":28,"ferry_time":0,"ferry_price":0,"cargo":"cargo.tractors","company_truck":"iveco_4x2_a","trailer_variant":"trailer.overweight.tractors","trailer_definition":"trailer_def.tractors.overweight.tractors","units_count":100,"fill_ratio":1,"trailer_place":0}],"transinet.cambridge":[{"target":"stokes.wien","urgency":1,"shortest_distance_km":1567,"ferry_time":35,"ferry_price":300,"cargo":"cargo.tractor","company_truck":"renault_t_4x2","trailer_variant":"trailer.overweight.tractor","trailer_definition":"trailer_def.tractor.overweight.tractor","units_count":100,"fill_ratio":1,"trailer_place":0}],"quarry.wroclaw":[{"target":"lkwlog.hamburg","urgency":1,"shortest_distance_km":702,"ferry_time":0,"ferry_price":0,"cargo":"cargo.tracks","company_truck":"mercedes_actros_2014_4x2_c","trailer_variant":"trailer.overweight.tracks","trailer_definition":"trailer_def.tracks.overweight.tracks","units_count":100,"fill_ratio":1,"trailer_place":0}],"quarry.glasgow":[{"target":"transinet.sheffield","urgency":1,"shortest_distance_km":515,"ferry_time":0,"ferry_price":0,"cargo":"cargo.tracks","company_truck":"daf_xf_euro6_4x2_c","trailer_variant":"trailer.overweight.tracks","trailer_definition":"trailer_def.tracks.overweight.tracks","units_count":100,"fill_ratio":1,"trailer_place":0}],"tree_et.hannover":[{"target":"posped.strasbourg","urgency":0,"shortest_distance_km":544,"ferry_time":0,"ferry_price":0,"cargo":"cargo.tractors","company_truck":"daf_xf_euro6_6x2_a","trailer_variant":"trailer.overweight.tractors","trailer_definition":"trailer_def.tractors.overweight.tractors","units_count":100,"fill_ratio":1,"trailer_place":0}],"tradeaux.prague":[{"target":"lkwlog.brno","urgency":0,"shortest_distance_km":178,"ferry_time":0,"ferry_price":0,"cargo":"cargo.yacht","company_truck":"iveco_4x2_b","trailer_variant":"trailer.overweight.yacht","trailer_definition":"trailer_def.yacht.overweight.yacht","units_count":100,"fill_ratio":1,"trailer_place":0}],"tree_et.zurich":[{"target":"tradeaux.geneve","urgency":0,"shortest_distance_km":271,"ferry_time":0,"ferry_price":0,"cargo":"cargo.tractors","company_truck":"daf_xf_euro6_6x2_a","trailer_variant":"trailer.overweight.tractors","trailer_definition":"trailer_def.tractors.overweight.tractors","units_count":100,"fill_ratio":1,"trailer_place":0}],"tree_et.southampton":[{"target":"tradeaux.felixstowe","urgency":0,"shortest_distance_km":323,"ferry_time":0,"ferry_price":0,"cargo":"cargo.tractors","company_truck":"scania_6x2_b","trailer_variant":"trailer.overweight.tractors","trailer_definition":"trailer_def.tractors.overweight.tractors","units_count":100,"fill_ratio":1,"trailer_place":0}],"quarry.dortmund":[{"target":"transinet.dortmund","urgency":1,"shortest_distance_km":69,"ferry_time":0,"ferry_price":0,"cargo":"cargo.driller","company_truck":"scania_4x2_a","trailer_variant":"trailer.overweight.driller","trailer_definition":"trailer_def.driller.overweight.driller","units_count":100,"fill_ratio":1,"trailer_place":0}]}