{"wgcc.frankfurt":[{"target":"balkan_loco.ruse","urgency":1,"shortest_distance_km":1832,"ferry_time":0,"ferry_price":0,"cargo":"cargo.arsenic","company_truck":"iveco_6x2_a","trailer_variant":"trailer.scs_flat_c_r","trailer_definition":"trailer_def.scs.flatbed.single_3.container","units_count":87,"fill_ratio":1,"trailer_place":0}],"sellplan.dresden":[{"target":"balkan_loco.edirne","urgency":0,"shortest_distance_km":1869,"ferry_time":0,"ferry_price":0,"cargo":"cargo.used_plast","company_truck":"scania_4x2_b","trailer_variant":"trailer.scs_dry_a","trailer_definition":"trailer_def.scs.box.single_3.dryvan","units_count":33,"fill_ratio":1,"trailer_place":0}],"eurogoodies.klagenfurt":[{"target":"kaarfor.targu_mures","urgency":0,"shortest_distance_km":990,"ferry_time":0,"ferry_price":0,"cargo":"cargo.flour","company_truck":"scania_s_6x4_730","trailer_variant":"trailer.scs_dry_s","trailer_definition":"trailer_def.scs.box.single_3.dryvan","units_count":33,"fill_ratio":1,"trailer_place":0}],"wgcc.strasbourg":[{"target":"balkan_loco.craiova","urgency":0,"shortest_distance_km":1628,"ferry_time":0,"ferry_price":0,"cargo":"cargo.chlorine","company_truck":"renault_t_4x2","trailer_variant":"trailer.scs_gosck220","trailer_definition":"trailer_def.scs.gooseneck.singl_3e_220.container","units_count":80,"fill_ratio":1,"trailer_place":0}],"lkwlog.amsterdam":[{"target":"kaarfor.iasi","urgency":2,"shortest_distance_km":2295,"ferry_time":0,"ferry_price":0,"cargo":"cargo.milk_t","company_truck":"mercedes_6x2_b","trailer_variant":"trailer.scs_fodt","trailer_definition":"trailer_def.scs.foodtank.single_3.paint","units_count":30,"fill_ratio":1,"trailer_place":0}],"tree_et.poznan":[{"target":"renat.resita","urgency":1,"shortest_distance_km":1194,"ferry_time":0,"ferry_price":0,"cargo":"cargo.forklifts","company_truck":"man_6x4_b","trailer_variant":"trailer.overweight.forklifts","trailer_definition":"trailer_def.forklifts.overweight.forklifts","units_count":100,"fill_ratio":1,"trailer_place":0}],"transinet.torino":[{"target":"fallow.targu_mures","urgency":0,"shortest_distance_km":1736,"ferry_time":0,"ferry_price":0,"cargo":"cargo.grapes","company_truck":"scania_s_6x2_450","trailer_variant":"trailer.scs_ins_a","trailer_definition":"trailer_def.scs.box.single_3.insulated","units_count":33,"fill_ratio":1,"trailer_place":0}],"domdepo.tekirdag":[{"target":"balkan_loco.ruse","urgency":0,"shortest_distance_km":519,"ferry_time":0,"ferry_price":0,"cargo":"cargo.logs","company_truck":"daf_xf_euro6_4x2_a","trailer_variant":"trailer.scs_log","trailer_definition":"trailer_def.scs.log.single_3.steel","units_count":2,"fill_ratio":1,"trailer_place":0}],"trainfoundry.karlovo":[{"target":"ttk_bg.varna","urgency":2,"shortest_distance_km":357,"ferry_time":0,"ferry_price":0,"cargo":"cargo.hipresstank","company_truck":"renault_premium_4x2_c","trailer_variant":"trailer.scs_flat_c_r","trailer_definition":"trailer_def.scs.flatbed.single_3.container","units_count":2,"fill_ratio":1,"trailer_place":0},{"target":"balkan_loco.veli_tarnovo","urgency":0,"shortest_distance_km":130,"ferry_time":0,"ferry_price":0,"cargo":"cargo.scrap_metals","company_truck":"man_tgx_euro6_6x4_xlx","trailer_variant":"trailer.s_ki_solid.cover","trailer_definition":"trailer_def.scrap_metals.s_ki_solid.cover","units_count":100,"fill_ratio":1,"trailer_place":0}],"spinelli.pitesti":[{"target":"lognstick.bucuresti","urgency":1,"shortest_distance_km":206,"ferry_time":0,"ferry_price":0,"cargo":"cargo.forklifts","company_truck":"daf_6x2_a","trailer_variant":"trailer.overweight.forklifts","trailer_definition":"trailer_def.forklifts.overweight.forklifts","units_count":100,"fill_ratio":1,"trailer_place":0}],"rimaf.tekirdag":[{"target":"subse.edirne","urgency":0,"shortest_distance_km":134,"ferry_time":0,"ferry_price":0,"cargo":"cargo.beef_meat","company_truck":"iveco_4x2_a","trailer_variant":"trailer.scs_ref_a","trailer_definition":"trailer_def.scs.box.single_3.reefer","units_count":33,"fill_ratio":1,"trailer_place":0}],"ttk_bg.plovdiv":[{"target":"balkan_loco.veli_tarnovo","urgency":0,"shortest_distance_km":221,"ferry_time":0,"ferry_price":0,"cargo":"cargo.diesel","company_truck":"scania_6x4_a","trailer_variant":"trailer.fuel_cistern","trailer_definition":"trailer_def.diesel.fuel_cistern","units_count":100,"fill_ratio":1,"trailer_place":0}],"cemelt_fla.cluj_napoca":[{"target":"fallow.cluj_napoca","urgency":1,"shortest_distance_km":2,"ferry_time":0,"ferry_price":0,"cargo":"cargo.digger1000","company_truck":"mercedes_4x2","trailer_variant":"trailer.overweight.digger1000","trailer_definition":"trailer_def.digger1000.overweight.digger1000","units_count":100,"fill_ratio":1,"trailer_place":0}],"domdepo.edirne":[{"target":"baltrak.tekirdag","urgency":0,"shortest_distance_km":207,"ferry_time":0,"ferry_price":0,"cargo":"cargo.logs","company_truck":"scania_4x2_b","trailer_variant":"trailer.scs_log","trailer_definition":"trailer_def.scs.log.single_3.steel","units_count":2,"fill_ratio":1,"trailer_place":0},{"target":"tm_istanbul.istanbul","urgency":1,"shortest_distance_km":189,"ferry_time":0,"ferry_price":0,"cargo":"cargo.outdr_flr_tl","company_truck":"scania_4x2_a","trailer_variant":"trailer.scs_brick_b","trailer_definition":"trailer_def.scs.flatbed.single_3.brick","units_count":33,"fill_ratio":1,"trailer_place":0}],"scs_paper.istanbul":[{"target":"balkan_loco.ruse","urgency":0,"shortest_distance_km":482,"ferry_time":0,"ferry_price":0,"cargo":"cargo.emptytank","company_truck":"iveco_6x2_a","trailer_variant":"trailer.scs_flat_c_r","trailer_definition":"trailer_def.scs.flatbed.single_3.container","units_count":2,"fill_ratio":1,"trailer_place":0},{"target":"kaarfor.iasi","urgency":0,"shortest_distance_km":963,"ferry_time":0,"ferry_price":0,"cargo":"cargo.paper","company_truck":"scania_4x2_a","trailer_variant":"trailer.scs_curt","trailer_definition":"trailer_def.scs.box.single_3.curtain","units_count":33,"fill_ratio":1,"trailer_place":0},{"target":"subse.edirne","urgency":2,"shortest_distance_km":194,"ferry_time":0,"ferry_price":0,"cargo":"cargo.empty_palet","company_truck":"iveco_h_4x2_a","trailer_variant":"trailer.scs_curt","trailer_definition":"trailer_def.scs.box.single_3.curtain","units_count":33,"fill_ratio":1,"trailer_place":0}],"kaarfor.constanta":[{"target":"cnp.burgas","urgency":2,"shortest_distance_km":187,"ferry_time":0,"ferry_price":0,"cargo":"cargo.empty_palet","company_truck":"scania_4x2_c","trailer_variant":"trailer.scs_dry_m","trailer_definition":"trailer_def.scs.box.single_3.dryvan_m","units_count":33,"fill_ratio":1,"trailer_place":0},{"target":"brawen.bucuresti","urgency":0,"shortest_distance_km":201,"ferry_time":0,"ferry_price":0,"cargo":"cargo.used_plast","company_truck":"renault_premium_6x2_a","trailer_variant":"trailer.scs_dry_ms","trailer_definition":"trailer_def.scs.box.single_3.dryvan_m","units_count":33,"fill_ratio":1,"trailer_place":0}],"balkan_loco.edirne":[{"target":"lognstick.istanbul","urgency":2,"shortest_distance_km":183,"ferry_time":0,"ferry_price":0,"cargo":"cargo.milk_t","company_truck":"scania_s_6x4_730","trailer_variant":"trailer.scs_fodt","trailer_definition":"trailer_def.scs.foodtank.single_3.paint","units_count":30,"fill_ratio":1,"trailer_place":0}],"timberturtle.hunedoara":[{"target":"renat.resita","urgency":0,"shortest_distance_km":301,"ferry_time":0,"ferry_price":0,"cargo":"cargo.sawpanels","company_truck":"man_6x4_b","trailer_variant":"trailer.scs_curt_a","trailer_definition":"trailer_def.scs.box.single_3.curtain","units_count":33,"fill_ratio":1,"trailer_place":0}],"nucleon.cernavoda":[{"target":"balkan_loco.edirne","urgency":0,"shortest_distance_km":505,"ferry_time":0,"ferry_price":0,"cargo":"cargo.excav_soil","company_truck":"man_4x2_a","trailer_variant":"trailer.s_ki_solid.cover","trailer_definition":"trailer_def.excav_soil.s_ki_solid.cover","units_count":100,"fill_ratio":1,"trailer_place":0},{"target":"brawen.bucuresti","urgency":1,"shortest_distance_km":147,"ferry_time":0,"ferry_price":0,"cargo":"cargo.digger1000","company_truck":"scania_r_6x2_450","trailer_variant":"trailer.overweight.digger1000","trailer_definition":"trailer_def.digger1000.overweight.digger1000","units_count":100,"fill_ratio":1,"trailer_place":0}],"rock_eater.targu_mures":[{"target":"lognstick.hunedoara","urgency":1,"shortest_distance_km":234,"ferry_time":0,"ferry_price":0,"cargo":"cargo.digger1000","company_truck":"scania_s_6x2_450","trailer_variant":"trailer.overweight.digger1000","trailer_definition":"trailer_def.digger1000.overweight.digger1000","units_count":100,"fill_ratio":1,"trailer_place":0},{"target":"ttk_bg.varna","urgency":0,"shortest_distance_km":678,"ferry_time":0,"ferry_price":0,"cargo":"cargo.gravel","company_truck":"renault_magnum_6x4_a","trailer_variant":"trailer.s_ki_solid.gravel","trailer_definition":"trailer_def.gravel.s_ki_solid.gravel","units_count":100,"fill_ratio":1,"trailer_place":0},{"target":"balkan_loco.ruse","urgency":0,"shortest_distance_km":520,"ferry_time":0,"ferry_price":0,"cargo":"cargo.stone_dust","company_truck":"renault_t_6x2","trailer_variant":"trailer.s_ki_solid.cover","trailer_definition":"trailer_def.stone_dust.s_ki_solid.cover","units_count":100,"fill_ratio":1,"trailer_place":0}],"rock_eater.hunedoara":[{"target":"balkan_loco.pleven","urgency":0,"shortest_distance_km":497,"ferry_time":0,"ferry_price":0,"cargo":"cargo.excav_soil","company_truck":"mercedes_6x2_b","trailer_variant":"trailer.s_ki_solid.cover","trailer_definition":"trailer_def.excav_soil.s_ki_solid.cover","units_count":100,"fill_ratio":1,"trailer_place":0},{"target":"lognstick.hunedoara","urgency":1,"shortest_distance_km":5,"ferry_time":0,"ferry_price":0,"cargo":"cargo.excavator","company_truck":"scania_r_4x2_520","trailer_variant":"trailer.overweight.excavator","trailer_definition":"trailer_def.excavator.overweight.excavator","units_count":100,"fill_ratio":1,"trailer_place":0},{"target":"radus_ru.burgas","urgency":1,"shortest_distance_km":783,"ferry_time":0,"ferry_price":0,"cargo":"cargo.digger1000","company_truck":"renault_t_6x2","trailer_variant":"trailer.overweight.digger1000","trailer_definition":"trailer_def.digger1000.overweight.digger1000","units_count":100,"fill_ratio":1,"trailer_place":0}],"ocean_sol.ruse":[{"target":"lognstick.hunedoara","urgency":0,"shortest_distance_km":504,"ferry_time":0,"ferry_price":0,"cargo":"cargo.scrap_metals","company_truck":"scania_4x2_a","trailer_variant":"trailer.s_ki_solid.cover","trailer_definition":"trailer_def.scrap_metals.s_ki_solid.cover","units_count":100,"fill_ratio":1,"trailer_place":0}],"domdepo_ru.pleven":[{"target":"ttk_bg.sofia","urgency":0,"shortest_distance_km":188,"ferry_time":0,"ferry_price":0,"cargo":"cargo.roof_tiles","company_truck":"iveco_h_4x2_a","trailer_variant":"trailer.scs_curt_a","trailer_definition":"trailer_def.scs.box.single_3.curtain","units_count":33,"fill_ratio":1,"trailer_place":0}],"ika_bohag.sofia":[{"target":"baltrak.istanbul","urgency":0,"shortest_distance_km":535,"ferry_time":0,"ferry_price":0,"cargo":"cargo.used_packag","company_truck":"mercedes_6x2_b","trailer_variant":"trailer.scs_curt_s","trailer_definition":"trailer_def.scs.box.single_3.curtain","units_count":33,"fill_ratio":1,"trailer_place":0},{"target":"balkan_loco.ruse","urgency":2,"shortest_distance_km":278,"ferry_time":0,"ferry_price":0,"cargo":"cargo.empty_palet","company_truck":"renault_t_6x2","trailer_variant":"trailer.scs_dry_ms","trailer_definition":"trailer_def.scs.box.single_3.dryvan_m","units_count":33,"fill_ratio":1,"trailer_place":0}],"cemelt_fla.edirne":[{"target":"balkan_loco.edirne","urgency":0,"shortest_distance_km":10,"ferry_time":0,"ferry_price":0,"cargo":"cargo.diggers","company_truck":"scania_r_6x2_450","trailer_variant":"trailer.overweight.digger","trailer_definition":"trailer_def.diggers.overweight.digger","units_count":100,"fill_ratio":1,"trailer_place":0}],"rock_eater.galati":[{"target":"lognstick.galati","urgency":0,"shortest_distance_km":33,"ferry_time":0,"ferry_price":0,"cargo":"cargo.gravel","company_truck":"renault_magnum_6x2_a","trailer_variant":"trailer.s_ki_solid.gravel","trailer_definition":"trailer_def.gravel.s_ki_solid.gravel","units_count":100,"fill_ratio":1,"trailer_place":0},{"target":"domdepo.cluj_napoca","urgency":0,"shortest_distance_km":721,"ferry_time":0,"ferry_price":0,"cargo":"cargo.stone_dust","company_truck":"daf_xf_euro6_6x4_c","trailer_variant":"trailer.s_ki_solid.cover","trailer_definition":"trailer_def.stone_dust.s_ki_solid.cover","units_count":100,"fill_ratio":1,"trailer_place":0},{"target":"balkan_loco.ruse","urgency":1,"shortest_distance_km":301,"ferry_time":0,"ferry_price":0,"cargo":"cargo.excavator","company_truck":"man_6x4_b","trailer_variant":"trailer.overweight.excavator","trailer_definition":"trailer_def.excavator.overweight.excavator","units_count":100,"fill_ratio":1,"trailer_place":0}],"ika_bohag.bucuresti":[{"target":"balkan_loco.veli_tarnovo","urgency":0,"shortest_distance_km":202,"ferry_time":0,"ferry_price":0,"cargo":"cargo.used_packag","company_truck":"daf_xf_euro6_6x4_c","trailer_variant":"trailer.scs_dry_s","trailer_definition":"trailer_def.scs.box.single_3.dryvan","units_count":33,"fill_ratio":1,"trailer_place":0}],"ns_oil.timisoara":[{"target":"cnp.pitesti","urgency":0,"shortest_distance_km":436,"ferry_time":0,"ferry_price":0,"cargo":"cargo.oil","company_truck":"daf_xf_euro6_6x4_c","trailer_variant":"trailer.fuel_cistern","trailer_definition":"trailer_def.oil.fuel_cistern","units_count":100,"fill_ratio":1,"trailer_place":0}],"radus_ru.sofia":[{"target":"st_roza_bg.pernik","urgency":0,"shortest_distance_km":145,"ferry_time":0,"ferry_price":0,"cargo":"cargo.emptytank","company_truck":"scania_r_4x2_370","trailer_variant":"trailer.scs_flat_c_g","trailer_definition":"trailer_def.scs.flatbed.single_3.container","units_count":2,"fill_ratio":1,"trailer_place":0}],"imp_otel.calarasi":[{"target":"cemelt_fla.edirne","urgency":2,"shortest_distance_km":538,"ferry_time":0,"ferry_price":0,"cargo":"cargo.wallpanels","company_truck":"mercedes_4x2_b","trailer_variant":"trailer.panel_trans.wall","trailer_definition":"trailer_def.wallpanels.panel_trans.wall","units_count":100,"fill_ratio":1,"trailer_place":0},{"target":"lognstick.istanbul","urgency":1,"shortest_distance_km":663,"ferry_time":0,"ferry_price":0,"cargo":"cargo.excavator","company_truck":"scania_r_4x2_370","trailer_variant":"trailer.overweight.excavator","trailer_definition":"trailer_def.excavator.overweight.excavator","units_count":100,"fill_ratio":1,"trailer_place":0}],"subse.galati":[{"target":"lognstick.galati","urgency":1,"shortest_distance_km":88,"ferry_time":0,"ferry_price":0,"cargo":"cargo.vinegar","company_truck":"daf_4x2_b","trailer_variant":"trailer.scs_dry_m","trailer_definition":"trailer_def.scs.box.single_3.dryvan_m","units_count":33,"fill_ratio":1,"trailer_place":0}],"domdepo.timisoara":[{"target":"fallow.cluj_napoca","urgency":2,"shortest_distance_km":508,"ferry_time":0,"ferry_price":0,"cargo":"cargo.wallpanels","company_truck":"man_6x4_b","trailer_variant":"trailer.panel_trans.wall","trailer_definition":"trailer_def.wallpanels.panel_trans.wall","units_count":100,"fill_ratio":1,"trailer_place":0}],"baltrak.istanbul":[{"target":"lognstick.tekirdag","urgency":1,"shortest_distance_km":149,"ferry_time":0,"ferry_price":0,"cargo":"cargo.glass","company_truck":"mercedes_actros_2014_4x2_a","trailer_variant":"trailer.panel_trans.glass","trailer_definition":"trailer_def.glass.panel_trans.glass","units_count":100,"fill_ratio":1,"trailer_place":0}],"lognstick.tekirdag":[{"target":"kaarfor.pitesti","urgency":2,"shortest_distance_km":689,"ferry_time":0,"ferry_price":0,"cargo":"cargo.sugar","company_truck":"mercedes_actros_2014_6x4_b","trailer_variant":"trailer.scs_dry","trailer_definition":"trailer_def.scs.box.single_3.dryvan","units_count":33,"fill_ratio":1,"trailer_place":0}],"rock_eater.istanbul":[{"target":"nucleon.kozloduy","urgency":1,"shortest_distance_km":563,"ferry_time":0,"ferry_price":0,"cargo":"cargo.excavator","company_truck":"man_6x4_b","trailer_variant":"trailer.overweight.excavator","trailer_definition":"trailer_def.excavator.overweight.excavator","units_count":100,"fill_ratio":1,"trailer_place":0}],"subse.sofia":[{"target":"lognstick.hunedoara","urgency":0,"shortest_distance_km":540,"ferry_time":0,"ferry_price":0,"cargo":"cargo.chewing_gums","company_truck":"renault_premium_4x2_a","trailer_variant":"trailer.scs_dry_a","trailer_definition":"trailer_def.scs.box.single_3.dryvan","units_count":33,"fill_ratio":1,"trailer_place":0}],"kaarfor.pitesti":[{"target":"balkan_loco.veli_tarnovo","urgency":1,"shortest_distance_km":240,"ferry_time":0,"ferry_price":0,"cargo":"cargo.used_plast_c","company_truck":"mercedes_6x2_b","trailer_variant":"trailer.scs_flat_c_g","trailer_definition":"trailer_def.scs.flatbed.single_3.container","units_count":33,"fill_ratio":1,"trailer_place":0},{"target":"fallow.targu_mures","urgency":0,"shortest_distance_km":346,"ferry_time":0,"ferry_price":0,"cargo":"cargo.used_packag","company_truck":"man_6x4_b","trailer_variant":"trailer.scs_dry_ms","trailer_definition":"trailer_def.scs.box.single_3.dryvan_m","units_count":33,"fill_ratio":1,"trailer_place":0},{"target":"ttk_bg.sofia","urgency":0,"shortest_distance_km":453,"ferry_time":0,"ferry_price":0,"cargo":"cargo.used_plast","company_truck":"daf_xf_euro6_6x4_c","trailer_variant":"trailer.scs_curt","trailer_definition":"trailer_def.scs.box.single_3.curtain","units_count":33,"fill_ratio":1,"trailer_place":0}],"st_roza_bg.burgas":[{"target":"dobr_ferm_bg.karlovo","urgency":1,"shortest_distance_km":219,"ferry_time":0,"ferry_price":0,"cargo":"cargo.outdr_flr_tl","company_truck":"scania_s_4x2_370","trailer_variant":"trailer.scs_dry","trailer_definition":"trailer_def.scs.box.single_3.dryvan","units_count":33,"fill_ratio":1,"trailer_place":0}],"kolico.sofia":[{"target":"ika_bohag.sofia","urgency":1,"shortest_distance_km":64,"ferry_time":0,"ferry_price":0,"cargo":"cargo.beverages","company_truck":"man_tgx_euro6_6x4_xlx","trailer_variant":"trailer.scs_ins","trailer_definition":"trailer_def.scs.box.single_3.insulated","units_count":33,"fill_ratio":1,"trailer_place":0},{"target":"balkan_loco.ruse","urgency":0,"shortest_distance_km":299,"ferry_time":0,"ferry_price":0,"cargo":"cargo.carb_water","company_truck":"scania_s_4x2_580","trailer_variant":"trailer.scs_dry","trailer_definition":"trailer_def.scs.box.single_3.dryvan","units_count":33,"fill_ratio":1,"trailer_place":0},{"target":"ttk_bg.plovdiv","urgency":1,"shortest_distance_km":252,"ferry_time":0,"ferry_price":0,"cargo":"cargo.nonalco_beer","company_truck":"man_tgx_euro6_6x4_xlx","trailer_variant":"trailer.scs_dry_s","trailer_definition":"trailer_def.scs.box.single_3.dryvan","units_count":33,"fill_ratio":1,"trailer_place":0}],"domdepo.iasi":[{"target":"rimaf.iasi","urgency":1,"shortest_distance_km":4,"ferry_time":0,"ferry_price":0,"cargo":"cargo.lumber","company_truck":"mercedes_actros_2014_4x2_a","trailer_variant":"trailer.scs_flat_c_r","trailer_definition":"trailer_def.scs.flatbed.single_3.container","units_count":2,"fill_ratio":1,"trailer_place":0}],"brawen.bacau":[{"target":"lognstick.tekirdag","urgency":1,"shortest_distance_km":1065,"ferry_time":0,"ferry_price":0,"cargo":"cargo.rice","company_truck":"man_4x2_a","trailer_variant":"trailer.scs_dry_ms","trailer_definition":"trailer_def.scs.box.single_3.dryvan_m","units_count":33,"fill_ratio":1,"trailer_place":0}],"kaarfor.hunedoara":[{"target":"fallow.targu_mures","urgency":0,"shortest_distance_km":203,"ferry_time":0,"ferry_price":0,"cargo":"cargo.used_packag","company_truck":"daf_6x2_a","trailer_variant":"trailer.scs_curt_s","trailer_definition":"trailer_def.scs.box.single_3.curtain","units_count":33,"fill_ratio":1,"trailer_place":0},{"target":"ns_oil.timisoara","urgency":2,"shortest_distance_km":222,"ferry_time":0,"ferry_price":0,"cargo":"cargo.empty_palet","company_truck":"man_6x4_b","trailer_variant":"trailer.scs_dry_ms","trailer_definition":"trailer_def.scs.box.single_3.dryvan_m","units_count":33,"fill_ratio":1,"trailer_place":0}],"imp_otel.galati":[{"target":"balkan_loco.ruse","urgency":2,"shortest_distance_km":299,"ferry_time":0,"ferry_price":0,"cargo":"cargo.wallpanels","company_truck":"mercedes_actros_2014_4x2_b","trailer_variant":"trailer.panel_trans.wall","trailer_definition":"trailer_def.wallpanels.panel_trans.wall","units_count":100,"fill_ratio":1,"trailer_place":0},{"target":"domdepo.bucuresti","urgency":1,"shortest_distance_km":211,"ferry_time":0,"ferry_price":0,"cargo":"cargo.largetubes","company_truck":"man_6x4_b","trailer_variant":"trailer.scs_log","trailer_definition":"trailer_def.scs.log.single_3.steel","units_count":2,"fill_ratio":1,"trailer_place":0},{"target":"cemelt_fla.cluj_napoca","urgency":1,"shortest_distance_km":715,"ferry_time":0,"ferry_price":0,"cargo":"cargo.outdr_flr_tl","company_truck":"mercedes_actros_2014_6x2_a","trailer_variant":"trailer.scs_curt_s","trailer_definition":"trailer_def.scs.box.single_3.curtain","units_count":33,"fill_ratio":1,"trailer_place":0}],"renat.veli_tarnovo":[{"target":"balkan_loco.veli_tarnovo","urgency":2,"shortest_distance_km":16,"ferry_time":0,"ferry_price":0,"cargo":"cargo.furniture","company_truck":"scania_r_6x2_450","trailer_variant":"trailer.scs_curt_s","trailer_definition":"trailer_def.scs.box.single_3.curtain","units_count":33,"fill_ratio":1,"trailer_place":0},{"target":"balkan_loco.veli_tarnovo","urgency":1,"shortest_distance_km":16,"ferry_time":0,"ferry_price":0,"cargo":"cargo.forklifts","company_truck":"iveco_4x2_a","trailer_variant":"trailer.overweight.forklifts","trailer_definition":"trailer_def.forklifts.overweight.forklifts","units_count":100,"fill_ratio":1,"trailer_place":0}],"domdepo.bucuresti":[{"target":"renat.pleven","urgency":0,"shortest_distance_km":150,"ferry_time":0,"ferry_price":0,"cargo":"cargo.sawpanels","company_truck":"renault_premium_6x2_a","trailer_variant":"trailer.scs_curt","trailer_definition":"trailer_def.scs.box.single_3.curtain","units_count":33,"fill_ratio":1,"trailer_place":0},{"target":"baltrak.edirne","urgency":1,"shortest_distance_km":442,"ferry_time":0,"ferry_price":0,"cargo":"cargo.outdr_flr_tl","company_truck":"man_6x4_b","trailer_variant":"trailer.scs_curt_a","trailer_definition":"trailer_def.scs.box.single_3.curtain","units_count":33,"fill_ratio":1,"trailer_place":0},{"target":"ocean_sol.ruse","urgency":1,"shortest_distance_km":97,"ferry_time":0,"ferry_price":0,"cargo":"cargo.glass_packed","company_truck":"renault_t_4x2","trailer_variant":"trailer.gls_trailer","trailer_definition":"trailer_def.glass_packed.gls_trailer","units_count":100,"fill_ratio":1,"trailer_place":0}],"low_field.galati":[{"target":"cont_port.burgas","urgency":0,"shortest_distance_km":376,"ferry_time":30,"ferry_price":65,"cargo":"cargo.carrots_c","company_truck":"daf_xf_euro6_4x2_a","trailer_variant":"trailer.scs_gosck220","trailer_definition":"trailer_def.scs.gooseneck.singl_3e_220.container","units_count":30,"fill_ratio":1,"trailer_place":0}],"nucleon.kozloduy":[{"target":"balkan_loco.pleven","urgency":1,"shortest_distance_km":98,"ferry_time":0,"ferry_price":0,"cargo":"cargo.digger1000","company_truck":"renault_premium_6x4_a","trailer_variant":"trailer.overweight.digger1000","trailer_definition":"trailer_def.digger1000.overweight.digger1000","units_count":100,"fill_ratio":1,"trailer_place":0}],"sporklift.cluj_napoca":[{"target":"fallow.timisoara","urgency":0,"shortest_distance_km":486,"ferry_time":0,"ferry_price":0,"cargo":"cargo.scrap_metals","company_truck":"man_tgx_euro6_6x4_xlx","trailer_variant":"trailer.s_ki_solid.cover","trailer_definition":"trailer_def.scrap_metals.s_ki_solid.cover","units_count":100,"fill_ratio":1,"trailer_place":0},{"target":"fallow.cluj_napoca","urgency":0,"shortest_distance_km":34,"ferry_time":0,"ferry_price":0,"cargo":"cargo.used_plast","company_truck":"iveco_h_4x2_a","trailer_variant":"trailer.scs_dry_s","trailer_definition":"trailer_def.scs.box.single_3.dryvan","units_count":33,"fill_ratio":1,"trailer_place":0}],"ns_oil.brasov":[{"target":"timberturtle.brasov","urgency":0,"shortest_distance_km":96,"ferry_time":0,"ferry_price":0,"cargo":"cargo.oil","company_truck":"scania_6x2_b","trailer_variant":"trailer.fuel_cistern","trailer_definition":"trailer_def.oil.fuel_cistern","units_count":100,"fill_ratio":1,"trailer_place":0},{"target":"cnp.pitesti","urgency":0,"shortest_distance_km":169,"ferry_time":0,"ferry_price":0,"cargo":"cargo.lpg","company_truck":"mercedes_4x2_b","trailer_variant":"trailer.willig.fuel_cistern","trailer_definition":"trailer_def.lpg.willig.fuel_cistern","units_count":101,"fill_ratio":1,"trailer_place":0},{"target":"rock_eater.varna","urgency":0,"shortest_distance_km":506,"ferry_time":0,"ferry_price":0,"cargo":"cargo.diesel","company_truck":"man_tgx_euro6_4x2_xl","trailer_variant":"trailer.fuel_cistern","trailer_definition":"trailer_def.diesel.fuel_cistern","units_count":100,"fill_ratio":1,"trailer_place":0},{"target":"timberturtle.brasov","urgency":0,"shortest_distance_km":96,"ferry_time":0,"ferry_price":0,"cargo":"cargo.fueltanker","company_truck":"mercedes_6x2_b","trailer_variant":"trailer.scs_gosck40","trailer_definition":"trailer_def.scs.gooseneck.singl_3e_40.container","units_count":80,"fill_ratio":1,"trailer_place":0}],"cgla.calarasi":[{"target":"ttk_bg.varna","urgency":1,"shortest_distance_km":226,"ferry_time":0,"ferry_price":0,"cargo":"cargo.glass","company_truck":"iveco_4x2_b","trailer_variant":"trailer.panel_trans.glass","trailer_definition":"trailer_def.glass.panel_trans.glass","units_count":100,"fill_ratio":1,"trailer_place":0},{"target":"domdepo.bucuresti","urgency":1,"shortest_distance_km":114,"ferry_time":0,"ferry_price":0,"cargo":"cargo.glass_packed","company_truck":"scania_streamline_4x2_b","trailer_variant":"trailer.gls_trailer","trailer_definition":"trailer_def.glass_packed.gls_trailer","units_count":100,"fill_ratio":1,"trailer_place":0}],"fle.cluj_napoca":[{"target":"balkan_loco.craiova","urgency":2,"shortest_distance_km":604,"ferry_time":0,"ferry_price":0,"cargo":"cargo.med_vaccine","company_truck":"mercedes_4x2_a","trailer_variant":"trailer.scs_ins_s","trailer_definition":"trailer_def.scs.box.single_3.insulated","units_count":33,"fill_ratio":1,"trailer_place":0}],"trainfoundry.resita":[{"target":"lognstick.hunedoara","urgency":2,"shortest_distance_km":201,"ferry_time":0,"ferry_price":0,"cargo":"cargo.hipresstank","company_truck":"man_6x4_b","trailer_variant":"trailer.scs_flat_r","trailer_definition":"trailer_def.scs.flatbed.single_3.flatbed_w","units_count":2,"fill_ratio":1,"trailer_place":0},{"target":"fallow.targu_mures","urgency":0,"shortest_distance_km":342,"ferry_time":0,"ferry_price":0,"cargo":"cargo.scrap_metals","company_truck":"scania_streamline_4x2_a","trailer_variant":"trailer.s_ki_solid.cover","trailer_definition":"trailer_def.scrap_metals.s_ki_solid.cover","units_count":100,"fill_ratio":1,"trailer_place":0}],"baltrak.edirne":[{"target":"subse.veli_tarnovo","urgency":1,"shortest_distance_km":319,"ferry_time":0,"ferry_price":0,"cargo":"cargo.vinegar","company_truck":"scania_streamline_6x4_a","trailer_variant":"trailer.scs_dry_ms","trailer_definition":"trailer_def.scs.box.single_3.dryvan_m","units_count":33,"fill_ratio":1,"trailer_place":0}],"lognstick.galati":[{"target":"subse.galati","urgency":0,"shortest_distance_km":86,"ferry_time":0,"ferry_price":0,"cargo":"cargo.paper","company_truck":"daf_xf_euro6_4x2_a","trailer_variant":"trailer.scs_dry_a","trailer_definition":"trailer_def.scs.box.single_3.dryvan","units_count":33,"fill_ratio":1,"trailer_place":0},{"target":"kaarfor.bucuresti","urgency":0,"shortest_distance_km":240,"ferry_time":0,"ferry_price":0,"cargo":"cargo.beverages_c","company_truck":"mercedes_actros_2014_6x2_a","trailer_variant":"trailer.scs_flat_c_r","trailer_definition":"trailer_def.scs.flatbed.single_3.container","units_count":33,"fill_ratio":1,"trailer_place":0}],"rock_eater.constanta":[{"target":"low_field.constanta","urgency":1,"shortest_distance_km":16,"ferry_time":0,"ferry_price":0,"cargo":"cargo.digger1000","company_truck":"mercedes_4x2","trailer_variant":"trailer.overweight.digger1000","trailer_definition":"trailer_def.digger1000.overweight.digger1000","units_count":100,"fill_ratio":1,"trailer_place":0}],"renat.pleven":[{"target":"ika_bohag.sofia","urgency":2,"shortest_distance_km":210,"ferry_time":0,"ferry_price":0,"cargo":"cargo.furniture","company_truck":"mercedes_actros_2014_6x4_b","trailer_variant":"trailer.scs_curt","trailer_definition":"trailer_def.scs.box.single_3.curtain","units_count":33,"fill_ratio":1,"trailer_place":0},{"target":"balkan_loco.ruse","urgency":1,"shortest_distance_km":78,"ferry_time":0,"ferry_price":0,"cargo":"cargo.forklifts","company_truck":"iveco_6x2_a","trailer_variant":"trailer.overweight.forklifts","trailer_definition":"trailer_def.forklifts.overweight.forklifts","units_count":100,"fill_ratio":1,"trailer_place":0}],"rump.craiova":[{"target":"baltrak.istanbul","urgency":0,"shortest_distance_km":756,"ferry_time":0,"ferry_price":0,"cargo":"cargo.used_plast","company_truck":"renault_premium_6x4_a","trailer_variant":"trailer.scs_dry_ms","trailer_definition":"trailer_def.scs.box.single_3.dryvan_m","units_count":33,"fill_ratio":1,"trailer_place":0}],"low_field.edirne":[{"target":"subse.sofia","urgency":2,"shortest_distance_km":537,"ferry_time":0,"ferry_price":0,"cargo":"cargo.beans","company_truck":"iveco_4x2_a","trailer_variant":"trailer.scs_curt_a","trailer_definition":"trailer_def.scs.box.single_3.curtain","units_count":33,"fill_ratio":1,"trailer_place":0}],"ns_oil.targu_mures":[{"target":"rump.craiova","urgency":1,"shortest_distance_km":446,"ferry_time":0,"ferry_price":0,"cargo":"cargo.motor_oil_c","company_truck":"scania_streamline_6x2_b","trailer_variant":"trailer.scs_gosck40","trailer_definition":"trailer_def.scs.gooseneck.singl_3e_40.container","units_count":30,"fill_ratio":1,"trailer_place":0},{"target":"imp_otel.resita","urgency":0,"shortest_distance_km":397,"ferry_time":0,"ferry_price":0,"cargo":"cargo.kerosene","company_truck":"man_6x4_b","trailer_variant":"trailer.willig.fuel_cistern","trailer_definition":"trailer_def.kerosene.willig.fuel_cistern","units_count":100,"fill_ratio":1,"trailer_place":0}],"renat.brasov":[{"target":"fallow.istanbul","urgency":2,"shortest_distance_km":809,"ferry_time":0,"ferry_price":0,"cargo":"cargo.furniture","company_truck":"scania_s_6x4_730","trailer_variant":"trailer.scs_dry_s","trailer_definition":"trailer_def.scs.box.single_3.dryvan","units_count":33,"fill_ratio":1,"trailer_place":0},{"target":"subse.galati","urgency":1,"shortest_distance_km":389,"ferry_time":0,"ferry_price":0,"cargo":"cargo.forklifts","company_truck":"renault_premium_4x2_a","trailer_variant":"trailer.overweight.forklifts","trailer_definition":"trailer_def.forklifts.overweight.forklifts","units_count":100,"fill_ratio":1,"trailer_place":0}],"lognstick.istanbul":[{"target":"balkan_loco.pleven","urgency":2,"shortest_distance_km":480,"ferry_time":0,"ferry_price":0,"cargo":"cargo.fireworks","company_truck":"daf_xf_euro6_4x2_b","trailer_variant":"trailer.scs_curt_a","trailer_definition":"trailer_def.scs.box.single_3.curtain","units_count":33,"fill_ratio":1,"trailer_place":0}],"dobr_ferm_bg.pleven":[{"target":"lognstick.hunedoara","urgency":2,"shortest_distance_km":522,"ferry_time":0,"ferry_price":0,"cargo":"cargo.maple_syrup","company_truck":"scania_6x4_a","trailer_variant":"trailer.scs_dry_ms","trailer_definition":"trailer_def.scs.box.single_3.dryvan_m","units_count":33,"fill_ratio":1,"trailer_place":0},{"target":"kaarfor.ruse","urgency":2,"shortest_distance_km":39,"ferry_time":0,"ferry_price":0,"cargo":"cargo.beans","company_truck":"daf_xf_euro6_6x2_a","trailer_variant":"trailer.scs_curt_s","trailer_definition":"trailer_def.scs.box.single_3.curtain","units_count":33,"fill_ratio":1,"trailer_place":0}],"domdepo.pitesti":[{"target":"renat.resita","urgency":1,"shortest_distance_km":287,"ferry_time":0,"ferry_price":0,"cargo":"cargo.lumber","company_truck":"man_tgx_euro6_4x2_xl","trailer_variant":"trailer.scs_flat_r","trailer_definition":"trailer_def.scs.flatbed.single_3.flatbed_w","units_count":2,"fill_ratio":1,"trailer_place":0},{"target":"renat.resita","urgency":1,"shortest_distance_km":287,"ferry_time":0,"ferry_price":0,"cargo":"cargo.glass_packed","company_truck":"iveco_4x2_b","trailer_variant":"trailer.gls_trailer","trailer_definition":"trailer_def.glass_packed.gls_trailer","units_count":100,"fill_ratio":1,"trailer_place":0}],"cnp.burgas":[{"target":"sporklift.karlovo","urgency":0,"shortest_distance_km":246,"ferry_time":0,"ferry_price":0,"cargo":"cargo.diesel","company_truck":"man_6x4_b","trailer_variant":"trailer.fuel_cistern","trailer_definition":"trailer_def.diesel.fuel_cistern","units_count":100,"fill_ratio":1,"trailer_place":0},{"target":"ns_oil.targu_mures","urgency":0,"shortest_distance_km":747,"ferry_time":0,"ferry_price":0,"cargo":"cargo.fueltanker","company_truck":"scania_streamline_4x2_b","trailer_variant":"trailer.scs_flat_c_r","trailer_definition":"trailer_def.scs.flatbed.single_3.container","units_count":87,"fill_ratio":1,"trailer_place":0}],"rock_eater.sofia":[{"target":"cemelt_fl_ru.sofia","urgency":1,"shortest_distance_km":70,"ferry_time":0,"ferry_price":0,"cargo":"cargo.stones","company_truck":"man_6x4_b","trailer_variant":"trailer.s_ki_solid.cover","trailer_definition":"trailer_def.stones.s_ki_solid.cover","units_count":100,"fill_ratio":1,"trailer_place":0}],"rock_eater.varna":[{"target":"balkan_loco.veli_tarnovo","urgency":1,"shortest_distance_km":198,"ferry_time":0,"ferry_price":0,"cargo":"cargo.stones","company_truck":"scania_s_4x2_370","trailer_variant":"trailer.s_ki_solid.cover","trailer_definition":"trailer_def.stones.s_ki_solid.cover","units_count":100,"fill_ratio":1,"trailer_place":0},{"target":"radus_ru.varna","urgency":1,"shortest_distance_km":100,"ferry_time":0,"ferry_price":0,"cargo":"cargo.digger1000","company_truck":"renault_premium_6x2_a","trailer_variant":"trailer.overweight.digger1000","trailer_definition":"trailer_def.digger1000.overweight.digger1000","units_count":100,"fill_ratio":1,"trailer_place":0},{"target":"balkan_loco.pleven","urgency":0,"shortest_distance_km":264,"ferry_time":0,"ferry_price":0,"cargo":"cargo.gravel","company_truck":"man_tgx_euro6_4x2_xxl","trailer_variant":"trailer.s_ki_solid.gravel","trailer_definition":"trailer_def.gravel.s_ki_solid.gravel","units_count":100,"fill_ratio":1,"trailer_place":0}],"radus_ru.varna":[{"target":"balkan_loco.veli_tarnovo","urgency":0,"shortest_distance_km":191,"ferry_time":0,"ferry_price":0,"cargo":"cargo.emptytank","company_truck":"iveco_4x2_a","trailer_variant":"trailer.scs_flat_c_g","trailer_definition":"trailer_def.scs.flatbed.single_3.container","units_count":2,"fill_ratio":1,"trailer_place":0}],"balkan_loco.ruse":[{"target":"domdepo.bucuresti","urgency":0,"shortest_distance_km":75,"ferry_time":0,"ferry_price":0,"cargo":"cargo.logs","company_truck":"iveco_4x2_a","trailer_variant":"trailer.scs_log","trailer_definition":"trailer_def.scs.log.single_3.steel","units_count":2,"fill_ratio":1,"trailer_place":0}],"sporklift.plovdiv":[{"target":"balkan_loco.veli_tarnovo","urgency":0,"shortest_distance_km":221,"ferry_time":0,"ferry_price":0,"cargo":"cargo.used_plast","company_truck":"scania_r_6x4_650","trailer_variant":"trailer.scs_dry_s","trailer_definition":"trailer_def.scs.box.single_3.dryvan","units_count":33,"fill_ratio":1,"trailer_place":0},{"target":"ttk_bg.sofia","urgency":1,"shortest_distance_km":228,"ferry_time":0,"ferry_price":0,"cargo":"cargo.used_plast_c","company_truck":"scania_r_6x4_650","trailer_variant":"trailer.scs_gosck220","trailer_definition":"trailer_def.scs.gooseneck.singl_3e_220.container","units_count":30,"fill_ratio":1,"trailer_place":0},{"target":"balkan_loco.ruse","urgency":0,"shortest_distance_km":283,"ferry_time":0,"ferry_price":0,"cargo":"cargo.scrap_metals","company_truck":"man_6x4_b","trailer_variant":"trailer.s_ki_solid.cover","trailer_definition":"trailer_def.scrap_metals.s_ki_solid.cover","units_count":100,"fill_ratio":1,"trailer_place":0}],"kaarfor.craiova":[{"target":"brawen.bucuresti","urgency":1,"shortest_distance_km":243,"ferry_time":0,"ferry_price":0,"cargo":"cargo.used_plast_c","company_truck":"mercedes_actros_2014_4x2_a","trailer_variant":"trailer.scs_flat_c_r","trailer_definition":"trailer_def.scs.flatbed.single_3.container","units_count":33,"fill_ratio":1,"trailer_place":0},{"target":"lognstick.bucuresti","urgency":2,"shortest_distance_km":242,"ferry_time":0,"ferry_price":0,"cargo":"cargo.empty_palet","company_truck":"man_6x4_b","trailer_variant":"trailer.scs_curt","trailer_definition":"trailer_def.scs.box.single_3.curtain","units_count":33,"fill_ratio":1,"trailer_place":0}],"st_roza_bg.pernik":[{"target":"domdepo.timisoara","urgency":2,"shortest_distance_km":756,"ferry_time":0,"ferry_price":0,"cargo":"cargo.wallpanels","company_truck":"scania_6x4_a","trailer_variant":"trailer.panel_trans.wall","trailer_definition":"trailer_def.wallpanels.panel_trans.wall","units_count":100,"fill_ratio":1,"trailer_place":0}],"ttk_bg.varna":[{"target":"balkan_loco.veli_tarnovo","urgency":0,"shortest_distance_km":196,"ferry_time":0,"ferry_price":0,"cargo":"cargo.used_packag","company_truck":"mercedes_actros_2014_6x2_a","trailer_variant":"trailer.scs_dry","trailer_definition":"trailer_def.scs.box.single_3.dryvan","units_count":33,"fill_ratio":1,"trailer_place":0},{"target":"marina_fr.tekirdag","urgency":2,"shortest_distance_km":439,"ferry_time":0,"ferry_price":0,"cargo":"cargo.princess","company_truck":"scania_r_6x2_450","trailer_variant":"trailer.overweight.boat","trailer_definition":"trailer_def.princess.overweight.boat","units_count":100,"fill_ratio":1,"trailer_place":0},{"target":"kaarfor.constanta","urgency":0,"shortest_distance_km":104,"ferry_time":0,"ferry_price":0,"cargo":"cargo.nuts","company_truck":"man_4x2_a","trailer_variant":"trailer.scs_dry_a","trailer_definition":"trailer_def.scs.box.single_3.dryvan","units_count":33,"fill_ratio":1,"trailer_place":0},{"target":"lognstick.galati","urgency":1,"shortest_distance_km":323,"ferry_time":30,"ferry_price":65,"cargo":"cargo.glass_packed","company_truck":"mercedes_4x2_b","trailer_variant":"trailer.gls_trailer","trailer_definition":"trailer_def.glass_packed.gls_trailer","units_count":100,"fill_ratio":1,"trailer_place":0}],"kaarfor.bucuresti":[{"target":"fallow.timisoara","urgency":0,"shortest_distance_km":563,"ferry_time":0,"ferry_price":0,"cargo":"cargo.used_plast","company_truck":"renault_t_4x2","trailer_variant":"trailer.scs_dry_a","trailer_definition":"trailer_def.scs.box.single_3.dryvan","units_count":33,"fill_ratio":1,"trailer_place":0}],"marina_fr.cernavoda":[{"target":"brawen.bucuresti","urgency":2,"shortest_distance_km":148,"ferry_time":0,"ferry_price":0,"cargo":"cargo.princess","company_truck":"renault_premium_6x2_a","trailer_variant":"trailer.overweight.boat","trailer_definition":"trailer_def.princess.overweight.boat","units_count":100,"fill_ratio":1,"trailer_place":0}],"imp_otel.iasi":[{"target":"ttk_bg.varna","urgency":0,"shortest_distance_km":491,"ferry_time":30,"ferry_price":65,"cargo":"cargo.floorpanels","company_truck":"iveco_4x2_b","trailer_variant":"trailer.panel_trans.floor","trailer_definition":"trailer_def.floorpanels.panel_trans.floor","units_count":100,"fill_ratio":1,"trailer_place":0}],"dobr_ferm_bg.karlovo":[{"target":"balkan_loco.pleven","urgency":2,"shortest_distance_km":167,"ferry_time":0,"ferry_price":0,"cargo":"cargo.apples","company_truck":"daf_xf_euro6_4x2_c","trailer_variant":"trailer.scs_dry","trailer_definition":"trailer_def.scs.box.single_3.dryvan","units_count":33,"fill_ratio":1,"trailer_place":0},{"target":"balkan_loco.veli_tarnovo","urgency":1,"shortest_distance_km":107,"ferry_time":0,"ferry_price":0,"cargo":"cargo.honey","company_truck":"mercedes_actros_2014_4x2_b","trailer_variant":"trailer.scs_dry_s","trailer_definition":"trailer_def.scs.box.single_3.dryvan","units_count":33,"fill_ratio":1,"trailer_place":0}],"rock_eater.tekirdag":[{"target":"baltrak.istanbul","urgency":0,"shortest_distance_km":199,"ferry_time":0,"ferry_price":0,"cargo":"cargo.gravel","company_truck":"scania_6x2_b","trailer_variant":"trailer.s_ki_solid.gravel","trailer_definition":"trailer_def.gravel.s_ki_solid.gravel","units_count":100,"fill_ratio":1,"trailer_place":0}],"imp_otel.hunedoara":[{"target":"trainfoundry.resita","urgency":2,"shortest_distance_km":217,"ferry_time":0,"ferry_price":0,"cargo":"cargo.hipresstank","company_truck":"man_tgx_euro6_4x2_xxl","trailer_variant":"trailer.scs_flat_r","trailer_definition":"trailer_def.scs.flatbed.single_3.flatbed_w","units_count":2,"fill_ratio":1,"trailer_place":0}],"cnp.constanta":[{"target":"rump.craiova","urgency":1,"shortest_distance_km":455,"ferry_time":0,"ferry_price":0,"cargo":"cargo.motor_oil","company_truck":"daf_xf_euro6_4x2_a","trailer_variant":"trailer.scs_curt_s","trailer_definition":"trailer_def.scs.box.single_3.curtain","units_count":33,"fill_ratio":1,"trailer_place":0},{"target":"balkan_loco.pleven","urgency":0,"shortest_distance_km":388,"ferry_time":0,"ferry_price":0,"cargo":"cargo.lpg","company_truck":"renault_magnum_4x2_a","trailer_variant":"trailer.willig.fuel_cistern","trailer_definition":"trailer_def.lpg.willig.fuel_cistern","units_count":101,"fill_ratio":1,"trailer_place":0}],"scs_paper.calarasi":[{"target":"fallow.timisoara","urgency":0,"shortest_distance_km":662,"ferry_time":0,"ferry_price":0,"cargo":"cargo.paper","company_truck":"scania_4x2_a","trailer_variant":"trailer.scs_dry_m","trailer_definition":"trailer_def.scs.box.single_3.dryvan_m","units_count":33,"fill_ratio":1,"trailer_place":0},{"target":"baltrak.tekirdag","urgency":2,"shortest_distance_km":687,"ferry_time":0,"ferry_price":0,"cargo":"cargo.empty_palet","company_truck":"scania_r_6x4_650","trailer_variant":"trailer.scs_curt_a","trailer_definition":"trailer_def.scs.box.single_3.curtain","units_count":33,"fill_ratio":1,"trailer_place":0}],"low_field.constanta":[{"target":"kaarfor.constanta","urgency":2,"shortest_distance_km":64,"ferry_time":0,"ferry_price":0,"cargo":"cargo.beans","company_truck":"scania_streamline_4x2_c","trailer_variant":"trailer.scs_curt_a","trailer_definition":"trailer_def.scs.box.single_3.curtain","units_count":33,"fill_ratio":1,"trailer_place":0},{"target":"lognstick.hunedoara","urgency":2,"shortest_distance_km":664,"ferry_time":0,"ferry_price":0,"cargo":"cargo.carrots","company_truck":"scania_s_6x4_730","trailer_variant":"trailer.scs_dry_ms","trailer_definition":"trailer_def.scs.box.single_3.dryvan_m","units_count":33,"fill_ratio":1,"trailer_place":0},{"target":"balkan_loco.veli_tarnovo","urgency":0,"shortest_distance_km":334,"ferry_time":0,"ferry_price":0,"cargo":"cargo.plums","company_truck":"daf_xf_euro6_6x2_a","trailer_variant":"trailer.scs_ins","trailer_definition":"trailer_def.scs.box.single_3.insulated","units_count":33,"fill_ratio":1,"trailer_place":0}],"lognstick.hunedoara":[{"target":"kaarfor.hunedoara","urgency":1,"shortest_distance_km":2,"ferry_time":0,"ferry_price":0,"cargo":"cargo.potatoes","company_truck":"man_6x4_b","trailer_variant":"trailer.scs_dry_ms","trailer_definition":"trailer_def.scs.box.single_3.dryvan_m","units_count":33,"fill_ratio":1,"trailer_place":0}],"rimaf.iasi":[{"target":"kaarfor.pitesti","urgency":0,"shortest_distance_km":483,"ferry_time":0,"ferry_price":0,"cargo":"cargo.goat_cheese","company_truck":"mercedes_actros_2014_4x2_b","trailer_variant":"trailer.scs_ref","trailer_definition":"trailer_def.scs.box.single_3.reefer","units_count":33,"fill_ratio":1,"trailer_place":0},{"target":"subse.brasov","urgency":0,"shortest_distance_km":295,"ferry_time":0,"ferry_price":0,"cargo":"cargo.drymilk","company_truck":"scania_6x2_b","trailer_variant":"trailer.scs_dry","trailer_definition":"trailer_def.scs.box.single_3.dryvan","units_count":33,"fill_ratio":1,"trailer_place":0}],"kaarfor.iasi":[{"target":"subse.galati","urgency":2,"shortest_distance_km":263,"ferry_time":0,"ferry_price":0,"cargo":"cargo.empty_palet","company_truck":"iveco_h_4x2_a","trailer_variant":"trailer.scs_dry_ms","trailer_definition":"trailer_def.scs.box.single_3.dryvan_m","units_count":33,"fill_ratio":1,"trailer_place":0}],"rock_eater.brasov":[{"target":"domdepo.cluj_napoca","urgency":0,"shortest_distance_km":456,"ferry_time":0,"ferry_price":0,"cargo":"cargo.gravel","company_truck":"man_6x4_b","trailer_variant":"trailer.s_ki_solid.gravel","trailer_definition":"trailer_def.gravel.s_ki_solid.gravel","units_count":100,"fill_ratio":1,"trailer_place":0}],"radus_ru.burgas":[{"target":"balkan_loco.veli_tarnovo","urgency":2,"shortest_distance_km":231,"ferry_time":0,"ferry_price":0,"cargo":"cargo.bricks","company_truck":"scania_streamline_4x2_b","trailer_variant":"trailer.scs_brick_r","trailer_definition":"trailer_def.scs.flatbed.single_3.brick","units_count":33,"fill_ratio":1,"trailer_place":0}],"balkan_loco.craiova":[{"target":"domdepo.bucuresti","urgency":1,"shortest_distance_km":225,"ferry_time":0,"ferry_price":0,"cargo":"cargo.glass","company_truck":"renault_premium_4x2_a","trailer_variant":"trailer.panel_trans.glass","trailer_definition":"trailer_def.glass.panel_trans.glass","units_count":100,"fill_ratio":1,"trailer_place":0}],"fallow.targu_mures":[{"target":"lognstick.bucuresti","urgency":0,"shortest_distance_km":455,"ferry_time":0,"ferry_price":0,"cargo":"cargo.drymilk","company_truck":"scania_4x2_a","trailer_variant":"trailer.scs_dry_ms","trailer_definition":"trailer_def.scs.box.single_3.dryvan_m","units_count":33,"fill_ratio":1,"trailer_place":0},{"target":"kolico.iasi","urgency":1,"shortest_distance_km":256,"ferry_time":0,"ferry_price":0,"cargo":"cargo.apples_c","company_truck":"daf_4x2_b","trailer_variant":"trailer.scs_gosck220","trailer_definition":"trailer_def.scs.gooseneck.singl_3e_220.container","units_count":30,"fill_ratio":1,"trailer_place":0},{"target":"kaarfor.hunedoara","urgency":1,"shortest_distance_km":223,"ferry_time":0,"ferry_price":0,"cargo":"cargo.toys","company_truck":"man_tgx_euro6_4x2_xxl","trailer_variant":"trailer.scs_dry_m","trailer_definition":"trailer_def.scs.box.single_3.dryvan_m","units_count":33,"fill_ratio":1,"trailer_place":0}],"cnp.pitesti":[{"target":"st_roza_bg.pirdop","urgency":1,"shortest_distance_km":397,"ferry_time":0,"ferry_price":0,"cargo":"cargo.motor_oil_c","company_truck":"scania_s_4x2_580","trailer_variant":"trailer.scs_gosck220","trailer_definition":"trailer_def.scs.gooseneck.singl_3e_220.container","units_count":30,"fill_ratio":1,"trailer_place":0}],"sporklift.karlovo":[{"target":"lognstick.galati","urgency":0,"shortest_distance_km":492,"ferry_time":0,"ferry_price":0,"cargo":"cargo.used_packag","company_truck":"scania_r_6x4_650","trailer_variant":"trailer.scs_curt_a","trailer_definition":"trailer_def.scs.box.single_3.curtain","units_count":33,"fill_ratio":1,"trailer_place":0},{"target":"ttk_bg.varna","urgency":1,"shortest_distance_km":315,"ferry_time":0,"ferry_price":0,"cargo":"cargo.used_battery","company_truck":"daf_xf_euro6_6x4_c","trailer_variant":"trailer.scs_curt_a","trailer_definition":"trailer_def.scs.box.single_3.curtain","units_count":33,"fill_ratio":1,"trailer_place":0},{"target":"ttk_bg.varna","urgency":0,"shortest_distance_km":315,"ferry_time":0,"ferry_price":0,"cargo":"cargo.scrap_metals","company_truck":"daf_xf_euro6_4x2_a","trailer_variant":"trailer.s_ki_solid.cover","trailer_definition":"trailer_def.scrap_metals.s_ki_solid.cover","units_count":100,"fill_ratio":1,"trailer_place":0}],"kaarfor.ruse":[{"target":"balkan_loco.veli_tarnovo","urgency":0,"shortest_distance_km":56,"ferry_time":0,"ferry_price":0,"cargo":"cargo.used_plast","company_truck":"mercedes_actros_2014_6x4_b","trailer_variant":"trailer.scs_dry_s","trailer_definition":"trailer_def.scs.box.single_3.dryvan","units_count":33,"fill_ratio":1,"trailer_place":0}],"cemelt_fla.bucuresti":[{"target":"rock_eater.galati","urgency":0,"shortest_distance_km":214,"ferry_time":0,"ferry_price":0,"cargo":"cargo.digger500","company_truck":"daf_4x2_a","trailer_variant":"trailer.overweight.digger500","trailer_definition":"trailer_def.digger500.overweight.digger500","units_count":100,"fill_ratio":1,"trailer_place":0},{"target":"lognstick.galati","urgency":1,"shortest_distance_km":239,"ferry_time":0,"ferry_price":0,"cargo":"cargo.excavator","company_truck":"scania_r_4x2_520","trailer_variant":"trailer.overweight.excavator","trailer_definition":"trailer_def.excavator.overweight.excavator","units_count":100,"fill_ratio":1,"trailer_place":0}],"rock_eater.burgas":[{"target":"balkan_loco.veli_tarnovo","urgency":0,"shortest_distance_km":248,"ferry_time":0,"ferry_price":0,"cargo":"cargo.excav_soil","company_truck":"scania_s_4x2_370","trailer_variant":"trailer.s_ki_solid.cover","trailer_definition":"trailer_def.excav_soil.s_ki_solid.cover","units_count":100,"fill_ratio":1,"trailer_place":0},{"target":"ttk_bg.plovdiv","urgency":1,"shortest_distance_km":287,"ferry_time":0,"ferry_price":0,"cargo":"cargo.excavator","company_truck":"renault_premium_4x2_c","trailer_variant":"trailer.overweight.excavator","trailer_definition":"trailer_def.excavator.overweight.excavator","units_count":100,"fill_ratio":1,"trailer_place":0}],"balkan_loco.veli_tarnovo":[{"target":"lognstick.bucuresti","urgency":0,"shortest_distance_km":182,"ferry_time":0,"ferry_price":0,"cargo":"cargo.cauliflower","company_truck":"scania_streamline_6x4_a","trailer_variant":"trailer.scs_dry","trailer_definition":"trailer_def.scs.box.single_3.dryvan","units_count":33,"fill_ratio":1,"trailer_place":0}],"balkan_loco.pleven":[{"target":"spinelli.pitesti","urgency":1,"shortest_distance_km":326,"ferry_time":0,"ferry_price":0,"cargo":"cargo.vent_tube","company_truck":"iveco_4x2_c","trailer_variant":"trailer.scs_flat_b","trailer_definition":"trailer_def.scs.flatbed.single_3.flatbed_w","units_count":2,"fill_ratio":1,"trailer_place":0},{"target":"ttk_bg.plovdiv","urgency":0,"shortest_distance_km":280,"ferry_time":0,"ferry_price":0,"cargo":"cargo.plums","company_truck":"scania_r_6x4_650","trailer_variant":"trailer.scs_ref","trailer_definition":"trailer_def.scs.box.single_3.reefer","units_count":33,"fill_ratio":1,"trailer_place":0}],"sporklift.bucuresti":[{"target":"brawen.bacau","urgency":1,"shortest_distance_km":516,"ferry_time":0,"ferry_price":0,"cargo":"cargo.used_battery","company_truck":"renault_premium_4x2_a","trailer_variant":"trailer.scs_dry_m","trailer_definition":"trailer_def.scs.box.single_3.dryvan_m","units_count":33,"fill_ratio":1,"trailer_place":0},{"target":"ttk_bg.varna","urgency":0,"shortest_distance_km":249,"ferry_time":0,"ferry_price":0,"cargo":"cargo.scrap_metals","company_truck":"mercedes_actros_2014_6x2_a","trailer_variant":"trailer.s_ki_solid.cover","trailer_definition":"trailer_def.scrap_metals.s_ki_solid.cover","units_count":100,"fill_ratio":1,"trailer_place":0}],"rimaf.galati":[{"target":"balkan_loco.pleven","urgency":0,"shortest_distance_km":341,"ferry_time":0,"ferry_price":0,"cargo":"cargo.goat_cheese","company_truck":"daf_xf_euro6_4x2_a","trailer_variant":"trailer.scs_ref_a","trailer_definition":"trailer_def.scs.box.single_3.reefer","units_count":33,"fill_ratio":1,"trailer_place":0}],"kaarfor.targu_mures":[{"target":"fallow.targu_mures","urgency":1,"shortest_distance_km":1,"ferry_time":0,"ferry_price":0,"cargo":"cargo.used_plast_c","company_truck":"mercedes_4x2_c","trailer_variant":"trailer.scs_gosck20","trailer_definition":"trailer_def.scs.gooseneck.singl_3e_20.container","units_count":15,"fill_ratio":1,"trailer_place":0},{"target":"cnp.pitesti","urgency":2,"shortest_distance_km":337,"ferry_time":0,"ferry_price":0,"cargo":"cargo.empty_palet","company_truck":"daf_6x2_a","trailer_variant":"trailer.scs_curt_s","trailer_definition":"trailer_def.scs.box.single_3.curtain","units_count":33,"fill_ratio":1,"trailer_place":0}],"bhv.iasi":[{"target":"fallow.cluj_napoca","urgency":0,"shortest_distance_km":501,"ferry_time":0,"ferry_price":0,"cargo":"cargo.mondeos","company_truck":"renault_premium_6x4_a","trailer_variant":"trailer.car_trans3","trailer_definition":"trailer_def.mondeos.car_trans3","units_count":100,"fill_ratio":1,"trailer_place":0}],"dobr_ferm_bg.sofia":[{"target":"baltrak.tekirdag","urgency":2,"shortest_distance_km":792,"ferry_time":0,"ferry_price":0,"cargo":"cargo.beans","company_truck":"man_6x4_b","trailer_variant":"trailer.scs_dry_m","trailer_definition":"trailer_def.scs.box.single_3.dryvan_m","units_count":33,"fill_ratio":1,"trailer_place":0}],"radus.tekirdag":[{"target":"lognstick.tekirdag","urgency":0,"shortest_distance_km":1,"ferry_time":0,"ferry_price":0,"cargo":"cargo.diggers","company_truck":"man_4x2_c","trailer_variant":"trailer.overweight.digger","trailer_definition":"trailer_def.diggers.overweight.digger","units_count":100,"fill_ratio":1,"trailer_place":0},{"target":"cemelt_fla.edirne","urgency":2,"shortest_distance_km":187,"ferry_time":0,"ferry_price":0,"cargo":"cargo.bricks","company_truck":"man_6x4_b","trailer_variant":"trailer.scs_brick_r","trailer_definition":"trailer_def.scs.flatbed.single_3.brick","units_count":33,"fill_ratio":1,"trailer_place":0}],"tm_istanbul.istanbul":[{"target":"balkan_loco.ruse","urgency":1,"shortest_distance_km":482,"ferry_time":0,"ferry_price":0,"cargo":"cargo.big_bag_seed","company_truck":"iveco_6x2_a","trailer_variant":"trailer.scs_curt","trailer_definition":"trailer_def.scs.box.single_3.curtain","units_count":33,"fill_ratio":1,"trailer_place":0},{"target":"cnp.pitesti","urgency":1,"shortest_distance_km":656,"ferry_time":0,"ferry_price":0,"cargo":"cargo.petrol","company_truck":"daf_xf_euro6_4x2_a","trailer_variant":"trailer.fuel_cistern","trailer_definition":"trailer_def.petrol.fuel_cistern","units_count":100,"fill_ratio":1,"trailer_place":0},{"target":"balkan_loco.ruse","urgency":2,"shortest_distance_km":482,"ferry_time":0,"ferry_price":0,"cargo":"cargo.oil_filt_c","company_truck":"renault_t_4x2h","trailer_variant":"trailer.scs_gosck40","trailer_definition":"trailer_def.scs.gooseneck.singl_3e_40.container","units_count":30,"fill_ratio":1,"trailer_place":0}],"fallow.cluj_napoca":[{"target":"subse.brasov","urgency":1,"shortest_distance_km":403,"ferry_time":0,"ferry_price":0,"cargo":"cargo.vent_tube","company_truck":"scania_s_4x2_370","trailer_variant":"trailer.scs_flat_b","trailer_definition":"trailer_def.scs.flatbed.single_3.flatbed_w","units_count":2,"fill_ratio":1,"trailer_place":0},{"target":"kaarfor.iasi","urgency":2,"shortest_distance_km":527,"ferry_time":0,"ferry_price":0,"cargo":"cargo.cheese","company_truck":"scania_4x2_b","trailer_variant":"trailer.scs_ins_s","trailer_definition":"trailer_def.scs.box.single_3.insulated","units_count":33,"fill_ratio":1,"trailer_place":0}],"bhv.galati":[{"target":"balkan_loco.ruse","urgency":0,"shortest_distance_km":297,"ferry_time":0,"ferry_price":0,"cargo":"cargo.mondeos","company_truck":"renault_premium_4x2_a","trailer_variant":"trailer.car_trans","trailer_definition":"trailer_def.mondeos.car_trans","units_count":100,"fill_ratio":1,"trailer_place":0}],"cgla.ruse":[{"target":"baltrak.tekirdag","urgency":1,"shortest_distance_km":560,"ferry_time":0,"ferry_price":0,"cargo":"cargo.glass","company_truck":"mercedes_actros_2014_4x2_c","trailer_variant":"trailer.panel_trans.glass","trailer_definition":"trailer_def.glass.panel_trans.glass","units_count":100,"fill_ratio":1,"trailer_place":0},{"target":"balkan_loco.veli_tarnovo","urgency":1,"shortest_distance_km":150,"ferry_time":0,"ferry_price":0,"cargo":"cargo.glass_packed","company_truck":"daf_xf_euro6_6x2_a","trailer_variant":"trailer.gls_trailer","trailer_definition":"trailer_def.glass_packed.gls_trailer","units_count":100,"fill_ratio":1,"trailer_place":0}],"st_roza_bg.pirdop":[{"target":"ttk_bg.plovdiv","urgency":0,"shortest_distance_km":109,"ferry_time":0,"ferry_price":0,"cargo":"cargo.floorpanels","company_truck":"man_6x4_b","trailer_variant":"trailer.panel_trans.floor","trailer_definition":"trailer_def.floorpanels.panel_trans.floor","units_count":100,"fill_ratio":1,"trailer_place":0},{"target":"cemelt_fla.edirne","urgency":2,"shortest_distance_km":346,"ferry_time":0,"ferry_price":0,"cargo":"cargo.wallpanels","company_truck":"scania_4x2_a","trailer_variant":"trailer.panel_trans.wall","trailer_definition":"trailer_def.wallpanels.panel_trans.wall","units_count":100,"fill_ratio":1,"trailer_place":0}],"ttk_bg.sofia":[{"target":"fallow.istanbul","urgency":0,"shortest_distance_km":576,"ferry_time":0,"ferry_price":0,"cargo":"cargo.nuts","company_truck":"scania_6x2_b","trailer_variant":"trailer.scs_dry_s","trailer_definition":"trailer_def.scs.box.single_3.dryvan","units_count":33,"fill_ratio":1,"trailer_place":0}],"ns_oil.istanbul":[{"target":"balkan_loco.veli_tarnovo","urgency":1,"shortest_distance_km":421,"ferry_time":0,"ferry_price":0,"cargo":"cargo.petrol","company_truck":"scania_r_6x2_450","trailer_variant":"trailer.willig.fuel_cistern","trailer_definition":"trailer_def.petrol.willig.fuel_cistern","units_count":101,"fill_ratio":1,"trailer_place":0},{"target":"st_roza_bg.pirdop","urgency":1,"shortest_distance_km":469,"ferry_time":0,"ferry_price":0,"cargo":"cargo.motor_oil","company_truck":"renault_premium_4x2_a","trailer_variant":"trailer.scs_curt_s","trailer_definition":"trailer_def.scs.box.single_3.curtain","units_count":33,"fill_ratio":1,"trailer_place":0},{"target":"cnp.burgas","urgency":0,"shortest_distance_km":379,"ferry_time":0,"ferry_price":0,"cargo":"cargo.kerosene","company_truck":"scania_r_4x2_520","trailer_variant":"trailer.willig.fuel_cistern","trailer_definition":"trailer_def.kerosene.willig.fuel_cistern","units_count":100,"fill_ratio":1,"trailer_place":0},{"target":"balkan_loco.edirne","urgency":1,"shortest_distance_km":196,"ferry_time":0,"ferry_price":0,"cargo":"cargo.motor_oil_c","company_truck":"scania_s_6x4_730","trailer_variant":"trailer.scs_gosck40","trailer_definition":"trailer_def.scs.gooseneck.singl_3e_40.container","units_count":30,"fill_ratio":1,"trailer_place":0}],"kolico.iasi":[{"target":"fallow.targu_mures","urgency":1,"shortest_distance_km":255,"ferry_time":0,"ferry_price":0,"cargo":"cargo.beverages","company_truck":"mercedes_6x4_a","trailer_variant":"trailer.scs_curt_a","trailer_definition":"trailer_def.scs.box.single_3.curtain","units_count":33,"fill_ratio":1,"trailer_place":0},{"target":"lognstick.galati","urgency":0,"shortest_distance_km":177,"ferry_time":0,"ferry_price":0,"cargo":"cargo.carb_water","company_truck":"iveco_h_4x2_a","trailer_variant":"trailer.scs_dry_s","trailer_definition":"trailer_def.scs.box.single_3.dryvan","units_count":33,"fill_ratio":1,"trailer_place":0},{"target":"fallow.cluj_napoca","urgency":0,"shortest_distance_km":509,"ferry_time":0,"ferry_price":0,"cargo":"cargo.limonades","company_truck":"iveco_4x2_a","trailer_variant":"trailer.scs_dry","trailer_definition":"trailer_def.scs.box.single_3.dryvan","units_count":33,"fill_ratio":1,"trailer_place":0}],"ocean_sol.varna":[{"target":"baltrak.istanbul","urgency":0,"shortest_distance_km":469,"ferry_time":0,"ferry_price":0,"cargo":"cargo.scrap_metals","company_truck":"daf_xf_euro6_4x2_b","trailer_variant":"trailer.s_ki_solid.cover","trailer_definition":"trailer_def.scrap_metals.s_ki_solid.cover","units_count":100,"fill_ratio":1,"trailer_place":0},{"target":"ttk_bg.varna","urgency":0,"shortest_distance_km":1,"ferry_time":0,"ferry_price":0,"cargo":"cargo.used_packag","company_truck":"scania_s_4x2_580","trailer_variant":"trailer.scs_dry_m","trailer_definition":"trailer_def.scs.box.single_3.dryvan_m","units_count":33,"fill_ratio":1,"trailer_place":0}],"kaarfor.edirne":[{"target":"baltrak.tekirdag","urgency":0,"shortest_distance_km":205,"ferry_time":0,"ferry_price":0,"cargo":"cargo.used_packag","company_truck":"man_4x2_a","trailer_variant":"trailer.scs_curt","trailer_definition":"trailer_def.scs.box.single_3.curtain","units_count":33,"fill_ratio":1,"trailer_place":0},{"target":"cnp.burgas","urgency":2,"shortest_distance_km":267,"ferry_time":0,"ferry_price":0,"cargo":"cargo.empty_palet","company_truck":"mercedes_actros_2014_4x2_b","trailer_variant":"trailer.scs_dry_ms","trailer_definition":"trailer_def.scs.box.single_3.dryvan_m","units_count":33,"fill_ratio":1,"trailer_place":0},{"target":"ttk_bg.varna","urgency":0,"shortest_distance_km":339,"ferry_time":0,"ferry_price":0,"cargo":"cargo.used_plast","company_truck":"scania_streamline_4x2_a","trailer_variant":"trailer.scs_curt","trailer_definition":"trailer_def.scs.box.single_3.curtain","units_count":33,"fill_ratio":1,"trailer_place":0}],"ocean_sol.mangalia":[{"target":"radus_ru.ruse","urgency":0,"shortest_distance_km":234,"ferry_time":0,"ferry_price":0,"cargo":"cargo.scrap_metals","company_truck":"scania_6x2_b","trailer_variant":"trailer.s_ki_solid.cover","trailer_definition":"trailer_def.scrap_metals.s_ki_solid.cover","units_count":100,"fill_ratio":1,"trailer_place":0},{"target":"ttk_bg.varna","urgency":2,"shortest_distance_km":59,"ferry_time":0,"ferry_price":0,"cargo":"cargo.empty_palet","company_truck":"scania_s_4x2_370","trailer_variant":"trailer.scs_dry_ms","trailer_definition":"trailer_def.scs.box.single_3.dryvan_m","units_count":33,"fill_ratio":1,"trailer_place":0}]}