{"itcc.luxembourg":[{"target":"lkwlog.stuttgart","urgency":1,"shortest_distance_km":412,"ferry_time":0,"ferry_price":0,"cargo":"cargo.metal_beams","company_truck":"man_6x4_b","trailer_variant":"trailer.scs_flat_b","trailer_definition":"trailer_def.scs.flatbed.single_3.flatbed_w","units_count":10,"fill_ratio":1,"trailer_place":0}],"nbfc.liverpool":[{"target":"nch.vilnius","urgency":1,"shortest_distance_km":2375,"ferry_time":35,"ferry_price":300,"cargo":"cargo.chemicals","company_truck":"man_tgx_euro6_6x4_xlx","trailer_variant":"trailer.chcistern","trailer_definition":"trailer_def.chemicals.chcistern","units_count":100,"fill_ratio":1,"trailer_place":0}],"transinet.rotterdam":[{"target":"tradeaux.rostock","urgency":2,"shortest_distance_km":660,"ferry_time":0,"ferry_price":0,"cargo":"cargo.concr_cent","company_truck":"man_6x4_b","trailer_variant":"trailer.scs_flat_c_g","trailer_definition":"trailer_def.scs.flatbed.single_3.container","units_count":2,"fill_ratio":1,"trailer_place":0}],"itcc.rostock":[{"target":"stokes.kiel","urgency":0,"shortest_distance_km":190,"ferry_time":0,"ferry_price":0,"cargo":"cargo.concr_stair","company_truck":"scania_streamline_4x2_c","trailer_variant":"trailer.scs_flat_c_r","trailer_definition":"trailer_def.scs.flatbed.single_3.container","units_count":2,"fill_ratio":1,"trailer_place":0}],"euroacres.berlin":[{"target":"suprema.rezekne","urgency":2,"shortest_distance_km":1168,"ferry_time":0,"ferry_price":0,"cargo":"cargo.peas","company_truck":"mercedes_actros_2014_6x2_a","trailer_variant":"trailer.scs_dry_a","trailer_definition":"trailer_def.scs.box.single_3.dryvan","units_count":33,"fill_ratio":1,"trailer_place":0}],"tradeaux.rostock":[{"target":"posped.zurich","urgency":0,"shortest_distance_km":987,"ferry_time":0,"ferry_price":0,"cargo":"cargo.train_part","company_truck":"scania_r_6x2_450","trailer_variant":"trailer.scs_flat_b","trailer_definition":"trailer_def.scs.flatbed.single_3.flatbed_w","units_count":2,"fill_ratio":1,"trailer_place":0}],"sellplan.prague":[{"target":"rosmark.riga","urgency":1,"shortest_distance_km":1244,"ferry_time":0,"ferry_price":0,"cargo":"cargo.used_plast_c","company_truck":"mercedes_actros_2014_4x2_c","trailer_variant":"trailer.scs_gosck220","trailer_definition":"trailer_def.scs.gooseneck.singl_3e_220.container","units_count":30,"fill_ratio":1,"trailer_place":0}],"transinet.dresden":[{"target":"sanbuilders.erfurt","urgency":0,"shortest_distance_km":270,"ferry_time":0,"ferry_price":0,"cargo":"cargo.concr_stair","company_truck":"scania_6x4_a","trailer_variant":"trailer.scs_flat_c_r","trailer_definition":"trailer_def.scs.flatbed.single_3.container","units_count":2,"fill_ratio":1,"trailer_place":0}],"kaarfor.edinburgh":[{"target":"ns_chem.pori","urgency":2,"shortest_distance_km":1511,"ferry_time":1680,"ferry_price":2484,"cargo":"cargo.empty_palet","company_truck":"man_6x4_b","trailer_variant":"trailer.scs_dry_ms","trailer_definition":"trailer_def.scs.box.single_3.dryvan_m","units_count":32,"fill_ratio":1,"trailer_place":0}],"transinet.dortmund":[{"target":"sanbuilders.hamburg","urgency":0,"shortest_distance_km":348,"ferry_time":0,"ferry_price":0,"cargo":"cargo.concr_beams2","company_truck":"renault_magnum_6x2_a","trailer_variant":"trailer.scs_flat_b","trailer_definition":"trailer_def.scs.flatbed.single_3.flatbed_w","units_count":2,"fill_ratio":1,"trailer_place":0}],"itcc.sheffield":[{"target":"sanbuilders.birmingham","urgency":0,"shortest_distance_km":152,"ferry_time":0,"ferry_price":0,"cargo":"cargo.concr_beams2","company_truck":"man_tgx_euro6_6x4_xlx","trailer_variant":"trailer.scs_flat_b","trailer_definition":"trailer_def.scs.flatbed.single_3.flatbed_w","units_count":2,"fill_ratio":1,"trailer_place":0}],"sellplan.london":[{"target":"nch.tallinn","urgency":2,"shortest_distance_km":2482,"ferry_time":35,"ferry_price":300,"cargo":"cargo.empty_palet","company_truck":"scania_streamline_6x4_a","trailer_variant":"trailer.scs_curt_s","trailer_definition":"trailer_def.scs.box.single_3.curtain","units_count":33,"fill_ratio":1,"trailer_place":0}],"itcc.koln":[{"target":"lkwlog.duisburg","urgency":1,"shortest_distance_km":115,"ferry_time":0,"ferry_price":0,"cargo":"cargo.metal_beams","company_truck":"daf_4x2_b","trailer_variant":"trailer.scs_flat_r","trailer_definition":"trailer_def.scs.flatbed.single_3.flatbed_w","units_count":10,"fill_ratio":1,"trailer_place":0}],"eurogoodies.bremen":[{"target":"suprema.parnu","urgency":0,"shortest_distance_km":1568,"ferry_time":0,"ferry_price":0,"cargo":"cargo.plums","company_truck":"man_6x4_b","trailer_variant":"trailer.scs_ref","trailer_definition":"trailer_def.scs.box.single_3.reefer","units_count":33,"fill_ratio":1,"trailer_place":0}],"radus.kouvola":[{"target":"rosmark_ru.vyborg","urgency":2,"shortest_distance_km":170,"ferry_time":0,"ferry_price":0,"cargo":"cargo.concr_cent","company_truck":"scania_r_6x4_650","trailer_variant":"trailer.scs_flat_c_g","trailer_definition":"trailer_def.scs.flatbed.single_3.container","units_count":2,"fill_ratio":1,"trailer_place":0},{"target":"kivi.turku","urgency":0,"shortest_distance_km":314,"ferry_time":0,"ferry_price":0,"cargo":"cargo.emptytank","company_truck":"renault_magnum_6x4_a","trailer_variant":"trailer.scs_flat_r","trailer_definition":"trailer_def.scs.flatbed.single_3.flatbed_w","units_count":2,"fill_ratio":1,"trailer_place":0}],"radus.tartu":[{"target":"nch.riga","urgency":2,"shortest_distance_km":285,"ferry_time":0,"ferry_price":0,"cargo":"cargo.bricks","company_truck":"man_6x4_b","trailer_variant":"trailer.scs_brick_b","trailer_definition":"trailer_def.scs.flatbed.single_3.brick","units_count":33,"fill_ratio":1,"trailer_place":0},{"target":"nch.tallinn","urgency":2,"shortest_distance_km":167,"ferry_time":0,"ferry_price":0,"cargo":"cargo.concr_cent","company_truck":"mercedes_4x2","trailer_variant":"trailer.scs_flat_c_g","trailer_definition":"trailer_def.scs.flatbed.single_3.container","units_count":2,"fill_ratio":1,"trailer_place":0}],"baltomorsk.kaunas":[{"target":"cemelt_hal.panevezys","urgency":0,"shortest_distance_km":117,"ferry_time":0,"ferry_price":0,"cargo":"cargo.digger500","company_truck":"daf_6x2_a","trailer_variant":"trailer.overweight.digger500","trailer_definition":"trailer_def.digger500.overweight.digger500","units_count":100,"fill_ratio":1,"trailer_place":0},{"target":"nch.riga","urgency":2,"shortest_distance_km":261,"ferry_time":0,"ferry_price":0,"cargo":"cargo.empty_palet","company_truck":"mercedes_4x2_c","trailer_variant":"trailer.scs_dry_a","trailer_definition":"trailer_def.scs.box.single_3.dryvan","units_count":33,"fill_ratio":1,"trailer_place":0},{"target":"agrominta_a.utena","urgency":0,"shortest_distance_km":179,"ferry_time":0,"ferry_price":0,"cargo":"cargo.sawpanels","company_truck":"iveco_4x2_b","trailer_variant":"trailer.scs_curt","trailer_definition":"trailer_def.scs.box.single_3.curtain","units_count":33,"fill_ratio":1,"trailer_place":0}],"ns_chem.riga":[{"target":"baltomorsk.daugavpils","urgency":1,"shortest_distance_km":212,"ferry_time":0,"ferry_price":0,"cargo":"cargo.chemicals","company_truck":"scania_4x2_b","trailer_variant":"trailer.chcistern","trailer_definition":"trailer_def.chemicals.chcistern","units_count":100,"fill_ratio":1,"trailer_place":0},{"target":"nch.turku","urgency":0,"shortest_distance_km":543,"ferry_time":150,"ferry_price":430,"cargo":"cargo.fluorine","company_truck":"scania_r_6x4_650","trailer_variant":"trailer.scs_flat_c_g","trailer_definition":"trailer_def.scs.flatbed.single_3.container","units_count":87,"fill_ratio":1,"trailer_place":0},{"target":"nch.riga","urgency":1,"shortest_distance_km":1,"ferry_time":0,"ferry_price":0,"cargo":"cargo.nitrogen","company_truck":"iveco_4x2_b","trailer_variant":"trailer.scs_gosck220","trailer_definition":"trailer_def.scs.gooseneck.singl_3e_220.container","units_count":80,"fill_ratio":1,"trailer_place":0},{"target":"blt.siauliai","urgency":2,"shortest_distance_km":182,"ferry_time":0,"ferry_price":0,"cargo":"cargo.empty_palet","company_truck":"man_6x4_b","trailer_variant":"trailer.scs_curt","trailer_definition":"trailer_def.scs.box.single_3.curtain","units_count":33,"fill_ratio":1,"trailer_place":0}],"rosmark_ru.vyborg":[{"target":"nch_ru.petersburg","urgency":1,"shortest_distance_km":215,"ferry_time":0,"ferry_price":0,"cargo":"cargo.largetubes","company_truck":"man_6x4_b","trailer_variant":"trailer.scs_flat_c_g","trailer_definition":"trailer_def.scs.flatbed.single_3.container","units_count":2,"fill_ratio":1,"trailer_place":0},{"target":"suprema.tampere","urgency":0,"shortest_distance_km":351,"ferry_time":0,"ferry_price":0,"cargo":"cargo.cauliflower","company_truck":"iveco_h_4x2_a","trailer_variant":"trailer.scs_curt_s","trailer_definition":"trailer_def.scs.box.single_3.curtain","units_count":33,"fill_ratio":1,"trailer_place":0},{"target":"blt.paldiski","urgency":1,"shortest_distance_km":509,"ferry_time":0,"ferry_price":0,"cargo":"cargo.chocolate","company_truck":"scania_r_6x2_450","trailer_variant":"trailer.scs_curt","trailer_definition":"trailer_def.scs.box.single_3.curtain","units_count":32,"fill_ratio":1,"trailer_place":0}],"ns_chem.pori":[{"target":"nch.turku","urgency":2,"shortest_distance_km":141,"ferry_time":0,"ferry_price":0,"cargo":"cargo.hwaste","company_truck":"daf_4x2_b","trailer_variant":"trailer.scs_gosck220","trailer_definition":"trailer_def.scs.gooseneck.singl_3e_220.container","units_count":80,"fill_ratio":1,"trailer_place":0},{"target":"nch.turku","urgency":0,"shortest_distance_km":141,"ferry_time":0,"ferry_price":0,"cargo":"cargo.fluorine","company_truck":"mercedes_actros_2014_4x2_c","trailer_variant":"trailer.scs_flat_c_r","trailer_definition":"trailer_def.scs.flatbed.single_3.container","units_count":87,"fill_ratio":1,"trailer_place":0}],"ladoga_ru.kaliningrad":[{"target":"nch.vilnius","urgency":0,"shortest_distance_km":362,"ferry_time":0,"ferry_price":0,"cargo":"cargo.used_packag","company_truck":"mercedes_actros_2014_6x4_b","trailer_variant":"trailer.scs_curt","trailer_definition":"trailer_def.scs.box.single_3.curtain","units_count":33,"fill_ratio":1,"trailer_place":0}],"ukko.loviisa":[{"target":"lintukainen.tartu","urgency":1,"shortest_distance_km":378,"ferry_time":150,"ferry_price":430,"cargo":"cargo.digger1000","company_truck":"man_4x2_a","trailer_variant":"trailer.overweight.digger1000","trailer_definition":"trailer_def.digger1000.overweight.digger1000","units_count":100,"fill_ratio":1,"trailer_place":0}],"gnt.valmiera":[{"target":"blt.kaunas","urgency":0,"shortest_distance_km":405,"ferry_time":0,"ferry_price":0,"cargo":"cargo.grapes","company_truck":"scania_4x2_a","trailer_variant":"trailer.scs_ref_s","trailer_definition":"trailer_def.scs.box.single_3.reefer","units_count":33,"fill_ratio":1,"trailer_place":0},{"target":"polarislines.paldiski","urgency":2,"shortest_distance_km":357,"ferry_time":0,"ferry_price":0,"cargo":"cargo.maple_syrup","company_truck":"iveco_4x2_a","trailer_variant":"trailer.scs_dry_ms","trailer_definition":"trailer_def.scs.box.single_3.dryvan_m","units_count":33,"fill_ratio":1,"trailer_place":0}],"suprema.tampere":[{"target":"gnt.daugavpils","urgency":0,"shortest_distance_km":811,"ferry_time":150,"ferry_price":430,"cargo":"cargo.used_packag","company_truck":"mercedes_6x4_a","trailer_variant":"trailer.scs_curt","trailer_definition":"trailer_def.scs.box.single_3.curtain","units_count":33,"fill_ratio":1,"trailer_place":0},{"target":"nch.riga","urgency":1,"shortest_distance_km":598,"ferry_time":150,"ferry_price":430,"cargo":"cargo.used_plast_c","company_truck":"mercedes_actros_2014_6x4_b","trailer_variant":"trailer.scs_flat_c_r","trailer_definition":"trailer_def.scs.flatbed.single_3.container","units_count":33,"fill_ratio":1,"trailer_place":0}],"kivi.helsinki":[{"target":"nch.tallinn","urgency":1,"shortest_distance_km":212,"ferry_time":150,"ferry_price":430,"cargo":"cargo.stones","company_truck":"daf_xf_euro6_6x4_c","trailer_variant":"trailer.s_ki_solid.cover","trailer_definition":"trailer_def.stones.s_ki_solid.cover","units_count":100,"fill_ratio":1,"trailer_place":0}],"rosmark.rezekne":[{"target":"blt.kaunas","urgency":0,"shortest_distance_km":348,"ferry_time":0,"ferry_price":0,"cargo":"cargo.train_part2","company_truck":"iveco_4x2_b","trailer_variant":"trailer.scs_flat_c_g","trailer_definition":"trailer_def.scs.flatbed.single_3.container","units_count":2,"fill_ratio":1,"trailer_place":0}],"blt_ru.petersburg":[{"target":"renar.parnu","urgency":0,"shortest_distance_km":525,"ferry_time":0,"ferry_price":0,"cargo":"cargo.limonades","company_truck":"scania_s_4x2_580","trailer_variant":"trailer.scs_dry_a","trailer_definition":"trailer_def.scs.box.single_3.dryvan","units_count":30,"fill_ratio":1,"trailer_place":0},{"target":"ateria.lahti","urgency":2,"shortest_distance_km":424,"ferry_time":0,"ferry_price":0,"cargo":"cargo.sugar","company_truck":"scania_4x2_a","trailer_variant":"trailer.scs_dry_m","trailer_definition":"trailer_def.scs.box.single_3.dryvan_m","units_count":32,"fill_ratio":1,"trailer_place":0}],"sal_fi.helsinki":[{"target":"blt.tartu","urgency":1,"shortest_distance_km":256,"ferry_time":150,"ferry_price":430,"cargo":"cargo.radiators","company_truck":"man_tgx_euro6_6x4_xlx","trailer_variant":"trailer.scs_dry_s","trailer_definition":"trailer_def.scs.box.single_3.dryvan","units_count":33,"fill_ratio":1,"trailer_place":0},{"target":"onnelik_a.tartu","urgency":1,"shortest_distance_km":215,"ferry_time":150,"ferry_price":430,"cargo":"cargo.vent_tube","company_truck":"man_4x2_c","trailer_variant":"trailer.scs_flat_r","trailer_definition":"trailer_def.scs.flatbed.single_3.flatbed_w","units_count":2,"fill_ratio":1,"trailer_place":0}],"aerobalt.helsinki":[{"target":"nch.tallinn","urgency":2,"shortest_distance_km":152,"ferry_time":150,"ferry_price":430,"cargo":"cargo.med_vaccine","company_truck":"iveco_h_4x2_a","trailer_variant":"trailer.scs_ins","trailer_definition":"trailer_def.scs.box.single_3.insulated","units_count":33,"fill_ratio":1,"trailer_place":0}],"onnelik_a.tartu":[{"target":"blt.paldiski","urgency":0,"shortest_distance_km":165,"ferry_time":0,"ferry_price":0,"cargo":"cargo.beef_meat","company_truck":"man_tgx_euro6_6x4_xlx","trailer_variant":"trailer.scs_ref_a","trailer_definition":"trailer_def.scs.box.single_3.reefer","units_count":33,"fill_ratio":1,"trailer_place":0}],"ibp.helsinki":[{"target":"ns_oil.ventspils","urgency":0,"shortest_distance_km":699,"ferry_time":150,"ferry_price":430,"cargo":"cargo.kerosene","company_truck":"scania_4x2_c","trailer_variant":"trailer.fuel_cistern","trailer_definition":"trailer_def.kerosene.fuel_cistern","units_count":100,"fill_ratio":1,"trailer_place":0}],"nch_ru.petersburg":[{"target":"renar.narva","urgency":2,"shortest_distance_km":170,"ferry_time":0,"ferry_price":0,"cargo":"cargo.princess","company_truck":"man_4x2_c","trailer_variant":"trailer.overweight.boat","trailer_definition":"trailer_def.princess.overweight.boat","units_count":100,"fill_ratio":1,"trailer_place":0}],"lvr.riga":[{"target":"gnt.daugavpils","urgency":2,"shortest_distance_km":221,"ferry_time":0,"ferry_price":0,"cargo":"cargo.hipresstank","company_truck":"man_6x4_b","trailer_variant":"trailer.scs_flat_c_g","trailer_definition":"trailer_def.scs.flatbed.single_3.container","units_count":2,"fill_ratio":1,"trailer_place":0}],"blt_yacht.riga":[{"target":"renar.tampere","urgency":0,"shortest_distance_km":734,"ferry_time":150,"ferry_price":430,"cargo":"cargo.scrap_metals","company_truck":"man_4x2_a","trailer_variant":"trailer.s_ki_solid.cover","trailer_definition":"trailer_def.scrap_metals.s_ki_solid.cover","units_count":100,"fill_ratio":1,"trailer_place":0}],"ika_bohag.vilnius":[{"target":"gnt.vilnius","urgency":0,"shortest_distance_km":6,"ferry_time":0,"ferry_price":0,"cargo":"cargo.used_packag","company_truck":"daf_xf_euro6_4x2_a","trailer_variant":"trailer.scs_curt_a","trailer_definition":"trailer_def.scs.box.single_3.curtain","units_count":33,"fill_ratio":1,"trailer_place":0},{"target":"lateds.daugavpils","urgency":2,"shortest_distance_km":188,"ferry_time":0,"ferry_price":0,"cargo":"cargo.empty_palet","company_truck":"scania_r_4x2_370","trailer_variant":"trailer.scs_dry","trailer_definition":"trailer_def.scs.box.single_3.dryvan","units_count":33,"fill_ratio":1,"trailer_place":0}],"fintyre.tampere":[{"target":"ns_oil.tallinn","urgency":2,"shortest_distance_km":309,"ferry_time":150,"ferry_price":430,"cargo":"cargo.empty_palet","company_truck":"scania_streamline_4x2_a","trailer_variant":"trailer.scs_curt","trailer_definition":"trailer_def.scs.box.single_3.curtain","units_count":33,"fill_ratio":1,"trailer_place":0},{"target":"nch.turku","urgency":1,"shortest_distance_km":217,"ferry_time":0,"ferry_price":0,"cargo":"cargo.tyres","company_truck":"renault_t_4x2h","trailer_variant":"trailer.scs_dry_m","trailer_definition":"trailer_def.scs.box.single_3.dryvan_m","units_count":33,"fill_ratio":1,"trailer_place":0}],"baltomorsk.valmiera":[{"target":"cemelt_fla.valmiera","urgency":1,"shortest_distance_km":28,"ferry_time":0,"ferry_price":0,"cargo":"cargo.lumber","company_truck":"man_6x4_b","trailer_variant":"trailer.scs_flat_c_g","trailer_definition":"trailer_def.scs.flatbed.single_3.container","units_count":2,"fill_ratio":1,"trailer_place":0}],"nch.riga":[{"target":"nch_ru.petersburg","urgency":2,"shortest_distance_km":491,"ferry_time":0,"ferry_price":0,"cargo":"cargo.cheese","company_truck":"renault_premium_4x2_a","trailer_variant":"trailer.scs_ins","trailer_definition":"trailer_def.scs.box.single_3.insulated","units_count":33,"fill_ratio":1,"trailer_place":0}],"ns_chem_ru.luga":[{"target":"nch_ru.petersburg","urgency":2,"shortest_distance_km":142,"ferry_time":0,"ferry_price":0,"cargo":"cargo.sodium","company_truck":"daf_xf_euro6_6x2_a","trailer_variant":"trailer.scs_gosck220","trailer_definition":"trailer_def.scs.gooseneck.singl_3e_220.container","units_count":80,"fill_ratio":1,"trailer_place":0}],"gnt.vilnius":[{"target":"sal_fi.helsinki","urgency":0,"shortest_distance_km":630,"ferry_time":150,"ferry_price":430,"cargo":"cargo.limonades","company_truck":"iveco_4x2_b","trailer_variant":"trailer.scs_dry_s","trailer_definition":"trailer_def.scs.box.single_3.dryvan","units_count":30,"fill_ratio":1,"trailer_place":0},{"target":"blt.utena","urgency":0,"shortest_distance_km":80,"ferry_time":0,"ferry_price":0,"cargo":"cargo.overweight","company_truck":"man_6x4_b","trailer_variant":"trailer.scs_flat_c_r","trailer_definition":"trailer_def.scs.flatbed.single_3.container","units_count":1,"fill_ratio":1,"trailer_place":0}],"suprema.parnu":[{"target":"blt.tartu","urgency":0,"shortest_distance_km":141,"ferry_time":0,"ferry_price":0,"cargo":"cargo.used_packag","company_truck":"daf_xf_euro6_6x4_c","trailer_variant":"trailer.scs_curt_s","trailer_definition":"trailer_def.scs.box.single_3.curtain","units_count":33,"fill_ratio":1,"trailer_place":0},{"target":"nch.riga","urgency":0,"shortest_distance_km":181,"ferry_time":0,"ferry_price":0,"cargo":"cargo.used_plast","company_truck":"daf_4x2_a","trailer_variant":"trailer.scs_dry_ms","trailer_definition":"trailer_def.scs.box.single_3.dryvan_m","units_count":33,"fill_ratio":1,"trailer_place":0}],"egres.kouvola":[{"target":"suprema.tartu","urgency":2,"shortest_distance_km":574,"ferry_time":0,"ferry_price":0,"cargo":"cargo.maple_syrup","company_truck":"iveco_h_4x2_a","trailer_variant":"trailer.scs_curt_a","trailer_definition":"trailer_def.scs.box.single_3.curtain","units_count":33,"fill_ratio":1,"trailer_place":0},{"target":"suprema.tampere","urgency":2,"shortest_distance_km":200,"ferry_time":0,"ferry_price":0,"cargo":"cargo.tomatoes","company_truck":"double/daf_4x2_a","trailer_variant":"trailer.scs_ref_2","trailer_definition":"trailer_def.scs.box.double_3_2.reefer","units_count":53,"fill_ratio":1,"trailer_place":0}],"ika_bohag.helsinki":[{"target":"nch.kouvola","urgency":2,"shortest_distance_km":229,"ferry_time":0,"ferry_price":0,"cargo":"cargo.empty_palet","company_truck":"iveco_h_4x2_a","trailer_variant":"trailer.scs_dry_s","trailer_definition":"trailer_def.scs.box.single_3.dryvan","units_count":33,"fill_ratio":1,"trailer_place":0},{"target":"blt_ru.petersburg","urgency":0,"shortest_distance_km":490,"ferry_time":0,"ferry_price":0,"cargo":"cargo.used_packag","company_truck":"scania_6x4_a","trailer_variant":"trailer.scs_dry_a","trailer_definition":"trailer_def.scs.box.single_3.dryvan","units_count":33,"fill_ratio":1,"trailer_place":0}],"egres.helsinki":[{"target":"sal_fi.helsinki","urgency":2,"shortest_distance_km":106,"ferry_time":0,"ferry_price":0,"cargo":"cargo.tomatoes","company_truck":"scania_r_6x4_650","trailer_variant":"trailer.scs_ins_s","trailer_definition":"trailer_def.scs.box.single_3.insulated","units_count":33,"fill_ratio":1,"trailer_place":0}],"ns_oil.tallinn":[{"target":"ibp.mazeikiai","urgency":1,"shortest_distance_km":561,"ferry_time":0,"ferry_price":0,"cargo":"cargo.motor_oil","company_truck":"scania_4x2_a","trailer_variant":"trailer.scs_curt_a","trailer_definition":"trailer_def.scs.box.single_3.curtain","units_count":33,"fill_ratio":1,"trailer_place":0},{"target":"nch_ru.petersburg","urgency":0,"shortest_distance_km":315,"ferry_time":0,"ferry_price":0,"cargo":"cargo.kerosene","company_truck":"mercedes_4x2","trailer_variant":"trailer.willig.fuel_cistern","trailer_definition":"trailer_def.kerosene.willig.fuel_cistern","units_count":100,"fill_ratio":1,"trailer_place":0},{"target":"lintukainen.tallinn","urgency":0,"shortest_distance_km":1,"ferry_time":0,"ferry_price":0,"cargo":"cargo.diesel","company_truck":"mercedes_6x4_a","trailer_variant":"trailer.willig.fuel_cistern","trailer_definition":"trailer_def.diesel.willig.fuel_cistern","units_count":95,"fill_ratio":1,"trailer_place":0},{"target":"rosmark.liepaja","urgency":0,"shortest_distance_km":553,"ferry_time":0,"ferry_price":0,"cargo":"cargo.fueltanker","company_truck":"man_6x4_b","trailer_variant":"trailer.scs_flat_c_g","trailer_definition":"trailer_def.scs.flatbed.single_3.container","units_count":87,"fill_ratio":1,"trailer_place":0}],"bltmetal.tallinn":[{"target":"gnt.vilnius","urgency":0,"shortest_distance_km":518,"ferry_time":0,"ferry_price":0,"cargo":"cargo.overweight","company_truck":"renault_t_4x2h","trailer_variant":"trailer.scs_flat_r","trailer_definition":"trailer_def.scs.flatbed.single_3.flatbed_w","units_count":1,"fill_ratio":1,"trailer_place":0},{"target":"nch_ru.petersburg","urgency":2,"shortest_distance_km":390,"ferry_time":0,"ferry_price":0,"cargo":"cargo.cement","company_truck":"man_6x4_b","trailer_variant":"trailer.cement","trailer_definition":"trailer_def.cement.cement","units_count":100,"fill_ratio":1,"trailer_place":0},{"target":"blt.kunda","urgency":1,"shortest_distance_km":150,"ferry_time":0,"ferry_price":0,"cargo":"cargo.largetubes","company_truck":"renault_premium_4x2_c","trailer_variant":"trailer.scs_log","trailer_definition":"trailer_def.scs.log.single_3.steel","units_count":2,"fill_ratio":1,"trailer_place":0}],"cemelt_bas.kaunas":[{"target":"domdepo.utena","urgency":0,"shortest_distance_km":119,"ferry_time":0,"ferry_price":0,"cargo":"cargo.excav_soil","company_truck":"scania_s_4x2_580","trailer_variant":"trailer.s_ki_solid.cover","trailer_definition":"trailer_def.excav_soil.s_ki_solid.cover","units_count":99,"fill_ratio":1,"trailer_place":0}],"renar.kotka":[{"target":"ateria.helsinki","urgency":2,"shortest_distance_km":137,"ferry_time":0,"ferry_price":0,"cargo":"cargo.sugar","company_truck":"man_6x4_b","trailer_variant":"trailer.scs_curt","trailer_definition":"trailer_def.scs.box.single_3.curtain","units_count":33,"fill_ratio":1,"trailer_place":0}],"baltomors_ru.petersburg":[{"target":"onnelik.narva","urgency":1,"shortest_distance_km":137,"ferry_time":0,"ferry_price":0,"cargo":"cargo.lumber","company_truck":"man_tgx_euro6_4x2_xl","trailer_variant":"trailer.scs_flat_r","trailer_definition":"trailer_def.scs.flatbed.single_3.flatbed_w","units_count":2,"fill_ratio":1,"trailer_place":0},{"target":"lintukainen.pori","urgency":0,"shortest_distance_km":717,"ferry_time":0,"ferry_price":0,"cargo":"cargo.logs","company_truck":"man_4x2_a","trailer_variant":"trailer.scs_log","trailer_definition":"trailer_def.scs.log.single_3.steel","units_count":2,"fill_ratio":1,"trailer_place":0},{"target":"renat.helsinki","urgency":0,"shortest_distance_km":573,"ferry_time":0,"ferry_price":0,"cargo":"cargo.sawpanels","company_truck":"scania_4x2_c","trailer_variant":"trailer.scs_dry_s","trailer_definition":"trailer_def.scs.box.single_3.dryvan","units_count":33,"fill_ratio":1,"trailer_place":0}],"suprema.panevezys":[{"target":"nch.riga","urgency":0,"shortest_distance_km":160,"ferry_time":0,"ferry_price":0,"cargo":"cargo.used_packag","company_truck":"scania_s_4x2_370","trailer_variant":"trailer.scs_curt_a","trailer_definition":"trailer_def.scs.box.single_3.curtain","units_count":33,"fill_ratio":1,"trailer_place":0},{"target":"gnt.panevezys","urgency":1,"shortest_distance_km":51,"ferry_time":0,"ferry_price":0,"cargo":"cargo.used_plast_c","company_truck":"renault_premium_4x2_c","trailer_variant":"trailer.scs_gosck40","trailer_definition":"trailer_def.scs.gooseneck.singl_3e_40.container","units_count":30,"fill_ratio":1,"trailer_place":0}],"domdepo.valmiera":[{"target":"nch.vilnius","urgency":2,"shortest_distance_km":401,"ferry_time":0,"ferry_price":0,"cargo":"cargo.wallpanels","company_truck":"man_4x2_c","trailer_variant":"trailer.panel_trans.wall","trailer_definition":"trailer_def.wallpanels.panel_trans.wall","units_count":85,"fill_ratio":1,"trailer_place":0},{"target":"rosmark.riga","urgency":1,"shortest_distance_km":123,"ferry_time":0,"ferry_price":0,"cargo":"cargo.sand","company_truck":"scania_streamline_6x4_a","trailer_variant":"trailer.s_ki_solid.sand","trailer_definition":"trailer_def.sand.s_ki_solid.sand","units_count":100,"fill_ratio":1,"trailer_place":0}],"radus.tampere":[{"target":"renar.tallinn","urgency":0,"shortest_distance_km":340,"ferry_time":150,"ferry_price":430,"cargo":"cargo.diggers","company_truck":"man_6x4_b","trailer_variant":"trailer.overweight.digger","trailer_definition":"trailer_def.diggers.overweight.digger","units_count":98,"fill_ratio":1,"trailer_place":0},{"target":"renar.turku","urgency":0,"shortest_distance_km":172,"ferry_time":0,"ferry_price":0,"cargo":"cargo.emptytank","company_truck":"man_6x4_b","trailer_variant":"trailer.scs_flat_b","trailer_definition":"trailer_def.scs.flatbed.single_3.flatbed_w","units_count":2,"fill_ratio":1,"trailer_place":0},{"target":"nch.turku","urgency":0,"shortest_distance_km":176,"ferry_time":0,"ferry_price":0,"cargo":"cargo.concr_stair","company_truck":"mercedes_4x2_b","trailer_variant":"trailer.scs_flat_c_r","trailer_definition":"trailer_def.scs.flatbed.single_3.container","units_count":2,"fill_ratio":1,"trailer_place":0}],"ns_oil.klaipeda":[{"target":"baltomorsk.ventspils","urgency":0,"shortest_distance_km":193,"ferry_time":0,"ferry_price":0,"cargo":"cargo.kerosene","company_truck":"man_6x4_b","trailer_variant":"trailer.willig.fuel_cistern","trailer_definition":"trailer_def.kerosene.willig.fuel_cistern","units_count":100,"fill_ratio":1,"trailer_place":0}],"suprema.tartu":[{"target":"blt.tartu","urgency":2,"shortest_distance_km":19,"ferry_time":0,"ferry_price":0,"cargo":"cargo.empty_palet","company_truck":"iveco_4x2_c","trailer_variant":"trailer.scs_dry_m","trailer_definition":"trailer_def.scs.box.single_3.dryvan_m","units_count":32,"fill_ratio":1,"trailer_place":0},{"target":"nch.riga","urgency":1,"shortest_distance_km":294,"ferry_time":0,"ferry_price":0,"cargo":"cargo.used_plast_c","company_truck":"man_6x4_b","trailer_variant":"trailer.scs_flat_c_g","trailer_definition":"trailer_def.scs.flatbed.single_3.container","units_count":33,"fill_ratio":1,"trailer_place":0}],"baltomorsk.rezekne":[{"target":"kivi.tartu","urgency":1,"shortest_distance_km":395,"ferry_time":0,"ferry_price":0,"cargo":"cargo.excavator","company_truck":"man_tgx_euro6_6x4_xlx","trailer_variant":"trailer.overweight.excavator","trailer_definition":"trailer_def.excavator.overweight.excavator","units_count":94,"fill_ratio":1,"trailer_place":0}],"eviksi.riga":[{"target":"suprema.parnu","urgency":2,"shortest_distance_km":237,"ferry_time":0,"ferry_price":0,"cargo":"cargo.maple_syrup","company_truck":"scania_r_4x2_370","trailer_variant":"trailer.scs_dry_a","trailer_definition":"trailer_def.scs.box.single_3.dryvan","units_count":33,"fill_ratio":1,"trailer_place":0},{"target":"gnt.vilnius","urgency":2,"shortest_distance_km":242,"ferry_time":0,"ferry_price":0,"cargo":"cargo.carrots","company_truck":"scania_streamline_4x2_c","trailer_variant":"trailer.scs_dry_m","trailer_definition":"trailer_def.scs.box.single_3.dryvan_m","units_count":33,"fill_ratio":1,"trailer_place":0}],"cont_port.pori":[{"target":"polarislines.ventspils","urgency":0,"shortest_distance_km":813,"ferry_time":150,"ferry_price":430,"cargo":"cargo.vinegar_c","company_truck":"man_tgx_euro6_4x2_xxl","trailer_variant":"trailer.scs_flat_c_g","trailer_definition":"trailer_def.scs.flatbed.single_3.container","units_count":33,"fill_ratio":1,"trailer_place":0},{"target":"nosko.utena","urgency":0,"shortest_distance_km":867,"ferry_time":150,"ferry_price":430,"cargo":"cargo.clothes_c","company_truck":"man_tgx_euro6_4x2_xxl","trailer_variant":"trailer.scs_gosck220","trailer_definition":"trailer_def.scs.gooseneck.singl_3e_220.container","units_count":30,"fill_ratio":1,"trailer_place":0}],"ladoga_ru.petersburg":[{"target":"blt.paldiski","urgency":0,"shortest_distance_km":444,"ferry_time":0,"ferry_price":0,"cargo":"cargo.scrap_metals","company_truck":"man_6x4_b","trailer_variant":"trailer.s_ki_solid.cover","trailer_definition":"trailer_def.scrap_metals.s_ki_solid.cover","units_count":100,"fill_ratio":1,"trailer_place":0},{"target":"blt_ru.pskov","urgency":2,"shortest_distance_km":365,"ferry_time":0,"ferry_price":0,"cargo":"cargo.empty_palet","company_truck":"mercedes_6x4_a","trailer_variant":"trailer.scs_dry","trailer_definition":"trailer_def.scs.box.single_3.dryvan","units_count":33,"fill_ratio":1,"trailer_place":0},{"target":"nch.tallinn","urgency":0,"shortest_distance_km":362,"ferry_time":0,"ferry_price":0,"cargo":"cargo.used_packag","company_truck":"renault_premium_6x2_a","trailer_variant":"trailer.scs_dry_m","trailer_definition":"trailer_def.scs.box.single_3.dryvan_m","units_count":33,"fill_ratio":1,"trailer_place":0}],"rosmark.riga":[{"target":"blt_ru.pskov","urgency":2,"shortest_distance_km":233,"ferry_time":0,"ferry_price":0,"cargo":"cargo.rooflights","company_truck":"daf_6x2_a","trailer_variant":"trailer.scs_dry_m","trailer_definition":"trailer_def.scs.box.single_3.dryvan_m","units_count":33,"fill_ratio":1,"trailer_place":0}],"baltomorsk.daugavpils":[{"target":"kivi.riga","urgency":1,"shortest_distance_km":219,"ferry_time":0,"ferry_price":0,"cargo":"cargo.excavator","company_truck":"man_4x2_c","trailer_variant":"trailer.overweight.excavator","trailer_definition":"trailer_def.excavator.overweight.excavator","units_count":94,"fill_ratio":1,"trailer_place":0},{"target":"gnt.daugavpils","urgency":1,"shortest_distance_km":4,"ferry_time":0,"ferry_price":0,"cargo":"cargo.digger1000","company_truck":"daf_4x2_a","trailer_variant":"trailer.overweight.digger1000","trailer_definition":"trailer_def.digger1000.overweight.digger1000","units_count":100,"fill_ratio":1,"trailer_place":0}],"kivi.kotka":[{"target":"sal_fi.helsinki","urgency":0,"shortest_distance_km":200,"ferry_time":0,"ferry_price":0,"cargo":"cargo.gravel","company_truck":"renault_magnum_4x2_a","trailer_variant":"trailer.s_ki_solid.gravel","trailer_definition":"trailer_def.gravel.s_ki_solid.gravel","units_count":100,"fill_ratio":1,"trailer_place":0}],"nch.turku":[{"target":"ns_chem.riga","urgency":2,"shortest_distance_km":533,"ferry_time":150,"ferry_price":430,"cargo":"cargo.hchemicals","company_truck":"renault_premium_6x2_a","trailer_variant":"trailer.chcistern","trailer_definition":"trailer_def.hchemicals.chcistern","units_count":100,"fill_ratio":1,"trailer_place":0},{"target":"sal_fi.kouvola","urgency":0,"shortest_distance_km":321,"ferry_time":0,"ferry_price":0,"cargo":"cargo.straw_bales","company_truck":"iveco_4x2_b","trailer_variant":"trailer.scs_curt_s","trailer_definition":"trailer_def.scs.box.single_3.curtain","units_count":33,"fill_ratio":1,"trailer_place":0}],"baltomors_ru.vyborg":[{"target":"gnt.valmiera","urgency":1,"shortest_distance_km":573,"ferry_time":0,"ferry_price":0,"cargo":"cargo.lumber","company_truck":"scania_r_4x2_520","trailer_variant":"trailer.scs_flat_c_r","trailer_definition":"trailer_def.scs.flatbed.single_3.container","units_count":2,"fill_ratio":1,"trailer_place":0}],"pk_medved_ru.kaliningrad":[{"target":"nch.tallinn","urgency":1,"shortest_distance_km":753,"ferry_time":0,"ferry_price":0,"cargo":"cargo.nonalco_beer","company_truck":"iveco_4x2_b","trailer_variant":"trailer.scs_curt","trailer_definition":"trailer_def.scs.box.single_3.curtain","units_count":33,"fill_ratio":1,"trailer_place":0}],"viljo_paper.tampere":[{"target":"sal_fi.helsinki","urgency":0,"shortest_distance_km":237,"ferry_time":0,"ferry_price":0,"cargo":"cargo.used_packag","company_truck":"mercedes_4x2_b","trailer_variant":"trailer.scs_curt","trailer_definition":"trailer_def.scs.box.single_3.curtain","units_count":33,"fill_ratio":1,"trailer_place":0},{"target":"nch.turku","urgency":0,"shortest_distance_km":217,"ferry_time":0,"ferry_price":0,"cargo":"cargo.emptytank","company_truck":"renault_premium_4x2_c","trailer_variant":"trailer.scs_flat_c_g","trailer_definition":"trailer_def.scs.flatbed.single_3.container","units_count":2,"fill_ratio":1,"trailer_place":0}],"blt.utena":[{"target":"gnt.vilnius","urgency":2,"shortest_distance_km":86,"ferry_time":0,"ferry_price":0,"cargo":"cargo.cheese","company_truck":"scania_streamline_4x2_c","trailer_variant":"trailer.scs_ref_s","trailer_definition":"trailer_def.scs.box.single_3.reefer","units_count":33,"fill_ratio":1,"trailer_place":0}],"ns_oil.paldiski":[{"target":"bltmetal_ru.pskov","urgency":1,"shortest_distance_km":339,"ferry_time":0,"ferry_price":0,"cargo":"cargo.motor_oil_c","company_truck":"mercedes_6x4_a","trailer_variant":"trailer.scs_gosck40","trailer_definition":"trailer_def.scs.gooseneck.singl_3e_40.container","units_count":30,"fill_ratio":1,"trailer_place":0},{"target":"sal_fi.pori","urgency":0,"shortest_distance_km":360,"ferry_time":150,"ferry_price":430,"cargo":"cargo.oil","company_truck":"renault_premium_4x2_c","trailer_variant":"trailer.willig.fuel_cistern","trailer_definition":"trailer_def.oil.willig.fuel_cistern","units_count":101,"fill_ratio":1,"trailer_place":0},{"target":"bltmetal.tallinn","urgency":1,"shortest_distance_km":12,"ferry_time":0,"ferry_price":0,"cargo":"cargo.petrol","company_truck":"daf_6x2_a","trailer_variant":"trailer.willig.fuel_cistern","trailer_definition":"trailer_def.petrol.willig.fuel_cistern","units_count":101,"fill_ratio":1,"trailer_place":0},{"target":"blt.tartu","urgency":0,"shortest_distance_km":204,"ferry_time":0,"ferry_price":0,"cargo":"cargo.fueltanker","company_truck":"scania_r_6x4_650","trailer_variant":"trailer.scs_flat_c_g","trailer_definition":"trailer_def.scs.flatbed.single_3.container","units_count":87,"fill_ratio":1,"trailer_place":0}],"blt.kunda":[{"target":"onnelik.parnu","urgency":0,"shortest_distance_km":248,"ferry_time":0,"ferry_price":0,"cargo":"cargo.fertilizer","company_truck":"scania_r_6x4_650","trailer_variant":"trailer.scs_curt_a","trailer_definition":"trailer_def.scs.box.single_3.curtain","units_count":33,"fill_ratio":1,"trailer_place":0}],"lintukainen.kouvola":[{"target":"sal_fi.pori","urgency":0,"shortest_distance_km":317,"ferry_time":0,"ferry_price":0,"cargo":"cargo.logs","company_truck":"man_6x4_b","trailer_variant":"trailer.scs_log","trailer_definition":"trailer_def.scs.log.single_3.steel","units_count":2,"fill_ratio":1,"trailer_place":0}],"agrominta.utena":[{"target":"gnt.panevezys","urgency":0,"shortest_distance_km":232,"ferry_time":0,"ferry_price":0,"cargo":"cargo.nuts","company_truck":"scania_s_4x2_370","trailer_variant":"trailer.scs_curt","trailer_definition":"trailer_def.scs.box.single_3.curtain","units_count":33,"fill_ratio":1,"trailer_place":0},{"target":"gnt.daugavpils","urgency":1,"shortest_distance_km":120,"ferry_time":0,"ferry_price":0,"cargo":"cargo.apples_c","company_truck":"mercedes_6x4_a","trailer_variant":"trailer.scs_flat_c_r","trailer_definition":"trailer_def.scs.flatbed.single_3.container","units_count":33,"fill_ratio":1,"trailer_place":0}],"ee_paper.kunda":[{"target":"kivi.tartu","urgency":0,"shortest_distance_km":222,"ferry_time":0,"ferry_price":0,"cargo":"cargo.emptytank","company_truck":"mercedes_4x2_a","trailer_variant":"trailer.scs_flat_c_g","trailer_definition":"trailer_def.scs.flatbed.single_3.container","units_count":2,"fill_ratio":1,"trailer_place":0}],"baltomors_ru.pskov":[{"target":"rosmark.riga","urgency":1,"shortest_distance_km":241,"ferry_time":0,"ferry_price":0,"cargo":"cargo.excavator","company_truck":"iveco_h_4x2_a","trailer_variant":"trailer.overweight.excavator","trailer_definition":"trailer_def.excavator.overweight.excavator","units_count":94,"fill_ratio":1,"trailer_place":0}],"sal_fi.pori":[{"target":"rosmark_ru.luga","urgency":0,"shortest_distance_km":749,"ferry_time":0,"ferry_price":0,"cargo":"cargo.scrap_metals","company_truck":"daf_xf_euro6_6x4_c","trailer_variant":"trailer.s_ki_solid.cover","trailer_definition":"trailer_def.scrap_metals.s_ki_solid.cover","units_count":100,"fill_ratio":1,"trailer_place":0},{"target":"nch.tallinn","urgency":2,"shortest_distance_km":324,"ferry_time":150,"ferry_price":430,"cargo":"cargo.med_equip","company_truck":"mercedes_4x2_a","trailer_variant":"trailer.scs_curt","trailer_definition":"trailer_def.scs.box.single_3.curtain","units_count":33,"fill_ratio":1,"trailer_place":0},{"target":"cont_port.tallinn","urgency":2,"shortest_distance_km":328,"ferry_time":150,"ferry_price":430,"cargo":"cargo.chem_sorb_c","company_truck":"mercedes_actros_2014_4x2_a","trailer_variant":"trailer.scs_flat_c_r","trailer_definition":"trailer_def.scs.flatbed.single_3.container","units_count":33,"fill_ratio":1,"trailer_place":0}],"polarislines.paldiski":[{"target":"sal_fi.kouvola","urgency":0,"shortest_distance_km":319,"ferry_time":150,"ferry_price":430,"cargo":"cargo.carrots_c","company_truck":"renault_premium_4x2_c","trailer_variant":"trailer.scs_gosck20","trailer_definition":"trailer_def.scs.gooseneck.singl_3e_20.container","units_count":15,"fill_ratio":1,"trailer_place":0}],"gnt.daugavpils":[{"target":"nch_ru.petersburg","urgency":0,"shortest_distance_km":509,"ferry_time":0,"ferry_price":0,"cargo":"cargo.ketchup","company_truck":"renault_premium_4x2_a","trailer_variant":"trailer.scs_dry_a","trailer_definition":"trailer_def.scs.box.single_3.dryvan","units_count":33,"fill_ratio":1,"trailer_place":0},{"target":"renar.tallinn","urgency":0,"shortest_distance_km":452,"ferry_time":0,"ferry_price":0,"cargo":"cargo.beverages_c","company_truck":"scania_r_4x2_370","trailer_variant":"trailer.scs_gosck20","trailer_definition":"trailer_def.scs.gooseneck.singl_3e_20.container","units_count":15,"fill_ratio":1,"trailer_place":0},{"target":"suprema.kaunas","urgency":2,"shortest_distance_km":239,"ferry_time":0,"ferry_price":0,"cargo":"cargo.pnut_butter","company_truck":"scania_6x4_a","trailer_variant":"trailer.scs_dry_ms","trailer_definition":"trailer_def.scs.box.single_3.dryvan_m","units_count":33,"fill_ratio":1,"trailer_place":0}],"domdepo_ru.vyborg":[{"target":"nch.kouvola","urgency":1,"shortest_distance_km":178,"ferry_time":0,"ferry_price":0,"cargo":"cargo.chimney_syst","company_truck":"mercedes_actros_2014_4x2_c","trailer_variant":"trailer.scs_dry_s","trailer_definition":"trailer_def.scs.box.single_3.dryvan","units_count":33,"fill_ratio":1,"trailer_place":0}],"ns_oil_ru.pskov":[{"target":"bltmetal.tallinn","urgency":1,"shortest_distance_km":340,"ferry_time":0,"ferry_price":0,"cargo":"cargo.motor_oil_c","company_truck":"scania_6x2_b","trailer_variant":"trailer.scs_flat_c_g","trailer_definition":"trailer_def.scs.flatbed.single_3.container","units_count":33,"fill_ratio":1,"trailer_place":0},{"target":"blt_ru.pskov","urgency":0,"shortest_distance_km":16,"ferry_time":0,"ferry_price":0,"cargo":"cargo.fueltanker","company_truck":"iveco_4x2_a","trailer_variant":"trailer.scs_gosck220","trailer_definition":"trailer_def.scs.gooseneck.singl_3e_220.container","units_count":80,"fill_ratio":1,"trailer_place":0}],"viln_paper.vilnius":[{"target":"renar.kotka","urgency":0,"shortest_distance_km":851,"ferry_time":150,"ferry_price":430,"cargo":"cargo.paper","company_truck":"scania_s_6x2_450","trailer_variant":"trailer.scs_dry_ms","trailer_definition":"trailer_def.scs.box.single_3.dryvan_m","units_count":33,"fill_ratio":1,"trailer_place":0},{"target":"blt_ru.pskov","urgency":2,"shortest_distance_km":556,"ferry_time":0,"ferry_price":0,"cargo":"cargo.empty_palet","company_truck":"scania_r_4x2_520","trailer_variant":"trailer.scs_dry_s","trailer_definition":"trailer_def.scs.box.single_3.dryvan","units_count":33,"fill_ratio":1,"trailer_place":0}],"renar.narva":[{"target":"nch.turku","urgency":2,"shortest_distance_km":430,"ferry_time":150,"ferry_price":430,"cargo":"cargo.yogurt","company_truck":"man_6x4_b","trailer_variant":"trailer.scs_ref_s","trailer_definition":"trailer_def.scs.box.single_3.reefer","units_count":33,"fill_ratio":1,"trailer_place":0},{"target":"nch.tallinn","urgency":0,"shortest_distance_km":165,"ferry_time":0,"ferry_price":0,"cargo":"cargo.used_packag","company_truck":"renault_premium_6x2_a","trailer_variant":"trailer.scs_dry_ms","trailer_definition":"trailer_def.scs.box.single_3.dryvan_m","units_count":33,"fill_ratio":1,"trailer_place":0},{"target":"domdepo_ru.vyborg","urgency":1,"shortest_distance_km":267,"ferry_time":0,"ferry_price":0,"cargo":"cargo.metal_beams","company_truck":"renault_premium_6x4_a","trailer_variant":"trailer.scs_flat_c_g","trailer_definition":"trailer_def.scs.flatbed.single_3.container","units_count":9,"fill_ratio":1,"trailer_place":0}],"blt.siauliai":[{"target":"rosmark.liepaja","urgency":0,"shortest_distance_km":198,"ferry_time":0,"ferry_price":0,"cargo":"cargo.drymilk","company_truck":"mercedes_4x2_c","trailer_variant":"trailer.scs_dry_s","trailer_definition":"trailer_def.scs.box.single_3.dryvan","units_count":33,"fill_ratio":1,"trailer_place":0},{"target":"lateds.daugavpils","urgency":2,"shortest_distance_km":296,"ferry_time":0,"ferry_price":0,"cargo":"cargo.peas","company_truck":"renault_premium_6x4_a","trailer_variant":"trailer.scs_curt_a","trailer_definition":"trailer_def.scs.box.single_3.curtain","units_count":33,"fill_ratio":1,"trailer_place":0}],"lateds.valmiera":[{"target":"renar.tallinn","urgency":0,"shortest_distance_km":314,"ferry_time":0,"ferry_price":0,"cargo":"cargo.chewing_gums","company_truck":"iveco_4x2_c","trailer_variant":"trailer.scs_dry","trailer_definition":"trailer_def.scs.box.single_3.dryvan","units_count":31,"fill_ratio":1,"trailer_place":0}],"suprema.kaunas":[{"target":"gnt.vilnius","urgency":1,"shortest_distance_km":97,"ferry_time":0,"ferry_price":0,"cargo":"cargo.used_plast_c","company_truck":"daf_xf_euro6_4x2_a","trailer_variant":"trailer.scs_gosck40","trailer_definition":"trailer_def.scs.gooseneck.singl_3e_40.container","units_count":30,"fill_ratio":1,"trailer_place":0},{"target":"blt.siauliai","urgency":2,"shortest_distance_km":168,"ferry_time":0,"ferry_price":0,"cargo":"cargo.empty_palet","company_truck":"daf_4x2_a","trailer_variant":"trailer.scs_curt_a","trailer_definition":"trailer_def.scs.box.single_3.curtain","units_count":33,"fill_ratio":1,"trailer_place":0}],"renat.helsinki":[{"target":"rosmark_ru.vyborg","urgency":2,"shortest_distance_km":395,"ferry_time":0,"ferry_price":0,"cargo":"cargo.furniture","company_truck":"man_6x4_b","trailer_variant":"trailer.scs_dry_a","trailer_definition":"trailer_def.scs.box.single_3.dryvan","units_count":33,"fill_ratio":1,"trailer_place":0},{"target":"ee_paper.kunda","urgency":1,"shortest_distance_km":223,"ferry_time":150,"ferry_price":430,"cargo":"cargo.forklifts","company_truck":"man_tgx_euro6_6x4_xlx","trailer_variant":"trailer.overweight.forklifts","trailer_definition":"trailer_def.forklifts.overweight.forklifts","units_count":100,"fill_ratio":1,"trailer_place":0}],"sal_fi.kouvola":[{"target":"renar.lahti","urgency":0,"shortest_distance_km":63,"ferry_time":0,"ferry_price":0,"cargo":"cargo.used_packag","company_truck":"mercedes_4x2","trailer_variant":"trailer.scs_dry_a","trailer_definition":"trailer_def.scs.box.single_3.dryvan","units_count":33,"fill_ratio":1,"trailer_place":0}],"ns_chem.kaunas":[{"target":"nch.tallinn","urgency":1,"shortest_distance_km":589,"ferry_time":0,"ferry_price":0,"cargo":"cargo.arsenic","company_truck":"scania_streamline_4x2_c","trailer_variant":"trailer.scs_gosck20","trailer_definition":"trailer_def.scs.gooseneck.singl_3e_20.container","units_count":40,"fill_ratio":1,"trailer_place":0},{"target":"nch.riga","urgency":0,"shortest_distance_km":285,"ferry_time":0,"ferry_price":0,"cargo":"cargo.fluorine","company_truck":"daf_xf_euro6_6x2_a","trailer_variant":"trailer.scs_gosck20","trailer_definition":"trailer_def.scs.gooseneck.singl_3e_20.container","units_count":40,"fill_ratio":1,"trailer_place":0}],"renar.tampere":[{"target":"suprema.tartu","urgency":2,"shortest_distance_km":439,"ferry_time":150,"ferry_price":430,"cargo":"cargo.peas","company_truck":"mercedes_4x2_c","trailer_variant":"trailer.scs_dry","trailer_definition":"trailer_def.scs.box.single_3.dryvan","units_count":33,"fill_ratio":1,"trailer_place":0},{"target":"radus.tartu","urgency":1,"shortest_distance_km":391,"ferry_time":150,"ferry_price":430,"cargo":"cargo.ore","company_truck":"renault_t_6x2","trailer_variant":"trailer.s_ki_solid.ore","trailer_definition":"trailer_def.ore.s_ki_solid.ore","units_count":100,"fill_ratio":1,"trailer_place":0},{"target":"blt.paldiski","urgency":0,"shortest_distance_km":324,"ferry_time":150,"ferry_price":430,"cargo":"cargo.beverages_t","company_truck":"man_4x2_c","trailer_variant":"trailer.scs_fodt","trailer_definition":"trailer_def.scs.foodtank.single_3.paint","units_count":23,"fill_ratio":1,"trailer_place":0}],"ika_ru.petersburg":[{"target":"blt_ru.petersburg","urgency":2,"shortest_distance_km":8,"ferry_time":0,"ferry_price":0,"cargo":"cargo.empty_palet","company_truck":"man_6x4_b","trailer_variant":"trailer.scs_curt_a","trailer_definition":"trailer_def.scs.box.single_3.curtain","units_count":33,"fill_ratio":1,"trailer_place":0},{"target":"rosmark_ru.vyborg","urgency":0,"shortest_distance_km":193,"ferry_time":0,"ferry_price":0,"cargo":"cargo.used_packag","company_truck":"man_tgx_euro6_6x4_xlx","trailer_variant":"trailer.scs_curt_a","trailer_definition":"trailer_def.scs.box.single_3.curtain","units_count":33,"fill_ratio":1,"trailer_place":0}],"rosmark_ru.luga":[{"target":"domdepo_ru.luga","urgency":1,"shortest_distance_km":2,"ferry_time":0,"ferry_price":0,"cargo":"cargo.glass","company_truck":"man_tgx_euro6_4x2_xxl","trailer_variant":"trailer.panel_trans.glass","trailer_definition":"trailer_def.glass.panel_trans.glass","units_count":90,"fill_ratio":1,"trailer_place":0},{"target":"ns_oil_ru.pskov","urgency":2,"shortest_distance_km":131,"ferry_time":0,"ferry_price":0,"cargo":"cargo.chem_sorb_c","company_truck":"daf_xf_euro6_4x2_b","trailer_variant":"trailer.scs_gosck40","trailer_definition":"trailer_def.scs.gooseneck.singl_3e_40.container","units_count":30,"fill_ratio":1,"trailer_place":0},{"target":"blt_ru.petersburg","urgency":0,"shortest_distance_km":200,"ferry_time":0,"ferry_price":0,"cargo":"cargo.icecream","company_truck":"daf_xf_euro6_6x2_a","trailer_variant":"trailer.scs_ref_a","trailer_definition":"trailer_def.scs.box.single_3.reefer","units_count":33,"fill_ratio":1,"trailer_place":0}],"zelenye.petersburg":[{"target":"cont_port_ru.petersburg","urgency":0,"shortest_distance_km":222,"ferry_time":0,"ferry_price":0,"cargo":"cargo.carrots_c","company_truck":"renault_premium_4x2_c","trailer_variant":"trailer.scs_gosck220","trailer_definition":"trailer_def.scs.gooseneck.singl_3e_220.container","units_count":30,"fill_ratio":1,"trailer_place":0}],"fintyre_ru.petersburg":[{"target":"gnt.daugavpils","urgency":0,"shortest_distance_km":618,"ferry_time":0,"ferry_price":0,"cargo":"cargo.used_packag","company_truck":"man_4x2_a","trailer_variant":"trailer.scs_dry_ms","trailer_definition":"trailer_def.scs.box.single_3.dryvan_m","units_count":33,"fill_ratio":1,"trailer_place":0}],"ns_oil.valmiera":[{"target":"bltmetal.tallinn","urgency":0,"shortest_distance_km":274,"ferry_time":0,"ferry_price":0,"cargo":"cargo.diesel","company_truck":"scania_streamline_6x4_a","trailer_variant":"trailer.fuel_cistern","trailer_definition":"trailer_def.diesel.fuel_cistern","units_count":94,"fill_ratio":1,"trailer_place":0},{"target":"nch.riga","urgency":1,"shortest_distance_km":59,"ferry_time":0,"ferry_price":0,"cargo":"cargo.motor_oil_c","company_truck":"man_6x4_b","trailer_variant":"trailer.scs_gosck40","trailer_definition":"trailer_def.scs.gooseneck.singl_3e_40.container","units_count":30,"fill_ratio":1,"trailer_place":0},{"target":"bltmetal.siauliai","urgency":1,"shortest_distance_km":232,"ferry_time":0,"ferry_price":0,"cargo":"cargo.petrol","company_truck":"mercedes_4x2_a","trailer_variant":"trailer.fuel_cistern","trailer_definition":"trailer_def.petrol.fuel_cistern","units_count":100,"fill_ratio":1,"trailer_place":0},{"target":"baltomorsk.daugavpils","urgency":0,"shortest_distance_km":275,"ferry_time":0,"ferry_price":0,"cargo":"cargo.lpg","company_truck":"scania_r_6x2_450","trailer_variant":"trailer.willig.fuel_cistern","trailer_definition":"trailer_def.lpg.willig.fuel_cistern","units_count":101,"fill_ratio":1,"trailer_place":0}],"gnt.klaipeda":[{"target":"blt.kunda","urgency":1,"shortest_distance_km":691,"ferry_time":0,"ferry_price":0,"cargo":"cargo.potatoes","company_truck":"mercedes_4x2_a","trailer_variant":"trailer.scs_curt_s","trailer_definition":"trailer_def.scs.box.single_3.curtain","units_count":33,"fill_ratio":1,"trailer_place":0},{"target":"ns_oil.kotka","urgency":2,"shortest_distance_km":847,"ferry_time":150,"ferry_price":430,"cargo":"cargo.chem_sorbent","company_truck":"mercedes_actros_2014_4x2_b","trailer_variant":"trailer.scs_dry_m","trailer_definition":"trailer_def.scs.box.single_3.dryvan_m","units_count":33,"fill_ratio":1,"trailer_place":0}],"eviksi_a.valmiera":[{"target":"nch.riga","urgency":0,"shortest_distance_km":125,"ferry_time":0,"ferry_price":0,"cargo":"cargo.goat_cheese","company_truck":"mercedes_4x2_c","trailer_variant":"trailer.scs_ins","trailer_definition":"trailer_def.scs.box.single_3.insulated","units_count":33,"fill_ratio":1,"trailer_place":0}],"bltmetal.pori":[{"target":"sal_fi.pori","urgency":0,"shortest_distance_km":45,"ferry_time":0,"ferry_price":0,"cargo":"cargo.floorpanels","company_truck":"scania_r_6x4_650","trailer_variant":"trailer.panel_trans.floor","trailer_definition":"trailer_def.floorpanels.panel_trans.floor","units_count":82,"fill_ratio":1,"trailer_place":0}],"ibp.naantali":[{"target":"nch.turku","urgency":1,"shortest_distance_km":47,"ferry_time":0,"ferry_price":0,"cargo":"cargo.motor_oil_c","company_truck":"renault_premium_6x2_a","trailer_variant":"trailer.scs_gosck220","trailer_definition":"trailer_def.scs.gooseneck.singl_3e_220.container","units_count":30,"fill_ratio":1,"trailer_place":0},{"target":"bltmetal.pori","urgency":0,"shortest_distance_km":152,"ferry_time":0,"ferry_price":0,"cargo":"cargo.fueltanker","company_truck":"renault_t_4x2","trailer_variant":"trailer.scs_gosck220","trailer_definition":"trailer_def.scs.gooseneck.singl_3e_220.container","units_count":80,"fill_ratio":1,"trailer_place":0}],"lintukainen.tartu":[{"target":"renar.narva","urgency":0,"shortest_distance_km":159,"ferry_time":0,"ferry_price":0,"cargo":"cargo.diggers","company_truck":"scania_streamline_4x2_c","trailer_variant":"trailer.overweight.digger","trailer_definition":"trailer_def.diggers.overweight.digger","units_count":98,"fill_ratio":1,"trailer_place":0}],"ns_oil.daugavpils":[{"target":"rosmark_ru.vyborg","urgency":1,"shortest_distance_km":661,"ferry_time":0,"ferry_price":0,"cargo":"cargo.petrol","company_truck":"scania_streamline_4x2_a","trailer_variant":"trailer.fuel_cistern","trailer_definition":"trailer_def.petrol.fuel_cistern","units_count":100,"fill_ratio":1,"trailer_place":0},{"target":"bltmetal.siauliai","urgency":0,"shortest_distance_km":308,"ferry_time":0,"ferry_price":0,"cargo":"cargo.kerosene","company_truck":"mercedes_6x2_b","trailer_variant":"trailer.willig.fuel_cistern","trailer_definition":"trailer_def.kerosene.willig.fuel_cistern","units_count":100,"fill_ratio":1,"trailer_place":0},{"target":"bltmetal.siauliai","urgency":1,"shortest_distance_km":308,"ferry_time":0,"ferry_price":0,"cargo":"cargo.motor_oil","company_truck":"mercedes_actros_2014_6x4_b","trailer_variant":"trailer.scs_curt_s","trailer_definition":"trailer_def.scs.box.single_3.curtain","units_count":33,"fill_ratio":1,"trailer_place":0}],"renat.riga":[{"target":"bltmetal.siauliai","urgency":1,"shortest_distance_km":182,"ferry_time":0,"ferry_price":0,"cargo":"cargo.forklifts","company_truck":"renault_magnum_6x2_a","trailer_variant":"trailer.overweight.forklifts","trailer_definition":"trailer_def.forklifts.overweight.forklifts","units_count":100,"fill_ratio":1,"trailer_place":0}],"kivi.utena":[{"target":"domdepo.utena","urgency":0,"shortest_distance_km":38,"ferry_time":0,"ferry_price":0,"cargo":"cargo.stone_dust","company_truck":"man_6x4_b","trailer_variant":"trailer.s_ki_solid.cover","trailer_definition":"trailer_def.stone_dust.s_ki_solid.cover","units_count":100,"fill_ratio":1,"trailer_place":0},{"target":"agrominta.utena","urgency":1,"shortest_distance_km":86,"ferry_time":0,"ferry_price":0,"cargo":"cargo.digger1000","company_truck":"man_6x4_b","trailer_variant":"trailer.overweight.digger1000","trailer_definition":"trailer_def.digger1000.overweight.digger1000","units_count":100,"fill_ratio":1,"trailer_place":0}],"blt.kaunas":[{"target":"renar.lahti","urgency":0,"shortest_distance_km":800,"ferry_time":150,"ferry_price":430,"cargo":"cargo.nuts","company_truck":"scania_r_6x4_650","trailer_variant":"trailer.scs_dry","trailer_definition":"trailer_def.scs.box.single_3.dryvan","units_count":33,"fill_ratio":1,"trailer_place":0}],"renar.parnu":[{"target":"sal_fi.helsinki","urgency":0,"shortest_distance_km":211,"ferry_time":150,"ferry_price":430,"cargo":"cargo.carb_water","company_truck":"man_6x4_b","trailer_variant":"trailer.scs_dry_ms","trailer_definition":"trailer_def.scs.box.single_3.dryvan_m","units_count":29,"fill_ratio":1,"trailer_place":0},{"target":"rosmark.riga","urgency":0,"shortest_distance_km":152,"ferry_time":0,"ferry_price":0,"cargo":"cargo.ketchup","company_truck":"scania_streamline_4x2_b","trailer_variant":"trailer.scs_curt","trailer_definition":"trailer_def.scs.box.single_3.curtain","units_count":33,"fill_ratio":1,"trailer_place":0}],"cemelt_win.klaipeda":[{"target":"baltomorsk.kaunas","urgency":1,"shortest_distance_km":244,"ferry_time":0,"ferry_price":0,"cargo":"cargo.forklifts","company_truck":"daf_6x2_a","trailer_variant":"trailer.overweight.forklifts","trailer_definition":"trailer_def.forklifts.overweight.forklifts","units_count":100,"fill_ratio":1,"trailer_place":0}],"blt_ru.pskov":[{"target":"suprema.panevezys","urgency":1,"shortest_distance_km":396,"ferry_time":0,"ferry_price":0,"cargo":"cargo.plant_substr","company_truck":"daf_4x2_a","trailer_variant":"trailer.scs_curt_s","trailer_definition":"trailer_def.scs.box.single_3.curtain","units_count":33,"fill_ratio":1,"trailer_place":0},{"target":"renat.riga","urgency":1,"shortest_distance_km":237,"ferry_time":0,"ferry_price":0,"cargo":"cargo.glass_packed","company_truck":"mercedes_actros_2014_6x4_b","trailer_variant":"trailer.gls_trailer","trailer_definition":"trailer_def.glass_packed.gls_trailer","units_count":100,"fill_ratio":1,"trailer_place":0}],"eviksi.daugavpils":[{"target":"gnt.vilnius","urgency":2,"shortest_distance_km":204,"ferry_time":0,"ferry_price":0,"cargo":"cargo.maple_syrup","company_truck":"renault_premium_6x4_a","trailer_variant":"trailer.scs_dry_ms","trailer_definition":"trailer_def.scs.box.single_3.dryvan_m","units_count":33,"fill_ratio":1,"trailer_place":0},{"target":"lateds.daugavpils","urgency":2,"shortest_distance_km":26,"ferry_time":0,"ferry_price":0,"cargo":"cargo.peas","company_truck":"scania_4x2_c","trailer_variant":"trailer.scs_dry_m","trailer_definition":"trailer_def.scs.box.single_3.dryvan_m","units_count":33,"fill_ratio":1,"trailer_place":0}],"blt.paldiski":[{"target":"suprema.kaunas","urgency":0,"shortest_distance_km":524,"ferry_time":0,"ferry_price":0,"cargo":"cargo.vinegar_c","company_truck":"mercedes_actros_2014_4x2_a","trailer_variant":"trailer.scs_gosck40","trailer_definition":"trailer_def.scs.gooseneck.singl_3e_40.container","units_count":30,"fill_ratio":1,"trailer_place":0}],"kivi.tartu":[{"target":"nch.kouvola","urgency":1,"shortest_distance_km":385,"ferry_time":150,"ferry_price":430,"cargo":"cargo.excavator","company_truck":"daf_xf_euro6_6x4_c","trailer_variant":"trailer.overweight.excavator","trailer_definition":"trailer_def.excavator.overweight.excavator","units_count":94,"fill_ratio":1,"trailer_place":0},{"target":"nch.kouvola","urgency":0,"shortest_distance_km":385,"ferry_time":150,"ferry_price":430,"cargo":"cargo.stone_dust","company_truck":"man_6x4_b","trailer_variant":"trailer.s_ki_solid.cover","trailer_definition":"trailer_def.stone_dust.s_ki_solid.cover","units_count":100,"fill_ratio":1,"trailer_place":0}],"baltomors_ru.luga":[{"target":"blt_ru.pskov","urgency":0,"shortest_distance_km":200,"ferry_time":0,"ferry_price":0,"cargo":"cargo.digger500","company_truck":"scania_4x2_b","trailer_variant":"trailer.overweight.digger500","trailer_definition":"trailer_def.digger500.overweight.digger500","units_count":100,"fill_ratio":1,"trailer_place":0},{"target":"rosmark.rezekne","urgency":0,"shortest_distance_km":293,"ferry_time":0,"ferry_price":0,"cargo":"cargo.diggers","company_truck":"man_6x4_b","trailer_variant":"trailer.overweight.digger","trailer_definition":"trailer_def.diggers.overweight.digger","units_count":98,"fill_ratio":1,"trailer_place":0}],"nch.tallinn":[{"target":"polarislines.ventspils","urgency":0,"shortest_distance_km":544,"ferry_time":0,"ferry_price":0,"cargo":"cargo.grapes","company_truck":"iveco_4x2_a","trailer_variant":"trailer.scs_ins_a","trailer_definition":"trailer_def.scs.box.single_3.insulated","units_count":33,"fill_ratio":1,"trailer_place":0}],"aerobalt.tallinn":[{"target":"blt.paldiski","urgency":2,"shortest_distance_km":57,"ferry_time":0,"ferry_price":0,"cargo":"cargo.med_equip","company_truck":"renault_magnum_6x4_a","trailer_variant":"trailer.scs_ref_s","trailer_definition":"trailer_def.scs.box.single_3.reefer","units_count":33,"fill_ratio":1,"trailer_place":0},{"target":"nch.riga","urgency":2,"shortest_distance_km":314,"ferry_time":0,"ferry_price":0,"cargo":"cargo.med_vaccine","company_truck":"mercedes_actros_2014_4x2_a","trailer_variant":"trailer.scs_ins","trailer_definition":"trailer_def.scs.box.single_3.insulated","units_count":33,"fill_ratio":1,"trailer_place":0}],"ateria.tallinn":[{"target":"gnt.valmiera","urgency":2,"shortest_distance_km":320,"ferry_time":0,"ferry_price":0,"cargo":"cargo.bottle_water","company_truck":"renault_premium_6x2_a","trailer_variant":"trailer.scs_dry","trailer_definition":"trailer_def.scs.box.single_3.dryvan","units_count":29,"fill_ratio":1,"trailer_place":0}],"lvr.daugavpils":[{"target":"nch.riga","urgency":0,"shortest_distance_km":215,"ferry_time":0,"ferry_price":0,"cargo":"cargo.train_part2","company_truck":"man_6x4_b","trailer_variant":"trailer.scs_flat_c_r","trailer_definition":"trailer_def.scs.flatbed.single_3.container","units_count":2,"fill_ratio":1,"trailer_place":0},{"target":"gnt.daugavpils","urgency":0,"shortest_distance_km":2,"ferry_time":0,"ferry_price":0,"cargo":"cargo.train_part","company_truck":"mercedes_actros_2014_4x2_b","trailer_variant":"trailer.scs_flat_r","trailer_definition":"trailer_def.scs.flatbed.single_3.flatbed_w","units_count":2,"fill_ratio":1,"trailer_place":0}],"suprema_ru.pskov":[{"target":"blt.siauliai","urgency":2,"shortest_distance_km":407,"ferry_time":0,"ferry_price":0,"cargo":"cargo.empty_palet","company_truck":"man_6x4_b","trailer_variant":"trailer.scs_curt","trailer_definition":"trailer_def.scs.box.single_3.curtain","units_count":33,"fill_ratio":1,"trailer_place":0},{"target":"cont_port.klaipeda","urgency":1,"shortest_distance_km":556,"ferry_time":0,"ferry_price":0,"cargo":"cargo.used_plast_c","company_truck":"man_6x4_b","trailer_variant":"trailer.scs_flat_c_r","trailer_definition":"trailer_def.scs.flatbed.single_3.container","units_count":33,"fill_ratio":1,"trailer_place":0},{"target":"renar.parnu","urgency":0,"shortest_distance_km":272,"ferry_time":0,"ferry_price":0,"cargo":"cargo.used_plast","company_truck":"renault_t_4x2h","trailer_variant":"trailer.scs_dry_a","trailer_definition":"trailer_def.scs.box.single_3.dryvan","units_count":33,"fill_ratio":1,"trailer_place":0}],"cemelt_fla.valmiera":[{"target":"kivi.helsinki","urgency":1,"shortest_distance_km":488,"ferry_time":150,"ferry_price":430,"cargo":"cargo.digger1000","company_truck":"scania_4x2_a","trailer_variant":"trailer.overweight.digger1000","trailer_definition":"trailer_def.digger1000.overweight.digger1000","units_count":100,"fill_ratio":1,"trailer_place":0},{"target":"blt_ru.pskov","urgency":1,"shortest_distance_km":204,"ferry_time":0,"ferry_price":0,"cargo":"cargo.excavator","company_truck":"mercedes_4x2","trailer_variant":"trailer.overweight.excavator","trailer_definition":"trailer_def.excavator.overweight.excavator","units_count":94,"fill_ratio":1,"trailer_place":0}],"bltmetal.liepaja":[{"target":"rosmark.riga","urgency":2,"shortest_distance_km":253,"ferry_time":0,"ferry_price":0,"cargo":"cargo.re_bars","company_truck":"renault_magnum_4x2_a","trailer_variant":"trailer.scs_flat_r","trailer_definition":"trailer_def.scs.flatbed.single_3.flatbed_w","units_count":10,"fill_ratio":1,"trailer_place":0},{"target":"gnt.klaipeda","urgency":0,"shortest_distance_km":88,"ferry_time":0,"ferry_price":0,"cargo":"cargo.overweight","company_truck":"iveco_4x2_c","trailer_variant":"trailer.scs_flat_c_r","trailer_definition":"trailer_def.scs.flatbed.single_3.container","units_count":1,"fill_ratio":1,"trailer_place":0},{"target":"blt.utena","urgency":0,"shortest_distance_km":382,"ferry_time":0,"ferry_price":0,"cargo":"cargo.floorpanels","company_truck":"mercedes_actros_2014_4x2_c","trailer_variant":"trailer.panel_trans.floor","trailer_definition":"trailer_def.floorpanels.panel_trans.floor","units_count":82,"fill_ratio":1,"trailer_place":0}],"nch.vilnius":[{"target":"blt.utena","urgency":1,"shortest_distance_km":78,"ferry_time":0,"ferry_price":0,"cargo":"cargo.plant_substr","company_truck":"man_6x4_b","trailer_variant":"trailer.scs_dry_m","trailer_definition":"trailer_def.scs.box.single_3.dryvan_m","units_count":33,"fill_ratio":1,"trailer_place":0}],"rosmark.liepaja":[{"target":"gnt.ventspils","urgency":0,"shortest_distance_km":95,"ferry_time":0,"ferry_price":0,"cargo":"cargo.straw_bales","company_truck":"man_6x4_b","trailer_variant":"trailer.scs_flat_r","trailer_definition":"trailer_def.scs.flatbed.single_3.flatbed_w","units_count":33,"fill_ratio":1,"trailer_place":0}],"eviksi.liepaja":[{"target":"gnt.daugavpils","urgency":0,"shortest_distance_km":425,"ferry_time":0,"ferry_price":0,"cargo":"cargo.carrots_c","company_truck":"man_4x2_c","trailer_variant":"trailer.scs_flat_c_r","trailer_definition":"trailer_def.scs.flatbed.single_3.container","units_count":33,"fill_ratio":1,"trailer_place":0}],"marina_it.parnu":[{"target":"gnt.daugavpils","urgency":2,"shortest_distance_km":370,"ferry_time":0,"ferry_price":0,"cargo":"cargo.princess","company_truck":"man_6x4_b","trailer_variant":"trailer.overweight.boat","trailer_definition":"trailer_def.princess.overweight.boat","units_count":100,"fill_ratio":1,"trailer_place":0}],"cont_port.helsinki":[{"target":"nch_ru.petersburg","urgency":1,"shortest_distance_km":451,"ferry_time":0,"ferry_price":0,"cargo":"cargo.motor_oil_c","company_truck":"renault_premium_4x2_c","trailer_variant":"trailer.scs_gosck220","trailer_definition":"trailer_def.scs.gooseneck.singl_3e_220.container","units_count":30,"fill_ratio":1,"trailer_place":0}],"onnelik_a.parnu":[{"target":"blt.utena","urgency":0,"shortest_distance_km":446,"ferry_time":0,"ferry_price":0,"cargo":"cargo.milk","company_truck":"mercedes_actros_2014_6x4_b","trailer_variant":"trailer.scs_dry_s","trailer_definition":"trailer_def.scs.box.single_3.dryvan","units_count":33,"fill_ratio":1,"trailer_place":0}],"severoatm_ru.sosnovy_bor":[{"target":"lintukainen.kouvola","urgency":1,"shortest_distance_km":377,"ferry_time":0,"ferry_price":0,"cargo":"cargo.digger1000","company_truck":"mercedes_4x2_c","trailer_variant":"trailer.overweight.digger1000","trailer_definition":"trailer_def.digger1000.overweight.digger1000","units_count":100,"fill_ratio":1,"trailer_place":0}],"polarislines.naantali":[{"target":"suprema.parnu","urgency":1,"shortest_distance_km":371,"ferry_time":150,"ferry_price":430,"cargo":"cargo.potatoes","company_truck":"mercedes_actros_2014_6x2_a","trailer_variant":"trailer.scs_dry_s","trailer_definition":"trailer_def.scs.box.single_3.dryvan","units_count":33,"fill_ratio":1,"trailer_place":0}],"viljo_paper.kouvola":[{"target":"sal_fi.pori","urgency":0,"shortest_distance_km":353,"ferry_time":0,"ferry_price":0,"cargo":"cargo.paper","company_truck":"scania_r_4x2_520","trailer_variant":"trailer.scs_dry","trailer_definition":"trailer_def.scs.box.single_3.dryvan","units_count":33,"fill_ratio":1,"trailer_place":0},{"target":"renar.kotka","urgency":0,"shortest_distance_km":73,"ferry_time":0,"ferry_price":0,"cargo":"cargo.emptytank","company_truck":"man_6x4_b","trailer_variant":"trailer.scs_flat_r","trailer_definition":"trailer_def.scs.flatbed.single_3.flatbed_w","units_count":2,"fill_ratio":1,"trailer_place":0}],"renat.rezekne":[{"target":"gnt.daugavpils","urgency":2,"shortest_distance_km":110,"ferry_time":0,"ferry_price":0,"cargo":"cargo.furniture","company_truck":"renault_premium_6x4_a","trailer_variant":"trailer.scs_curt_s","trailer_definition":"trailer_def.scs.box.single_3.curtain","units_count":33,"fill_ratio":1,"trailer_place":0}],"radus_ru.petersburg":[{"target":"nch.tallinn","urgency":0,"shortest_distance_km":410,"ferry_time":0,"ferry_price":0,"cargo":"cargo.concr_stair","company_truck":"mercedes_4x2_a","trailer_variant":"trailer.scs_flat_c_g","trailer_definition":"trailer_def.scs.flatbed.single_3.container","units_count":2,"fill_ratio":1,"trailer_place":0},{"target":"nch_ru.petersburg","urgency":0,"shortest_distance_km":109,"ferry_time":0,"ferry_price":0,"cargo":"cargo.emptytank","company_truck":"scania_r_6x4_650","trailer_variant":"trailer.scs_flat_c_g","trailer_definition":"trailer_def.scs.flatbed.single_3.container","units_count":2,"fill_ratio":1,"trailer_place":0},{"target":"rosmark_ru.vyborg","urgency":2,"shortest_distance_km":206,"ferry_time":0,"ferry_price":0,"cargo":"cargo.concr_cent","company_truck":"scania_4x2_a","trailer_variant":"trailer.scs_flat_r","trailer_definition":"trailer_def.scs.flatbed.single_3.flatbed_w","units_count":2,"fill_ratio":1,"trailer_place":0}],"kamen_ru.vyborg":[{"target":"ukko.loviisa","urgency":1,"shortest_distance_km":223,"ferry_time":0,"ferry_price":0,"cargo":"cargo.excavator","company_truck":"scania_s_4x2_580","trailer_variant":"trailer.overweight.excavator","trailer_definition":"trailer_def.excavator.overweight.excavator","units_count":94,"fill_ratio":1,"trailer_place":0},{"target":"nch.kouvola","urgency":0,"shortest_distance_km":174,"ferry_time":0,"ferry_price":0,"cargo":"cargo.stone_dust","company_truck":"renault_t_6x2","trailer_variant":"trailer.s_ki_solid.cover","trailer_definition":"trailer_def.stone_dust.s_ki_solid.cover","units_count":100,"fill_ratio":1,"trailer_place":0}],"onnelik.parnu":[{"target":"renar.tampere","urgency":1,"shortest_distance_km":419,"ferry_time":150,"ferry_price":430,"cargo":"cargo.young_seed","company_truck":"renault_t_4x2","trailer_variant":"trailer.scs_ins_s","trailer_definition":"trailer_def.scs.box.single_3.insulated","units_count":33,"fill_ratio":1,"trailer_place":0},{"target":"renar.parnu","urgency":0,"shortest_distance_km":44,"ferry_time":0,"ferry_price":0,"cargo":"cargo.cont_trees","company_truck":"man_6x4_b","trailer_variant":"trailer.scs_dry_a","trailer_definition":"trailer_def.scs.box.single_3.dryvan","units_count":33,"fill_ratio":1,"trailer_place":0}],"bltmetal_ru.pskov":[{"target":"rosmark_ru.luga","urgency":1,"shortest_distance_km":149,"ferry_time":0,"ferry_price":0,"cargo":"cargo.largetubes","company_truck":"mercedes_actros_2014_4x2_b","trailer_variant":"trailer.scs_log","trailer_definition":"trailer_def.scs.log.single_3.steel","units_count":2,"fill_ratio":1,"trailer_place":0},{"target":"blt.paldiski","urgency":1,"shortest_distance_km":343,"ferry_time":0,"ferry_price":0,"cargo":"cargo.excavator","company_truck":"scania_streamline_6x4_a","trailer_variant":"trailer.overweight.excavator","trailer_definition":"trailer_def.excavator.overweight.excavator","units_count":94,"fill_ratio":1,"trailer_place":0}],"baltomorsk.ventspils":[{"target":"eviksi_a.liepaja","urgency":1,"shortest_distance_km":112,"ferry_time":0,"ferry_price":0,"cargo":"cargo.lumber","company_truck":"scania_6x4_a","trailer_variant":"trailer.scs_flat_c_r","trailer_definition":"trailer_def.scs.flatbed.single_3.container","units_count":2,"fill_ratio":1,"trailer_place":0}],"renat.daugavpils":[{"target":"blt.utena","urgency":1,"shortest_distance_km":116,"ferry_time":0,"ferry_price":0,"cargo":"cargo.forklifts","company_truck":"scania_streamline_6x2_b","trailer_variant":"trailer.overweight.forklifts","trailer_definition":"trailer_def.forklifts.overweight.forklifts","units_count":100,"fill_ratio":1,"trailer_place":0},{"target":"sal_fi.kouvola","urgency":2,"shortest_distance_km":838,"ferry_time":0,"ferry_price":0,"cargo":"cargo.furniture","company_truck":"scania_s_6x2_450","trailer_variant":"trailer.scs_curt_a","trailer_definition":"trailer_def.scs.box.single_3.curtain","units_count":33,"fill_ratio":1,"trailer_place":0}],"suprema.rezekne":[{"target":"rosmark_ru.luga","urgency":2,"shortest_distance_km":354,"ferry_time":0,"ferry_price":0,"cargo":"cargo.empty_palet","company_truck":"scania_s_6x4_730","trailer_variant":"trailer.scs_curt","trailer_definition":"trailer_def.scs.box.single_3.curtain","units_count":33,"fill_ratio":1,"trailer_place":0},{"target":"renar.tampere","urgency":0,"shortest_distance_km":759,"ferry_time":150,"ferry_price":430,"cargo":"cargo.used_packag","company_truck":"iveco_4x2_a","trailer_variant":"trailer.scs_dry","trailer_definition":"trailer_def.scs.box.single_3.dryvan","units_count":33,"fill_ratio":1,"trailer_place":0},{"target":"gnt.panevezys","urgency":1,"shortest_distance_km":339,"ferry_time":0,"ferry_price":0,"cargo":"cargo.used_plast_c","company_truck":"scania_4x2_a","trailer_variant":"trailer.scs_gosck40","trailer_definition":"trailer_def.scs.gooseneck.singl_3e_40.container","units_count":30,"fill_ratio":1,"trailer_place":0}],"renat.siauliai":[{"target":"cemelt_win.klaipeda","urgency":1,"shortest_distance_km":148,"ferry_time":0,"ferry_price":0,"cargo":"cargo.forklifts","company_truck":"iveco_4x2_b","trailer_variant":"trailer.overweight.forklifts","trailer_definition":"trailer_def.forklifts.overweight.forklifts","units_count":100,"fill_ratio":1,"trailer_place":0}],"ns_oil_ru.kaliningrad":[{"target":"baltomorsk.klaipeda","urgency":0,"shortest_distance_km":320,"ferry_time":0,"ferry_price":0,"cargo":"cargo.lpg","company_truck":"scania_4x2_c","trailer_variant":"trailer.willig.fuel_cistern","trailer_definition":"trailer_def.lpg.willig.fuel_cistern","units_count":101,"fill_ratio":1,"trailer_place":0}],"gnt.panevezys":[{"target":"renat.riga","urgency":1,"shortest_distance_km":127,"ferry_time":0,"ferry_price":0,"cargo":"cargo.lumber","company_truck":"mercedes_6x2_b","trailer_variant":"trailer.scs_flat_c_r","trailer_definition":"trailer_def.scs.flatbed.single_3.container","units_count":2,"fill_ratio":1,"trailer_place":0},{"target":"blt.tartu","urgency":1,"shortest_distance_km":380,"ferry_time":0,"ferry_price":0,"cargo":"cargo.chimney_syst","company_truck":"man_tgx_euro6_4x2_xl","trailer_variant":"trailer.scs_dry_ms","trailer_definition":"trailer_def.scs.box.single_3.dryvan_m","units_count":33,"fill_ratio":1,"trailer_place":0}],"kivi.riga":[{"target":"domdepo.utena","urgency":0,"shortest_distance_km":299,"ferry_time":0,"ferry_price":0,"cargo":"cargo.stone_dust","company_truck":"renault_premium_4x2_a","trailer_variant":"trailer.s_ki_solid.cover","trailer_definition":"trailer_def.stone_dust.s_ki_solid.cover","units_count":100,"fill_ratio":1,"trailer_place":0}],"cemelt_fl_ru.kaliningrad":[{"target":"baltomorsk.kaunas","urgency":1,"shortest_distance_km":317,"ferry_time":0,"ferry_price":0,"cargo":"cargo.digger1000","company_truck":"renault_premium_6x2_a","trailer_variant":"trailer.overweight.digger1000","trailer_definition":"trailer_def.digger1000.overweight.digger1000","units_count":100,"fill_ratio":1,"trailer_place":0}],"polarislines.tallinn":[{"target":"nch.tallinn","urgency":0,"shortest_distance_km":35,"ferry_time":0,"ferry_price":0,"cargo":"cargo.roof_tiles","company_truck":"scania_streamline_6x2_b","trailer_variant":"trailer.scs_dry","trailer_definition":"trailer_def.scs.box.single_3.dryvan","units_count":33,"fill_ratio":1,"trailer_place":0}],"polarislines.helsinki":[{"target":"renar.tallinn","urgency":1,"shortest_distance_km":62,"ferry_time":150,"ferry_price":430,"cargo":"cargo.big_bag_seed","company_truck":"scania_r_4x2_520","trailer_variant":"trailer.scs_brick_r","trailer_definition":"trailer_def.scs.flatbed.single_3.brick","units_count":33,"fill_ratio":1,"trailer_place":0}],"aerobalt.riga":[{"target":"gnt.daugavpils","urgency":2,"shortest_distance_km":296,"ferry_time":0,"ferry_price":0,"cargo":"cargo.med_vaccine","company_truck":"renault_premium_6x4_a","trailer_variant":"trailer.scs_ref","trailer_definition":"trailer_def.scs.box.single_3.reefer","units_count":33,"fill_ratio":1,"trailer_place":0}],"domdepo_ru.luga":[{"target":"nch_ru.petersburg","urgency":2,"shortest_distance_km":141,"ferry_time":0,"ferry_price":0,"cargo":"cargo.wallpanels","company_truck":"iveco_h_4x2_a","trailer_variant":"trailer.panel_trans.wall","trailer_definition":"trailer_def.wallpanels.panel_trans.wall","units_count":85,"fill_ratio":1,"trailer_place":0},{"target":"zelenye_a.kaliningrad","urgency":2,"shortest_distance_km":772,"ferry_time":0,"ferry_price":0,"cargo":"cargo.wshavings","company_truck":"man_6x4_b","trailer_variant":"trailer.s_ki_solid.cover","trailer_definition":"trailer_def.wshavings.s_ki_solid.cover","units_count":100,"fill_ratio":1,"trailer_place":0}],"ladoga.turku":[{"target":"sal_fi.helsinki","urgency":2,"shortest_distance_km":232,"ferry_time":0,"ferry_price":0,"cargo":"cargo.empty_palet","company_truck":"double/scania_4x2_a","trailer_variant":"trailer.scs_dry_2","trailer_definition":"trailer_def.scs.box.double_3_2.dryvan","units_count":53,"fill_ratio":1,"trailer_place":0},{"target":"renar.kotka","urgency":0,"shortest_distance_km":394,"ferry_time":0,"ferry_price":0,"cargo":"cargo.car_balt2","company_truck":"man_6x4_b","trailer_variant":"trailer.car_trans_b2","trailer_definition":"trailer_def.car_balt2.car_trans_b2","units_count":100,"fill_ratio":1,"trailer_place":0}],"ns_oil.ventspils":[{"target":"nch.riga","urgency":0,"shortest_distance_km":241,"ferry_time":0,"ferry_price":0,"cargo":"cargo.diesel","company_truck":"scania_r_6x2_450","trailer_variant":"trailer.fuel_cistern","trailer_definition":"trailer_def.diesel.fuel_cistern","units_count":94,"fill_ratio":1,"trailer_place":0},{"target":"rosmark.liepaja","urgency":1,"shortest_distance_km":143,"ferry_time":0,"ferry_price":0,"cargo":"cargo.petrol","company_truck":"iveco_4x2_b","trailer_variant":"trailer.willig.fuel_cistern","trailer_definition":"trailer_def.petrol.willig.fuel_cistern","units_count":101,"fill_ratio":1,"trailer_place":0},{"target":"bltmetal.liepaja","urgency":0,"shortest_distance_km":143,"ferry_time":0,"ferry_price":0,"cargo":"cargo.fueltanker","company_truck":"renault_premium_4x2_c","trailer_variant":"trailer.scs_flat_c_r","trailer_definition":"trailer_def.scs.flatbed.single_3.container","units_count":87,"fill_ratio":1,"trailer_place":0},{"target":"bltmetal.liepaja","urgency":1,"shortest_distance_km":143,"ferry_time":0,"ferry_price":0,"cargo":"cargo.motor_oil","company_truck":"mercedes_4x2","trailer_variant":"trailer.scs_dry_a","trailer_definition":"trailer_def.scs.box.single_3.dryvan","units_count":33,"fill_ratio":1,"trailer_place":0}],"ns_oil.kotka":[{"target":"nch.kouvola","urgency":0,"shortest_distance_km":105,"ferry_time":0,"ferry_price":0,"cargo":"cargo.lpg","company_truck":"scania_r_4x2_520","trailer_variant":"trailer.willig.fuel_cistern","trailer_definition":"trailer_def.lpg.willig.fuel_cistern","units_count":101,"fill_ratio":1,"trailer_place":0},{"target":"nch.kouvola","urgency":1,"shortest_distance_km":105,"ferry_time":0,"ferry_price":0,"cargo":"cargo.motor_oil_c","company_truck":"mercedes_actros_2014_6x4_b","trailer_variant":"trailer.scs_gosck40","trailer_definition":"trailer_def.scs.gooseneck.singl_3e_40.container","units_count":30,"fill_ratio":1,"trailer_place":0},{"target":"lintukainen.kouvola","urgency":1,"shortest_distance_km":106,"ferry_time":0,"ferry_price":0,"cargo":"cargo.petrol","company_truck":"scania_streamline_4x2_b","trailer_variant":"trailer.willig.fuel_cistern","trailer_definition":"trailer_def.petrol.willig.fuel_cistern","units_count":101,"fill_ratio":1,"trailer_place":0}],"kivi.turku":[{"target":"sal_fi.pori","urgency":1,"shortest_distance_km":148,"ferry_time":0,"ferry_price":0,"cargo":"cargo.digger1000","company_truck":"man_4x2_c","trailer_variant":"trailer.overweight.digger1000","trailer_definition":"trailer_def.digger1000.overweight.digger1000","units_count":100,"fill_ratio":1,"trailer_place":0},{"target":"domdepo_ru.vyborg","urgency":0,"shortest_distance_km":478,"ferry_time":0,"ferry_price":0,"cargo":"cargo.stone_dust","company_truck":"renault_premium_4x2_a","trailer_variant":"trailer.s_ki_solid.cover","trailer_definition":"trailer_def.stone_dust.s_ki_solid.cover","units_count":100,"fill_ratio":1,"trailer_place":0}],"ibp.mazeikiai":[{"target":"ladoga_ru.kaliningrad","urgency":1,"shortest_distance_km":352,"ferry_time":0,"ferry_price":0,"cargo":"cargo.motor_oil","company_truck":"iveco_4x2_a","trailer_variant":"trailer.scs_dry_s","trailer_definition":"trailer_def.scs.box.single_3.dryvan","units_count":33,"fill_ratio":1,"trailer_place":0}],"cont_port_ru.petersburg":[{"target":"cont_port.kotka","urgency":0,"shortest_distance_km":359,"ferry_time":0,"ferry_price":0,"cargo":"cargo.vinegar_c","company_truck":"renault_premium_4x2_c","trailer_variant":"trailer.scs_gosck40","trailer_definition":"trailer_def.scs.gooseneck.singl_3e_40.container","units_count":30,"fill_ratio":1,"trailer_place":0},{"target":"renar.parnu","urgency":2,"shortest_distance_km":411,"ferry_time":0,"ferry_price":0,"cargo":"cargo.chem_sorb_c","company_truck":"man_6x4_b","trailer_variant":"trailer.scs_flat_c_g","trailer_definition":"trailer_def.scs.flatbed.single_3.container","units_count":33,"fill_ratio":1,"trailer_place":0}],"cemelt_win.liepaja":[{"target":"gnt.klaipeda","urgency":2,"shortest_distance_km":121,"ferry_time":0,"ferry_price":0,"cargo":"cargo.empty_palet","company_truck":"mercedes_4x2_a","trailer_variant":"trailer.scs_curt_a","trailer_definition":"trailer_def.scs.box.single_3.curtain","units_count":33,"fill_ratio":1,"trailer_place":0}],"suprema.lahti":[{"target":"blt.paldiski","urgency":0,"shortest_distance_km":274,"ferry_time":150,"ferry_price":430,"cargo":"cargo.used_packag","company_truck":"man_tgx_euro6_4x2_xxl","trailer_variant":"trailer.scs_dry_a","trailer_definition":"trailer_def.scs.box.single_3.dryvan","units_count":33,"fill_ratio":1,"trailer_place":0},{"target":"ateria.lahti","urgency":2,"shortest_distance_km":13,"ferry_time":0,"ferry_price":0,"cargo":"cargo.empty_palet","company_truck":"double/renault_t_4x2h","trailer_variant":"trailer.scs_dry_b2","trailer_definition":"trailer_def.scs.box.bdouble_3_3.dryvan","units_count":53,"fill_ratio":1,"trailer_place":0}],"lintukainen.kotka":[{"target":"nch.kouvola","urgency":1,"shortest_distance_km":76,"ferry_time":0,"ferry_price":0,"cargo":"cargo.lumber","company_truck":"scania_streamline_4x2_a","trailer_variant":"trailer.scs_flat_c_g","trailer_definition":"trailer_def.scs.flatbed.single_3.container","units_count":2,"fill_ratio":1,"trailer_place":0},{"target":"renar.kotka","urgency":0,"shortest_distance_km":18,"ferry_time":0,"ferry_price":0,"cargo":"cargo.digger500","company_truck":"man_tgx_euro6_4x2_xxl","trailer_variant":"trailer.overweight.digger500","trailer_definition":"trailer_def.digger500.overweight.digger500","units_count":100,"fill_ratio":1,"trailer_place":0}],"blt.tartu":[{"target":"suprema.parnu","urgency":1,"shortest_distance_km":143,"ferry_time":0,"ferry_price":0,"cargo":"cargo.vinegar","company_truck":"renault_t_6x2","trailer_variant":"trailer.scs_curt","trailer_definition":"trailer_def.scs.box.single_3.curtain","units_count":33,"fill_ratio":1,"trailer_place":0}],"renat.tartu":[{"target":"baltomorsk.valmiera","urgency":1,"shortest_distance_km":214,"ferry_time":0,"ferry_price":0,"cargo":"cargo.forklifts","company_truck":"mercedes_4x2","trailer_variant":"trailer.overweight.forklifts","trailer_definition":"trailer_def.forklifts.overweight.forklifts","units_count":100,"fill_ratio":1,"trailer_place":0},{"target":"blt_yacht.riga","urgency":2,"shortest_distance_km":457,"ferry_time":0,"ferry_price":0,"cargo":"cargo.furniture","company_truck":"mercedes_4x2_b","trailer_variant":"trailer.scs_curt_s","trailer_definition":"trailer_def.scs.box.single_3.curtain","units_count":33,"fill_ratio":1,"trailer_place":0}]}