{"euroacres.verona":[{"target":"transinet.osnabruck","urgency":1,"shortest_distance_km":1110,"ferry_time":0,"ferry_price":0,"cargo":"cargo.honey","company_truck":"scania_s_4x2_580","trailer_variant":"trailer.scs_dry_m","trailer_definition":"trailer_def.scs.box.single_3.dryvan_m","units_count":33,"fill_ratio":1,"trailer_place":0},{"target":"posped.verona","urgency":1,"shortest_distance_km":57,"ferry_time":0,"ferry_price":0,"cargo":"cargo.apples_c","company_truck":"daf_xf_euro6_4x2_a","trailer_variant":"trailer.scs_gosck220","trailer_definition":"trailer_def.scs.gooseneck.singl_3e_220.container","units_count":30,"fill_ratio":1,"trailer_place":0}],"kaarfor.strasbourg":[{"target":"transinet.southampton","urgency":2,"shortest_distance_km":789,"ferry_time":35,"ferry_price":300,"cargo":"cargo.empty_palet","company_truck":"scania_s_4x2_370","trailer_variant":"trailer.scs_dry_ms","trailer_definition":"trailer_def.scs.box.single_3.dryvan_m","units_count":32,"fill_ratio":1,"trailer_place":0},{"target":"transinet.dortmund","urgency":0,"shortest_distance_km":477,"ferry_time":0,"ferry_price":0,"cargo":"cargo.used_packag","company_truck":"renault_premium_6x2_a","trailer_variant":"trailer.scs_dry","trailer_definition":"trailer_def.scs.box.single_3.dryvan","units_count":33,"fill_ratio":1,"trailer_place":0}],"posped.birmingham":[{"target":"tradeaux.lille","urgency":2,"shortest_distance_km":491,"ferry_time":35,"ferry_price":300,"cargo":"cargo.med_equip","company_truck":"daf_xf_euro6_4x2_c","trailer_variant":"trailer.scs_ref_s","trailer_definition":"trailer_def.scs.box.single_3.reefer","units_count":33,"fill_ratio":1,"trailer_place":0}],"kaarfor.amsterdam":[{"target":"posped.carlisle","urgency":1,"shortest_distance_km":405,"ferry_time":660,"ferry_price":995,"cargo":"cargo.used_plast_c","company_truck":"man_4x2_c","trailer_variant":"trailer.scs_gosck220","trailer_definition":"trailer_def.scs.gooseneck.singl_3e_220.container","units_count":30,"fill_ratio":1,"trailer_place":0}],"wgcc.frankfurt":[{"target":"euroacres.bern","urgency":0,"shortest_distance_km":492,"ferry_time":0,"ferry_price":0,"cargo":"cargo.diesel","company_truck":"scania_r_6x4_650","trailer_variant":"trailer.fuel_cistern","trailer_definition":"trailer_def.diesel.fuel_cistern","units_count":94,"fill_ratio":1,"trailer_place":0}],"eurogoodies.plymouth":[{"target":"transinet.sheffield","urgency":1,"shortest_distance_km":447,"ferry_time":0,"ferry_price":0,"cargo":"cargo.apples_c","company_truck":"mercedes_4x2","trailer_variant":"trailer.scs_flat_c_r","trailer_definition":"trailer_def.scs.flatbed.single_3.container","units_count":33,"fill_ratio":1,"trailer_place":0},{"target":"stokes.calais","urgency":0,"shortest_distance_km":481,"ferry_time":35,"ferry_price":300,"cargo":"cargo.milk","company_truck":"iveco_4x2_c","trailer_variant":"trailer.scs_dry_s","trailer_definition":"trailer_def.scs.box.single_3.dryvan","units_count":33,"fill_ratio":1,"trailer_place":0}],"tree_et.birmingham":[{"target":"transinet.southampton","urgency":2,"shortest_distance_km":329,"ferry_time":0,"ferry_price":0,"cargo":"cargo.empty_palet","company_truck":"scania_4x2_b","trailer_variant":"trailer.scs_curt_a","trailer_definition":"trailer_def.scs.box.single_3.curtain","units_count":33,"fill_ratio":1,"trailer_place":0},{"target":"sanbuilders.birmingham","urgency":0,"shortest_distance_km":2,"ferry_time":0,"ferry_price":0,"cargo":"cargo.sawpanels","company_truck":"renault_magnum_4x2_a","trailer_variant":"trailer.scs_dry","trailer_definition":"trailer_def.scs.box.single_3.dryvan","units_count":33,"fill_ratio":1,"trailer_place":0},{"target":"sanbuilders.birmingham","urgency":1,"shortest_distance_km":2,"ferry_time":0,"ferry_price":0,"cargo":"cargo.lumber","company_truck":"mercedes_actros_2014_4x2_c","trailer_variant":"trailer.scs_flat_c_g","trailer_definition":"trailer_def.scs.flatbed.single_3.container","units_count":2,"fill_ratio":1,"trailer_place":0},{"target":"stokes.aberdeen","urgency":1,"shortest_distance_km":728,"ferry_time":0,"ferry_price":0,"cargo":"cargo.excavator","company_truck":"scania_s_6x2_450","trailer_variant":"trailer.overweight.excavator","trailer_definition":"trailer_def.excavator.overweight.excavator","units_count":94,"fill_ratio":1,"trailer_place":0}],"lkwlog.felixstowe":[{"target":"posped.swansea","urgency":1,"shortest_distance_km":488,"ferry_time":0,"ferry_price":0,"cargo":"cargo.outdr_flr_tl","company_truck":"renault_premium_6x2_a","trailer_variant":"trailer.scs_dry_ms","trailer_definition":"trailer_def.scs.box.single_3.dryvan_m","units_count":33,"fill_ratio":1,"trailer_place":0},{"target":"transinet.southampton","urgency":2,"shortest_distance_km":300,"ferry_time":0,"ferry_price":0,"cargo":"cargo.wshavings","company_truck":"mercedes_4x2_b","trailer_variant":"trailer.s_ki_solid.cover","trailer_definition":"trailer_def.wshavings.s_ki_solid.cover","units_count":100,"fill_ratio":1,"trailer_place":0}],"wgcc.bratislava":[{"target":"trameri.brno","urgency":1,"shortest_distance_km":121,"ferry_time":0,"ferry_price":0,"cargo":"cargo.chemicals","company_truck":"man_tgx_euro6_4x2_xxl","trailer_variant":"trailer.chcistern","trailer_definition":"trailer_def.chemicals.chcistern","units_count":100,"fill_ratio":1,"trailer_place":0},{"target":"nbfc.linz","urgency":0,"shortest_distance_km":223,"ferry_time":0,"ferry_price":0,"cargo":"cargo.mercuric","company_truck":"man_6x4_b","trailer_variant":"trailer.scs_gosck220","trailer_definition":"trailer_def.scs.gooseneck.singl_3e_220.container","units_count":80,"fill_ratio":1,"trailer_place":0}],"nbfc.aberdeen":[{"target":"wgcc.glasgow","urgency":0,"shortest_distance_km":239,"ferry_time":0,"ferry_price":0,"cargo":"cargo.fueltanker","company_truck":"scania_4x2_c","trailer_variant":"trailer.scs_gosck40","trailer_definition":"trailer_def.scs.gooseneck.singl_3e_40.container","units_count":80,"fill_ratio":1,"trailer_place":0},{"target":"trameri.amsterdam","urgency":0,"shortest_distance_km":719,"ferry_time":660,"ferry_price":995,"cargo":"cargo.neon","company_truck":"man_4x2_c","trailer_variant":"trailer.scs_flat_c_g","trailer_definition":"trailer_def.scs.flatbed.single_3.container","units_count":87,"fill_ratio":1,"trailer_place":0},{"target":"wgcc.glasgow","urgency":1,"shortest_distance_km":239,"ferry_time":0,"ferry_price":0,"cargo":"cargo.ammunition","company_truck":"man_6x4_b","trailer_variant":"trailer.scs_curt_a","trailer_definition":"trailer_def.scs.box.single_3.curtain","units_count":33,"fill_ratio":1,"trailer_place":0}],"wgcc.munchen":[{"target":"nbfc.duisburg","urgency":1,"shortest_distance_km":671,"ferry_time":0,"ferry_price":0,"cargo":"cargo.ammunition","company_truck":"double/renault_premium_4x2_a","trailer_variant":"trailer.scs_curt_2","trailer_definition":"trailer_def.scs.box.double_3_2.curtain","units_count":33,"fill_ratio":1,"trailer_place":0}],"trameri.strasbourg":[{"target":"tradeaux.frankfurt","urgency":2,"shortest_distance_km":250,"ferry_time":0,"ferry_price":0,"cargo":"cargo.empty_palet","company_truck":"iveco_4x2_c","trailer_variant":"trailer.scs_dry_a","trailer_definition":"trailer_def.scs.box.single_3.dryvan","units_count":33,"fill_ratio":1,"trailer_place":0},{"target":"sanbuilders.luxembourg","urgency":2,"shortest_distance_km":224,"ferry_time":0,"ferry_price":0,"cargo":"cargo.rooflights","company_truck":"renault_magnum_6x2_a","trailer_variant":"trailer.scs_dry_ms","trailer_definition":"trailer_def.scs.box.single_3.dryvan_m","units_count":33,"fill_ratio":1,"trailer_place":0}],"stokes.dusseldorf":[{"target":"posped.birmingham","urgency":1,"shortest_distance_km":848,"ferry_time":35,"ferry_price":300,"cargo":"cargo.nonalco_beer","company_truck":"man_tgx_euro6_4x2_xl","trailer_variant":"trailer.scs_dry_a","trailer_definition":"trailer_def.scs.box.single_3.dryvan","units_count":33,"fill_ratio":1,"trailer_place":0}],"eurogoodies.dover":[{"target":"stokes.calais","urgency":0,"shortest_distance_km":10,"ferry_time":91,"ferry_price":384,"cargo":"cargo.rice_c","company_truck":"scania_streamline_6x4_a","trailer_variant":"trailer.scs_gosck220","trailer_definition":"trailer_def.scs.gooseneck.singl_3e_220.container","units_count":30,"fill_ratio":1,"trailer_place":0}],"wgcc.manchester":[{"target":"nbfc.london","urgency":2,"shortest_distance_km":363,"ferry_time":0,"ferry_price":0,"cargo":"cargo.acetylene","company_truck":"scania_r_4x2_370","trailer_variant":"trailer.scs_flat_c_g","trailer_definition":"trailer_def.scs.flatbed.single_3.container","units_count":87,"fill_ratio":1,"trailer_place":0},{"target":"tradeaux.lille","urgency":0,"shortest_distance_km":648,"ferry_time":35,"ferry_price":300,"cargo":"cargo.fueltanker","company_truck":"daf_xf_euro6_4x2_b","trailer_variant":"trailer.scs_flat_c_g","trailer_definition":"trailer_def.scs.flatbed.single_3.container","units_count":87,"fill_ratio":1,"trailer_place":0},{"target":"nbfc.liverpool","urgency":2,"shortest_distance_km":64,"ferry_time":0,"ferry_price":0,"cargo":"cargo.nitrocel","company_truck":"mercedes_4x2_a","trailer_variant":"trailer.scs_gosck220","trailer_definition":"trailer_def.scs.gooseneck.singl_3e_220.container","units_count":80,"fill_ratio":1,"trailer_place":0},{"target":"nbfc.london","urgency":0,"shortest_distance_km":363,"ferry_time":0,"ferry_price":0,"cargo":"cargo.cyanide","company_truck":"scania_6x2_b","trailer_variant":"trailer.scs_flat_c_g","trailer_definition":"trailer_def.scs.flatbed.single_3.container","units_count":87,"fill_ratio":1,"trailer_place":0}],"tradeaux.kassel":[{"target":"lkwlog.stuttgart","urgency":2,"shortest_distance_km":448,"ferry_time":0,"ferry_price":0,"cargo":"cargo.chem_sorb_c","company_truck":"scania_r_6x2_450","trailer_variant":"trailer.scs_gosck220","trailer_definition":"trailer_def.scs.gooseneck.singl_3e_220.container","units_count":30,"fill_ratio":1,"trailer_place":0}],"euroacres.liverpool":[{"target":"posped.birmingham","urgency":0,"shortest_distance_km":167,"ferry_time":0,"ferry_price":0,"cargo":"cargo.cauliflower","company_truck":"renault_magnum_6x4_a","trailer_variant":"trailer.scs_ins_s","trailer_definition":"trailer_def.scs.box.single_3.insulated","units_count":33,"fill_ratio":1,"trailer_place":0}],"eurogoodies.munchen":[{"target":"tradeaux.hannover","urgency":2,"shortest_distance_km":629,"ferry_time":0,"ferry_price":0,"cargo":"cargo.maple_syrup","company_truck":"daf_xf_euro6_4x2_b","trailer_variant":"trailer.scs_dry_m","trailer_definition":"trailer_def.scs.box.single_3.dryvan_m","units_count":33,"fill_ratio":1,"trailer_place":0}],"tree_et.metz":[{"target":"euroacres.osnabruck","urgency":1,"shortest_distance_km":538,"ferry_time":0,"ferry_price":0,"cargo":"cargo.lumber","company_truck":"mercedes_actros_2014_4x2_a","trailer_variant":"trailer.scs_flat_c_g","trailer_definition":"trailer_def.scs.flatbed.single_3.container","units_count":2,"fill_ratio":1,"trailer_place":0}],"cesare_smar.milano":[{"target":"lkwlog.venezia","urgency":2,"shortest_distance_km":312,"ferry_time":0,"ferry_price":0,"cargo":"cargo.empty_palet","company_truck":"man_6x4_b","trailer_variant":"trailer.scs_dry_s","trailer_definition":"trailer_def.scs.box.single_3.dryvan","units_count":33,"fill_ratio":1,"trailer_place":0}],"sanbuilders.salzburg":[{"target":"tree_et.dortmund","urgency":1,"shortest_distance_km":780,"ferry_time":0,"ferry_price":0,"cargo":"cargo.forklifts","company_truck":"scania_s_6x4_730","trailer_variant":"trailer.overweight.forklifts","trailer_definition":"trailer_def.forklifts.overweight.forklifts","units_count":100,"fill_ratio":1,"trailer_place":0},{"target":"lkwlog.graz","urgency":0,"shortest_distance_km":262,"ferry_time":0,"ferry_price":0,"cargo":"cargo.emptytank","company_truck":"mercedes_actros_2014_4x2_a","trailer_variant":"trailer.scs_flat_b","trailer_definition":"trailer_def.scs.flatbed.single_3.flatbed_w","units_count":2,"fill_ratio":1,"trailer_place":0},{"target":"tree_et.innsbruck","urgency":0,"shortest_distance_km":218,"ferry_time":0,"ferry_price":0,"cargo":"cargo.diggers","company_truck":"mercedes_6x2_b","trailer_variant":"trailer.overweight.digger","trailer_definition":"trailer_def.diggers.overweight.digger","units_count":100,"fill_ratio":1,"trailer_place":0}],"kaarfor.lyon":[{"target":"tradeaux.geneve","urgency":2,"shortest_distance_km":164,"ferry_time":0,"ferry_price":0,"cargo":"cargo.empty_palet","company_truck":"mercedes_6x2_b","trailer_variant":"trailer.scs_dry_s","trailer_definition":"trailer_def.scs.box.single_3.dryvan","units_count":33,"fill_ratio":1,"trailer_place":0}],"euroacres.dresden":[{"target":"eurogoodies.leipzig","urgency":0,"shortest_distance_km":168,"ferry_time":0,"ferry_price":0,"cargo":"cargo.carrots_c","company_truck":"scania_streamline_4x2_c","trailer_variant":"trailer.scs_flat_c_g","trailer_definition":"trailer_def.scs.flatbed.single_3.container","units_count":33,"fill_ratio":1,"trailer_place":0}],"tree_et.innsbruck":[{"target":"transinet.salzburg","urgency":2,"shortest_distance_km":210,"ferry_time":0,"ferry_price":0,"cargo":"cargo.empty_palet","company_truck":"scania_streamline_4x2_c","trailer_variant":"trailer.scs_curt_s","trailer_definition":"trailer_def.scs.box.single_3.curtain","units_count":33,"fill_ratio":1,"trailer_place":0}],"euroacres.wroclaw":[{"target":"eurogoodies.kiel","urgency":2,"shortest_distance_km":725,"ferry_time":0,"ferry_price":0,"cargo":"cargo.beans","company_truck":"renault_premium_6x2_a","trailer_variant":"trailer.scs_dry_s","trailer_definition":"trailer_def.scs.box.single_3.dryvan","units_count":33,"fill_ratio":1,"trailer_place":0}],"posped.bremen":[{"target":"tradeaux.kassel","urgency":1,"shortest_distance_km":330,"ferry_time":0,"ferry_price":0,"cargo":"cargo.big_bag_seed","company_truck":"man_tgx_euro6_4x2_xxl","trailer_variant":"trailer.scs_dry_ms","trailer_definition":"trailer_def.scs.box.single_3.dryvan_m","units_count":33,"fill_ratio":1,"trailer_place":0},{"target":"stokes.dijon","urgency":0,"shortest_distance_km":860,"ferry_time":0,"ferry_price":0,"cargo":"cargo.cauliflower","company_truck":"man_4x2_a","trailer_variant":"trailer.scs_ins_s","trailer_definition":"trailer_def.scs.box.single_3.insulated","units_count":33,"fill_ratio":1,"trailer_place":0}],"euroacres.brussel":[{"target":"posped.london","urgency":0,"shortest_distance_km":367,"ferry_time":35,"ferry_price":300,"cargo":"cargo.drymilk","company_truck":"mercedes_6x2_b","trailer_variant":"trailer.scs_curt","trailer_definition":"trailer_def.scs.box.single_3.curtain","units_count":33,"fill_ratio":1,"trailer_place":0},{"target":"lkwlog.amsterdam","urgency":0,"shortest_distance_km":222,"ferry_time":0,"ferry_price":0,"cargo":"cargo.digger500","company_truck":"man_6x4_b","trailer_variant":"trailer.overweight.digger500","trailer_definition":"trailer_def.digger500.overweight.digger500","units_count":100,"fill_ratio":1,"trailer_place":0}],"nbfc.liverpool":[{"target":"wgcc.manchester","urgency":1,"shortest_distance_km":70,"ferry_time":0,"ferry_price":0,"cargo":"cargo.arsenic","company_truck":"renault_t_4x2h","trailer_variant":"trailer.scs_gosck220","trailer_definition":"trailer_def.scs.gooseneck.singl_3e_220.container","units_count":80,"fill_ratio":1,"trailer_place":0}],"transinet.cambridge":[{"target":"tradeaux.felixstowe","urgency":0,"shortest_distance_km":157,"ferry_time":0,"ferry_price":0,"cargo":"cargo.logs","company_truck":"renault_t_4x2h","trailer_variant":"trailer.scs_log","trailer_definition":"trailer_def.scs.log.single_3.steel","units_count":2,"fill_ratio":1,"trailer_place":0}],"bcp.birmingham":[{"target":"stokes.plymouth","urgency":0,"shortest_distance_km":348,"ferry_time":0,"ferry_price":0,"cargo":"cargo.used_plast","company_truck":"scania_streamline_6x4_a","trailer_variant":"trailer.scs_dry_ms","trailer_definition":"trailer_def.scs.box.single_3.dryvan_m","units_count":33,"fill_ratio":1,"trailer_place":0}],"sellplan.magdeburg":[{"target":"transinet.hamburg","urgency":0,"shortest_distance_km":259,"ferry_time":0,"ferry_price":0,"cargo":"cargo.used_plast","company_truck":"double/scania_r_4x2","trailer_variant":"trailer.scs_curt_2","trailer_definition":"trailer_def.scs.box.double_3_2.curtain","units_count":53,"fill_ratio":1,"trailer_place":0},{"target":"lkwlog.amsterdam","urgency":2,"shortest_distance_km":483,"ferry_time":0,"ferry_price":0,"cargo":"cargo.empty_palet","company_truck":"renault_t_6x2","trailer_variant":"trailer.scs_dry_ms","trailer_definition":"trailer_def.scs.box.single_3.dryvan_m","units_count":32,"fill_ratio":1,"trailer_place":0},{"target":"stokes.zurich","urgency":0,"shortest_distance_km":811,"ferry_time":0,"ferry_price":0,"cargo":"cargo.used_packag","company_truck":"daf_xf_euro6_4x2_b","trailer_variant":"trailer.scs_dry_ms","trailer_definition":"trailer_def.scs.box.single_3.dryvan_m","units_count":33,"fill_ratio":1,"trailer_place":0}],"posped.zurich":[{"target":"kaarfor.frankfurt","urgency":2,"shortest_distance_km":369,"ferry_time":0,"ferry_price":0,"cargo":"cargo.maple_syrup","company_truck":"man_6x4_b","trailer_variant":"trailer.scs_dry_ms","trailer_definition":"trailer_def.scs.box.single_3.dryvan_m","units_count":33,"fill_ratio":1,"trailer_place":0}],"nbfc.linz":[{"target":"trameri.hannover","urgency":0,"shortest_distance_km":761,"ferry_time":0,"ferry_price":0,"cargo":"cargo.neon","company_truck":"mercedes_6x2_b","trailer_variant":"trailer.scs_gosck220","trailer_definition":"trailer_def.scs.gooseneck.singl_3e_220.container","units_count":80,"fill_ratio":1,"trailer_place":0}],"eurogoodies.glasgow":[{"target":"sellplan.london","urgency":0,"shortest_distance_km":677,"ferry_time":0,"ferry_price":0,"cargo":"cargo.milk","company_truck":"man_tgx_euro6_6x4_xlx","trailer_variant":"trailer.scs_dry_a","trailer_definition":"trailer_def.scs.box.single_3.dryvan","units_count":33,"fill_ratio":1,"trailer_place":0}],"lkwlog.duisburg":[{"target":"posped.linz","urgency":1,"shortest_distance_km":827,"ferry_time":0,"ferry_price":0,"cargo":"cargo.petrol","company_truck":"scania_streamline_4x2_b","trailer_variant":"trailer.fuel_cistern","trailer_definition":"trailer_def.petrol.fuel_cistern","units_count":100,"fill_ratio":1,"trailer_place":0}],"sellplan.klagenfurt":[{"target":"tradeaux.klagenfurt","urgency":2,"shortest_distance_km":1,"ferry_time":0,"ferry_price":0,"cargo":"cargo.empty_palet","company_truck":"renault_premium_4x2_c","trailer_variant":"trailer.scs_dry","trailer_definition":"trailer_def.scs.box.single_3.dryvan","units_count":33,"fill_ratio":1,"trailer_place":0},{"target":"posped.graz","urgency":1,"shortest_distance_km":115,"ferry_time":0,"ferry_price":0,"cargo":"cargo.used_plast_c","company_truck":"renault_premium_6x2_a","trailer_variant":"trailer.scs_flat_c_r","trailer_definition":"trailer_def.scs.flatbed.single_3.container","units_count":33,"fill_ratio":1,"trailer_place":0},{"target":"tradeaux.klagenfurt","urgency":0,"shortest_distance_km":1,"ferry_time":0,"ferry_price":0,"cargo":"cargo.used_packag","company_truck":"mercedes_actros_2014_4x2_c","trailer_variant":"trailer.scs_dry_ms","trailer_definition":"trailer_def.scs.box.single_3.dryvan_m","units_count":33,"fill_ratio":1,"trailer_place":0}],"stokes.amsterdam":[{"target":"lkwlog.calais","urgency":1,"shortest_distance_km":449,"ferry_time":0,"ferry_price":0,"cargo":"cargo.chocolate","company_truck":"mercedes_4x2_a","trailer_variant":"trailer.scs_dry_m","trailer_definition":"trailer_def.scs.box.single_3.dryvan_m","units_count":33,"fill_ratio":1,"trailer_place":0},{"target":"sanbuilders.rotterdam","urgency":1,"shortest_distance_km":78,"ferry_time":0,"ferry_price":0,"cargo":"cargo.petrol","company_truck":"renault_premium_6x2_a","trailer_variant":"trailer.willig.fuel_cistern","trailer_definition":"trailer_def.petrol.willig.fuel_cistern","units_count":101,"fill_ratio":1,"trailer_place":0}],"cargotras.milano":[{"target":"lkwlog.luxembourg","urgency":1,"shortest_distance_km":745,"ferry_time":0,"ferry_price":0,"cargo":"cargo.nonalco_beer","company_truck":"man_6x4_b","trailer_variant":"trailer.scs_dry_s","trailer_definition":"trailer_def.scs.box.single_3.dryvan","units_count":33,"fill_ratio":1,"trailer_place":0},{"target":"posped.verona","urgency":0,"shortest_distance_km":177,"ferry_time":0,"ferry_price":0,"cargo":"cargo.vinegar_c","company_truck":"scania_streamline_4x2_b","trailer_variant":"trailer.scs_flat_c_r","trailer_definition":"trailer_def.scs.flatbed.single_3.container","units_count":33,"fill_ratio":1,"trailer_place":0}],"euroacres.osnabruck":[{"target":"eurogoodies.dusseldorf","urgency":0,"shortest_distance_km":207,"ferry_time":0,"ferry_price":0,"cargo":"cargo.grapes","company_truck":"scania_s_6x4_730","trailer_variant":"trailer.scs_ref_a","trailer_definition":"trailer_def.scs.box.single_3.reefer","units_count":33,"fill_ratio":1,"trailer_place":0},{"target":"posped.koln","urgency":0,"shortest_distance_km":212,"ferry_time":0,"ferry_price":0,"cargo":"cargo.cauliflower","company_truck":"mercedes_4x2","trailer_variant":"trailer.scs_ins_a","trailer_definition":"trailer_def.scs.box.single_3.insulated","units_count":33,"fill_ratio":1,"trailer_place":0}],"quarry.lyon":[{"target":"stokes.dijon","urgency":0,"shortest_distance_km":261,"ferry_time":0,"ferry_price":0,"cargo":"cargo.diggers","company_truck":"daf_xf_euro6_6x2_a","trailer_variant":"trailer.overweight.digger","trailer_definition":"trailer_def.diggers.overweight.digger","units_count":100,"fill_ratio":1,"trailer_place":0},{"target":"tradeaux.geneve","urgency":0,"shortest_distance_km":121,"ferry_time":0,"ferry_price":0,"cargo":"cargo.digger500","company_truck":"scania_streamline_6x2_b","trailer_variant":"trailer.overweight.digger500","trailer_definition":"trailer_def.digger500.overweight.digger500","units_count":100,"fill_ratio":1,"trailer_place":0}],"euroacres.magdeburg":[{"target":"tradeaux.kassel","urgency":2,"shortest_distance_km":312,"ferry_time":0,"ferry_price":0,"cargo":"cargo.tomatoes","company_truck":"mercedes_actros_2014_4x2_a","trailer_variant":"trailer.scs_ref_a","trailer_definition":"trailer_def.scs.box.single_3.reefer","units_count":33,"fill_ratio":1,"trailer_place":0}],"euroacres.plymouth":[{"target":"eurogoodies.plymouth","urgency":2,"shortest_distance_km":3,"ferry_time":0,"ferry_price":0,"cargo":"cargo.peas","company_truck":"mercedes_4x2_a","trailer_variant":"trailer.scs_curt","trailer_definition":"trailer_def.scs.box.single_3.curtain","units_count":33,"fill_ratio":1,"trailer_place":0},{"target":"lisette_log.paris","urgency":0,"shortest_distance_km":607,"ferry_time":35,"ferry_price":300,"cargo":"cargo.drymilk","company_truck":"scania_s_6x2_450","trailer_variant":"trailer.scs_dry_m","trailer_definition":"trailer_def.scs.box.single_3.dryvan_m","units_count":33,"fill_ratio":1,"trailer_place":0}],"tradeaux.frankfurt":[{"target":"stokes.zurich","urgency":2,"shortest_distance_km":369,"ferry_time":0,"ferry_price":0,"cargo":"cargo.electronics","company_truck":"scania_streamline_4x2_a","trailer_variant":"trailer.scs_curt_a","trailer_definition":"trailer_def.scs.box.single_3.curtain","units_count":33,"fill_ratio":1,"trailer_place":0},{"target":"eurogoodies.magdeburg","urgency":2,"shortest_distance_km":484,"ferry_time":0,"ferry_price":0,"cargo":"cargo.pnut_butter","company_truck":"double/scania_s_4x2","trailer_variant":"trailer.scs_ins_b2","trailer_definition":"trailer_def.scs.box.bdouble_3_3.insulated","units_count":26,"fill_ratio":1,"trailer_place":0},{"target":"euroacres.dresden","urgency":2,"shortest_distance_km":533,"ferry_time":0,"ferry_price":0,"cargo":"cargo.wshavings","company_truck":"iveco_4x2_b","trailer_variant":"trailer.s_ki_solid.cover","trailer_definition":"trailer_def.wshavings.s_ki_solid.cover","units_count":100,"fill_ratio":1,"trailer_place":0},{"target":"euroacres.nurnberg","urgency":1,"shortest_distance_km":207,"ferry_time":0,"ferry_price":0,"cargo":"cargo.forklifts","company_truck":"renault_magnum_6x2_a","trailer_variant":"trailer.overweight.forklifts","trailer_definition":"trailer_def.forklifts.overweight.forklifts","units_count":100,"fill_ratio":1,"trailer_place":0}],"quarry.wroclaw":[{"target":"posped.bremen","urgency":0,"shortest_distance_km":774,"ferry_time":0,"ferry_price":0,"cargo":"cargo.gravel","company_truck":"renault_premium_4x2_a","trailer_variant":"trailer.s_ki_solid.gravel","trailer_definition":"trailer_def.gravel.s_ki_solid.gravel","units_count":100,"fill_ratio":1,"trailer_place":0},{"target":"stokes.poznan","urgency":1,"shortest_distance_km":209,"ferry_time":0,"ferry_price":0,"cargo":"cargo.digger1000","company_truck":"daf_xf_euro6_6x2_a","trailer_variant":"trailer.overweight.digger1000","trailer_definition":"trailer_def.digger1000.overweight.digger1000","units_count":100,"fill_ratio":1,"trailer_place":0}],"euroacres.carlisle":[{"target":"sellplan.rostock","urgency":2,"shortest_distance_km":979,"ferry_time":660,"ferry_price":995,"cargo":"cargo.apples","company_truck":"daf_xf_euro6_6x2_a","trailer_variant":"trailer.scs_dry_a","trailer_definition":"trailer_def.scs.box.single_3.dryvan","units_count":33,"fill_ratio":1,"trailer_place":0}],"batisse_hs.paris":[{"target":"stokes.zurich","urgency":0,"shortest_distance_km":687,"ferry_time":0,"ferry_price":0,"cargo":"cargo.emptytank","company_truck":"daf_4x2_a","trailer_variant":"trailer.scs_flat_c_r","trailer_definition":"trailer_def.scs.flatbed.single_3.container","units_count":2,"fill_ratio":1,"trailer_place":0},{"target":"lisette_log.paris","urgency":0,"shortest_distance_km":103,"ferry_time":0,"ferry_price":0,"cargo":"cargo.diggers","company_truck":"man_6x4_b","trailer_variant":"trailer.overweight.digger","trailer_definition":"trailer_def.diggers.overweight.digger","units_count":100,"fill_ratio":1,"trailer_place":0}],"eurogoodies.lille":[{"target":"lkwlog.calais","urgency":1,"shortest_distance_km":109,"ferry_time":0,"ferry_price":0,"cargo":"cargo.apples_c","company_truck":"renault_premium_4x2_c","trailer_variant":"trailer.scs_gosck40","trailer_definition":"trailer_def.scs.gooseneck.singl_3e_40.container","units_count":30,"fill_ratio":1,"trailer_place":0}],"trameri.brno":[{"target":"posped.linz","urgency":2,"shortest_distance_km":278,"ferry_time":0,"ferry_price":0,"cargo":"cargo.roofing_felt","company_truck":"man_6x4_b","trailer_variant":"trailer.scs_dry","trailer_definition":"trailer_def.scs.box.single_3.dryvan","units_count":33,"fill_ratio":1,"trailer_place":0}],"itcc.liege":[{"target":"fcp.brussel","urgency":0,"shortest_distance_km":167,"ferry_time":0,"ferry_price":0,"cargo":"cargo.overweight","company_truck":"scania_streamline_4x2_b","trailer_variant":"trailer.scs_flat_b","trailer_definition":"trailer_def.scs.flatbed.single_3.flatbed_w","units_count":1,"fill_ratio":1,"trailer_place":0},{"target":"tree_et.liege","urgency":1,"shortest_distance_km":47,"ferry_time":0,"ferry_price":0,"cargo":"cargo.forklifts","company_truck":"scania_r_4x2_520","trailer_variant":"trailer.overweight.forklifts","trailer_definition":"trailer_def.forklifts.overweight.forklifts","units_count":100,"fill_ratio":1,"trailer_place":0}],"itcc.linz":[{"target":"tradeaux.prague","urgency":1,"shortest_distance_km":246,"ferry_time":0,"ferry_price":0,"cargo":"cargo.precast_strs","company_truck":"scania_streamline_4x2_a","trailer_variant":"trailer.scs_dry_s","trailer_definition":"trailer_def.scs.box.single_3.dryvan","units_count":33,"fill_ratio":1,"trailer_place":0}],"kaarfor.swansea":[{"target":"tradeaux.felixstowe","urgency":2,"shortest_distance_km":482,"ferry_time":0,"ferry_price":0,"cargo":"cargo.empty_palet","company_truck":"scania_streamline_4x2_a","trailer_variant":"trailer.scs_dry_s","trailer_definition":"trailer_def.scs.box.single_3.dryvan","units_count":33,"fill_ratio":1,"trailer_place":0},{"target":"posped.swansea","urgency":0,"shortest_distance_km":1,"ferry_time":0,"ferry_price":0,"cargo":"cargo.used_packag","company_truck":"mercedes_4x2_a","trailer_variant":"trailer.scs_curt_s","trailer_definition":"trailer_def.scs.box.single_3.curtain","units_count":33,"fill_ratio":1,"trailer_place":0},{"target":"tradeaux.felixstowe","urgency":0,"shortest_distance_km":482,"ferry_time":0,"ferry_price":0,"cargo":"cargo.used_plast","company_truck":"man_6x4_b","trailer_variant":"trailer.scs_dry_ms","trailer_definition":"trailer_def.scs.box.single_3.dryvan_m","units_count":33,"fill_ratio":1,"trailer_place":0}],"quarry.cardiff":[{"target":"stokes.plymouth","urgency":0,"shortest_distance_km":253,"ferry_time":0,"ferry_price":0,"cargo":"cargo.coal","company_truck":"mercedes_4x2_a","trailer_variant":"trailer.s_ki_solid.coal","trailer_definition":"trailer_def.coal.s_ki_solid.coal","units_count":100,"fill_ratio":1,"trailer_place":0},{"target":"stokes.plymouth","urgency":2,"shortest_distance_km":253,"ferry_time":0,"ferry_price":0,"cargo":"cargo.hipresstank","company_truck":"scania_streamline_4x2_a","trailer_variant":"trailer.scs_flat_c_r","trailer_definition":"trailer_def.scs.flatbed.single_3.container","units_count":2,"fill_ratio":1,"trailer_place":0}],"lkwlog.luxembourg":[{"target":"eurogoodies.metz","urgency":1,"shortest_distance_km":98,"ferry_time":0,"ferry_price":0,"cargo":"cargo.potatoes","company_truck":"iveco_4x2_a","trailer_variant":"trailer.scs_dry_ms","trailer_definition":"trailer_def.scs.box.single_3.dryvan_m","units_count":33,"fill_ratio":1,"trailer_place":0},{"target":"stokes.poznan","urgency":0,"shortest_distance_km":961,"ferry_time":0,"ferry_price":0,"cargo":"cargo.oranges","company_truck":"mercedes_4x2_c","trailer_variant":"trailer.scs_ref","trailer_definition":"trailer_def.scs.box.single_3.reefer","units_count":33,"fill_ratio":1,"trailer_place":0},{"target":"kaarfor.swansea","urgency":0,"shortest_distance_km":835,"ferry_time":35,"ferry_price":300,"cargo":"cargo.icecream","company_truck":"man_tgx_euro6_6x4_xlx","trailer_variant":"trailer.scs_ref_a","trailer_definition":"trailer_def.scs.box.single_3.reefer","units_count":33,"fill_ratio":1,"trailer_place":0}],"eurogoodies.salzburg":[{"target":"kaarfor.munchen","urgency":2,"shortest_distance_km":181,"ferry_time":0,"ferry_price":0,"cargo":"cargo.tomatoes","company_truck":"scania_4x2_a","trailer_variant":"trailer.scs_ref_s","trailer_definition":"trailer_def.scs.box.single_3.reefer","units_count":33,"fill_ratio":1,"trailer_place":0}],"bcp.munchen":[{"target":"lkwlog.stuttgart","urgency":2,"shortest_distance_km":206,"ferry_time":0,"ferry_price":0,"cargo":"cargo.empty_palet","company_truck":"scania_streamline_6x4_a","trailer_variant":"trailer.scs_dry_a","trailer_definition":"trailer_def.scs.box.single_3.dryvan","units_count":33,"fill_ratio":1,"trailer_place":0}],"trameri.carlisle":[{"target":"stokes.amsterdam","urgency":0,"shortest_distance_km":402,"ferry_time":660,"ferry_price":995,"cargo":"cargo.used_plast","company_truck":"daf_xf_euro6_4x2_c","trailer_variant":"trailer.scs_dry_ms","trailer_definition":"trailer_def.scs.box.single_3.dryvan_m","units_count":33,"fill_ratio":1,"trailer_place":0},{"target":"posped.swansea","urgency":2,"shortest_distance_km":459,"ferry_time":0,"ferry_price":0,"cargo":"cargo.rooflights","company_truck":"mercedes_4x2_a","trailer_variant":"trailer.scs_dry_s","trailer_definition":"trailer_def.scs.box.single_3.dryvan","units_count":33,"fill_ratio":1,"trailer_place":0}],"eurogoodies.edinburgh":[{"target":"sellplan.rostock","urgency":0,"shortest_distance_km":1082,"ferry_time":660,"ferry_price":995,"cargo":"cargo.icecream","company_truck":"man_6x4_b","trailer_variant":"trailer.scs_ref","trailer_definition":"trailer_def.scs.box.single_3.reefer","units_count":33,"fill_ratio":1,"trailer_place":0}],"itcc.rostock":[{"target":"fcp.leipzig","urgency":2,"shortest_distance_km":359,"ferry_time":0,"ferry_price":0,"cargo":"cargo.hipresstank","company_truck":"mercedes_actros_2014_6x2_a","trailer_variant":"trailer.scs_flat_r","trailer_definition":"trailer_def.scs.flatbed.single_3.flatbed_w","units_count":2,"fill_ratio":1,"trailer_place":0}],"tree_et.frankfurt":[{"target":"euroacres.brno","urgency":0,"shortest_distance_km":645,"ferry_time":0,"ferry_price":0,"cargo":"cargo.digger500","company_truck":"iveco_4x2_c","trailer_variant":"trailer.overweight.digger500","trailer_definition":"trailer_def.digger500.overweight.digger500","units_count":100,"fill_ratio":1,"trailer_place":0}],"trameri.mannheim":[{"target":"transinet.mannheim","urgency":2,"shortest_distance_km":2,"ferry_time":0,"ferry_price":0,"cargo":"cargo.copp_rf_gutt","company_truck":"renault_premium_6x2_a","trailer_variant":"trailer.scs_dry_a","trailer_definition":"trailer_def.scs.box.single_3.dryvan","units_count":33,"fill_ratio":1,"trailer_place":0}],"eurogoodies.metz":[{"target":"kaarfor.reims","urgency":2,"shortest_distance_km":162,"ferry_time":0,"ferry_price":0,"cargo":"cargo.carrots","company_truck":"daf_4x2_a","trailer_variant":"trailer.scs_curt_a","trailer_definition":"trailer_def.scs.box.single_3.curtain","units_count":33,"fill_ratio":1,"trailer_place":0}],"kaarfor.munchen":[{"target":"posped.zurich","urgency":0,"shortest_distance_km":319,"ferry_time":0,"ferry_price":0,"cargo":"cargo.used_plast","company_truck":"man_6x4_b","trailer_variant":"trailer.scs_dry","trailer_definition":"trailer_def.scs.box.single_3.dryvan","units_count":33,"fill_ratio":1,"trailer_place":0},{"target":"transinet.salzburg","urgency":1,"shortest_distance_km":161,"ferry_time":0,"ferry_price":0,"cargo":"cargo.used_plast_c","company_truck":"scania_s_4x2_580","trailer_variant":"trailer.scs_gosck40","trailer_definition":"trailer_def.scs.gooseneck.singl_3e_40.container","units_count":30,"fill_ratio":1,"trailer_place":0},{"target":"stokes.zurich","urgency":2,"shortest_distance_km":319,"ferry_time":0,"ferry_price":0,"cargo":"cargo.empty_palet","company_truck":"scania_r_4x2_520","trailer_variant":"trailer.scs_dry_ms","trailer_definition":"trailer_def.scs.box.single_3.dryvan_m","units_count":32,"fill_ratio":1,"trailer_place":0}],"eurogoodies.prague":[{"target":"posped.linz","urgency":2,"shortest_distance_km":245,"ferry_time":0,"ferry_price":0,"cargo":"cargo.bottle_water","company_truck":"man_4x2_c","trailer_variant":"trailer.scs_dry_a","trailer_definition":"trailer_def.scs.box.single_3.dryvan","units_count":33,"fill_ratio":1,"trailer_place":0}],"transinet.mannheim":[{"target":"eurogoodies.berlin","urgency":0,"shortest_distance_km":622,"ferry_time":0,"ferry_price":0,"cargo":"cargo.flour","company_truck":"double/scania_r_4x2","trailer_variant":"trailer.scs_curt_2","trailer_definition":"trailer_def.scs.box.double_3_2.curtain","units_count":30,"fill_ratio":1,"trailer_place":0}],"transinet.osnabruck":[{"target":"stokes.kiel","urgency":0,"shortest_distance_km":369,"ferry_time":0,"ferry_price":0,"cargo":"cargo.scrap_metals","company_truck":"iveco_4x2_c","trailer_variant":"trailer.s_ki_solid.cover","trailer_definition":"trailer_def.scrap_metals.s_ki_solid.cover","units_count":100,"fill_ratio":1,"trailer_place":0}],"lkwlog.calais":[{"target":"transinet.sheffield","urgency":1,"shortest_distance_km":414,"ferry_time":91,"ferry_price":384,"cargo":"cargo.outdr_flr_tl","company_truck":"daf_6x2_a","trailer_variant":"trailer.scs_curt_s","trailer_definition":"trailer_def.scs.box.single_3.curtain","units_count":33,"fill_ratio":1,"trailer_place":0}],"stokes.cardiff":[{"target":"lkwlog.dover","urgency":2,"shortest_distance_km":402,"ferry_time":0,"ferry_price":0,"cargo":"cargo.canned_beans","company_truck":"daf_xf_euro6_4x2_c","trailer_variant":"trailer.scs_dry_a","trailer_definition":"trailer_def.scs.box.single_3.dryvan","units_count":33,"fill_ratio":1,"trailer_place":0},{"target":"posped.carlisle","urgency":0,"shortest_distance_km":449,"ferry_time":0,"ferry_price":0,"cargo":"cargo.beverages_c","company_truck":"renault_magnum_6x4_a","trailer_variant":"trailer.scs_flat_c_g","trailer_definition":"trailer_def.scs.flatbed.single_3.container","units_count":33,"fill_ratio":1,"trailer_place":0}],"tree_et.bratislava":[{"target":"sanbuilders.brno","urgency":0,"shortest_distance_km":108,"ferry_time":0,"ferry_price":0,"cargo":"cargo.sawpanels","company_truck":"scania_r_6x4_650","trailer_variant":"trailer.scs_dry_s","trailer_definition":"trailer_def.scs.box.single_3.dryvan","units_count":33,"fill_ratio":1,"trailer_place":0},{"target":"posped.bratislava","urgency":2,"shortest_distance_km":86,"ferry_time":0,"ferry_price":0,"cargo":"cargo.wshavings","company_truck":"man_6x4_b","trailer_variant":"trailer.s_ki_solid.cover","trailer_definition":"trailer_def.wshavings.s_ki_solid.cover","units_count":100,"fill_ratio":1,"trailer_place":0}],"lkwlog.dover":[{"target":"stokes.liege","urgency":1,"shortest_distance_km":336,"ferry_time":91,"ferry_price":384,"cargo":"cargo.big_bag_seed","company_truck":"mercedes_actros_2014_4x2_b","trailer_variant":"trailer.scs_brick_b","trailer_definition":"trailer_def.scs.flatbed.single_3.brick","units_count":33,"fill_ratio":1,"trailer_place":0}],"wgcc.grimsby":[{"target":"itcc.sheffield","urgency":0,"shortest_distance_km":108,"ferry_time":0,"ferry_price":0,"cargo":"cargo.graph_grease","company_truck":"scania_s_4x2_580","trailer_variant":"trailer.scs_dry_s","trailer_definition":"trailer_def.scs.box.single_3.dryvan","units_count":33,"fill_ratio":1,"trailer_place":0}],"tree_et.felixstowe":[{"target":"sanbuilders.rotterdam","urgency":1,"shortest_distance_km":126,"ferry_time":480,"ferry_price":960,"cargo":"cargo.lumber","company_truck":"mercedes_4x2","trailer_variant":"trailer.scs_flat_c_g","trailer_definition":"trailer_def.scs.flatbed.single_3.container","units_count":2,"fill_ratio":1,"trailer_place":0}],"sanbuilders.erfurt":[{"target":"tradeaux.kassel","urgency":0,"shortest_distance_km":206,"ferry_time":0,"ferry_price":0,"cargo":"cargo.digger500","company_truck":"scania_4x2_a","trailer_variant":"trailer.overweight.digger500","trailer_definition":"trailer_def.digger500.overweight.digger500","units_count":100,"fill_ratio":1,"trailer_place":0}],"trameri.lille":[{"target":"stokes.liege","urgency":0,"shortest_distance_km":217,"ferry_time":0,"ferry_price":0,"cargo":"cargo.used_plast","company_truck":"man_tgx_euro6_6x4_xlx","trailer_variant":"trailer.scs_dry_m","trailer_definition":"trailer_def.scs.box.single_3.dryvan_m","units_count":33,"fill_ratio":1,"trailer_place":0},{"target":"fcp.manchester","urgency":0,"shortest_distance_km":650,"ferry_time":35,"ferry_price":300,"cargo":"cargo.fueltanker","company_truck":"daf_xf_euro6_6x2_a","trailer_variant":"trailer.scs_gosck220","trailer_definition":"trailer_def.scs.gooseneck.singl_3e_220.container","units_count":80,"fill_ratio":1,"trailer_place":0}],"posped.metz":[{"target":"transinet.brussel","urgency":0,"shortest_distance_km":303,"ferry_time":0,"ferry_price":0,"cargo":"cargo.goat_cheese","company_truck":"renault_premium_6x2_a","trailer_variant":"trailer.scs_ref_a","trailer_definition":"trailer_def.scs.box.single_3.reefer","units_count":33,"fill_ratio":1,"trailer_place":0},{"target":"trameri.swansea","urgency":0,"shortest_distance_km":911,"ferry_time":35,"ferry_price":300,"cargo":"cargo.oil","company_truck":"scania_streamline_4x2_c","trailer_variant":"trailer.fuel_cistern","trailer_definition":"trailer_def.oil.fuel_cistern","units_count":100,"fill_ratio":1,"trailer_place":0}],"tradeaux.grimsby":[{"target":"lkwlog.felixstowe","urgency":2,"shortest_distance_km":290,"ferry_time":0,"ferry_price":0,"cargo":"cargo.empty_palet","company_truck":"scania_streamline_4x2_b","trailer_variant":"trailer.scs_curt_s","trailer_definition":"trailer_def.scs.box.single_3.curtain","units_count":33,"fill_ratio":1,"trailer_place":0}],"euroacres.bremen":[{"target":"transinet.dortmund","urgency":0,"shortest_distance_km":252,"ferry_time":0,"ferry_price":0,"cargo":"cargo.straw_bales","company_truck":"renault_premium_6x4_a","trailer_variant":"trailer.scs_curt_s","trailer_definition":"trailer_def.scs.box.single_3.curtain","units_count":33,"fill_ratio":1,"trailer_place":0}],"posped.kiel":[{"target":"tradeaux.hannover","urgency":0,"shortest_distance_km":280,"ferry_time":0,"ferry_price":0,"cargo":"cargo.gravel","company_truck":"mercedes_4x2_c","trailer_variant":"trailer.s_ki_solid.gravel","trailer_definition":"trailer_def.gravel.s_ki_solid.gravel","units_count":100,"fill_ratio":1,"trailer_place":0},{"target":"transinet.hamburg","urgency":0,"shortest_distance_km":158,"ferry_time":0,"ferry_price":0,"cargo":"cargo.oil","company_truck":"mercedes_actros_2014_4x2_b","trailer_variant":"trailer.fuel_cistern","trailer_definition":"trailer_def.oil.fuel_cistern","units_count":100,"fill_ratio":1,"trailer_place":0}],"euroacres.wien":[{"target":"stokes.wien","urgency":0,"shortest_distance_km":13,"ferry_time":0,"ferry_price":0,"cargo":"cargo.plums","company_truck":"iveco_4x2_a","trailer_variant":"trailer.scs_ins_a","trailer_definition":"trailer_def.scs.box.single_3.insulated","units_count":33,"fill_ratio":1,"trailer_place":0}],"trameri.lyon":[{"target":"ika_bohag.milano","urgency":1,"shortest_distance_km":448,"ferry_time":0,"ferry_price":0,"cargo":"cargo.forklifts","company_truck":"mercedes_6x4_a","trailer_variant":"trailer.overweight.forklifts","trailer_definition":"trailer_def.forklifts.overweight.forklifts","units_count":100,"fill_ratio":1,"trailer_place":0}],"eurogoodies.osnabruck":[{"target":"kaarfor.poznan","urgency":1,"shortest_distance_km":602,"ferry_time":0,"ferry_price":0,"cargo":"cargo.potatoes","company_truck":"daf_xf_euro6_6x2_a","trailer_variant":"trailer.scs_curt_a","trailer_definition":"trailer_def.scs.box.single_3.curtain","units_count":33,"fill_ratio":1,"trailer_place":0}],"wgcc.strasbourg":[{"target":"trameri.carlisle","urgency":0,"shortest_distance_km":1275,"ferry_time":35,"ferry_price":300,"cargo":"cargo.hmetal","company_truck":"scania_s_4x2_580","trailer_variant":"trailer.scs_gosck220","trailer_definition":"trailer_def.scs.gooseneck.singl_3e_220.container","units_count":80,"fill_ratio":1,"trailer_place":0}],"tree_et.zurich":[{"target":"lkwlog.duisburg","urgency":0,"shortest_distance_km":625,"ferry_time":0,"ferry_price":0,"cargo":"cargo.logs","company_truck":"scania_r_4x2_520","trailer_variant":"trailer.scs_log","trailer_definition":"trailer_def.scs.log.single_3.steel","units_count":2,"fill_ratio":1,"trailer_place":0},{"target":"posped.koln","urgency":1,"shortest_distance_km":583,"ferry_time":0,"ferry_price":0,"cargo":"cargo.excavator","company_truck":"scania_4x2_a","trailer_variant":"trailer.overweight.excavator","trailer_definition":"trailer_def.excavator.overweight.excavator","units_count":94,"fill_ratio":1,"trailer_place":0}],"euroacres.dijon":[{"target":"transinet.torino","urgency":2,"shortest_distance_km":510,"ferry_time":0,"ferry_price":0,"cargo":"cargo.beans","company_truck":"man_tgx_euro6_4x2_xl","trailer_variant":"trailer.scs_dry_m","trailer_definition":"trailer_def.scs.box.single_3.dryvan_m","units_count":33,"fill_ratio":1,"trailer_place":0}],"eurogoodies.bern":[{"target":"lkwlog.stuttgart","urgency":1,"shortest_distance_km":297,"ferry_time":0,"ferry_price":0,"cargo":"cargo.honey","company_truck":"renault_premium_4x2_c","trailer_variant":"trailer.scs_dry","trailer_definition":"trailer_def.scs.box.single_3.dryvan","units_count":33,"fill_ratio":1,"trailer_place":0}],"quarry.prague":[{"target":"euroacres.dresden","urgency":0,"shortest_distance_km":202,"ferry_time":0,"ferry_price":0,"cargo":"cargo.fueltanker","company_truck":"iveco_4x2_c","trailer_variant":"trailer.scs_flat_c_g","trailer_definition":"trailer_def.scs.flatbed.single_3.container","units_count":87,"fill_ratio":1,"trailer_place":0},{"target":"sanbuilders.berlin","urgency":1,"shortest_distance_km":413,"ferry_time":0,"ferry_price":0,"cargo":"cargo.stones","company_truck":"scania_r_6x2_450","trailer_variant":"trailer.s_ki_solid.cover","trailer_definition":"trailer_def.stones.s_ki_solid.cover","units_count":100,"fill_ratio":1,"trailer_place":0}],"sellplan.geneve":[{"target":"transinet.torino","urgency":1,"shortest_distance_km":337,"ferry_time":0,"ferry_price":0,"cargo":"cargo.used_plast_c","company_truck":"scania_s_4x2_580","trailer_variant":"trailer.scs_gosck20","trailer_definition":"trailer_def.scs.gooseneck.singl_3e_20.container","units_count":15,"fill_ratio":1,"trailer_place":0},{"target":"lkwlog.amsterdam","urgency":2,"shortest_distance_km":908,"ferry_time":0,"ferry_price":0,"cargo":"cargo.empty_palet","company_truck":"scania_4x2_b","trailer_variant":"trailer.scs_dry_s","trailer_definition":"trailer_def.scs.box.single_3.dryvan","units_count":33,"fill_ratio":1,"trailer_place":0},{"target":"tradeaux.geneve","urgency":0,"shortest_distance_km":1,"ferry_time":0,"ferry_price":0,"cargo":"cargo.used_plast","company_truck":"daf_xf_euro6_4x2_a","trailer_variant":"trailer.scs_dry_m","trailer_definition":"trailer_def.scs.box.single_3.dryvan_m","units_count":33,"fill_ratio":1,"trailer_place":0}],"wgcc.glasgow":[{"target":"nbfc.liverpool","urgency":2,"shortest_distance_km":375,"ferry_time":0,"ferry_price":0,"cargo":"cargo.sodium","company_truck":"renault_magnum_6x2_a","trailer_variant":"trailer.scs_gosck40","trailer_definition":"trailer_def.scs.gooseneck.singl_3e_40.container","units_count":80,"fill_ratio":1,"trailer_place":0},{"target":"nbfc.london","urgency":1,"shortest_distance_km":674,"ferry_time":0,"ferry_price":0,"cargo":"cargo.arsenic","company_truck":"scania_r_6x2_450","trailer_variant":"trailer.scs_gosck20","trailer_definition":"trailer_def.scs.gooseneck.singl_3e_20.container","units_count":40,"fill_ratio":1,"trailer_place":0},{"target":"nbfc.aberdeen","urgency":0,"shortest_distance_km":236,"ferry_time":0,"ferry_price":0,"cargo":"cargo.fertilizer","company_truck":"man_tgx_euro6_4x2_xxl","trailer_variant":"trailer.scs_curt_a","trailer_definition":"trailer_def.scs.box.single_3.curtain","units_count":33,"fill_ratio":1,"trailer_place":0}],"fcp.graz":[{"target":"transinet.salzburg","urgency":1,"shortest_distance_km":266,"ferry_time":0,"ferry_price":0,"cargo":"cargo.used_battery","company_truck":"renault_magnum_6x2_a","trailer_variant":"trailer.scs_curt","trailer_definition":"trailer_def.scs.box.single_3.curtain","units_count":33,"fill_ratio":1,"trailer_place":0}],"lkwlog.amsterdam":[{"target":"tradeaux.geneve","urgency":1,"shortest_distance_km":903,"ferry_time":0,"ferry_price":0,"cargo":"cargo.potatoes","company_truck":"man_4x2_c","trailer_variant":"trailer.scs_curt_s","trailer_definition":"trailer_def.scs.box.single_3.curtain","units_count":33,"fill_ratio":1,"trailer_place":0}],"nbfc.berlin":[{"target":"tree_et.poznan","urgency":0,"shortest_distance_km":254,"ferry_time":0,"ferry_price":0,"cargo":"cargo.kerosene","company_truck":"mercedes_4x2","trailer_variant":"trailer.willig.fuel_cistern","trailer_definition":"trailer_def.kerosene.willig.fuel_cistern","units_count":100,"fill_ratio":1,"trailer_place":0},{"target":"bcp.bratislava","urgency":0,"shortest_distance_km":626,"ferry_time":0,"ferry_price":0,"cargo":"cargo.neon","company_truck":"scania_r_4x2_370","trailer_variant":"trailer.scs_flat_c_r","trailer_definition":"trailer_def.scs.flatbed.single_3.container","units_count":87,"fill_ratio":1,"trailer_place":0},{"target":"wgcc.strasbourg","urgency":1,"shortest_distance_km":785,"ferry_time":0,"ferry_price":0,"cargo":"cargo.phosphor","company_truck":"scania_r_4x2_370","trailer_variant":"trailer.scs_gosck40","trailer_definition":"trailer_def.scs.gooseneck.singl_3e_40.container","units_count":80,"fill_ratio":1,"trailer_place":0},{"target":"tree_et.leipzig","urgency":1,"shortest_distance_km":202,"ferry_time":0,"ferry_price":0,"cargo":"cargo.petrol","company_truck":"man_tgx_euro6_6x4_xlx","trailer_variant":"trailer.fuel_cistern","trailer_definition":"trailer_def.petrol.fuel_cistern","units_count":100,"fill_ratio":1,"trailer_place":0}],"itcc.glasgow":[{"target":"transinet.southampton","urgency":2,"shortest_distance_km":754,"ferry_time":0,"ferry_price":0,"cargo":"cargo.wallpanels","company_truck":"scania_4x2_a","trailer_variant":"trailer.panel_trans.wall","trailer_definition":"trailer_def.wallpanels.panel_trans.wall","units_count":93,"fill_ratio":1,"trailer_place":0},{"target":"trameri.lille","urgency":0,"shortest_distance_km":960,"ferry_time":35,"ferry_price":300,"cargo":"cargo.fueltanker","company_truck":"scania_6x2_b","trailer_variant":"trailer.scs_gosck40","trailer_definition":"trailer_def.scs.gooseneck.singl_3e_40.container","units_count":80,"fill_ratio":1,"trailer_place":0}],"nbfc.calais":[{"target":"fcp.graz","urgency":0,"shortest_distance_km":1319,"ferry_time":0,"ferry_price":0,"cargo":"cargo.neon","company_truck":"renault_premium_6x2_a","trailer_variant":"trailer.scs_gosck20","trailer_definition":"trailer_def.scs.gooseneck.singl_3e_20.container","units_count":40,"fill_ratio":1,"trailer_place":0},{"target":"sanbuilders.rotterdam","urgency":1,"shortest_distance_km":376,"ferry_time":0,"ferry_price":0,"cargo":"cargo.petrol","company_truck":"man_4x2_c","trailer_variant":"trailer.fuel_cistern","trailer_definition":"trailer_def.petrol.fuel_cistern","units_count":100,"fill_ratio":1,"trailer_place":0},{"target":"fcp.brussel","urgency":0,"shortest_distance_km":230,"ferry_time":0,"ferry_price":0,"cargo":"cargo.diesel","company_truck":"mercedes_actros_2014_4x2_b","trailer_variant":"trailer.willig.fuel_cistern","trailer_definition":"trailer_def.diesel.willig.fuel_cistern","units_count":100,"fill_ratio":1,"trailer_place":0}],"trameri.amsterdam":[{"target":"tradeaux.hannover","urgency":2,"shortest_distance_km":341,"ferry_time":0,"ferry_price":0,"cargo":"cargo.roofing_felt","company_truck":"man_6x4_b","trailer_variant":"trailer.scs_curt","trailer_definition":"trailer_def.scs.box.single_3.curtain","units_count":33,"fill_ratio":1,"trailer_place":0}],"stokes.aberdeen":[{"target":"posped.london","urgency":1,"shortest_distance_km":841,"ferry_time":0,"ferry_price":0,"cargo":"cargo.forklifts","company_truck":"scania_s_4x2_370","trailer_variant":"trailer.overweight.forklifts","trailer_definition":"trailer_def.forklifts.overweight.forklifts","units_count":100,"fill_ratio":1,"trailer_place":0}],"quarry.strasbourg":[{"target":"transinet.rotterdam","urgency":0,"shortest_distance_km":619,"ferry_time":0,"ferry_price":0,"cargo":"cargo.emptytank","company_truck":"iveco_h_4x2_a","trailer_variant":"trailer.scs_flat_b","trailer_definition":"trailer_def.scs.flatbed.single_3.flatbed_w","units_count":2,"fill_ratio":1,"trailer_place":0}],"transinet.dortmund":[{"target":"euroacres.wien","urgency":2,"shortest_distance_km":941,"ferry_time":0,"ferry_price":0,"cargo":"cargo.wshavings","company_truck":"man_6x4_b","trailer_variant":"trailer.s_ki_solid.cover","trailer_definition":"trailer_def.wshavings.s_ki_solid.cover","units_count":100,"fill_ratio":1,"trailer_place":0},{"target":"sellplan.torino","urgency":2,"shortest_distance_km":1050,"ferry_time":0,"ferry_price":0,"cargo":"cargo.maple_syrup","company_truck":"mercedes_4x2_b","trailer_variant":"trailer.scs_curt_s","trailer_definition":"trailer_def.scs.box.single_3.curtain","units_count":33,"fill_ratio":1,"trailer_place":0}],"transinet.southampton":[{"target":"eurogoodies.prague","urgency":2,"shortest_distance_km":1261,"ferry_time":35,"ferry_price":300,"cargo":"cargo.pnut_butter","company_truck":"scania_streamline_4x2_b","trailer_variant":"trailer.scs_curt","trailer_definition":"trailer_def.scs.box.single_3.curtain","units_count":33,"fill_ratio":1,"trailer_place":0},{"target":"sanbuilders.london","urgency":2,"shortest_distance_km":163,"ferry_time":0,"ferry_price":0,"cargo":"cargo.wallpanels","company_truck":"daf_xf_euro6_6x4_c","trailer_variant":"trailer.panel_trans.wall","trailer_definition":"trailer_def.wallpanels.panel_trans.wall","units_count":93,"fill_ratio":1,"trailer_place":0}],"sellplan.osnabruck":[{"target":"posped.strasbourg","urgency":1,"shortest_distance_km":542,"ferry_time":0,"ferry_price":0,"cargo":"cargo.used_plast_c","company_truck":"man_6x4_b","trailer_variant":"trailer.scs_gosck220","trailer_definition":"trailer_def.scs.gooseneck.singl_3e_220.container","units_count":30,"fill_ratio":1,"trailer_place":0},{"target":"transinet.hamburg","urgency":0,"shortest_distance_km":242,"ferry_time":0,"ferry_price":0,"cargo":"cargo.used_packag","company_truck":"man_6x4_b","trailer_variant":"trailer.scs_dry_ms","trailer_definition":"trailer_def.scs.box.single_3.dryvan_m","units_count":33,"fill_ratio":1,"trailer_place":0},{"target":"posped.metz","urgency":0,"shortest_distance_km":502,"ferry_time":0,"ferry_price":0,"cargo":"cargo.used_plast","company_truck":"scania_4x2_c","trailer_variant":"trailer.scs_curt_a","trailer_definition":"trailer_def.scs.box.single_3.curtain","units_count":33,"fill_ratio":1,"trailer_place":0}],"posped.swansea":[{"target":"fcp.poznan","urgency":0,"shortest_distance_km":1638,"ferry_time":35,"ferry_price":300,"cargo":"cargo.fueltanker","company_truck":"scania_streamline_6x2_b","trailer_variant":"trailer.scs_flat_c_g","trailer_definition":"trailer_def.scs.flatbed.single_3.container","units_count":87,"fill_ratio":1,"trailer_place":0}],"fcp.dusseldorf":[{"target":"posped.strasbourg","urgency":1,"shortest_distance_km":470,"ferry_time":0,"ferry_price":0,"cargo":"cargo.used_battery","company_truck":"iveco_4x2_b","trailer_variant":"trailer.scs_curt","trailer_definition":"trailer_def.scs.box.single_3.curtain","units_count":33,"fill_ratio":1,"trailer_place":0}],"sellplan.southampton":[{"target":"lkwlog.calais","urgency":0,"shortest_distance_km":249,"ferry_time":35,"ferry_price":300,"cargo":"cargo.used_packag","company_truck":"renault_t_4x2","trailer_variant":"trailer.scs_curt_a","trailer_definition":"trailer_def.scs.box.single_3.curtain","units_count":33,"fill_ratio":1,"trailer_place":0}],"posped.bratislava":[{"target":"nbfc.linz","urgency":1,"shortest_distance_km":224,"ferry_time":0,"ferry_price":0,"cargo":"cargo.petrol","company_truck":"scania_6x2_b","trailer_variant":"trailer.willig.fuel_cistern","trailer_definition":"trailer_def.petrol.willig.fuel_cistern","units_count":101,"fill_ratio":1,"trailer_place":0}],"stokes.wien":[{"target":"posped.bremen","urgency":0,"shortest_distance_km":1035,"ferry_time":0,"ferry_price":0,"cargo":"cargo.mondeos","company_truck":"mercedes_actros_2014_4x2_a","trailer_variant":"trailer.car_trans2","trailer_definition":"trailer_def.mondeos.car_trans2","units_count":100,"fill_ratio":1,"trailer_place":0}],"tree_et.manchester":[{"target":"transinet.rotterdam","urgency":2,"shortest_distance_km":227,"ferry_time":660,"ferry_price":995,"cargo":"cargo.wshavings","company_truck":"scania_4x2_b","trailer_variant":"trailer.s_ki_solid.cover","trailer_definition":"trailer_def.wshavings.s_ki_solid.cover","units_count":100,"fill_ratio":1,"trailer_place":0}],"quarry.sheffield":[{"target":"euroacres.reims","urgency":0,"shortest_distance_km":806,"ferry_time":35,"ferry_price":300,"cargo":"cargo.emptytank","company_truck":"daf_xf_euro6_4x2_c","trailer_variant":"trailer.scs_flat_b","trailer_definition":"trailer_def.scs.flatbed.single_3.flatbed_w","units_count":2,"fill_ratio":1,"trailer_place":0},{"target":"stokes.kiel","urgency":0,"shortest_distance_km":1444,"ferry_time":35,"ferry_price":300,"cargo":"cargo.gravel","company_truck":"man_4x2_c","trailer_variant":"trailer.s_ki_solid.gravel","trailer_definition":"trailer_def.gravel.s_ki_solid.gravel","units_count":100,"fill_ratio":1,"trailer_place":0}],"bcp.stuttgart":[{"target":"posped.strasbourg","urgency":1,"shortest_distance_km":183,"ferry_time":0,"ferry_price":0,"cargo":"cargo.used_battery","company_truck":"scania_6x2_b","trailer_variant":"trailer.scs_curt","trailer_definition":"trailer_def.scs.box.single_3.curtain","units_count":33,"fill_ratio":1,"trailer_place":0}],"sanbuilders.birmingham":[{"target":"lkwlog.manchester","urgency":2,"shortest_distance_km":198,"ferry_time":0,"ferry_price":0,"cargo":"cargo.empty_palet","company_truck":"daf_xf_euro6_4x2_c","trailer_variant":"trailer.scs_dry_s","trailer_definition":"trailer_def.scs.box.single_3.dryvan","units_count":33,"fill_ratio":1,"trailer_place":0}],"spinelli.milano":[{"target":"lkwlog.dover","urgency":1,"shortest_distance_km":1047,"ferry_time":91,"ferry_price":384,"cargo":"cargo.tyres","company_truck":"mercedes_4x2_b","trailer_variant":"trailer.scs_curt_s","trailer_definition":"trailer_def.scs.box.single_3.curtain","units_count":33,"fill_ratio":1,"trailer_place":0}],"kaarfor.dortmund":[{"target":"stokes.amsterdam","urgency":0,"shortest_distance_km":286,"ferry_time":0,"ferry_price":0,"cargo":"cargo.used_plast","company_truck":"mercedes_actros_2014_4x2_c","trailer_variant":"trailer.scs_curt","trailer_definition":"trailer_def.scs.box.single_3.curtain","units_count":33,"fill_ratio":1,"trailer_place":0},{"target":"tradeaux.kassel","urgency":2,"shortest_distance_km":118,"ferry_time":0,"ferry_price":0,"cargo":"cargo.empty_palet","company_truck":"double/man_4x2_a","trailer_variant":"trailer.scs_curt_b2","trailer_definition":"trailer_def.scs.box.bdouble_3_3.curtain","units_count":26,"fill_ratio":1,"trailer_place":0},{"target":"lkwlog.luxembourg","urgency":1,"shortest_distance_km":335,"ferry_time":0,"ferry_price":0,"cargo":"cargo.used_plast_c","company_truck":"renault_premium_6x4_a","trailer_variant":"trailer.scs_gosck20","trailer_definition":"trailer_def.scs.gooseneck.singl_3e_20.container","units_count":15,"fill_ratio":1,"trailer_place":0}],"itcc.koln":[{"target":"quarry.reims","urgency":2,"shortest_distance_km":325,"ferry_time":0,"ferry_price":0,"cargo":"cargo.iron_pipes","company_truck":"man_6x4_b","trailer_variant":"trailer.scs_log","trailer_definition":"trailer_def.scs.log.single_3.steel","units_count":2,"fill_ratio":1,"trailer_place":0}],"kaarfor.frankfurt":[{"target":"posped.koln","urgency":2,"shortest_distance_km":285,"ferry_time":0,"ferry_price":0,"cargo":"cargo.empty_palet","company_truck":"double/renault_t_4x2h","trailer_variant":"trailer.scs_dry_2","trailer_definition":"trailer_def.scs.box.double_3_2.dryvan","units_count":24,"fill_ratio":1,"trailer_place":0},{"target":"lkwlog.duisburg","urgency":0,"shortest_distance_km":327,"ferry_time":0,"ferry_price":0,"cargo":"cargo.used_packag","company_truck":"double/daf_4x2_a","trailer_variant":"trailer.scs_curt_b2","trailer_definition":"trailer_def.scs.box.bdouble_3_3.curtain","units_count":28,"fill_ratio":1,"trailer_place":0},{"target":"lkwlog.graz","urgency":0,"shortest_distance_km":667,"ferry_time":0,"ferry_price":0,"cargo":"cargo.used_plast","company_truck":"man_4x2_c","trailer_variant":"trailer.scs_curt","trailer_definition":"trailer_def.scs.box.single_3.curtain","units_count":33,"fill_ratio":1,"trailer_place":0}],"trameri.hannover":[{"target":"stokes.kiel","urgency":0,"shortest_distance_km":287,"ferry_time":0,"ferry_price":0,"cargo":"cargo.overweight","company_truck":"iveco_4x2_a","trailer_variant":"trailer.scs_flat_c_r","trailer_definition":"trailer_def.scs.flatbed.single_3.container","units_count":1,"fill_ratio":1,"trailer_place":0},{"target":"tradeaux.rostock","urgency":1,"shortest_distance_km":336,"ferry_time":0,"ferry_price":0,"cargo":"cargo.used_plast_c","company_truck":"daf_xf_euro6_4x2_c","trailer_variant":"trailer.scs_gosck20","trailer_definition":"trailer_def.scs.gooseneck.singl_3e_20.container","units_count":15,"fill_ratio":1,"trailer_place":0}],"posped.rotterdam":[{"target":"euroacres.groningen","urgency":1,"shortest_distance_km":267,"ferry_time":0,"ferry_price":0,"cargo":"cargo.mason_jars","company_truck":"mercedes_4x2_b","trailer_variant":"trailer.scs_dry_s","trailer_definition":"trailer_def.scs.box.single_3.dryvan","units_count":33,"fill_ratio":1,"trailer_place":0}],"bcp.verona":[{"target":"tradeaux.geneve","urgency":0,"shortest_distance_km":637,"ferry_time":0,"ferry_price":0,"cargo":"cargo.used_packag","company_truck":"scania_6x4_a","trailer_variant":"trailer.scs_curt_a","trailer_definition":"trailer_def.scs.box.single_3.curtain","units_count":33,"fill_ratio":1,"trailer_place":0}],"tree_et.southampton":[{"target":"euroacres.bremen","urgency":1,"shortest_distance_km":956,"ferry_time":35,"ferry_price":300,"cargo":"cargo.lumber","company_truck":"man_tgx_euro6_4x2_xl","trailer_variant":"trailer.scs_flat_c_g","trailer_definition":"trailer_def.scs.flatbed.single_3.container","units_count":2,"fill_ratio":1,"trailer_place":0},{"target":"stokes.dusseldorf","urgency":0,"shortest_distance_km":672,"ferry_time":35,"ferry_price":300,"cargo":"cargo.sawpanels","company_truck":"daf_xf_euro6_4x2_b","trailer_variant":"trailer.scs_dry_m","trailer_definition":"trailer_def.scs.box.single_3.dryvan_m","units_count":33,"fill_ratio":1,"trailer_place":0},{"target":"posped.birmingham","urgency":0,"shortest_distance_km":303,"ferry_time":0,"ferry_price":0,"cargo":"cargo.diggers","company_truck":"scania_r_6x2_450","trailer_variant":"trailer.overweight.digger","trailer_definition":"trailer_def.diggers.overweight.digger","units_count":98,"fill_ratio":1,"trailer_place":0},{"target":"transinet.sheffield","urgency":2,"shortest_distance_km":408,"ferry_time":0,"ferry_price":0,"cargo":"cargo.wshavings","company_truck":"man_6x4_b","trailer_variant":"trailer.s_ki_solid.cover","trailer_definition":"trailer_def.wshavings.s_ki_solid.cover","units_count":100,"fill_ratio":1,"trailer_place":0}],"posped.strasbourg":[{"target":"lkwlog.luxembourg","urgency":0,"shortest_distance_km":202,"ferry_time":0,"ferry_price":0,"cargo":"cargo.beef_meat","company_truck":"man_6x4_b","trailer_variant":"trailer.scs_ref_s","trailer_definition":"trailer_def.scs.box.single_3.reefer","units_count":33,"fill_ratio":1,"trailer_place":0},{"target":"lkwlog.luxembourg","urgency":2,"shortest_distance_km":202,"ferry_time":0,"ferry_price":0,"cargo":"cargo.wshavings","company_truck":"renault_premium_6x4_a","trailer_variant":"trailer.s_ki_solid.cover","trailer_definition":"trailer_def.wshavings.s_ki_solid.cover","units_count":100,"fill_ratio":1,"trailer_place":0}],"posped.linz":[{"target":"eurogoodies.szczecin","urgency":2,"shortest_distance_km":709,"ferry_time":0,"ferry_price":0,"cargo":"cargo.apples","company_truck":"mercedes_actros_2014_4x2_b","trailer_variant":"trailer.scs_curt_a","trailer_definition":"trailer_def.scs.box.single_3.curtain","units_count":33,"fill_ratio":1,"trailer_place":0},{"target":"euroacres.magdeburg","urgency":1,"shortest_distance_km":647,"ferry_time":0,"ferry_price":0,"cargo":"cargo.petrol","company_truck":"scania_streamline_4x2_b","trailer_variant":"trailer.willig.fuel_cistern","trailer_definition":"trailer_def.petrol.willig.fuel_cistern","units_count":101,"fill_ratio":1,"trailer_place":0}],"kaarfor.cambridge":[{"target":"tradeaux.felixstowe","urgency":1,"shortest_distance_km":157,"ferry_time":0,"ferry_price":0,"cargo":"cargo.used_plast_c","company_truck":"scania_4x2_b","trailer_variant":"trailer.scs_gosck40","trailer_definition":"trailer_def.scs.gooseneck.singl_3e_40.container","units_count":30,"fill_ratio":1,"trailer_place":0}],"posped.verona":[{"target":"stokes.zurich","urgency":0,"shortest_distance_km":489,"ferry_time":0,"ferry_price":0,"cargo":"cargo.digger500","company_truck":"mercedes_actros_2014_4x2_b","trailer_variant":"trailer.overweight.digger500","trailer_definition":"trailer_def.digger500.overweight.digger500","units_count":100,"fill_ratio":1,"trailer_place":0},{"target":"lkwlog.luxembourg","urgency":1,"shortest_distance_km":836,"ferry_time":0,"ferry_price":0,"cargo":"cargo.largetubes","company_truck":"mercedes_actros_2014_6x2_a","trailer_variant":"trailer.scs_flat_b","trailer_definition":"trailer_def.scs.flatbed.single_3.flatbed_w","units_count":2,"fill_ratio":1,"trailer_place":0}],"wgcc.rotterdam":[{"target":"nbfc.duisburg","urgency":0,"shortest_distance_km":330,"ferry_time":0,"ferry_price":0,"cargo":"cargo.lead","company_truck":"renault_t_4x2","trailer_variant":"trailer.scs_gosck20","trailer_definition":"trailer_def.scs.gooseneck.singl_3e_20.container","units_count":40,"fill_ratio":1,"trailer_place":0},{"target":"nbfc.duisburg","urgency":1,"shortest_distance_km":330,"ferry_time":0,"ferry_price":0,"cargo":"cargo.arsenic","company_truck":"daf_4x2_a","trailer_variant":"trailer.scs_flat_c_g","trailer_definition":"trailer_def.scs.flatbed.single_3.container","units_count":87,"fill_ratio":1,"trailer_place":0},{"target":"trameri.carlisle","urgency":0,"shortest_distance_km":325,"ferry_time":660,"ferry_price":995,"cargo":"cargo.hmetal","company_truck":"iveco_4x2_c","trailer_variant":"trailer.scs_gosck20","trailer_definition":"trailer_def.scs.gooseneck.singl_3e_20.container","units_count":40,"fill_ratio":1,"trailer_place":0},{"target":"posped.strasbourg","urgency":0,"shortest_distance_km":544,"ferry_time":0,"ferry_price":0,"cargo":"cargo.fueltanker","company_truck":"daf_xf_euro6_4x2_b","trailer_variant":"trailer.scs_gosck220","trailer_definition":"trailer_def.scs.gooseneck.singl_3e_220.container","units_count":80,"fill_ratio":1,"trailer_place":0}],"euroacres.salzburg":[{"target":"transinet.rotterdam","urgency":0,"shortest_distance_km":1113,"ferry_time":0,"ferry_price":0,"cargo":"cargo.plums","company_truck":"scania_streamline_4x2_b","trailer_variant":"trailer.scs_ins","trailer_definition":"trailer_def.scs.box.single_3.insulated","units_count":33,"fill_ratio":1,"trailer_place":0}],"sanbuilders.rotterdam":[{"target":"lisette_log.paris","urgency":2,"shortest_distance_km":436,"ferry_time":0,"ferry_price":0,"cargo":"cargo.empty_palet","company_truck":"man_6x4_b","trailer_variant":"trailer.scs_dry_ms","trailer_definition":"trailer_def.scs.box.single_3.dryvan_m","units_count":33,"fill_ratio":1,"trailer_place":0},{"target":"tree_et.felixstowe","urgency":0,"shortest_distance_km":133,"ferry_time":480,"ferry_price":960,"cargo":"cargo.diggers","company_truck":"renault_premium_4x2_c","trailer_variant":"trailer.overweight.digger","trailer_definition":"trailer_def.diggers.overweight.digger","units_count":98,"fill_ratio":1,"trailer_place":0}],"kaarfor.reims":[{"target":"posped.strasbourg","urgency":0,"shortest_distance_km":324,"ferry_time":0,"ferry_price":0,"cargo":"cargo.used_packag","company_truck":"man_4x2_c","trailer_variant":"trailer.scs_curt","trailer_definition":"trailer_def.scs.box.single_3.curtain","units_count":33,"fill_ratio":1,"trailer_place":0},{"target":"posped.metz","urgency":2,"shortest_distance_km":161,"ferry_time":0,"ferry_price":0,"cargo":"cargo.empty_palet","company_truck":"renault_t_4x2h","trailer_variant":"trailer.scs_dry_s","trailer_definition":"trailer_def.scs.box.single_3.dryvan","units_count":33,"fill_ratio":1,"trailer_place":0},{"target":"posped.strasbourg","urgency":1,"shortest_distance_km":324,"ferry_time":0,"ferry_price":0,"cargo":"cargo.used_plast_c","company_truck":"man_6x4_b","trailer_variant":"trailer.scs_gosck220","trailer_definition":"trailer_def.scs.gooseneck.singl_3e_220.container","units_count":30,"fill_ratio":1,"trailer_place":0}],"quarry.dortmund":[{"target":"stokes.liege","urgency":2,"shortest_distance_km":300,"ferry_time":0,"ferry_price":0,"cargo":"cargo.hipresstank","company_truck":"man_4x2_c","trailer_variant":"trailer.scs_flat_c_g","trailer_definition":"trailer_def.scs.flatbed.single_3.container","units_count":2,"fill_ratio":1,"trailer_place":0},{"target":"posped.geneve","urgency":0,"shortest_distance_km":874,"ferry_time":0,"ferry_price":0,"cargo":"cargo.fueltanker","company_truck":"man_tgx_euro6_4x2_xl","trailer_variant":"trailer.scs_gosck220","trailer_definition":"trailer_def.scs.gooseneck.singl_3e_220.container","units_count":80,"fill_ratio":1,"trailer_place":0},{"target":"itcc.liege","urgency":0,"shortest_distance_km":299,"ferry_time":0,"ferry_price":0,"cargo":"cargo.gravel","company_truck":"iveco_4x2_c","trailer_variant":"trailer.s_ki_solid.gravel","trailer_definition":"trailer_def.gravel.s_ki_solid.gravel","units_count":100,"fill_ratio":1,"trailer_place":0}],"sellplan.groningen":[{"target":"posped.koln","urgency":0,"shortest_distance_km":365,"ferry_time":0,"ferry_price":0,"cargo":"cargo.used_plast","company_truck":"man_6x4_b","trailer_variant":"trailer.scs_curt","trailer_definition":"trailer_def.scs.box.single_3.curtain","units_count":33,"fill_ratio":1,"trailer_place":0},{"target":"stokes.liege","urgency":0,"shortest_distance_km":413,"ferry_time":0,"ferry_price":0,"cargo":"cargo.used_packag","company_truck":"man_6x4_b","trailer_variant":"trailer.scs_curt","trailer_definition":"trailer_def.scs.box.single_3.curtain","units_count":33,"fill_ratio":1,"trailer_place":0}],"lisette_log.paris":[{"target":"lkwlog.calais","urgency":0,"shortest_distance_km":260,"ferry_time":0,"ferry_price":0,"cargo":"cargo.gravel","company_truck":"daf_xf_euro6_6x2_a","trailer_variant":"trailer.s_ki_solid.gravel","trailer_definition":"trailer_def.gravel.s_ki_solid.gravel","units_count":100,"fill_ratio":1,"trailer_place":0}],"sanbuilders.berlin":[{"target":"transinet.hamburg","urgency":0,"shortest_distance_km":286,"ferry_time":0,"ferry_price":0,"cargo":"cargo.digger500","company_truck":"daf_xf_euro6_4x2_c","trailer_variant":"trailer.overweight.digger500","trailer_definition":"trailer_def.digger500.overweight.digger500","units_count":100,"fill_ratio":1,"trailer_place":0},{"target":"transinet.szczecin","urgency":0,"shortest_distance_km":188,"ferry_time":0,"ferry_price":0,"cargo":"cargo.diggers","company_truck":"mercedes_6x4_a","trailer_variant":"trailer.overweight.digger","trailer_definition":"trailer_def.diggers.overweight.digger","units_count":98,"fill_ratio":1,"trailer_place":0}]}