{"kaarfor.lublin":[{"target":"lkwlog.kosice","urgency":2,"shortest_distance_km":309,"ferry_time":0,"ferry_price":0,"cargo":"cargo.empty_palet","company_truck":"scania_4x2_b","trailer_variant":"trailer.scs_dry_ms","trailer_definition":"trailer_def.scs.box.single_3.dryvan_m","units_count":32,"fill_ratio":1,"trailer_place":0}],"eurogoodies.liverpool":[{"target":"kaarfor.ostrava","urgency":0,"shortest_distance_km":1927,"ferry_time":35,"ferry_price":300,"cargo":"cargo.cauliflower","company_truck":"scania_s_6x2_450","trailer_variant":"trailer.scs_dry_a","trailer_definition":"trailer_def.scs.box.single_3.dryvan","units_count":33,"fill_ratio":1,"trailer_place":0}],"kaarfor.budapest":[{"target":"lkwlog.lublin","urgency":0,"shortest_distance_km":536,"ferry_time":0,"ferry_price":0,"cargo":"cargo.used_packag","company_truck":"scania_streamline_4x2_b","trailer_variant":"trailer.scs_curt_s","trailer_definition":"trailer_def.scs.box.single_3.curtain","units_count":33,"fill_ratio":1,"trailer_place":0}],"tree_et.bialystok":[{"target":"posped.warszawa","urgency":0,"shortest_distance_km":181,"ferry_time":0,"ferry_price":0,"cargo":"cargo.digger500","company_truck":"man_tgx_euro6_4x2_xl","trailer_variant":"trailer.overweight.digger500","trailer_definition":"trailer_def.digger500.overweight.digger500","units_count":100,"fill_ratio":1,"trailer_place":0},{"target":"lkwlog.lublin","urgency":2,"shortest_distance_km":229,"ferry_time":0,"ferry_price":0,"cargo":"cargo.wshavings","company_truck":"renault_premium_4x2_a","trailer_variant":"trailer.s_ki_solid.cover","trailer_definition":"trailer_def.wshavings.s_ki_solid.cover","units_count":100,"fill_ratio":1,"trailer_place":0}],"wgcc.munchen":[{"target":"nbfc.budapest","urgency":0,"shortest_distance_km":715,"ferry_time":0,"ferry_price":0,"cargo":"cargo.fueltanker","company_truck":"scania_streamline_4x2_b","trailer_variant":"trailer.scs_gosck220","trailer_definition":"trailer_def.scs.gooseneck.singl_3e_220.container","units_count":80,"fill_ratio":1,"trailer_place":0}],"tree_et.olsztyn":[{"target":"sanbuilders.gdansk","urgency":1,"shortest_distance_km":171,"ferry_time":0,"ferry_price":0,"cargo":"cargo.lumber","company_truck":"scania_4x2_c","trailer_variant":"trailer.scs_flat_c_g","trailer_definition":"trailer_def.scs.flatbed.single_3.container","units_count":2,"fill_ratio":1,"trailer_place":0}],"tree_et.katowice":[{"target":"itcc.ostrava","urgency":1,"shortest_distance_km":106,"ferry_time":0,"ferry_price":0,"cargo":"cargo.forklifts","company_truck":"mercedes_6x2_b","trailer_variant":"trailer.overweight.forklifts","trailer_definition":"trailer_def.forklifts.overweight.forklifts","units_count":100,"fill_ratio":1,"trailer_place":0},{"target":"transinet.bialystok","urgency":0,"shortest_distance_km":413,"ferry_time":0,"ferry_price":0,"cargo":"cargo.logs","company_truck":"scania_4x2_b","trailer_variant":"trailer.scs_log","trailer_definition":"trailer_def.scs.log.single_3.steel","units_count":2,"fill_ratio":1,"trailer_place":0}],"tradeaux.olsztyn":[{"target":"eurogoodies.lodz","urgency":1,"shortest_distance_km":283,"ferry_time":0,"ferry_price":0,"cargo":"cargo.vinegar","company_truck":"scania_r_4x2_520","trailer_variant":"trailer.scs_dry_ms","trailer_definition":"trailer_def.scs.box.single_3.dryvan_m","units_count":33,"fill_ratio":1,"trailer_place":0}],"trameri.budapest":[{"target":"lkwlog.kosice","urgency":0,"shortest_distance_km":225,"ferry_time":0,"ferry_price":0,"cargo":"cargo.overweight","company_truck":"scania_4x2_c","trailer_variant":"trailer.scs_flat_c_g","trailer_definition":"trailer_def.scs.flatbed.single_3.container","units_count":1,"fill_ratio":1,"trailer_place":0}],"lkwlog.kosice":[{"target":"posped.lublin","urgency":1,"shortest_distance_km":311,"ferry_time":0,"ferry_price":0,"cargo":"cargo.outdr_flr_tl","company_truck":"scania_s_4x2_370","trailer_variant":"trailer.scs_dry_m","trailer_definition":"trailer_def.scs.box.single_3.dryvan_m","units_count":33,"fill_ratio":1,"trailer_place":0},{"target":"sanbuilders.debrecen","urgency":2,"shortest_distance_km":179,"ferry_time":0,"ferry_price":0,"cargo":"cargo.wallpanels","company_truck":"man_tgx_euro6_4x2_xl","trailer_variant":"trailer.panel_trans.wall","trailer_definition":"trailer_def.wallpanels.panel_trans.wall","units_count":85,"fill_ratio":1,"trailer_place":0},{"target":"posped.katowice","urgency":0,"shortest_distance_km":417,"ferry_time":0,"ferry_price":0,"cargo":"cargo.carrots_c","company_truck":"iveco_6x2_a","trailer_variant":"trailer.scs_flat_c_g","trailer_definition":"trailer_def.scs.flatbed.single_3.container","units_count":33,"fill_ratio":1,"trailer_place":0}],"euroacres.bialystok":[{"target":"posped.warszawa","urgency":2,"shortest_distance_km":162,"ferry_time":0,"ferry_price":0,"cargo":"cargo.apples","company_truck":"scania_streamline_6x4_a","trailer_variant":"trailer.scs_dry_a","trailer_definition":"trailer_def.scs.box.single_3.dryvan","units_count":33,"fill_ratio":1,"trailer_place":0},{"target":"posped.bystrica","urgency":2,"shortest_distance_km":624,"ferry_time":0,"ferry_price":0,"cargo":"cargo.carrots","company_truck":"scania_6x2_b","trailer_variant":"trailer.scs_dry_ms","trailer_definition":"trailer_def.scs.box.single_3.dryvan_m","units_count":33,"fill_ratio":1,"trailer_place":0}],"stokes.bystrica":[{"target":"posped.lublin","urgency":2,"shortest_distance_km":494,"ferry_time":0,"ferry_price":0,"cargo":"cargo.med_equip","company_truck":"man_tgx_euro6_4x2_xl","trailer_variant":"trailer.scs_dry_s","trailer_definition":"trailer_def.scs.box.single_3.dryvan","units_count":33,"fill_ratio":1,"trailer_place":0}],"kaarfor.ostrava":[{"target":"posped.katowice","urgency":2,"shortest_distance_km":98,"ferry_time":0,"ferry_price":0,"cargo":"cargo.empty_palet","company_truck":"renault_premium_4x2_a","trailer_variant":"trailer.scs_curt_s","trailer_definition":"trailer_def.scs.box.single_3.curtain","units_count":33,"fill_ratio":1,"trailer_place":0}],"euroacres.szeged":[{"target":"transinet.debrecen","urgency":0,"shortest_distance_km":207,"ferry_time":0,"ferry_price":0,"cargo":"cargo.straw_bales","company_truck":"daf_xf_euro6_4x2_c","trailer_variant":"trailer.scs_dry_ms","trailer_definition":"trailer_def.scs.box.single_3.dryvan_m","units_count":33,"fill_ratio":1,"trailer_place":0}],"eurogoodies.olsztyn":[{"target":"lkwlog.gdansk","urgency":0,"shortest_distance_km":166,"ferry_time":0,"ferry_price":0,"cargo":"cargo.vinegar_c","company_truck":"man_6x4_b","trailer_variant":"trailer.scs_flat_c_g","trailer_definition":"trailer_def.scs.flatbed.single_3.container","units_count":33,"fill_ratio":1,"trailer_place":0}],"tree_et.bystrica":[{"target":"posped.bystrica","urgency":2,"shortest_distance_km":46,"ferry_time":0,"ferry_price":0,"cargo":"cargo.empty_palet","company_truck":"renault_magnum_4x2_a","trailer_variant":"trailer.scs_dry","trailer_definition":"trailer_def.scs.box.single_3.dryvan","units_count":33,"fill_ratio":1,"trailer_place":0},{"target":"nbfc.budapest","urgency":1,"shortest_distance_km":216,"ferry_time":0,"ferry_price":0,"cargo":"cargo.forklifts","company_truck":"renault_t_4x2","trailer_variant":"trailer.overweight.forklifts","trailer_definition":"trailer_def.forklifts.overweight.forklifts","units_count":100,"fill_ratio":1,"trailer_place":0}],"nbfc.budapest":[{"target":"trameri.szeged","urgency":0,"shortest_distance_km":139,"ferry_time":0,"ferry_price":0,"cargo":"cargo.fluorine","company_truck":"renault_premium_4x2_c","trailer_variant":"trailer.scs_flat_c_g","trailer_definition":"trailer_def.scs.flatbed.single_3.container","units_count":87,"fill_ratio":1,"trailer_place":0}],"sellplan.lodz":[{"target":"stokes.katowice","urgency":2,"shortest_distance_km":151,"ferry_time":0,"ferry_price":0,"cargo":"cargo.empty_palet","company_truck":"daf_4x2_a","trailer_variant":"trailer.scs_curt_a","trailer_definition":"trailer_def.scs.box.single_3.curtain","units_count":33,"fill_ratio":1,"trailer_place":0}],"lkwlog.lodz":[{"target":"tradeaux.krakow","urgency":1,"shortest_distance_km":225,"ferry_time":0,"ferry_price":0,"cargo":"cargo.excavator","company_truck":"mercedes_actros_2014_4x2_c","trailer_variant":"trailer.overweight.excavator","trailer_definition":"trailer_def.excavator.overweight.excavator","units_count":94,"fill_ratio":1,"trailer_place":0},{"target":"posped.katowice","urgency":2,"shortest_distance_km":153,"ferry_time":0,"ferry_price":0,"cargo":"cargo.roofing_felt","company_truck":"man_4x2_a","trailer_variant":"trailer.scs_curt","trailer_definition":"trailer_def.scs.box.single_3.curtain","units_count":33,"fill_ratio":1,"trailer_place":0}],"itcc.bialystok":[{"target":"posped.katowice","urgency":1,"shortest_distance_km":411,"ferry_time":0,"ferry_price":0,"cargo":"cargo.vent_tube","company_truck":"iveco_4x2_a","trailer_variant":"trailer.scs_flat_r","trailer_definition":"trailer_def.scs.flatbed.single_3.flatbed_w","units_count":2,"fill_ratio":1,"trailer_place":0}],"tree_et.bratislava":[{"target":"posped.lublin","urgency":0,"shortest_distance_km":594,"ferry_time":0,"ferry_price":0,"cargo":"cargo.diggers","company_truck":"man_6x4_b","trailer_variant":"trailer.overweight.digger","trailer_definition":"trailer_def.diggers.overweight.digger","units_count":98,"fill_ratio":1,"trailer_place":0}],"stokes.katowice":[{"target":"posped.katowice","urgency":1,"shortest_distance_km":1,"ferry_time":0,"ferry_price":0,"cargo":"cargo.almond","company_truck":"mercedes_6x2_b","trailer_variant":"trailer.scs_dry_a","trailer_definition":"trailer_def.scs.box.single_3.dryvan","units_count":33,"fill_ratio":1,"trailer_place":0}],"tradeaux.prague":[{"target":"lkwlog.lublin","urgency":2,"shortest_distance_km":590,"ferry_time":0,"ferry_price":0,"cargo":"cargo.roofing_felt","company_truck":"man_4x2_a","trailer_variant":"trailer.scs_dry_m","trailer_definition":"trailer_def.scs.box.single_3.dryvan_m","units_count":33,"fill_ratio":1,"trailer_place":0},{"target":"stokes.katowice","urgency":2,"shortest_distance_km":342,"ferry_time":0,"ferry_price":0,"cargo":"cargo.furniture","company_truck":"man_tgx_euro6_4x2_xxl","trailer_variant":"trailer.scs_curt","trailer_definition":"trailer_def.scs.box.single_3.curtain","units_count":33,"fill_ratio":1,"trailer_place":0}],"itcc.ostrava":[{"target":"nbfc.ostrava","urgency":1,"shortest_distance_km":1,"ferry_time":0,"ferry_price":0,"cargo":"cargo.forklifts","company_truck":"renault_premium_4x2_a","trailer_variant":"trailer.overweight.forklifts","trailer_definition":"trailer_def.forklifts.overweight.forklifts","units_count":100,"fill_ratio":1,"trailer_place":0}],"lkwlog.lublin":[{"target":"posped.warszawa","urgency":2,"shortest_distance_km":135,"ferry_time":0,"ferry_price":0,"cargo":"cargo.princess","company_truck":"daf_xf_euro6_6x2_a","trailer_variant":"trailer.overweight.boat","trailer_definition":"trailer_def.princess.overweight.boat","units_count":100,"fill_ratio":1,"trailer_place":0}],"trameri.krakow":[{"target":"sanbuilders.krakow","urgency":0,"shortest_distance_km":1,"ferry_time":0,"ferry_price":0,"cargo":"cargo.fueltanker","company_truck":"renault_t_6x2","trailer_variant":"trailer.scs_flat_c_g","trailer_definition":"trailer_def.scs.flatbed.single_3.container","units_count":87,"fill_ratio":1,"trailer_place":0}],"eurogoodies.lublin":[{"target":"posped.warszawa","urgency":0,"shortest_distance_km":133,"ferry_time":0,"ferry_price":0,"cargo":"cargo.milk","company_truck":"scania_streamline_6x2_b","trailer_variant":"trailer.scs_curt_s","trailer_definition":"trailer_def.scs.box.single_3.curtain","units_count":33,"fill_ratio":1,"trailer_place":0}],"euroacres.krakow":[{"target":"eurogoodies.debrecen","urgency":1,"shortest_distance_km":503,"ferry_time":0,"ferry_price":0,"cargo":"cargo.apples_c","company_truck":"mercedes_actros_2014_4x2_a","trailer_variant":"trailer.scs_flat_c_g","trailer_definition":"trailer_def.scs.flatbed.single_3.container","units_count":33,"fill_ratio":1,"trailer_place":0}],"trameri.warszawa":[{"target":"tradeaux.olsztyn","urgency":2,"shortest_distance_km":185,"ferry_time":0,"ferry_price":0,"cargo":"cargo.electronics","company_truck":"renault_t_6x2","trailer_variant":"trailer.scs_curt_s","trailer_definition":"trailer_def.scs.box.single_3.curtain","units_count":33,"fill_ratio":1,"trailer_place":0}],"quarry.katowice":[{"target":"lkwlog.lodz","urgency":0,"shortest_distance_km":189,"ferry_time":0,"ferry_price":0,"cargo":"cargo.coal","company_truck":"scania_4x2_a","trailer_variant":"trailer.s_ki_solid.coal","trailer_definition":"trailer_def.coal.s_ki_solid.coal","units_count":100,"fill_ratio":1,"trailer_place":0},{"target":"itcc.ostrava","urgency":1,"shortest_distance_km":138,"ferry_time":0,"ferry_price":0,"cargo":"cargo.ore","company_truck":"renault_magnum_6x2_a","trailer_variant":"trailer.s_ki_solid.ore","trailer_definition":"trailer_def.ore.s_ki_solid.ore","units_count":100,"fill_ratio":1,"trailer_place":0}],"stokes.warszawa":[{"target":"lkwlog.lublin","urgency":2,"shortest_distance_km":134,"ferry_time":0,"ferry_price":0,"cargo":"cargo.bottle_water","company_truck":"mercedes_actros_2014_4x2_a","trailer_variant":"trailer.scs_dry_m","trailer_definition":"trailer_def.scs.box.single_3.dryvan_m","units_count":29,"fill_ratio":1,"trailer_place":0}],"posped.lublin":[{"target":"tradeaux.olsztyn","urgency":0,"shortest_distance_km":317,"ferry_time":0,"ferry_price":0,"cargo":"cargo.plums","company_truck":"renault_magnum_6x4_a","trailer_variant":"trailer.scs_ref_s","trailer_definition":"trailer_def.scs.box.single_3.reefer","units_count":33,"fill_ratio":1,"trailer_place":0}],"eurogoodies.liege":[{"target":"posped.lodz","urgency":0,"shortest_distance_km":1054,"ferry_time":0,"ferry_price":0,"cargo":"cargo.beef_meat","company_truck":"renault_premium_6x4_a","trailer_variant":"trailer.scs_ref_a","trailer_definition":"trailer_def.scs.box.single_3.reefer","units_count":33,"fill_ratio":1,"trailer_place":0}],"posped.lodz":[{"target":"stokes.warszawa","urgency":2,"shortest_distance_km":92,"ferry_time":0,"ferry_price":0,"cargo":"cargo.oil_filt_c","company_truck":"mercedes_4x2_b","trailer_variant":"trailer.scs_gosck20","trailer_definition":"trailer_def.scs.gooseneck.singl_3e_20.container","units_count":15,"fill_ratio":1,"trailer_place":0}],"bcp.pecs":[{"target":"euroacres.szeged","urgency":0,"shortest_distance_km":179,"ferry_time":0,"ferry_price":0,"cargo":"cargo.digger500","company_truck":"scania_s_4x2_370","trailer_variant":"trailer.overweight.digger500","trailer_definition":"trailer_def.digger500.overweight.digger500","units_count":100,"fill_ratio":1,"trailer_place":0}],"sellplan.olsztyn":[{"target":"posped.katowice","urgency":0,"shortest_distance_km":433,"ferry_time":0,"ferry_price":0,"cargo":"cargo.used_packag","company_truck":"renault_t_4x2h","trailer_variant":"trailer.scs_dry_m","trailer_definition":"trailer_def.scs.box.single_3.dryvan_m","units_count":33,"fill_ratio":1,"trailer_place":0}],"euroacres.debrecen":[{"target":"lkwlog.szeged","urgency":0,"shortest_distance_km":224,"ferry_time":0,"ferry_price":0,"cargo":"cargo.cauliflower","company_truck":"daf_xf_euro6_6x4_c","trailer_variant":"trailer.scs_dry","trailer_definition":"trailer_def.scs.box.single_3.dryvan","units_count":33,"fill_ratio":1,"trailer_place":0}],"lkwlog.szeged":[{"target":"sellplan.kosice","urgency":0,"shortest_distance_km":345,"ferry_time":0,"ferry_price":0,"cargo":"cargo.beef_meat","company_truck":"renault_t_4x2h","trailer_variant":"trailer.scs_ref","trailer_definition":"trailer_def.scs.box.single_3.reefer","units_count":33,"fill_ratio":1,"trailer_place":0},{"target":"tradeaux.pecs","urgency":2,"shortest_distance_km":190,"ferry_time":0,"ferry_price":0,"cargo":"cargo.wshavings","company_truck":"mercedes_6x2_b","trailer_variant":"trailer.s_ki_solid.cover","trailer_definition":"trailer_def.wshavings.s_ki_solid.cover","units_count":100,"fill_ratio":1,"trailer_place":0}],"posped.szeged":[{"target":"lkwlog.szeged","urgency":0,"shortest_distance_km":1,"ferry_time":0,"ferry_price":0,"cargo":"cargo.emptytank","company_truck":"man_tgx_euro6_6x4_xlx","trailer_variant":"trailer.scs_flat_b","trailer_definition":"trailer_def.scs.flatbed.single_3.flatbed_w","units_count":2,"fill_ratio":1,"trailer_place":0},{"target":"tradeaux.krakow","urgency":0,"shortest_distance_km":522,"ferry_time":0,"ferry_price":0,"cargo":"cargo.milk","company_truck":"man_tgx_euro6_4x2_xl","trailer_variant":"trailer.scs_curt_s","trailer_definition":"trailer_def.scs.box.single_3.curtain","units_count":33,"fill_ratio":1,"trailer_place":0}]}