{"tesore_gust.milano":[{"target":"posped.birmingham","urgency":2,"shortest_distance_km":1449,"ferry_time":35,"ferry_price":300,"cargo":"cargo.conc_juice_t","company_truck":"scania_r_4x2_370","trailer_variant":"trailer.scs_fodt","trailer_definition":"trailer_def.scs.foodtank.single_3.paint","units_count":18,"fill_ratio":1,"trailer_place":0}],"fle.paris":[{"target":"globeur.rennes","urgency":2,"shortest_distance_km":454,"ferry_time":0,"ferry_price":0,"cargo":"cargo.med_vaccine","company_truck":"daf_6x2_a","trailer_variant":"trailer.scs_ins","trailer_definition":"trailer_def.scs.box.single_3.insulated","units_count":33,"fill_ratio":1,"trailer_place":0}],"posped.birmingham":[{"target":"eurogoodies.dover","urgency":0,"shortest_distance_km":330,"ferry_time":0,"ferry_price":0,"cargo":"cargo.coconut_oil","company_truck":"man_6x4_b","trailer_variant":"trailer.scs_dry_a","trailer_definition":"trailer_def.scs.box.single_3.dryvan","units_count":31,"fill_ratio":1,"trailer_place":0}],"batisse_base.clermont":[{"target":"nos_pat_cf.clermont","urgency":2,"shortest_distance_km":23,"ferry_time":0,"ferry_price":0,"cargo":"cargo.hipresstank","company_truck":"daf_xf_euro6_4x2_b","trailer_variant":"trailer.scs_flat_c_r","trailer_definition":"trailer_def.scs.flatbed.single_3.container","units_count":2,"fill_ratio":1,"trailer_place":0}],"tradeaux.klagenfurt":[{"target":"eurogoodies.wien","urgency":0,"shortest_distance_km":262,"ferry_time":0,"ferry_price":0,"cargo":"cargo.coconut_oil","company_truck":"scania_streamline_4x2_b","trailer_variant":"trailer.scs_curt","trailer_definition":"trailer_def.scs.box.single_3.curtain","units_count":33,"fill_ratio":1,"trailer_place":0}],"batisse_wind.larochelle":[{"target":"nucleon.civaux","urgency":1,"shortest_distance_km":252,"ferry_time":0,"ferry_price":0,"cargo":"cargo.forklifts","company_truck":"renault_magnum_4x2_a","trailer_variant":"trailer.overweight.forklifts","trailer_definition":"trailer_def.forklifts.overweight.forklifts","units_count":100,"fill_ratio":1,"trailer_place":0},{"target":"huilant.larochelle","urgency":2,"shortest_distance_km":57,"ferry_time":0,"ferry_price":0,"cargo":"cargo.empty_palet","company_truck":"scania_streamline_4x2_c","trailer_variant":"trailer.scs_dry_s","trailer_definition":"trailer_def.scs.box.single_3.dryvan","units_count":33,"fill_ratio":1,"trailer_place":0}],"nos_pat_cf.clermont":[{"target":"renar.calvi","urgency":2,"shortest_distance_km":575,"ferry_time":840,"ferry_price":1193,"cargo":"cargo.milk_t","company_truck":"man_6x4_b","trailer_variant":"trailer.scs_fodt","trailer_definition":"trailer_def.scs.foodtank.single_3.paint","units_count":27,"fill_ratio":1,"trailer_place":0},{"target":"wilnet_trans.toulouse","urgency":0,"shortest_distance_km":435,"ferry_time":0,"ferry_price":0,"cargo":"cargo.beef_meat","company_truck":"renault_premium_4x2_c","trailer_variant":"trailer.scs_ref_a","trailer_definition":"trailer_def.scs.box.single_3.reefer","units_count":33,"fill_ratio":1,"trailer_place":0},{"target":"kaarfor.montpellier","urgency":0,"shortest_distance_km":339,"ferry_time":0,"ferry_price":0,"cargo":"cargo.drymilk","company_truck":"mercedes_6x2_b","trailer_variant":"trailer.scs_dry_m","trailer_definition":"trailer_def.scs.box.single_3.dryvan_m","units_count":33,"fill_ratio":1,"trailer_place":0}],"mvm_carriere.bordeaux":[{"target":"dans_jardin.montpellier","urgency":0,"shortest_distance_km":566,"ferry_time":0,"ferry_price":0,"cargo":"cargo.excav_soil","company_truck":"renault_t_4x2","trailer_variant":"trailer.s_ki_solid.cover","trailer_definition":"trailer_def.excav_soil.s_ki_solid.cover","units_count":100,"fill_ratio":1,"trailer_place":0},{"target":"batisse_road.lemans","urgency":0,"shortest_distance_km":672,"ferry_time":0,"ferry_price":0,"cargo":"cargo.granite_cube","company_truck":"mercedes_actros_2014_4x2_c","trailer_variant":"trailer.s_ki_solid.cover","trailer_definition":"trailer_def.granite_cube.s_ki_solid.cover","units_count":100,"fill_ratio":1,"trailer_place":0}],"tradeaux.kassel":[{"target":"stokes.nurnberg","urgency":2,"shortest_distance_km":375,"ferry_time":0,"ferry_price":0,"cargo":"cargo.soy_milk","company_truck":"double/renault_magnum_4x2_a","trailer_variant":"trailer.scs_dry_2","trailer_definition":"trailer_def.scs.box.double_3_2.dryvan","units_count":25,"fill_ratio":1,"trailer_place":0}],"kaarfor.ajaccio":[{"target":"wilnet_trans.toulouse","urgency":1,"shortest_distance_km":643,"ferry_time":840,"ferry_price":1193,"cargo":"cargo.used_plast_c","company_truck":"scania_r_4x2_370","trailer_variant":"trailer.scs_gosck40","trailer_definition":"trailer_def.scs.gooseneck.singl_3e_40.container","units_count":30,"fill_ratio":1,"trailer_place":0}],"globeur.lehavre":[{"target":"wilnet_trans.lemans","urgency":2,"shortest_distance_km":295,"ferry_time":0,"ferry_price":0,"cargo":"cargo.corks","company_truck":"man_tgx_euro6_4x2_xxl","trailer_variant":"trailer.scs_dry_s","trailer_definition":"trailer_def.scs.box.single_3.dryvan","units_count":33,"fill_ratio":1,"trailer_place":0},{"target":"tradeaux.brest","urgency":1,"shortest_distance_km":539,"ferry_time":0,"ferry_price":0,"cargo":"cargo.sand","company_truck":"man_tgx_euro6_6x4_xlx","trailer_variant":"trailer.s_ki_solid.sand","trailer_definition":"trailer_def.sand.s_ki_solid.sand","units_count":100,"fill_ratio":1,"trailer_place":0}],"kaarfor.nice":[{"target":"wilnet_trans.porto_vecchi","urgency":2,"shortest_distance_km":262,"ferry_time":840,"ferry_price":1193,"cargo":"cargo.empty_palet","company_truck":"renault_premium_6x2_a","trailer_variant":"trailer.scs_dry_a","trailer_definition":"trailer_def.scs.box.single_3.dryvan","units_count":33,"fill_ratio":1,"trailer_place":0}],"marina_fr.marseille":[{"target":"wilnet_trans.nantes","urgency":2,"shortest_distance_km":1087,"ferry_time":0,"ferry_price":0,"cargo":"cargo.princess","company_truck":"renault_premium_4x2_a","trailer_variant":"trailer.overweight.boat","trailer_definition":"trailer_def.princess.overweight.boat","units_count":100,"fill_ratio":1,"trailer_place":0}],"nbfc.duisburg":[{"target":"stokes.dusseldorf","urgency":1,"shortest_distance_km":36,"ferry_time":0,"ferry_price":0,"cargo":"cargo.boric_acid","company_truck":"daf_4x2_b","trailer_variant":"trailer.scs_dry_s","trailer_definition":"trailer_def.scs.box.single_3.dryvan","units_count":33,"fill_ratio":1,"trailer_place":0}],"lisette_log.lemans":[{"target":"wilnet_trans.lemans","urgency":1,"shortest_distance_km":2,"ferry_time":0,"ferry_price":0,"cargo":"cargo.vinegar","company_truck":"mercedes_6x4_a","trailer_variant":"trailer.scs_curt_a","trailer_definition":"trailer_def.scs.box.single_3.curtain","units_count":33,"fill_ratio":1,"trailer_place":0}],"fle.toulouse":[{"target":"lisette_log.bordeaux","urgency":2,"shortest_distance_km":202,"ferry_time":0,"ferry_price":0,"cargo":"cargo.comp_process","company_truck":"man_6x4_b","trailer_variant":"trailer.scs_dry_ms","trailer_definition":"trailer_def.scs.box.single_3.dryvan_m","units_count":33,"fill_ratio":1,"trailer_place":0}],"boisserie.marseille":[{"target":"dans_jardin.marseille","urgency":1,"shortest_distance_km":167,"ferry_time":0,"ferry_price":0,"cargo":"cargo.lumber","company_truck":"renault_t_4x2h","trailer_variant":"trailer.scs_flat_b","trailer_definition":"trailer_def.scs.flatbed.single_3.flatbed_w","units_count":2,"fill_ratio":1,"trailer_place":0}],"wilnet_trans.toulouse":[{"target":"tradeaux.clermont","urgency":1,"shortest_distance_km":395,"ferry_time":0,"ferry_price":0,"cargo":"cargo.glass_packed","company_truck":"renault_premium_4x2_a","trailer_variant":"trailer.gls_trailer","trailer_definition":"trailer_def.glass_packed.gls_trailer","units_count":100,"fill_ratio":1,"trailer_place":0}],"gomme_monde.bourges":[{"target":"globeur.bourges","urgency":0,"shortest_distance_km":12,"ferry_time":0,"ferry_price":0,"cargo":"cargo.used_packag","company_truck":"renault_magnum_6x4_a","trailer_variant":"trailer.scs_curt_s","trailer_definition":"trailer_def.scs.box.single_3.curtain","units_count":33,"fill_ratio":1,"trailer_place":0},{"target":"kaarfor.limoges","urgency":1,"shortest_distance_km":251,"ferry_time":0,"ferry_price":0,"cargo":"cargo.tyres","company_truck":"man_tgx_euro6_6x4_xlx","trailer_variant":"trailer.scs_dry_ms","trailer_definition":"trailer_def.scs.box.single_3.dryvan_m","units_count":33,"fill_ratio":1,"trailer_place":0}],"cesare_smar.milano":[{"target":"tradeaux.ajaccio","urgency":1,"shortest_distance_km":711,"ferry_time":840,"ferry_price":1193,"cargo":"cargo.used_plast_c","company_truck":"renault_premium_4x2_a","trailer_variant":"trailer.scs_gosck220","trailer_definition":"trailer_def.scs.gooseneck.singl_3e_220.container","units_count":30,"fill_ratio":1,"trailer_place":0}],"lisette_log.roscoff":[{"target":"nucleon.civaux","urgency":1,"shortest_distance_km":539,"ferry_time":0,"ferry_price":0,"cargo":"cargo.hi_volt_cabl","company_truck":"daf_6x2_a","trailer_variant":"trailer.scs_dry_a","trailer_definition":"trailer_def.scs.box.single_3.dryvan","units_count":33,"fill_ratio":1,"trailer_place":0}],"gallia_ferry.roscoff":[{"target":"globeur.rennes","urgency":1,"shortest_distance_km":265,"ferry_time":0,"ferry_price":0,"cargo":"cargo.beverages","company_truck":"renault_t_4x2","trailer_variant":"trailer.scs_ins_s","trailer_definition":"trailer_def.scs.box.single_3.insulated","units_count":33,"fill_ratio":1,"trailer_place":0},{"target":"lisette_log.roscoff","urgency":0,"shortest_distance_km":1,"ferry_time":0,"ferry_price":0,"cargo":"cargo.tableware","company_truck":"scania_s_4x2_370","trailer_variant":"trailer.scs_curt","trailer_definition":"trailer_def.scs.box.single_3.curtain","units_count":33,"fill_ratio":1,"trailer_place":0}],"wilnet_trans.nantes":[{"target":"lisette_log.lemans","urgency":0,"shortest_distance_km":249,"ferry_time":0,"ferry_price":0,"cargo":"cargo.used_plast","company_truck":"scania_6x4_a","trailer_variant":"trailer.scs_curt_s","trailer_definition":"trailer_def.scs.box.single_3.curtain","units_count":33,"fill_ratio":1,"trailer_place":0},{"target":"lisette_log.roscoff","urgency":1,"shortest_distance_km":276,"ferry_time":0,"ferry_price":0,"cargo":"cargo.radiators","company_truck":"renault_premium_6x2_a","trailer_variant":"trailer.scs_curt_a","trailer_definition":"trailer_def.scs.box.single_3.curtain","units_count":33,"fill_ratio":1,"trailer_place":0}],"wilnet_trans.limoges":[{"target":"globeur.bordeaux","urgency":1,"shortest_distance_km":315,"ferry_time":0,"ferry_price":0,"cargo":"cargo.toys","company_truck":"scania_streamline_4x2_a","trailer_variant":"trailer.scs_dry","trailer_definition":"trailer_def.scs.box.single_3.dryvan","units_count":33,"fill_ratio":1,"trailer_place":0}],"dans_jardin.montpellier":[{"target":"lisette_log.ajaccio","urgency":2,"shortest_distance_km":426,"ferry_time":840,"ferry_price":1193,"cargo":"cargo.apples","company_truck":"scania_r_4x2_370","trailer_variant":"trailer.scs_curt_s","trailer_definition":"trailer_def.scs.box.single_3.curtain","units_count":33,"fill_ratio":1,"trailer_place":0},{"target":"wilnet_trans.toulouse","urgency":2,"shortest_distance_km":300,"ferry_time":0,"ferry_price":0,"cargo":"cargo.lavender","company_truck":"scania_s_6x2_450","trailer_variant":"trailer.scs_curt","trailer_definition":"trailer_def.scs.box.single_3.curtain","units_count":33,"fill_ratio":1,"trailer_place":0},{"target":"globeur.rennes","urgency":0,"shortest_distance_km":874,"ferry_time":0,"ferry_price":0,"cargo":"cargo.olives","company_truck":"scania_6x4_a","trailer_variant":"trailer.scs_dry_s","trailer_definition":"trailer_def.scs.box.single_3.dryvan","units_count":33,"fill_ratio":1,"trailer_place":0}],"mvm_carriere.limoges":[{"target":"nucleon.laurent","urgency":1,"shortest_distance_km":297,"ferry_time":0,"ferry_price":0,"cargo":"cargo.digger1000","company_truck":"mercedes_actros_2014_4x2_a","trailer_variant":"trailer.overweight.digger1000","trailer_definition":"trailer_def.digger1000.overweight.digger1000","units_count":100,"fill_ratio":1,"trailer_place":0},{"target":"batisse_base.clermont","urgency":1,"shortest_distance_km":283,"ferry_time":0,"ferry_price":0,"cargo":"cargo.excavator","company_truck":"scania_6x2_b","trailer_variant":"trailer.overweight.excavator","trailer_definition":"trailer_def.excavator.overweight.excavator","units_count":100,"fill_ratio":1,"trailer_place":0}],"wilnet_trans.lemans":[{"target":"globeur.rennes","urgency":0,"shortest_distance_km":152,"ferry_time":0,"ferry_price":0,"cargo":"cargo.cont_trees","company_truck":"mercedes_4x2_b","trailer_variant":"trailer.scs_curt_s","trailer_definition":"trailer_def.scs.box.single_3.curtain","units_count":33,"fill_ratio":1,"trailer_place":0},{"target":"lisette_log.roscoff","urgency":2,"shortest_distance_km":379,"ferry_time":0,"ferry_price":0,"cargo":"cargo.sugar","company_truck":"mercedes_actros_2014_4x2_a","trailer_variant":"trailer.scs_dry_m","trailer_definition":"trailer_def.scs.box.single_3.dryvan_m","units_count":33,"fill_ratio":1,"trailer_place":0},{"target":"globeur.rennes","urgency":1,"shortest_distance_km":152,"ferry_time":0,"ferry_price":0,"cargo":"cargo.apples_c","company_truck":"daf_4x2_b","trailer_variant":"trailer.scs_flat_c_r","trailer_definition":"trailer_def.scs.flatbed.single_3.container","units_count":33,"fill_ratio":1,"trailer_place":0}],"batisse_road.bordeaux":[{"target":"wilnet_trans.lemans","urgency":2,"shortest_distance_km":591,"ferry_time":0,"ferry_price":0,"cargo":"cargo.hipresstank","company_truck":"scania_4x2_b","trailer_variant":"trailer.scs_flat_c_r","trailer_definition":"trailer_def.scs.flatbed.single_3.container","units_count":2,"fill_ratio":1,"trailer_place":0},{"target":"mvm_carriere.limoges","urgency":1,"shortest_distance_km":254,"ferry_time":0,"ferry_price":0,"cargo":"cargo.excavator","company_truck":"mercedes_4x2","trailer_variant":"trailer.overweight.excavator","trailer_definition":"trailer_def.excavator.overweight.excavator","units_count":100,"fill_ratio":1,"trailer_place":0}],"marina_fr.calvi":[{"target":"lisette_log.nice","urgency":2,"shortest_distance_km":464,"ferry_time":840,"ferry_price":1193,"cargo":"cargo.princess","company_truck":"scania_4x2_a","trailer_variant":"trailer.overweight.boat","trailer_definition":"trailer_def.princess.overweight.boat","units_count":100,"fill_ratio":1,"trailer_place":0}],"mvm_carriere.montpellier":[{"target":"batisse_road.bordeaux","urgency":0,"shortest_distance_km":682,"ferry_time":0,"ferry_price":0,"cargo":"cargo.granite_cube","company_truck":"mercedes_4x2","trailer_variant":"trailer.s_ki_solid.cover","trailer_definition":"trailer_def.granite_cube.s_ki_solid.cover","units_count":100,"fill_ratio":1,"trailer_place":0}],"tradeaux.lille":[{"target":"wilnet_trans.lemans","urgency":2,"shortest_distance_km":504,"ferry_time":0,"ferry_price":0,"cargo":"cargo.princess","company_truck":"scania_streamline_6x2_b","trailer_variant":"trailer.overweight.boat","trailer_definition":"trailer_def.princess.overweight.boat","units_count":100,"fill_ratio":1,"trailer_place":0}],"kaarfor.verona":[{"target":"wilnet_trans.nantes","urgency":1,"shortest_distance_km":1471,"ferry_time":0,"ferry_price":0,"cargo":"cargo.used_plast_c","company_truck":"renault_t_6x2","trailer_variant":"trailer.scs_gosck40","trailer_definition":"trailer_def.scs.gooseneck.singl_3e_40.container","units_count":30,"fill_ratio":1,"trailer_place":0}],"subse.clermont":[{"target":"globeur.bourges","urgency":2,"shortest_distance_km":210,"ferry_time":0,"ferry_price":0,"cargo":"cargo.concen_juice","company_truck":"daf_4x2_a","trailer_variant":"trailer.scs_dry_a","trailer_definition":"trailer_def.scs.box.single_3.dryvan","units_count":33,"fill_ratio":1,"trailer_place":0},{"target":"nucleon.laurent","urgency":1,"shortest_distance_km":328,"ferry_time":0,"ferry_price":0,"cargo":"cargo.packag_food","company_truck":"mercedes_6x4_a","trailer_variant":"trailer.scs_curt","trailer_definition":"trailer_def.scs.box.single_3.curtain","units_count":33,"fill_ratio":1,"trailer_place":0}],"batisse_hs.montpellier":[{"target":"dans_jardin.marseille","urgency":0,"shortest_distance_km":317,"ferry_time":0,"ferry_price":0,"cargo":"cargo.emptytank","company_truck":"mercedes_actros_2014_6x2_a","trailer_variant":"trailer.scs_flat_c_g","trailer_definition":"trailer_def.scs.flatbed.single_3.container","units_count":2,"fill_ratio":1,"trailer_place":0}],"batisse_road.lemans":[{"target":"mvm_carriere.lemans","urgency":1,"shortest_distance_km":177,"ferry_time":0,"ferry_price":0,"cargo":"cargo.excavator","company_truck":"iveco_4x2_c","trailer_variant":"trailer.overweight.excavator","trailer_definition":"trailer_def.excavator.overweight.excavator","units_count":100,"fill_ratio":1,"trailer_place":0}],"nucleon.golfech":[{"target":"dans_jardin.montpellier","urgency":1,"shortest_distance_km":403,"ferry_time":0,"ferry_price":0,"cargo":"cargo.digger1000","company_truck":"daf_xf_euro6_4x2_c","trailer_variant":"trailer.overweight.digger1000","trailer_definition":"trailer_def.digger1000.overweight.digger1000","units_count":100,"fill_ratio":1,"trailer_place":0}],"trameri.brno":[{"target":"mvm_carriere.bastia","urgency":0,"shortest_distance_km":1608,"ferry_time":840,"ferry_price":1193,"cargo":"cargo.fueltanker","company_truck":"mercedes_actros_2014_6x2_a","trailer_variant":"trailer.scs_gosck20","trailer_definition":"trailer_def.scs.gooseneck.singl_3e_20.container","units_count":40,"fill_ratio":1,"trailer_place":0}],"nucleon.civaux":[{"target":"lisette_log.lemans","urgency":2,"shortest_distance_km":358,"ferry_time":0,"ferry_price":0,"cargo":"cargo.empty_palet","company_truck":"scania_streamline_4x2_a","trailer_variant":"trailer.scs_dry_a","trailer_definition":"trailer_def.scs.box.single_3.dryvan","units_count":33,"fill_ratio":1,"trailer_place":0}],"itcc.linz":[{"target":"huilant.ajaccio","urgency":2,"shortest_distance_km":1379,"ferry_time":840,"ferry_price":1193,"cargo":"cargo.hipresstank","company_truck":"mercedes_6x4_a","trailer_variant":"trailer.scs_flat_c_g","trailer_definition":"trailer_def.scs.flatbed.single_3.container","units_count":2,"fill_ratio":1,"trailer_place":0}],"stokes.zurich":[{"target":"posped.carlisle","urgency":0,"shortest_distance_km":1457,"ferry_time":35,"ferry_price":300,"cargo":"cargo.coconut_milk","company_truck":"renault_premium_4x2_c","trailer_variant":"trailer.scs_dry_s","trailer_definition":"trailer_def.scs.box.single_3.dryvan","units_count":29,"fill_ratio":1,"trailer_place":0},{"target":"lisette_log.bordeaux","urgency":1,"shortest_distance_km":1049,"ferry_time":0,"ferry_price":0,"cargo":"cargo.toys","company_truck":"renault_magnum_4x2_a","trailer_variant":"trailer.scs_curt_a","trailer_definition":"trailer_def.scs.box.single_3.curtain","units_count":33,"fill_ratio":1,"trailer_place":0}],"kaarfor.larochelle":[{"target":"globeur.rennes","urgency":1,"shortest_distance_km":332,"ferry_time":0,"ferry_price":0,"cargo":"cargo.used_plast_c","company_truck":"renault_magnum_6x4_a","trailer_variant":"trailer.scs_gosck20","trailer_definition":"trailer_def.scs.gooseneck.singl_3e_20.container","units_count":15,"fill_ratio":1,"trailer_place":0}],"cont_port_fr.marseille":[{"target":"bhb_raffin.marseille","urgency":1,"shortest_distance_km":96,"ferry_time":0,"ferry_price":0,"cargo":"cargo.motor_oil_c","company_truck":"renault_t_6x2","trailer_variant":"trailer.scs_gosck220","trailer_definition":"trailer_def.scs.gooseneck.singl_3e_220.container","units_count":30,"fill_ratio":1,"trailer_place":0}],"fle.brest":[{"target":"globeur.rennes","urgency":2,"shortest_distance_km":286,"ferry_time":0,"ferry_price":0,"cargo":"cargo.med_vaccine","company_truck":"man_4x2_c","trailer_variant":"trailer.scs_ins","trailer_definition":"trailer_def.scs.box.single_3.insulated","units_count":33,"fill_ratio":1,"trailer_place":0}],"dans_jardin.bordeaux":[{"target":"lisette_log.bordeaux","urgency":2,"shortest_distance_km":122,"ferry_time":0,"ferry_price":0,"cargo":"cargo.carrots","company_truck":"mercedes_actros_2014_6x2_a","trailer_variant":"trailer.scs_curt_a","trailer_definition":"trailer_def.scs.box.single_3.curtain","units_count":33,"fill_ratio":1,"trailer_place":0}],"tradeaux.toulouse":[{"target":"lisette_log.bordeaux","urgency":2,"shortest_distance_km":205,"ferry_time":0,"ferry_price":0,"cargo":"cargo.iron_pipes","company_truck":"man_6x4_b","trailer_variant":"trailer.scs_log","trailer_definition":"trailer_def.scs.log.single_3.steel","units_count":2,"fill_ratio":1,"trailer_place":0}],"tree_et.hannover":[{"target":"wilnet_trans.lemans","urgency":1,"shortest_distance_km":1045,"ferry_time":0,"ferry_price":0,"cargo":"cargo.lumber","company_truck":"scania_4x2_a","trailer_variant":"trailer.scs_flat_b","trailer_definition":"trailer_def.scs.flatbed.single_3.flatbed_w","units_count":2,"fill_ratio":1,"trailer_place":0}],"euroacres.reims":[{"target":"kaarfor.montpellier","urgency":0,"shortest_distance_km":794,"ferry_time":0,"ferry_price":0,"cargo":"cargo.beef_meat","company_truck":"mercedes_actros_2014_4x2_a","trailer_variant":"trailer.scs_ref","trailer_definition":"trailer_def.scs.box.single_3.reefer","units_count":33,"fill_ratio":1,"trailer_place":0}],"voitureux.lehavre":[{"target":"wilnet_trans.lemans","urgency":1,"shortest_distance_km":303,"ferry_time":0,"ferry_price":0,"cargo":"cargo.used_battery","company_truck":"iveco_4x2_c","trailer_variant":"trailer.scs_dry_m","trailer_definition":"trailer_def.scs.box.single_3.dryvan_m","units_count":33,"fill_ratio":1,"trailer_place":0},{"target":"bhv.nantes","urgency":1,"shortest_distance_km":474,"ferry_time":0,"ferry_price":0,"cargo":"cargo.cars_fr","company_truck":"mercedes_4x2","trailer_variant":"trailer.car_fr","trailer_definition":"trailer_def.cars_fr.car_fr","units_count":100,"fill_ratio":1,"trailer_place":0},{"target":"lisette_log.lemans","urgency":1,"shortest_distance_km":301,"ferry_time":0,"ferry_price":0,"cargo":"cargo.used_plast_c","company_truck":"renault_t_4x2h","trailer_variant":"trailer.scs_flat_c_r","trailer_definition":"trailer_def.scs.flatbed.single_3.container","units_count":33,"fill_ratio":1,"trailer_place":0}],"lisette_log.rennes":[{"target":"globeur.rennes","urgency":0,"shortest_distance_km":1,"ferry_time":0,"ferry_price":0,"cargo":"cargo.carb_water","company_truck":"daf_xf_euro6_6x4_c","trailer_variant":"trailer.scs_dry_a","trailer_definition":"trailer_def.scs.box.single_3.dryvan","units_count":33,"fill_ratio":1,"trailer_place":0},{"target":"globeur.bordeaux","urgency":2,"shortest_distance_km":543,"ferry_time":0,"ferry_price":0,"cargo":"cargo.nylon_cord","company_truck":"renault_t_4x2","trailer_variant":"trailer.scs_dry_ms","trailer_definition":"trailer_def.scs.box.single_3.dryvan_m","units_count":33,"fill_ratio":1,"trailer_place":0}],"eurogoodies.metz":[{"target":"kaarfor.bastia","urgency":0,"shortest_distance_km":835,"ferry_time":840,"ferry_price":1193,"cargo":"cargo.flour","company_truck":"iveco_4x2_b","trailer_variant":"trailer.scs_dry_a","trailer_definition":"trailer_def.scs.box.single_3.dryvan","units_count":33,"fill_ratio":1,"trailer_place":0}],"nos_pat_lhv.lehavre":[{"target":"nos_pat_brg.bourges","urgency":0,"shortest_distance_km":347,"ferry_time":0,"ferry_price":0,"cargo":"cargo.live_catt_fr","company_truck":"daf_xf_euro6_4x2_a","trailer_variant":"trailer.livestock","trailer_definition":"trailer_def.live_catt_fr.livestock","units_count":100,"fill_ratio":1,"trailer_place":0}],"globeur.bordeaux":[{"target":"mvm_carriere.limoges","urgency":1,"shortest_distance_km":272,"ferry_time":0,"ferry_price":0,"cargo":"cargo.excavator","company_truck":"mercedes_actros_2014_4x2_b","trailer_variant":"trailer.overweight.excavator","trailer_definition":"trailer_def.excavator.overweight.excavator","units_count":100,"fill_ratio":1,"trailer_place":0},{"target":"wilnet_trans.porto_vecchi","urgency":2,"shortest_distance_km":788,"ferry_time":840,"ferry_price":1193,"cargo":"cargo.soy_milk","company_truck":"mercedes_6x2_b","trailer_variant":"trailer.scs_dry_s","trailer_definition":"trailer_def.scs.box.single_3.dryvan","units_count":33,"fill_ratio":1,"trailer_place":0}],"transinet.mannheim":[{"target":"tradeaux.frankfurt","urgency":2,"shortest_distance_km":96,"ferry_time":0,"ferry_price":0,"cargo":"cargo.conc_juice_t","company_truck":"renault_premium_6x2_a","trailer_variant":"trailer.scs_fodt","trailer_definition":"trailer_def.scs.foodtank.single_3.paint","units_count":18,"fill_ratio":1,"trailer_place":0}],"transinet.osnabruck":[{"target":"posped.rotterdam","urgency":2,"shortest_distance_km":279,"ferry_time":0,"ferry_price":0,"cargo":"cargo.comp_process","company_truck":"daf_xf_euro6_4x2_a","trailer_variant":"trailer.scs_dry","trailer_definition":"trailer_def.scs.box.single_3.dryvan","units_count":33,"fill_ratio":1,"trailer_place":0}],"fle.calvi":[{"target":"globeur.bourges","urgency":2,"shortest_distance_km":777,"ferry_time":840,"ferry_price":1193,"cargo":"cargo.med_vaccine","company_truck":"man_tgx_euro6_4x2_xxl","trailer_variant":"trailer.scs_ins","trailer_definition":"trailer_def.scs.box.single_3.insulated","units_count":33,"fill_ratio":1,"trailer_place":0}],"lkwlog.dover":[{"target":"eurogoodies.plymouth","urgency":0,"shortest_distance_km":441,"ferry_time":0,"ferry_price":0,"cargo":"cargo.coconut_oil","company_truck":"man_tgx_euro6_4x2_xl","trailer_variant":"trailer.scs_dry_s","trailer_definition":"trailer_def.scs.box.single_3.dryvan","units_count":31,"fill_ratio":1,"trailer_place":0},{"target":"tradeaux.toulouse","urgency":0,"shortest_distance_km":972,"ferry_time":35,"ferry_price":300,"cargo":"cargo.logs","company_truck":"scania_streamline_6x4_a","trailer_variant":"trailer.scs_log","trailer_definition":"trailer_def.scs.log.single_3.steel","units_count":2,"fill_ratio":1,"trailer_place":0}],"kaarfor.montpellier":[{"target":"globeur.montpellier","urgency":2,"shortest_distance_km":56,"ferry_time":0,"ferry_price":0,"cargo":"cargo.empty_palet","company_truck":"scania_streamline_6x2_b","trailer_variant":"trailer.scs_curt_a","trailer_definition":"trailer_def.scs.box.single_3.curtain","units_count":33,"fill_ratio":1,"trailer_place":0}],"fle.montpellier":[{"target":"gnt.bastia","urgency":2,"shortest_distance_km":336,"ferry_time":840,"ferry_price":1193,"cargo":"cargo.post_packag","company_truck":"scania_streamline_6x4_a","trailer_variant":"trailer.scs_dry_ms","trailer_definition":"trailer_def.scs.box.single_3.dryvan_m","units_count":33,"fill_ratio":1,"trailer_place":0}],"eolo_lines.marseille":[{"target":"kaarfor.bastia","urgency":0,"shortest_distance_km":148,"ferry_time":840,"ferry_price":1193,"cargo":"cargo.clothes_c","company_truck":"iveco_h_4x2_a","trailer_variant":"trailer.scs_gosck40","trailer_definition":"trailer_def.scs.gooseneck.singl_3e_40.container","units_count":30,"fill_ratio":1,"trailer_place":0}],"wgcc.grimsby":[{"target":"tradeaux.brest","urgency":0,"shortest_distance_km":590,"ferry_time":420,"ferry_price":910,"cargo":"cargo.emptytank","company_truck":"scania_6x2_b","trailer_variant":"trailer.scs_flat_b","trailer_definition":"trailer_def.scs.flatbed.single_3.flatbed_w","units_count":2,"fill_ratio":1,"trailer_place":0}],"voitureux.rennes":[{"target":"wilnet_trans.lemans","urgency":1,"shortest_distance_km":210,"ferry_time":0,"ferry_price":0,"cargo":"cargo.used_plast_c","company_truck":"man_6x4_b","trailer_variant":"trailer.scs_flat_c_g","trailer_definition":"trailer_def.scs.flatbed.single_3.container","units_count":33,"fill_ratio":1,"trailer_place":0},{"target":"lisette_log.larochelle","urgency":1,"shortest_distance_km":242,"ferry_time":0,"ferry_price":0,"cargo":"cargo.used_battery","company_truck":"scania_streamline_6x4_a","trailer_variant":"trailer.scs_curt_s","trailer_definition":"trailer_def.scs.box.single_3.curtain","units_count":33,"fill_ratio":1,"trailer_place":0},{"target":"lisette_log.roscoff","urgency":0,"shortest_distance_km":252,"ferry_time":0,"ferry_price":0,"cargo":"cargo.scrap_metals","company_truck":"man_4x2_c","trailer_variant":"trailer.s_ki_solid.cover","trailer_definition":"trailer_def.scrap_metals.s_ki_solid.cover","units_count":100,"fill_ratio":1,"trailer_place":0},{"target":"wilnet_trans.nantes","urgency":0,"shortest_distance_km":82,"ferry_time":0,"ferry_price":0,"cargo":"cargo.used_packag","company_truck":"man_6x4_b","trailer_variant":"trailer.scs_dry_ms","trailer_definition":"trailer_def.scs.box.single_3.dryvan_m","units_count":33,"fill_ratio":1,"trailer_place":0},{"target":"globeur.bordeaux","urgency":0,"shortest_distance_km":488,"ferry_time":0,"ferry_price":0,"cargo":"cargo.used_plast","company_truck":"mercedes_actros_2014_4x2_a","trailer_variant":"trailer.scs_curt_s","trailer_definition":"trailer_def.scs.box.single_3.curtain","units_count":33,"fill_ratio":1,"trailer_place":0}],"lisette_log.bordeaux":[{"target":"globeur.bordeaux","urgency":2,"shortest_distance_km":135,"ferry_time":0,"ferry_price":0,"cargo":"cargo.maple_syrup","company_truck":"iveco_4x2_c","trailer_variant":"trailer.scs_dry_ms","trailer_definition":"trailer_def.scs.box.single_3.dryvan_m","units_count":33,"fill_ratio":1,"trailer_place":0},{"target":"globeur.bordeaux","urgency":1,"shortest_distance_km":135,"ferry_time":0,"ferry_price":0,"cargo":"cargo.plastic_gra","company_truck":"scania_s_4x2_580","trailer_variant":"trailer.cement","trailer_definition":"trailer_def.plastic_gra.cement","units_count":100,"fill_ratio":1,"trailer_place":0}],"eolo_lines.lile_rousse":[{"target":"renar.calvi","urgency":0,"shortest_distance_km":31,"ferry_time":0,"ferry_price":0,"cargo":"cargo.tableware","company_truck":"daf_4x2_a","trailer_variant":"trailer.scs_dry_s","trailer_definition":"trailer_def.scs.box.single_3.dryvan","units_count":33,"fill_ratio":1,"trailer_place":0}],"batisse_wind.montpellier":[{"target":"renar.calvi","urgency":2,"shortest_distance_km":478,"ferry_time":840,"ferry_price":1193,"cargo":"cargo.empty_palet","company_truck":"man_6x4_b","trailer_variant":"trailer.scs_dry_m","trailer_definition":"trailer_def.scs.box.single_3.dryvan_m","units_count":33,"fill_ratio":1,"trailer_place":0},{"target":"dans_jardin.montpellier","urgency":1,"shortest_distance_km":37,"ferry_time":0,"ferry_price":0,"cargo":"cargo.forklifts","company_truck":"scania_s_4x2_580","trailer_variant":"trailer.overweight.forklifts","trailer_definition":"trailer_def.forklifts.overweight.forklifts","units_count":100,"fill_ratio":1,"trailer_place":0}],"gomme_monde.clermont":[{"target":"subse.nantes","urgency":2,"shortest_distance_km":570,"ferry_time":0,"ferry_price":0,"cargo":"cargo.empty_palet","company_truck":"man_4x2_a","trailer_variant":"trailer.scs_dry_m","trailer_definition":"trailer_def.scs.box.single_3.dryvan_m","units_count":33,"fill_ratio":1,"trailer_place":0},{"target":"dans_jardin.bourges","urgency":1,"shortest_distance_km":270,"ferry_time":0,"ferry_price":0,"cargo":"cargo.forklifts","company_truck":"mercedes_4x2_a","trailer_variant":"trailer.overweight.forklifts","trailer_definition":"trailer_def.forklifts.overweight.forklifts","units_count":100,"fill_ratio":1,"trailer_place":0}],"tradeaux.geneve":[{"target":"posped.zurich","urgency":2,"shortest_distance_km":236,"ferry_time":0,"ferry_price":0,"cargo":"cargo.corks","company_truck":"iveco_4x2_a","trailer_variant":"trailer.scs_dry","trailer_definition":"trailer_def.scs.box.single_3.dryvan","units_count":33,"fill_ratio":1,"trailer_place":0}],"sanbuilders.luxembourg":[{"target":"globeur.lehavre","urgency":0,"shortest_distance_km":500,"ferry_time":0,"ferry_price":0,"cargo":"cargo.diggers","company_truck":"renault_t_4x2","trailer_variant":"trailer.overweight.digger","trailer_definition":"trailer_def.diggers.overweight.digger","units_count":100,"fill_ratio":1,"trailer_place":0}],"trameri.plymouth":[{"target":"tradeaux.toulouse","urgency":2,"shortest_distance_km":874,"ferry_time":420,"ferry_price":910,"cargo":"cargo.copp_rf_gutt","company_truck":"scania_streamline_6x4_a","trailer_variant":"trailer.scs_dry","trailer_definition":"trailer_def.scs.box.single_3.dryvan","units_count":33,"fill_ratio":1,"trailer_place":0},{"target":"wilnet_trans.nantes","urgency":0,"shortest_distance_km":276,"ferry_time":420,"ferry_price":910,"cargo":"cargo.used_packag","company_truck":"scania_4x2_b","trailer_variant":"trailer.scs_dry_m","trailer_definition":"trailer_def.scs.box.single_3.dryvan_m","units_count":33,"fill_ratio":1,"trailer_place":0}],"posped.carlisle":[{"target":"globeur.montpellier","urgency":1,"shortest_distance_km":1631,"ferry_time":35,"ferry_price":300,"cargo":"cargo.natur_rubber","company_truck":"scania_s_6x2_450","trailer_variant":"trailer.scs_dry_m","trailer_definition":"trailer_def.scs.box.single_3.dryvan_m","units_count":33,"fill_ratio":1,"trailer_place":0},{"target":"wilnet_trans.marseille","urgency":0,"shortest_distance_km":1666,"ferry_time":35,"ferry_price":300,"cargo":"cargo.gummy_bears","company_truck":"daf_xf_euro6_4x2_a","trailer_variant":"trailer.scs_curt","trailer_definition":"trailer_def.scs.box.single_3.curtain","units_count":33,"fill_ratio":1,"trailer_place":0}],"batisse_base.rennes":[{"target":"wilnet_trans.lemans","urgency":0,"shortest_distance_km":280,"ferry_time":0,"ferry_price":0,"cargo":"cargo.diggers","company_truck":"scania_streamline_4x2_b","trailer_variant":"trailer.overweight.digger","trailer_definition":"trailer_def.diggers.overweight.digger","units_count":100,"fill_ratio":1,"trailer_place":0}],"wilnet_trans.marseille":[{"target":"tradeaux.clermont","urgency":0,"shortest_distance_km":422,"ferry_time":0,"ferry_price":0,"cargo":"cargo.diggers","company_truck":"scania_6x2_b","trailer_variant":"trailer.overweight.digger","trailer_definition":"trailer_def.diggers.overweight.digger","units_count":100,"fill_ratio":1,"trailer_place":0}],"ika_bohag.clermont":[{"target":"tradeaux.clermont","urgency":2,"shortest_distance_km":2,"ferry_time":0,"ferry_price":0,"cargo":"cargo.empty_palet","company_truck":"iveco_4x2_a","trailer_variant":"trailer.scs_dry_s","trailer_definition":"trailer_def.scs.box.single_3.dryvan","units_count":33,"fill_ratio":1,"trailer_place":0}],"tradeaux.nice":[{"target":"wilnet_trans.porto_vecchi","urgency":2,"shortest_distance_km":260,"ferry_time":840,"ferry_price":1193,"cargo":"cargo.maple_syrup","company_truck":"man_6x4_b","trailer_variant":"trailer.scs_dry_ms","trailer_definition":"trailer_def.scs.box.single_3.dryvan_m","units_count":33,"fill_ratio":1,"trailer_place":0},{"target":"lisette_log.nice","urgency":1,"shortest_distance_km":1,"ferry_time":0,"ferry_price":0,"cargo":"cargo.used_plast_c","company_truck":"scania_6x2_b","trailer_variant":"trailer.scs_gosck220","trailer_definition":"trailer_def.scs.gooseneck.singl_3e_220.container","units_count":30,"fill_ratio":1,"trailer_place":0}],"huilant.larochelle":[{"target":"marina_fr.marseille","urgency":0,"shortest_distance_km":922,"ferry_time":0,"ferry_price":0,"cargo":"cargo.diesel","company_truck":"daf_xf_euro6_4x2_a","trailer_variant":"trailer.willig.fuel_cistern","trailer_definition":"trailer_def.diesel.willig.fuel_cistern","units_count":100,"fill_ratio":1,"trailer_place":0},{"target":"fle.brest","urgency":0,"shortest_distance_km":466,"ferry_time":0,"ferry_price":0,"cargo":"cargo.kerosene","company_truck":"mercedes_actros_2014_4x2_a","trailer_variant":"trailer.fuel_cistern","trailer_definition":"trailer_def.kerosene.fuel_cistern","units_count":100,"fill_ratio":1,"trailer_place":0}],"nbfc.calais":[{"target":"transinet.southampton","urgency":1,"shortest_distance_km":227,"ferry_time":91,"ferry_price":384,"cargo":"cargo.boric_acid","company_truck":"daf_xf_euro6_6x4_c","trailer_variant":"trailer.scs_curt_a","trailer_definition":"trailer_def.scs.box.single_3.curtain","units_count":33,"fill_ratio":1,"trailer_place":0}],"trameri.amsterdam":[{"target":"tradeaux.brest","urgency":2,"shortest_distance_km":1064,"ferry_time":0,"ferry_price":0,"cargo":"cargo.rooflights","company_truck":"daf_xf_euro6_4x2_c","trailer_variant":"trailer.scs_dry_a","trailer_definition":"trailer_def.scs.box.single_3.dryvan","units_count":33,"fill_ratio":1,"trailer_place":0}],"dans_jardin.lemans":[{"target":"cont_port_fr.marseille","urgency":0,"shortest_distance_km":782,"ferry_time":0,"ferry_price":0,"cargo":"cargo.carrots_c","company_truck":"mercedes_4x2_b","trailer_variant":"trailer.scs_gosck220","trailer_definition":"trailer_def.scs.gooseneck.singl_3e_220.container","units_count":30,"fill_ratio":1,"trailer_place":0},{"target":"lisette_log.larochelle","urgency":2,"shortest_distance_km":340,"ferry_time":0,"ferry_price":0,"cargo":"cargo.carrots","company_truck":"renault_magnum_6x2_a","trailer_variant":"trailer.scs_curt_s","trailer_definition":"trailer_def.scs.box.single_3.curtain","units_count":33,"fill_ratio":1,"trailer_place":0}],"dans_jardin.bourges":[{"target":"kaarfor.limoges","urgency":2,"shortest_distance_km":276,"ferry_time":0,"ferry_price":0,"cargo":"cargo.apples","company_truck":"daf_xf_euro6_4x2_b","trailer_variant":"trailer.scs_dry_a","trailer_definition":"trailer_def.scs.box.single_3.dryvan","units_count":33,"fill_ratio":1,"trailer_place":0}],"tradeaux.ajaccio":[{"target":"wilnet_trans.lemans","urgency":2,"shortest_distance_km":1031,"ferry_time":840,"ferry_price":1193,"cargo":"cargo.med_equip","company_truck":"daf_xf_euro6_6x4_c","trailer_variant":"trailer.scs_dry_m","trailer_definition":"trailer_def.scs.box.single_3.dryvan_m","units_count":33,"fill_ratio":1,"trailer_place":0},{"target":"renar.calvi","urgency":0,"shortest_distance_km":57,"ferry_time":0,"ferry_price":0,"cargo":"cargo.coconut_milk","company_truck":"scania_4x2_b","trailer_variant":"trailer.scs_dry_m","trailer_definition":"trailer_def.scs.box.single_3.dryvan_m","units_count":33,"fill_ratio":1,"trailer_place":0}],"quarry.salzburg":[{"target":"wilnet_trans.toulouse","urgency":0,"shortest_distance_km":1347,"ferry_time":0,"ferry_price":0,"cargo":"cargo.digger500","company_truck":"mercedes_actros_2014_6x2_a","trailer_variant":"trailer.overweight.digger500","trailer_definition":"trailer_def.digger500.overweight.digger500","units_count":100,"fill_ratio":1,"trailer_place":0}],"dans_jardin.nantes":[{"target":"lisette_log.bordeaux","urgency":1,"shortest_distance_km":495,"ferry_time":0,"ferry_price":0,"cargo":"cargo.potatoes","company_truck":"daf_xf_euro6_4x2_b","trailer_variant":"trailer.scs_dry_s","trailer_definition":"trailer_def.scs.box.single_3.dryvan","units_count":33,"fill_ratio":1,"trailer_place":0}],"quarry.strasbourg":[{"target":"globeur.lehavre","urgency":1,"shortest_distance_km":644,"ferry_time":0,"ferry_price":0,"cargo":"cargo.largetubes","company_truck":"mercedes_actros_2014_4x2_b","trailer_variant":"trailer.scs_flat_c_g","trailer_definition":"trailer_def.scs.flatbed.single_3.container","units_count":2,"fill_ratio":1,"trailer_place":0}],"ika_bohag.montpellier":[{"target":"wilnet_trans.marseille","urgency":2,"shortest_distance_km":200,"ferry_time":0,"ferry_price":0,"cargo":"cargo.empty_palet","company_truck":"scania_r_6x2_450","trailer_variant":"trailer.scs_dry","trailer_definition":"trailer_def.scs.box.single_3.dryvan","units_count":33,"fill_ratio":1,"trailer_place":0}],"nucleon.laurent":[{"target":"dans_jardin.bourges","urgency":1,"shortest_distance_km":90,"ferry_time":0,"ferry_price":0,"cargo":"cargo.forklifts","company_truck":"man_tgx_euro6_6x4_xlx","trailer_variant":"trailer.overweight.forklifts","trailer_definition":"trailer_def.forklifts.overweight.forklifts","units_count":100,"fill_ratio":1,"trailer_place":0}],"ika_bohag.brest":[{"target":"lisette_log.roscoff","urgency":0,"shortest_distance_km":78,"ferry_time":0,"ferry_price":0,"cargo":"cargo.used_packag","company_truck":"scania_4x2_b","trailer_variant":"trailer.scs_dry_s","trailer_definition":"trailer_def.scs.box.single_3.dryvan","units_count":33,"fill_ratio":1,"trailer_place":0}],"globeur.montpellier":[{"target":"wilnet_trans.porto_vecchi","urgency":2,"shortest_distance_km":239,"ferry_time":840,"ferry_price":1193,"cargo":"cargo.lavender","company_truck":"iveco_4x2_b","trailer_variant":"trailer.scs_dry_s","trailer_definition":"trailer_def.scs.box.single_3.dryvan","units_count":33,"fill_ratio":1,"trailer_place":0},{"target":"tradeaux.nice","urgency":0,"shortest_distance_km":386,"ferry_time":0,"ferry_price":0,"cargo":"cargo.logs","company_truck":"man_6x4_b","trailer_variant":"trailer.scs_log","trailer_definition":"trailer_def.scs.log.single_3.steel","units_count":2,"fill_ratio":1,"trailer_place":0}],"kaarfor.nantes":[{"target":"wilnet_trans.limoges","urgency":0,"shortest_distance_km":404,"ferry_time":0,"ferry_price":0,"cargo":"cargo.used_packag","company_truck":"iveco_4x2_b","trailer_variant":"trailer.scs_dry_m","trailer_definition":"trailer_def.scs.box.single_3.dryvan_m","units_count":33,"fill_ratio":1,"trailer_place":0},{"target":"lisette_log.roscoff","urgency":0,"shortest_distance_km":275,"ferry_time":0,"ferry_price":0,"cargo":"cargo.used_plast","company_truck":"scania_6x4_a","trailer_variant":"trailer.scs_dry_a","trailer_definition":"trailer_def.scs.box.single_3.dryvan","units_count":33,"fill_ratio":1,"trailer_place":0}],"mvm_carriere.ajaccio":[{"target":"wilnet_trans.limoges","urgency":0,"shortest_distance_km":754,"ferry_time":840,"ferry_price":1193,"cargo":"cargo.stone_dust","company_truck":"mercedes_actros_2014_4x2_a","trailer_variant":"trailer.s_ki_solid.cover","trailer_definition":"trailer_def.stone_dust.s_ki_solid.cover","units_count":100,"fill_ratio":1,"trailer_place":0},{"target":"lisette_log.nice","urgency":1,"shortest_distance_km":345,"ferry_time":840,"ferry_price":1193,"cargo":"cargo.digger1000","company_truck":"mercedes_4x2_c","trailer_variant":"trailer.overweight.digger1000","trailer_definition":"trailer_def.digger1000.overweight.digger1000","units_count":100,"fill_ratio":1,"trailer_place":0}],"bhv.ajaccio":[{"target":"gnt.bastia","urgency":0,"shortest_distance_km":132,"ferry_time":0,"ferry_price":0,"cargo":"cargo.mondeos","company_truck":"iveco_6x2_a","trailer_variant":"trailer.car_trans3","trailer_definition":"trailer_def.mondeos.car_trans3","units_count":100,"fill_ratio":1,"trailer_place":0}],"sellplan.southampton":[{"target":"globeur.lehavre","urgency":2,"shortest_distance_km":431,"ferry_time":35,"ferry_price":300,"cargo":"cargo.empty_palet","company_truck":"mercedes_4x2_c","trailer_variant":"trailer.scs_dry_m","trailer_definition":"trailer_def.scs.box.single_3.dryvan_m","units_count":32,"fill_ratio":1,"trailer_place":0}],"euroacres.torino":[{"target":"kaarfor.nice","urgency":2,"shortest_distance_km":347,"ferry_time":0,"ferry_price":0,"cargo":"cargo.peas","company_truck":"man_6x4_b","trailer_variant":"trailer.scs_dry_ms","trailer_definition":"trailer_def.scs.box.single_3.dryvan_m","units_count":33,"fill_ratio":1,"trailer_place":0}],"sellplan.torino":[{"target":"lisette_log.nice","urgency":0,"shortest_distance_km":262,"ferry_time":0,"ferry_price":0,"cargo":"cargo.used_packag","company_truck":"daf_xf_euro6_4x2_c","trailer_variant":"trailer.scs_dry_a","trailer_definition":"trailer_def.scs.box.single_3.dryvan","units_count":33,"fill_ratio":1,"trailer_place":0}],"mvm_carriere.nice":[{"target":"batisse_hs.montpellier","urgency":1,"shortest_distance_km":444,"ferry_time":0,"ferry_price":0,"cargo":"cargo.stones","company_truck":"renault_premium_4x2_a","trailer_variant":"trailer.s_ki_solid.cover","trailer_definition":"trailer_def.stones.s_ki_solid.cover","units_count":100,"fill_ratio":1,"trailer_place":0}],"fle.clermont":[{"target":"globeur.bourges","urgency":2,"shortest_distance_km":188,"ferry_time":0,"ferry_price":0,"cargo":"cargo.comp_process","company_truck":"scania_4x2_a","trailer_variant":"trailer.scs_dry_s","trailer_definition":"trailer_def.scs.box.single_3.dryvan","units_count":33,"fill_ratio":1,"trailer_place":0},{"target":"wilnet_trans.marseille","urgency":2,"shortest_distance_km":346,"ferry_time":0,"ferry_price":0,"cargo":"cargo.med_equip","company_truck":"daf_xf_euro6_6x4_c","trailer_variant":"trailer.scs_dry","trailer_definition":"trailer_def.scs.box.single_3.dryvan","units_count":33,"fill_ratio":1,"trailer_place":0}],"eolo_lines.porto_vecchi":[{"target":"wilnet_trans.porto_vecchi","urgency":1,"shortest_distance_km":1,"ferry_time":0,"ferry_price":0,"cargo":"cargo.iced_coffee","company_truck":"renault_premium_4x2_a","trailer_variant":"trailer.scs_dry_a","trailer_definition":"trailer_def.scs.box.single_3.dryvan","units_count":33,"fill_ratio":1,"trailer_place":0}],"lisette_log.ajaccio":[{"target":"tradeaux.ajaccio","urgency":0,"shortest_distance_km":4,"ferry_time":0,"ferry_price":0,"cargo":"cargo.beverages_c","company_truck":"daf_xf_euro6_4x2_c","trailer_variant":"trailer.scs_gosck20","trailer_definition":"trailer_def.scs.gooseneck.singl_3e_20.container","units_count":15,"fill_ratio":1,"trailer_place":0}],"stokes.nurnberg":[{"target":"lkwlog.stuttgart","urgency":2,"shortest_distance_km":305,"ferry_time":0,"ferry_price":0,"cargo":"cargo.post_packag","company_truck":"double/iveco_4x2_a","trailer_variant":"trailer.scs_dry_2","trailer_definition":"trailer_def.scs.box.double_3_2.dryvan","units_count":47,"fill_ratio":1,"trailer_place":0},{"target":"wilnet_trans.lemans","urgency":0,"shortest_distance_km":1029,"ferry_time":0,"ferry_price":0,"cargo":"cargo.used_packag","company_truck":"daf_6x2_a","trailer_variant":"trailer.scs_dry_a","trailer_definition":"trailer_def.scs.box.single_3.dryvan","units_count":33,"fill_ratio":1,"trailer_place":0}],"posped.strasbourg":[{"target":"globeur.lehavre","urgency":0,"shortest_distance_km":661,"ferry_time":0,"ferry_price":0,"cargo":"cargo.protec_cloth","company_truck":"man_6x4_b","trailer_variant":"trailer.scs_dry_m","trailer_definition":"trailer_def.scs.box.single_3.dryvan_m","units_count":33,"fill_ratio":1,"trailer_place":0}],"kaarfor.cambridge":[{"target":"lisette_log.lemans","urgency":2,"shortest_distance_km":665,"ferry_time":35,"ferry_price":300,"cargo":"cargo.empty_palet","company_truck":"scania_s_6x4_730","trailer_variant":"trailer.scs_dry","trailer_definition":"trailer_def.scs.box.single_3.dryvan","units_count":33,"fill_ratio":1,"trailer_place":0}],"sanbuilders.rotterdam":[{"target":"dans_jardin.bourges","urgency":1,"shortest_distance_km":768,"ferry_time":0,"ferry_price":0,"cargo":"cargo.forklifts","company_truck":"daf_xf_euro6_6x2_a","trailer_variant":"trailer.overweight.forklifts","trailer_definition":"trailer_def.forklifts.overweight.forklifts","units_count":100,"fill_ratio":1,"trailer_place":0}],"aci.milano":[{"target":"cargotras.milano","urgency":2,"shortest_distance_km":9,"ferry_time":0,"ferry_price":0,"cargo":"cargo.comp_process","company_truck":"man_tgx_euro6_6x4_xlx","trailer_variant":"trailer.scs_dry","trailer_definition":"trailer_def.scs.box.single_3.dryvan","units_count":33,"fill_ratio":1,"trailer_place":0}],"subse.brest":[{"target":"tradeaux.brest","urgency":0,"shortest_distance_km":75,"ferry_time":0,"ferry_price":0,"cargo":"cargo.olives","company_truck":"renault_t_6x2","trailer_variant":"trailer.scs_dry_m","trailer_definition":"trailer_def.scs.box.single_3.dryvan_m","units_count":33,"fill_ratio":1,"trailer_place":0},{"target":"wilnet_trans.lemans","urgency":1,"shortest_distance_km":408,"ferry_time":0,"ferry_price":0,"cargo":"cargo.nonalco_beer","company_truck":"scania_s_6x4_730","trailer_variant":"trailer.scs_dry","trailer_definition":"trailer_def.scs.box.single_3.dryvan","units_count":33,"fill_ratio":1,"trailer_place":0}],"ika_bohag.bordeaux":[{"target":"tradeaux.toulouse","urgency":0,"shortest_distance_km":309,"ferry_time":0,"ferry_price":0,"cargo":"cargo.used_packag","company_truck":"scania_6x4_a","trailer_variant":"trailer.scs_dry","trailer_definition":"trailer_def.scs.box.single_3.dryvan","units_count":33,"fill_ratio":1,"trailer_place":0}],"kaarfor.limoges":[{"target":"globeur.bourges","urgency":0,"shortest_distance_km":234,"ferry_time":0,"ferry_price":0,"cargo":"cargo.used_packag","company_truck":"man_6x4_b","trailer_variant":"trailer.scs_dry","trailer_definition":"trailer_def.scs.box.single_3.dryvan","units_count":33,"fill_ratio":1,"trailer_place":0},{"target":"lisette_log.lemans","urgency":0,"shortest_distance_km":447,"ferry_time":0,"ferry_price":0,"cargo":"cargo.used_plast","company_truck":"mercedes_actros_2014_6x2_a","trailer_variant":"trailer.scs_dry_ms","trailer_definition":"trailer_def.scs.box.single_3.dryvan_m","units_count":33,"fill_ratio":1,"trailer_place":0}],"nucleon.paluel":[{"target":"globeur.lehavre","urgency":2,"shortest_distance_km":124,"ferry_time":0,"ferry_price":0,"cargo":"cargo.empty_palet","company_truck":"man_tgx_euro6_4x2_xxl","trailer_variant":"trailer.scs_dry_m","trailer_definition":"trailer_def.scs.box.single_3.dryvan_m","units_count":33,"fill_ratio":1,"trailer_place":0}],"mvm_carriere.porto_vecchi":[{"target":"dans_jardin.marseille","urgency":0,"shortest_distance_km":193,"ferry_time":840,"ferry_price":1193,"cargo":"cargo.excav_soil","company_truck":"scania_s_6x2_450","trailer_variant":"trailer.s_ki_solid.cover","trailer_definition":"trailer_def.excav_soil.s_ki_solid.cover","units_count":100,"fill_ratio":1,"trailer_place":0},{"target":"batisse_road.bordeaux","urgency":0,"shortest_distance_km":796,"ferry_time":840,"ferry_price":1193,"cargo":"cargo.granite_cube","company_truck":"renault_premium_6x4_a","trailer_variant":"trailer.s_ki_solid.cover","trailer_definition":"trailer_def.granite_cube.s_ki_solid.cover","units_count":100,"fill_ratio":1,"trailer_place":0}],"sellplan.groningen":[{"target":"chimi.larochelle","urgency":2,"shortest_distance_km":1287,"ferry_time":0,"ferry_price":0,"cargo":"cargo.empty_palet","company_truck":"renault_premium_4x2_c","trailer_variant":"trailer.scs_curt_a","trailer_definition":"trailer_def.scs.box.single_3.curtain","units_count":33,"fill_ratio":1,"trailer_place":0}],"lisette_log.paris":[{"target":"nucleon.laurent","urgency":1,"shortest_distance_km":335,"ferry_time":0,"ferry_price":0,"cargo":"cargo.backfl_prev","company_truck":"scania_4x2_b","trailer_variant":"trailer.scs_curt","trailer_definition":"trailer_def.scs.box.single_3.curtain","units_count":33,"fill_ratio":1,"trailer_place":0}],"nucleon.alban":[{"target":"dans_jardin.porto_vecchi","urgency":1,"shortest_distance_km":265,"ferry_time":840,"ferry_price":1193,"cargo":"cargo.forklifts","company_truck":"mercedes_actros_2014_6x2_a","trailer_variant":"trailer.overweight.forklifts","trailer_definition":"trailer_def.forklifts.overweight.forklifts","units_count":100,"fill_ratio":1,"trailer_place":0}],"subse.nantes":[{"target":"lisette_log.ajaccio","urgency":2,"shortest_distance_km":1093,"ferry_time":840,"ferry_price":1193,"cargo":"cargo.soy_milk_t","company_truck":"renault_magnum_4x2_a","trailer_variant":"trailer.scs_fodt","trailer_definition":"trailer_def.scs.foodtank.single_3.paint","units_count":26,"fill_ratio":1,"trailer_place":0},{"target":"globeur.bordeaux","urgency":1,"shortest_distance_km":490,"ferry_time":0,"ferry_price":0,"cargo":"cargo.iced_coffee","company_truck":"mercedes_actros_2014_4x2_a","trailer_variant":"trailer.scs_dry_s","trailer_definition":"trailer_def.scs.box.single_3.dryvan","units_count":33,"fill_ratio":1,"trailer_place":0}],"eurogoodies.kiel":[{"target":"wilnet_trans.lemans","urgency":2,"shortest_distance_km":1265,"ferry_time":0,"ferry_price":0,"cargo":"cargo.sugar","company_truck":"renault_magnum_6x4_a","trailer_variant":"trailer.scs_dry_s","trailer_definition":"trailer_def.scs.box.single_3.dryvan","units_count":32,"fill_ratio":1,"trailer_place":0}],"dans_jardin.marseille":[{"target":"eolo_lines.marseille","urgency":2,"shortest_distance_km":167,"ferry_time":0,"ferry_price":0,"cargo":"cargo.peas","company_truck":"scania_6x4_a","trailer_variant":"trailer.scs_dry","trailer_definition":"trailer_def.scs.box.single_3.dryvan","units_count":33,"fill_ratio":1,"trailer_place":0}],"lisette_log.nice":[{"target":"gnt.bastia","urgency":0,"shortest_distance_km":406,"ferry_time":840,"ferry_price":1193,"cargo":"cargo.cont_trees","company_truck":"scania_streamline_4x2_a","trailer_variant":"trailer.scs_ref_s","trailer_definition":"trailer_def.scs.box.single_3.reefer","units_count":33,"fill_ratio":1,"trailer_place":0}]}