{"sanbuilders.brno":[{"target":"stokes.wien","urgency":0,"shortest_distance_km":137,"ferry_time":0,"ferry_price":0,"cargo":"cargo.asph_miller","company_truck":"man_6x4_b","trailer_variant":"trailer.goldhofer.mpa_k_flat14.wirtgenw250i","trailer_definition":"trailer_def.asph_miller.goldhofer.mpa_k_flat14.wirtgenw250i","units_count":100,"fill_ratio":1,"trailer_place":0}],"sanbuilders.edinburgh":[{"target":"stokes.aberdeen","urgency":0,"shortest_distance_km":238,"ferry_time":0,"ferry_price":0,"cargo":"cargo.asph_miller","company_truck":"heavy/man_tgx_euro6_8x4_xlx","trailer_variant":"trailer.goldhofer.mpa_k_flat14.wirtgenw250i","trailer_definition":"trailer_def.asph_miller.goldhofer.mpa_k_flat14.wirtgenw250i","units_count":100,"fill_ratio":1,"trailer_place":0}]}