{"marmo.olbia":[{"target":"cargotras.sassari","urgency":1,"shortest_distance_km":232,"ferry_time":0,"ferry_price":0,"cargo":"cargo.excavator","company_truck":"man_4x2_a","trailer_variant":"trailer.overweight.excavator","trailer_definition":"trailer_def.excavator.overweight.excavator","units_count":100,"fill_ratio":1,"trailer_place":0}],"cargotras.sassari":[{"target":"te_logistica.cagliari","urgency":2,"shortest_distance_km":210,"ferry_time":0,"ferry_price":0,"cargo":"cargo.milk_t","company_truck":"daf_4x2_a","trailer_variant":"trailer.scs_fodt","trailer_definition":"trailer_def.scs.foodtank.single_3.paint","units_count":27,"fill_ratio":1,"trailer_place":0}],"nbfc.london":[{"target":"pp_chimica.roma","urgency":0,"shortest_distance_km":1885,"ferry_time":35,"ferry_price":300,"cargo":"cargo.lead","company_truck":"renault_premium_6x4_a","trailer_variant":"trailer.scs_flat_c_r","trailer_definition":"trailer_def.scs.flatbed.single_3.container","units_count":87,"fill_ratio":1,"trailer_place":0},{"target":"pp_chimica.olbia","urgency":2,"shortest_distance_km":1494,"ferry_time":1085,"ferry_price":1848,"cargo":"cargo.hchemicals","company_truck":"renault_magnum_6x4_a","trailer_variant":"trailer.chcistern","trailer_definition":"trailer_def.hchemicals.chcistern","units_count":100,"fill_ratio":1,"trailer_place":0}],"c_navale.olbia":[{"target":"cargotras.palermo","urgency":2,"shortest_distance_km":264,"ferry_time":720,"ferry_price":778,"cargo":"cargo.empty_palet","company_truck":"scania_s_6x4_730","trailer_variant":"trailer.scs_dry_ms","trailer_definition":"trailer_def.scs.box.single_3.dryvan_m","units_count":33,"fill_ratio":1,"trailer_place":0}],"wgcc.bratislava":[{"target":"posped.bratislava","urgency":1,"shortest_distance_km":1,"ferry_time":0,"ferry_price":0,"cargo":"cargo.carbn_pwdr_c","company_truck":"daf_4x2_b","trailer_variant":"trailer.scs_flat_c_r","trailer_definition":"trailer_def.scs.flatbed.single_3.container","units_count":33,"fill_ratio":1,"trailer_place":0}],"sal.pescara":[{"target":"te_logistica.parma","urgency":0,"shortest_distance_km":596,"ferry_time":0,"ferry_price":0,"cargo":"cargo.logs","company_truck":"scania_s_4x2_370","trailer_variant":"trailer.scs_log","trailer_definition":"trailer_def.scs.log.single_3.steel","units_count":2,"fill_ratio":1,"trailer_place":0}],"marmo.firenze":[{"target":"acc.taranto","urgency":0,"shortest_distance_km":768,"ferry_time":0,"ferry_price":0,"cargo":"cargo.gravel","company_truck":"mercedes_6x4_a","trailer_variant":"trailer.s_ki_solid.gravel","trailer_definition":"trailer_def.gravel.s_ki_solid.gravel","units_count":100,"fill_ratio":1,"trailer_place":0}],"ika_bohag.pescara":[{"target":"te_logistica.napoli","urgency":2,"shortest_distance_km":272,"ferry_time":0,"ferry_price":0,"cargo":"cargo.empty_palet","company_truck":"mercedes_actros_2014_4x2_a","trailer_variant":"trailer.scs_dry_ms","trailer_definition":"trailer_def.scs.box.single_3.dryvan_m","units_count":33,"fill_ratio":1,"trailer_place":0},{"target":"cargotras.olbia","urgency":0,"shortest_distance_km":602,"ferry_time":840,"ferry_price":879,"cargo":"cargo.used_packag","company_truck":"daf_4x2_a","trailer_variant":"trailer.scs_dry_ms","trailer_definition":"trailer_def.scs.box.single_3.dryvan_m","units_count":33,"fill_ratio":1,"trailer_place":0}],"marmo.sassari":[{"target":"fui.olbia","urgency":1,"shortest_distance_km":156,"ferry_time":0,"ferry_price":0,"cargo":"cargo.digger1000","company_truck":"scania_s_4x2_580","trailer_variant":"trailer.overweight.digger1000","trailer_definition":"trailer_def.digger1000.overweight.digger1000","units_count":100,"fill_ratio":1,"trailer_place":0}],"aci.roma":[{"target":"exomar.ancona","urgency":1,"shortest_distance_km":311,"ferry_time":0,"ferry_price":0,"cargo":"cargo.frsh_herbs","company_truck":"daf_4x2_b","trailer_variant":"trailer.scs_ref","trailer_definition":"trailer_def.scs.box.single_3.reefer","units_count":33,"fill_ratio":1,"trailer_place":0}],"transinet.brussel":[{"target":"exomar.roma","urgency":1,"shortest_distance_km":1473,"ferry_time":0,"ferry_price":0,"cargo":"cargo.oil_filters","company_truck":"man_4x2_a","trailer_variant":"trailer.scs_curt","trailer_definition":"trailer_def.scs.box.single_3.curtain","units_count":33,"fill_ratio":1,"trailer_place":0}],"cesare_smar.sassari":[{"target":"cargotras.olbia","urgency":0,"shortest_distance_km":95,"ferry_time":0,"ferry_price":0,"cargo":"cargo.used_packag","company_truck":"man_6x4_b","trailer_variant":"trailer.scs_dry_m","trailer_definition":"trailer_def.scs.box.single_3.dryvan_m","units_count":33,"fill_ratio":1,"trailer_place":0}],"costruzi_fla.catanzaro":[{"target":"te_logistica.messina","urgency":1,"shortest_distance_km":159,"ferry_time":20,"ferry_price":347,"cargo":"cargo.forklifts","company_truck":"man_4x2_a","trailer_variant":"trailer.overweight.forklifts","trailer_definition":"trailer_def.forklifts.overweight.forklifts","units_count":100,"fill_ratio":1,"trailer_place":0}],"ika_bohag.napoli":[{"target":"te_logistica.sassari","urgency":2,"shortest_distance_km":223,"ferry_time":840,"ferry_price":879,"cargo":"cargo.empty_palet","company_truck":"daf_xf_euro6_4x2_b","trailer_variant":"trailer.scs_dry_m","trailer_definition":"trailer_def.scs.box.single_3.dryvan_m","units_count":33,"fill_ratio":1,"trailer_place":0}],"lkwlog.brno":[{"target":"cargotras.sassari","urgency":1,"shortest_distance_km":1661,"ferry_time":840,"ferry_price":879,"cargo":"cargo.chimney_syst","company_truck":"daf_4x2_b","trailer_variant":"trailer.scs_dry_s","trailer_definition":"trailer_def.scs.box.single_3.dryvan","units_count":33,"fill_ratio":1,"trailer_place":0}],"sal.sassari":[{"target":"te_logistica.messina","urgency":2,"shortest_distance_km":374,"ferry_time":720,"ferry_price":778,"cargo":"cargo.empty_palet","company_truck":"daf_xf_euro6_6x4_c","trailer_variant":"trailer.scs_curt_a","trailer_definition":"trailer_def.scs.box.single_3.curtain","units_count":33,"fill_ratio":1,"trailer_place":0}],"cont_port_it.livorno":[{"target":"cargotras.livorno","urgency":0,"shortest_distance_km":4,"ferry_time":0,"ferry_price":0,"cargo":"cargo.beverages_c","company_truck":"man_6x4_b","trailer_variant":"trailer.scs_gosck20","trailer_definition":"trailer_def.scs.gooseneck.singl_3e_20.container","units_count":15,"fill_ratio":1,"trailer_place":0}],"kaarfor.lyon":[{"target":"te_logistica.sassari","urgency":0,"shortest_distance_km":473,"ferry_time":1050,"ferry_price":1548,"cargo":"cargo.used_packag","company_truck":"daf_xf_euro6_6x4_c","trailer_variant":"trailer.scs_dry_ms","trailer_definition":"trailer_def.scs.box.single_3.dryvan_m","units_count":33,"fill_ratio":1,"trailer_place":0}],"ika_bohag.catania":[{"target":"te_logistica.cagliari","urgency":2,"shortest_distance_km":217,"ferry_time":720,"ferry_price":778,"cargo":"cargo.empty_palet","company_truck":"scania_r_4x2_520","trailer_variant":"trailer.scs_curt_a","trailer_definition":"trailer_def.scs.box.single_3.curtain","units_count":33,"fill_ratio":1,"trailer_place":0},{"target":"te_logistica.cagliari","urgency":0,"shortest_distance_km":217,"ferry_time":720,"ferry_price":778,"cargo":"cargo.used_packag","company_truck":"man_6x4_b","trailer_variant":"trailer.scs_curt","trailer_definition":"trailer_def.scs.box.single_3.curtain","units_count":33,"fill_ratio":1,"trailer_place":0}],"stokes.dijon":[{"target":"te_logistica.cagliari","urgency":0,"shortest_distance_km":859,"ferry_time":1050,"ferry_price":1548,"cargo":"cargo.diggers","company_truck":"mercedes_4x2","trailer_variant":"trailer.overweight.digger","trailer_definition":"trailer_def.diggers.overweight.digger","units_count":100,"fill_ratio":1,"trailer_place":0}],"cargotras.livorno":[{"target":"tras_med.genova","urgency":2,"shortest_distance_km":250,"ferry_time":0,"ferry_price":0,"cargo":"cargo.roofing_felt","company_truck":"daf_xf_euro6_4x2_b","trailer_variant":"trailer.scs_curt_s","trailer_definition":"trailer_def.scs.box.single_3.curtain","units_count":33,"fill_ratio":1,"trailer_place":0},{"target":"eolo_lines.napoli","urgency":0,"shortest_distance_km":557,"ferry_time":0,"ferry_price":0,"cargo":"cargo.seal_bearing","company_truck":"renault_premium_4x2_c","trailer_variant":"trailer.scs_curt_s","trailer_definition":"trailer_def.scs.box.single_3.curtain","units_count":33,"fill_ratio":1,"trailer_place":0},{"target":"tras_med.genova","urgency":0,"shortest_distance_km":250,"ferry_time":0,"ferry_price":0,"cargo":"cargo.metal_pipes","company_truck":"scania_s_6x2_450","trailer_variant":"trailer.scs_flat_c_g","trailer_definition":"trailer_def.scs.flatbed.single_3.container","units_count":2,"fill_ratio":1,"trailer_place":0}],"te_logistica.parma":[{"target":"tras_med.genova","urgency":1,"shortest_distance_km":260,"ferry_time":0,"ferry_price":0,"cargo":"cargo.froz_octopi","company_truck":"scania_4x2_b","trailer_variant":"trailer.scs_ref_a","trailer_definition":"trailer_def.scs.box.single_3.reefer","units_count":33,"fill_ratio":1,"trailer_place":0}],"piac.cassino":[{"target":"cont_port_it.bari","urgency":1,"shortest_distance_km":322,"ferry_time":0,"ferry_price":0,"cargo":"cargo.used_plast_c","company_truck":"daf_4x2_a","trailer_variant":"trailer.scs_flat_c_r","trailer_definition":"trailer_def.scs.flatbed.single_3.container","units_count":33,"fill_ratio":1,"trailer_place":0},{"target":"tras_med.roma","urgency":0,"shortest_distance_km":151,"ferry_time":0,"ferry_price":0,"cargo":"cargo.scrap_metals","company_truck":"scania_6x2_b","trailer_variant":"trailer.s_ki_solid.cover","trailer_definition":"trailer_def.scrap_metals.s_ki_solid.cover","units_count":100,"fill_ratio":1,"trailer_place":0}],"eurogoodies.wien":[{"target":"tesore_gust.roma","urgency":0,"shortest_distance_km":1097,"ferry_time":0,"ferry_price":0,"cargo":"cargo.vinegar_c","company_truck":"mercedes_actros_2014_6x4_b","trailer_variant":"trailer.scs_gosck220","trailer_definition":"trailer_def.scs.gooseneck.singl_3e_220.container","units_count":30,"fill_ratio":1,"trailer_place":0}],"exomar.ancona":[{"target":"cargotras.pescara","urgency":0,"shortest_distance_km":181,"ferry_time":0,"ferry_price":0,"cargo":"cargo.scrap_metals","company_truck":"scania_r_6x2_450","trailer_variant":"trailer.s_ki_solid.cover","trailer_definition":"trailer_def.scrap_metals.s_ki_solid.cover","units_count":100,"fill_ratio":1,"trailer_place":0}],"fui.catanzaro":[{"target":"te_logistica.sassari","urgency":2,"shortest_distance_km":456,"ferry_time":840,"ferry_price":879,"cargo":"cargo.carrots","company_truck":"scania_s_4x2_370","trailer_variant":"trailer.scs_dry_a","trailer_definition":"trailer_def.scs.box.single_3.dryvan","units_count":33,"fill_ratio":1,"trailer_place":0},{"target":"cesare_smar.sassari","urgency":2,"shortest_distance_km":458,"ferry_time":840,"ferry_price":879,"cargo":"cargo.pesto","company_truck":"mercedes_actros_2014_4x2_c","trailer_variant":"trailer.scs_curt_s","trailer_definition":"trailer_def.scs.box.single_3.curtain","units_count":33,"fill_ratio":1,"trailer_place":0},{"target":"tras_med.bari","urgency":0,"shortest_distance_km":185,"ferry_time":0,"ferry_price":0,"cargo":"cargo.carrots_c","company_truck":"scania_r_6x4_650","trailer_variant":"trailer.scs_gosck220","trailer_definition":"trailer_def.scs.gooseneck.singl_3e_220.container","units_count":30,"fill_ratio":1,"trailer_place":0}],"tras_med.cagliari":[{"target":"eolo_lines.palermo","urgency":1,"shortest_distance_km":42,"ferry_time":720,"ferry_price":778,"cargo":"cargo.brake_pads","company_truck":"mercedes_actros_2014_6x4_b","trailer_variant":"trailer.scs_curt","trailer_definition":"trailer_def.scs.box.single_3.curtain","units_count":33,"fill_ratio":1,"trailer_place":0}],"cont_port_it.bari":[{"target":"libellula.livorno","urgency":1,"shortest_distance_km":765,"ferry_time":0,"ferry_price":0,"cargo":"cargo.motor_oil_c","company_truck":"daf_xf_euro6_6x4_c","trailer_variant":"trailer.scs_gosck220","trailer_definition":"trailer_def.scs.gooseneck.singl_3e_220.container","units_count":30,"fill_ratio":1,"trailer_place":0},{"target":"te_logistica.firenze","urgency":0,"shortest_distance_km":698,"ferry_time":0,"ferry_price":0,"cargo":"cargo.rice_c","company_truck":"scania_s_6x4_730","trailer_variant":"trailer.scs_flat_c_g","trailer_definition":"trailer_def.scs.flatbed.single_3.container","units_count":33,"fill_ratio":1,"trailer_place":0}],"nbfc.linz":[{"target":"quadrelli.pescara","urgency":2,"shortest_distance_km":1118,"ferry_time":0,"ferry_price":0,"cargo":"cargo.hipresstank","company_truck":"scania_4x2_c","trailer_variant":"trailer.scs_flat_c_r","trailer_definition":"trailer_def.scs.flatbed.single_3.container","units_count":2,"fill_ratio":1,"trailer_place":0}],"ika_bohag.ancona":[{"target":"exomar.bologna","urgency":0,"shortest_distance_km":212,"ferry_time":0,"ferry_price":0,"cargo":"cargo.used_packag","company_truck":"mercedes_actros_2014_4x2_b","trailer_variant":"trailer.scs_curt_s","trailer_definition":"trailer_def.scs.box.single_3.curtain","units_count":33,"fill_ratio":1,"trailer_place":0},{"target":"exomar.taranto","urgency":2,"shortest_distance_km":537,"ferry_time":0,"ferry_price":0,"cargo":"cargo.empty_palet","company_truck":"scania_streamline_6x4_a","trailer_variant":"trailer.scs_curt_s","trailer_definition":"trailer_def.scs.box.single_3.curtain","units_count":33,"fill_ratio":1,"trailer_place":0}],"cargotras.milano":[{"target":"exomar.bologna","urgency":1,"shortest_distance_km":263,"ferry_time":0,"ferry_price":0,"cargo":"cargo.honey","company_truck":"man_tgx_euro6_4x2_xl","trailer_variant":"trailer.scs_dry_m","trailer_definition":"trailer_def.scs.box.single_3.dryvan_m","units_count":33,"fill_ratio":1,"trailer_place":0}],"acc.terni":[{"target":"exomar.roma","urgency":1,"shortest_distance_km":115,"ferry_time":0,"ferry_price":0,"cargo":"cargo.outdr_flr_tl","company_truck":"man_6x4_b","trailer_variant":"trailer.scs_brick_b","trailer_definition":"trailer_def.scs.flatbed.single_3.brick","units_count":33,"fill_ratio":1,"trailer_place":0},{"target":"piac.cassino","urgency":0,"shortest_distance_km":252,"ferry_time":0,"ferry_price":0,"cargo":"cargo.sq_tub","company_truck":"mercedes_6x2_b","trailer_variant":"trailer.scs_flat_b","trailer_definition":"trailer_def.scs.flatbed.single_3.flatbed_w","units_count":2,"fill_ratio":1,"trailer_place":0},{"target":"te_logistica.napoli","urgency":1,"shortest_distance_km":346,"ferry_time":0,"ferry_price":0,"cargo":"cargo.excavator","company_truck":"man_6x4_b","trailer_variant":"trailer.overweight.excavator","trailer_definition":"trailer_def.excavator.overweight.excavator","units_count":100,"fill_ratio":1,"trailer_place":0}],"aaa.cagliari":[{"target":"exomar.roma","urgency":0,"shortest_distance_km":274,"ferry_time":840,"ferry_price":879,"cargo":"cargo.iveco_vans","company_truck":"scania_streamline_6x4_a","trailer_variant":"trailer.van_trans_id","trailer_definition":"trailer_def.iveco_vans.van_trans_id","units_count":100,"fill_ratio":1,"trailer_place":0}],"ika_bohag.roma":[{"target":"tras_med.roma","urgency":0,"shortest_distance_km":30,"ferry_time":0,"ferry_price":0,"cargo":"cargo.used_packag","company_truck":"scania_s_6x4_730","trailer_variant":"trailer.scs_dry_a","trailer_definition":"trailer_def.scs.box.single_3.dryvan","units_count":33,"fill_ratio":1,"trailer_place":0}],"cont_port_it.napoli":[{"target":"exomar.roma","urgency":1,"shortest_distance_km":258,"ferry_time":0,"ferry_price":0,"cargo":"cargo.exhausts_c","company_truck":"scania_streamline_4x2_b","trailer_variant":"trailer.scs_flat_c_r","trailer_definition":"trailer_def.scs.flatbed.single_3.container","units_count":33,"fill_ratio":1,"trailer_place":0}],"tras_med.bari":[{"target":"te_logistica.napoli","urgency":0,"shortest_distance_km":253,"ferry_time":0,"ferry_price":0,"cargo":"cargo.coal","company_truck":"daf_xf_euro6_4x2_c","trailer_variant":"trailer.s_ki_solid.coal","trailer_definition":"trailer_def.coal.s_ki_solid.coal","units_count":100,"fill_ratio":1,"trailer_place":0},{"target":"fui.firenze","urgency":0,"shortest_distance_km":689,"ferry_time":0,"ferry_price":0,"cargo":"cargo.sawpanels","company_truck":"scania_streamline_4x2_c","trailer_variant":"trailer.scs_curt","trailer_definition":"trailer_def.scs.box.single_3.curtain","units_count":33,"fill_ratio":1,"trailer_place":0},{"target":"te_logistica.cagliari","urgency":0,"shortest_distance_km":262,"ferry_time":840,"ferry_price":879,"cargo":"cargo.graph_grease","company_truck":"scania_streamline_4x2_a","trailer_variant":"trailer.scs_curt","trailer_definition":"trailer_def.scs.box.single_3.curtain","units_count":33,"fill_ratio":1,"trailer_place":0}],"acc.catania":[{"target":"te_logistica.cagliari","urgency":2,"shortest_distance_km":218,"ferry_time":720,"ferry_price":778,"cargo":"cargo.cement","company_truck":"man_6x4_b","trailer_variant":"trailer.cement","trailer_definition":"trailer_def.cement.cement","units_count":100,"fill_ratio":1,"trailer_place":0},{"target":"tras_med.bari","urgency":2,"shortest_distance_km":562,"ferry_time":20,"ferry_price":347,"cargo":"cargo.iron_pipes","company_truck":"scania_r_6x2_450","trailer_variant":"trailer.scs_log","trailer_definition":"trailer_def.scs.log.single_3.steel","units_count":2,"fill_ratio":1,"trailer_place":0},{"target":"tras_med.cagliari","urgency":1,"shortest_distance_km":243,"ferry_time":720,"ferry_price":778,"cargo":"cargo.excavator","company_truck":"scania_4x2_a","trailer_variant":"trailer.overweight.excavator","trailer_definition":"trailer_def.excavator.overweight.excavator","units_count":100,"fill_ratio":1,"trailer_place":0},{"target":"marmo.palermo","urgency":0,"shortest_distance_km":245,"ferry_time":0,"ferry_price":0,"cargo":"cargo.sq_tub","company_truck":"scania_r_4x2_520","trailer_variant":"trailer.scs_flat_r","trailer_definition":"trailer_def.scs.flatbed.single_3.flatbed_w","units_count":2,"fill_ratio":1,"trailer_place":0}],"aaa.pescara":[{"target":"cargotras.livorno","urgency":0,"shortest_distance_km":534,"ferry_time":0,"ferry_price":0,"cargo":"cargo.motorcycles","company_truck":"man_tgx_euro6_4x2_xl","trailer_variant":"trailer.scs_curt","trailer_definition":"trailer_def.scs.box.single_3.curtain","units_count":33,"fill_ratio":1,"trailer_place":0}],"ika_bohag.paris":[{"target":"te_logistica.parma","urgency":0,"shortest_distance_km":1098,"ferry_time":0,"ferry_price":0,"cargo":"cargo.used_packag","company_truck":"daf_xf_euro6_6x2_a","trailer_variant":"trailer.scs_curt_a","trailer_definition":"trailer_def.scs.box.single_3.curtain","units_count":33,"fill_ratio":1,"trailer_place":0}],"fattoria_f.napoli":[{"target":"tras_med.bari","urgency":2,"shortest_distance_km":259,"ferry_time":0,"ferry_price":0,"cargo":"cargo.milk_t","company_truck":"man_6x4_b","trailer_variant":"trailer.scs_fodt","trailer_definition":"trailer_def.scs.foodtank.single_3.paint","units_count":27,"fill_ratio":1,"trailer_place":0}],"cnp.catania":[{"target":"acc.catania","urgency":0,"shortest_distance_km":51,"ferry_time":0,"ferry_price":0,"cargo":"cargo.fueltanker","company_truck":"man_6x4_b","trailer_variant":"trailer.scs_flat_c_g","trailer_definition":"trailer_def.scs.flatbed.single_3.container","units_count":87,"fill_ratio":1,"trailer_place":0},{"target":"acc.catania","urgency":1,"shortest_distance_km":51,"ferry_time":0,"ferry_price":0,"cargo":"cargo.motor_oil_c","company_truck":"renault_magnum_4x2_a","trailer_variant":"trailer.scs_gosck220","trailer_definition":"trailer_def.scs.gooseneck.singl_3e_220.container","units_count":30,"fill_ratio":1,"trailer_place":0}],"te_logistica.firenze":[{"target":"eolo_lines.messina","urgency":1,"shortest_distance_km":967,"ferry_time":20,"ferry_price":347,"cargo":"cargo.froz_octopi","company_truck":"man_6x4_b","trailer_variant":"trailer.scs_ref","trailer_definition":"trailer_def.scs.box.single_3.reefer","units_count":33,"fill_ratio":1,"trailer_place":0},{"target":"tras_med.genova","urgency":0,"shortest_distance_km":268,"ferry_time":0,"ferry_price":0,"cargo":"cargo.used_packag","company_truck":"renault_magnum_4x2_a","trailer_variant":"trailer.scs_curt_s","trailer_definition":"trailer_def.scs.box.single_3.curtain","units_count":33,"fill_ratio":1,"trailer_place":0}],"kaarfor.poznan":[{"target":"tras_med.genova","urgency":0,"shortest_distance_km":1464,"ferry_time":0,"ferry_price":0,"cargo":"cargo.used_plast","company_truck":"iveco_4x2_b","trailer_variant":"trailer.scs_curt","trailer_definition":"trailer_def.scs.box.single_3.curtain","units_count":33,"fill_ratio":1,"trailer_place":0}],"libellula.ancona":[{"target":"cargotras.sassari","urgency":0,"shortest_distance_km":791,"ferry_time":840,"ferry_price":879,"cargo":"cargo.used_packag","company_truck":"scania_r_4x2_520","trailer_variant":"trailer.scs_curt","trailer_definition":"trailer_def.scs.box.single_3.curtain","units_count":33,"fill_ratio":1,"trailer_place":0}],"fui.firenze":[{"target":"te_logistica.firenze","urgency":2,"shortest_distance_km":102,"ferry_time":0,"ferry_price":0,"cargo":"cargo.tomatoes","company_truck":"mercedes_4x2_a","trailer_variant":"trailer.scs_ref","trailer_definition":"trailer_def.scs.box.single_3.reefer","units_count":33,"fill_ratio":1,"trailer_place":0}],"quadrelli.bari":[{"target":"exomar.roma","urgency":1,"shortest_distance_km":449,"ferry_time":0,"ferry_price":0,"cargo":"cargo.excavator","company_truck":"mercedes_actros_2014_6x2_a","trailer_variant":"trailer.overweight.excavator","trailer_definition":"trailer_def.excavator.overweight.excavator","units_count":100,"fill_ratio":1,"trailer_place":0},{"target":"costruzi_hal.genova","urgency":1,"shortest_distance_km":964,"ferry_time":0,"ferry_price":0,"cargo":"cargo.digger1000","company_truck":"scania_r_4x2_370","trailer_variant":"trailer.overweight.digger1000","trailer_definition":"trailer_def.digger1000.overweight.digger1000","units_count":100,"fill_ratio":1,"trailer_place":0}],"te_logistica.cagliari":[{"target":"libellula.ancona","urgency":0,"shortest_distance_km":600,"ferry_time":840,"ferry_price":879,"cargo":"cargo.wrk_cloth","company_truck":"mercedes_6x4_a","trailer_variant":"trailer.scs_curt","trailer_definition":"trailer_def.scs.box.single_3.curtain","units_count":33,"fill_ratio":1,"trailer_place":0},{"target":"exomar.olbia","urgency":0,"shortest_distance_km":243,"ferry_time":0,"ferry_price":0,"cargo":"cargo.floorpanels","company_truck":"daf_xf_euro6_6x2_a","trailer_variant":"trailer.panel_trans.floor","trailer_definition":"trailer_def.floorpanels.panel_trans.floor","units_count":99,"fill_ratio":1,"trailer_place":0}],"costruzi_bas.firenze":[{"target":"fui.firenze","urgency":0,"shortest_distance_km":106,"ferry_time":0,"ferry_price":0,"cargo":"cargo.excav_soil","company_truck":"mercedes_6x2_b","trailer_variant":"trailer.s_ki_solid.cover","trailer_definition":"trailer_def.excav_soil.s_ki_solid.cover","units_count":100,"fill_ratio":1,"trailer_place":0}],"ika_bohag.bologna":[{"target":"cargotras.livorno","urgency":0,"shortest_distance_km":217,"ferry_time":0,"ferry_price":0,"cargo":"cargo.used_packag","company_truck":"man_tgx_euro6_4x2_xl","trailer_variant":"trailer.scs_dry_m","trailer_definition":"trailer_def.scs.box.single_3.dryvan_m","units_count":33,"fill_ratio":1,"trailer_place":0}],"fcp.torino":[{"target":"cargotras.pescara","urgency":1,"shortest_distance_km":766,"ferry_time":0,"ferry_price":0,"cargo":"cargo.used_battery","company_truck":"scania_streamline_4x2_c","trailer_variant":"trailer.scs_dry_s","trailer_definition":"trailer_def.scs.box.single_3.dryvan","units_count":33,"fill_ratio":1,"trailer_place":0}],"cnp.napoli":[{"target":"te_logistica.cagliari","urgency":0,"shortest_distance_km":15,"ferry_time":840,"ferry_price":879,"cargo":"cargo.oil","company_truck":"scania_4x2_b","trailer_variant":"trailer.fuel_cistern","trailer_definition":"trailer_def.oil.fuel_cistern","units_count":100,"fill_ratio":1,"trailer_place":0},{"target":"acc.taranto","urgency":0,"shortest_distance_km":267,"ferry_time":0,"ferry_price":0,"cargo":"cargo.fueltanker","company_truck":"mercedes_6x4_a","trailer_variant":"trailer.scs_gosck20","trailer_definition":"trailer_def.scs.gooseneck.singl_3e_20.container","units_count":40,"fill_ratio":1,"trailer_place":0}],"spinelli.cassino":[{"target":"exomar.roma","urgency":0,"shortest_distance_km":141,"ferry_time":0,"ferry_price":0,"cargo":"cargo.moto_tires","company_truck":"scania_6x4_a","trailer_variant":"trailer.scs_curt","trailer_definition":"trailer_def.scs.box.single_3.curtain","units_count":33,"fill_ratio":1,"trailer_place":0},{"target":"ika_bohag.firenze","urgency":1,"shortest_distance_km":410,"ferry_time":0,"ferry_price":0,"cargo":"cargo.forklifts","company_truck":"scania_s_6x4_730","trailer_variant":"trailer.overweight.forklifts","trailer_definition":"trailer_def.forklifts.overweight.forklifts","units_count":100,"fill_ratio":1,"trailer_place":0},{"target":"piac.cassino","urgency":1,"shortest_distance_km":33,"ferry_time":0,"ferry_price":0,"cargo":"cargo.tyres","company_truck":"man_6x4_b","trailer_variant":"trailer.scs_dry_m","trailer_definition":"trailer_def.scs.box.single_3.dryvan_m","units_count":33,"fill_ratio":1,"trailer_place":0}],"eolo_lines.palermo":[{"target":"cargotras.palermo","urgency":2,"shortest_distance_km":4,"ferry_time":0,"ferry_price":0,"cargo":"cargo.mozzarela","company_truck":"man_6x4_b","trailer_variant":"trailer.scs_ref_s","trailer_definition":"trailer_def.scs.box.single_3.reefer","units_count":33,"fill_ratio":1,"trailer_place":0}],"aci.bari":[{"target":"tras_med.bari","urgency":1,"shortest_distance_km":24,"ferry_time":0,"ferry_price":0,"cargo":"cargo.frsh_herbs","company_truck":"scania_r_6x2_450","trailer_variant":"trailer.scs_ins_a","trailer_definition":"trailer_def.scs.box.single_3.insulated","units_count":33,"fill_ratio":1,"trailer_place":0}],"eolo_lines.napoli":[{"target":"piac.cassino","urgency":0,"shortest_distance_km":132,"ferry_time":0,"ferry_price":0,"cargo":"cargo.perfor_frks","company_truck":"man_4x2_a","trailer_variant":"trailer.scs_dry","trailer_definition":"trailer_def.scs.box.single_3.dryvan","units_count":33,"fill_ratio":1,"trailer_place":0}],"quadrelli.pescara":[{"target":"cargotras.sassari","urgency":1,"shortest_distance_km":474,"ferry_time":840,"ferry_price":879,"cargo":"cargo.sand","company_truck":"man_6x4_b","trailer_variant":"trailer.s_ki_solid.sand","trailer_definition":"trailer_def.sand.s_ki_solid.sand","units_count":100,"fill_ratio":1,"trailer_place":0},{"target":"fui.olbia","urgency":0,"shortest_distance_km":465,"ferry_time":840,"ferry_price":879,"cargo":"cargo.excav_soil","company_truck":"scania_r_6x4_650","trailer_variant":"trailer.s_ki_solid.cover","trailer_definition":"trailer_def.excav_soil.s_ki_solid.cover","units_count":100,"fill_ratio":1,"trailer_place":0}],"tras_med.roma":[{"target":"te_logistica.napoli","urgency":2,"shortest_distance_km":250,"ferry_time":0,"ferry_price":0,"cargo":"cargo.canned_beans","company_truck":"mercedes_actros_2014_4x2_c","trailer_variant":"trailer.scs_curt","trailer_definition":"trailer_def.scs.box.single_3.curtain","units_count":33,"fill_ratio":1,"trailer_place":0},{"target":"eolo_lines.sassari","urgency":0,"shortest_distance_km":508,"ferry_time":840,"ferry_price":879,"cargo":"cargo.olive_oil_t","company_truck":"scania_r_6x4_650","trailer_variant":"trailer.scs_fodt","trailer_definition":"trailer_def.scs.foodtank.single_3.paint","units_count":30,"fill_ratio":1,"trailer_place":0}],"piac.napoli":[{"target":"exomar.roma","urgency":0,"shortest_distance_km":255,"ferry_time":0,"ferry_price":0,"cargo":"cargo.used_plast","company_truck":"renault_t_6x2","trailer_variant":"trailer.scs_curt_s","trailer_definition":"trailer_def.scs.box.single_3.curtain","units_count":33,"fill_ratio":1,"trailer_place":0},{"target":"te_logistica.sassari","urgency":1,"shortest_distance_km":220,"ferry_time":840,"ferry_price":879,"cargo":"cargo.used_plast_c","company_truck":"man_6x4_b","trailer_variant":"trailer.scs_gosck40","trailer_definition":"trailer_def.scs.gooseneck.singl_3e_40.container","units_count":30,"fill_ratio":1,"trailer_place":0},{"target":"cargotras.olbia","urgency":2,"shortest_distance_km":261,"ferry_time":840,"ferry_price":879,"cargo":"cargo.empty_palet","company_truck":"iveco_6x2_a","trailer_variant":"trailer.scs_dry_ms","trailer_definition":"trailer_def.scs.box.single_3.dryvan_m","units_count":33,"fill_ratio":1,"trailer_place":0}],"cargotras.catanzaro":[{"target":"exomar.olbia","urgency":0,"shortest_distance_km":620,"ferry_time":740,"ferry_price":1125,"cargo":"cargo.oranges","company_truck":"daf_xf_euro6_6x2_a","trailer_variant":"trailer.scs_ref_s","trailer_definition":"trailer_def.scs.box.single_3.reefer","units_count":33,"fill_ratio":1,"trailer_place":0},{"target":"cesare_smar.pescara","urgency":1,"shortest_distance_km":574,"ferry_time":0,"ferry_price":0,"cargo":"cargo.potatoes","company_truck":"daf_xf_euro6_4x2_b","trailer_variant":"trailer.scs_curt","trailer_definition":"trailer_def.scs.box.single_3.curtain","units_count":33,"fill_ratio":1,"trailer_place":0}],"c_navale.messina":[{"target":"exomar.olbia","urgency":0,"shortest_distance_km":465,"ferry_time":720,"ferry_price":778,"cargo":"cargo.scrap_metals","company_truck":"mercedes_actros_2014_4x2_c","trailer_variant":"trailer.s_ki_solid.cover","trailer_definition":"trailer_def.scrap_metals.s_ki_solid.cover","units_count":100,"fill_ratio":1,"trailer_place":0}],"exomar.taranto":[{"target":"piac.napoli","urgency":1,"shortest_distance_km":286,"ferry_time":0,"ferry_price":0,"cargo":"cargo.tyres","company_truck":"daf_xf_euro6_4x2_a","trailer_variant":"trailer.scs_dry_s","trailer_definition":"trailer_def.scs.box.single_3.dryvan","units_count":33,"fill_ratio":1,"trailer_place":0}],"fui.olbia":[{"target":"te_logistica.cagliari","urgency":0,"shortest_distance_km":202,"ferry_time":0,"ferry_price":0,"cargo":"cargo.carrots_c","company_truck":"scania_6x2_b","trailer_variant":"trailer.scs_flat_c_r","trailer_definition":"trailer_def.scs.flatbed.single_3.container","units_count":33,"fill_ratio":1,"trailer_place":0},{"target":"tras_med.roma","urgency":2,"shortest_distance_km":488,"ferry_time":840,"ferry_price":879,"cargo":"cargo.peas","company_truck":"iveco_6x2_a","trailer_variant":"trailer.scs_dry","trailer_definition":"trailer_def.scs.box.single_3.dryvan","units_count":33,"fill_ratio":1,"trailer_place":0},{"target":"exomar.olbia","urgency":0,"shortest_distance_km":65,"ferry_time":0,"ferry_price":0,"cargo":"cargo.olive_oil_t","company_truck":"scania_s_6x4_730","trailer_variant":"trailer.scs_fodt","trailer_definition":"trailer_def.scs.foodtank.single_3.paint","units_count":30,"fill_ratio":1,"trailer_place":0}],"cnp.taranto":[{"target":"cargotras.catanzaro","urgency":0,"shortest_distance_km":276,"ferry_time":0,"ferry_price":0,"cargo":"cargo.diesel","company_truck":"man_tgx_euro6_6x4_xlx","trailer_variant":"trailer.willig.fuel_cistern","trailer_definition":"trailer_def.diesel.willig.fuel_cistern","units_count":100,"fill_ratio":1,"trailer_place":0},{"target":"cargotras.sassari","urgency":1,"shortest_distance_km":486,"ferry_time":840,"ferry_price":879,"cargo":"cargo.carbn_pwdr_c","company_truck":"scania_r_4x2_520","trailer_variant":"trailer.scs_flat_c_r","trailer_definition":"trailer_def.scs.flatbed.single_3.container","units_count":33,"fill_ratio":1,"trailer_place":0},{"target":"tras_med.cagliari","urgency":1,"shortest_distance_km":309,"ferry_time":840,"ferry_price":879,"cargo":"cargo.petrol","company_truck":"mercedes_4x2_b","trailer_variant":"trailer.fuel_cistern","trailer_definition":"trailer_def.petrol.fuel_cistern","units_count":100,"fill_ratio":1,"trailer_place":0},{"target":"acc.terni","urgency":0,"shortest_distance_km":552,"ferry_time":0,"ferry_price":0,"cargo":"cargo.lpg","company_truck":"man_tgx_euro6_6x4_xlx","trailer_variant":"trailer.willig.fuel_cistern","trailer_definition":"trailer_def.lpg.willig.fuel_cistern","units_count":101,"fill_ratio":1,"trailer_place":0}],"ika_bohag.milano":[{"target":"exomar.bologna","urgency":0,"shortest_distance_km":290,"ferry_time":0,"ferry_price":0,"cargo":"cargo.used_packag","company_truck":"renault_premium_6x2_a","trailer_variant":"trailer.scs_curt_s","trailer_definition":"trailer_def.scs.box.single_3.curtain","units_count":33,"fill_ratio":1,"trailer_place":0}],"ika_bohag.firenze":[{"target":"tesore_gust.parma","urgency":2,"shortest_distance_km":160,"ferry_time":0,"ferry_price":0,"cargo":"cargo.empty_palet","company_truck":"renault_premium_6x2_a","trailer_variant":"trailer.scs_dry_ms","trailer_definition":"trailer_def.scs.box.single_3.dryvan_m","units_count":33,"fill_ratio":1,"trailer_place":0}],"aaa.roma":[{"target":"cargotras.livorno","urgency":0,"shortest_distance_km":320,"ferry_time":0,"ferry_price":0,"cargo":"cargo.iveco_vans","company_truck":"renault_premium_4x2_c","trailer_variant":"trailer.van_trans_id","trailer_definition":"trailer_def.iveco_vans.van_trans_id","units_count":100,"fill_ratio":1,"trailer_place":0}],"fattoria_f.roma":[{"target":"cargotras.olbia","urgency":2,"shortest_distance_km":460,"ferry_time":840,"ferry_price":879,"cargo":"cargo.cheese","company_truck":"renault_t_4x2h","trailer_variant":"trailer.scs_ins_s","trailer_definition":"trailer_def.scs.box.single_3.insulated","units_count":33,"fill_ratio":1,"trailer_place":0}],"tree_et.geneve":[{"target":"exomar.taranto","urgency":2,"shortest_distance_km":1489,"ferry_time":0,"ferry_price":0,"cargo":"cargo.wshavings","company_truck":"man_4x2_a","trailer_variant":"trailer.s_ki_solid.cover","trailer_definition":"trailer_def.wshavings.s_ki_solid.cover","units_count":100,"fill_ratio":1,"trailer_place":0}],"costruzi_win.cagliari":[{"target":"te_logistica.napoli","urgency":2,"shortest_distance_km":122,"ferry_time":840,"ferry_price":879,"cargo":"cargo.empty_palet","company_truck":"iveco_6x2_a","trailer_variant":"trailer.scs_dry_ms","trailer_definition":"trailer_def.scs.box.single_3.dryvan_m","units_count":33,"fill_ratio":1,"trailer_place":0}],"eolo_lines.sassari":[{"target":"exomar.ancona","urgency":0,"shortest_distance_km":726,"ferry_time":840,"ferry_price":879,"cargo":"cargo.limonades","company_truck":"scania_r_4x2_520","trailer_variant":"trailer.scs_dry_s","trailer_definition":"trailer_def.scs.box.single_3.dryvan","units_count":33,"fill_ratio":1,"trailer_place":0},{"target":"cont_port_it.ancona","urgency":2,"shortest_distance_km":789,"ferry_time":840,"ferry_price":879,"cargo":"cargo.chem_sorb_c","company_truck":"man_4x2_a","trailer_variant":"trailer.scs_gosck40","trailer_definition":"trailer_def.scs.gooseneck.singl_3e_40.container","units_count":30,"fill_ratio":1,"trailer_place":0}],"te_logistica.messina":[{"target":"exomar.olbia","urgency":2,"shortest_distance_km":465,"ferry_time":720,"ferry_price":778,"cargo":"cargo.chem_sorb_c","company_truck":"renault_magnum_6x4_a","trailer_variant":"trailer.scs_gosck20","trailer_definition":"trailer_def.scs.gooseneck.singl_3e_20.container","units_count":15,"fill_ratio":1,"trailer_place":0}],"aci.cagliari":[{"target":"eolo_lines.napoli","urgency":1,"shortest_distance_km":34,"ferry_time":840,"ferry_price":879,"cargo":"cargo.frsh_herbs","company_truck":"man_4x2_c","trailer_variant":"trailer.scs_ref_a","trailer_definition":"trailer_def.scs.box.single_3.reefer","units_count":33,"fill_ratio":1,"trailer_place":0}],"cnp.ancona":[{"target":"sal.pescara","urgency":0,"shortest_distance_km":304,"ferry_time":0,"ferry_price":0,"cargo":"cargo.lpg","company_truck":"man_tgx_euro6_6x4_xlx","trailer_variant":"trailer.fuel_cistern","trailer_definition":"trailer_def.lpg.fuel_cistern","units_count":100,"fill_ratio":1,"trailer_place":0}],"te_logistica.napoli":[{"target":"cargotras.pescara","urgency":1,"shortest_distance_km":244,"ferry_time":0,"ferry_price":0,"cargo":"cargo.sand","company_truck":"iveco_4x2_c","trailer_variant":"trailer.s_ki_solid.sand","trailer_definition":"trailer_def.sand.s_ki_solid.sand","units_count":100,"fill_ratio":1,"trailer_place":0}],"eolo_lines.cagliari":[{"target":"ika_bohag.roma","urgency":0,"shortest_distance_km":274,"ferry_time":840,"ferry_price":879,"cargo":"cargo.tableware","company_truck":"man_6x4_b","trailer_variant":"trailer.scs_dry_s","trailer_definition":"trailer_def.scs.box.single_3.dryvan","units_count":33,"fill_ratio":1,"trailer_place":0},{"target":"exomar.olbia","urgency":2,"shortest_distance_km":253,"ferry_time":0,"ferry_price":0,"cargo":"cargo.chem_sorb_c","company_truck":"iveco_4x2_c","trailer_variant":"trailer.scs_flat_c_r","trailer_definition":"trailer_def.scs.flatbed.single_3.container","units_count":33,"fill_ratio":1,"trailer_place":0}],"cnp.livorno":[{"target":"c_navale.messina","urgency":1,"shortest_distance_km":966,"ferry_time":20,"ferry_price":347,"cargo":"cargo.motor_oil","company_truck":"renault_t_4x2","trailer_variant":"trailer.scs_dry","trailer_definition":"trailer_def.scs.box.single_3.dryvan","units_count":33,"fill_ratio":1,"trailer_place":0}],"eurogoodies.venezia":[{"target":"exomar.bologna","urgency":0,"shortest_distance_km":181,"ferry_time":0,"ferry_price":0,"cargo":"cargo.nuts","company_truck":"scania_6x4_a","trailer_variant":"trailer.scs_curt_a","trailer_definition":"trailer_def.scs.box.single_3.curtain","units_count":33,"fill_ratio":1,"trailer_place":0}],"cont_port_it.genova":[{"target":"cesare_smar.palermo","urgency":1,"shortest_distance_km":1394,"ferry_time":20,"ferry_price":347,"cargo":"cargo.apples_c","company_truck":"scania_s_4x2_370","trailer_variant":"trailer.scs_gosck20","trailer_definition":"trailer_def.scs.gooseneck.singl_3e_20.container","units_count":15,"fill_ratio":1,"trailer_place":0}],"piac.parma":[{"target":"te_logistica.parma","urgency":1,"shortest_distance_km":55,"ferry_time":0,"ferry_price":0,"cargo":"cargo.used_battery","company_truck":"iveco_h_4x2_a","trailer_variant":"trailer.scs_curt_a","trailer_definition":"trailer_def.scs.box.single_3.curtain","units_count":33,"fill_ratio":1,"trailer_place":0}],"exomar.bologna":[{"target":"cargotras.livorno","urgency":0,"shortest_distance_km":228,"ferry_time":0,"ferry_price":0,"cargo":"cargo.limonades","company_truck":"man_6x4_b","trailer_variant":"trailer.scs_dry_a","trailer_definition":"trailer_def.scs.box.single_3.dryvan","units_count":33,"fill_ratio":1,"trailer_place":0}],"tesore_gust.parma":[{"target":"te_logistica.napoli","urgency":0,"shortest_distance_km":674,"ferry_time":0,"ferry_price":0,"cargo":"cargo.olive_oil_t","company_truck":"man_6x4_b","trailer_variant":"trailer.scs_fodt","trailer_definition":"trailer_def.scs.foodtank.single_3.paint","units_count":30,"fill_ratio":1,"trailer_place":0}],"eolo_lines.messina":[{"target":"acc.terni","urgency":1,"shortest_distance_km":737,"ferry_time":20,"ferry_price":347,"cargo":"cargo.motor_oil","company_truck":"scania_4x2_a","trailer_variant":"trailer.scs_dry_ms","trailer_definition":"trailer_def.scs.box.single_3.dryvan_m","units_count":33,"fill_ratio":1,"trailer_place":0},{"target":"te_logistica.napoli","urgency":0,"shortest_distance_km":463,"ferry_time":20,"ferry_price":347,"cargo":"cargo.perfor_frks","company_truck":"scania_r_6x2_450","trailer_variant":"trailer.scs_curt_s","trailer_definition":"trailer_def.scs.box.single_3.curtain","units_count":33,"fill_ratio":1,"trailer_place":0}],"cargotras.palermo":[{"target":"tras_med.cagliari","urgency":2,"shortest_distance_km":42,"ferry_time":720,"ferry_price":778,"cargo":"cargo.iron_pipes","company_truck":"renault_magnum_6x2_a","trailer_variant":"trailer.scs_log","trailer_definition":"trailer_def.scs.log.single_3.steel","units_count":2,"fill_ratio":1,"trailer_place":0},{"target":"exomar.olbia","urgency":2,"shortest_distance_km":259,"ferry_time":720,"ferry_price":778,"cargo":"cargo.med_equip","company_truck":"renault_t_4x2","trailer_variant":"trailer.scs_curt","trailer_definition":"trailer_def.scs.box.single_3.curtain","units_count":33,"fill_ratio":1,"trailer_place":0},{"target":"sal.sassari","urgency":0,"shortest_distance_km":169,"ferry_time":720,"ferry_price":778,"cargo":"cargo.oil","company_truck":"man_tgx_euro6_4x2_xxl","trailer_variant":"trailer.fuel_cistern","trailer_definition":"trailer_def.oil.fuel_cistern","units_count":100,"fill_ratio":1,"trailer_place":0}],"te_logistica.sassari":[{"target":"eolo_lines.sassari","urgency":0,"shortest_distance_km":31,"ferry_time":0,"ferry_price":0,"cargo":"cargo.seal_bearing","company_truck":"mercedes_actros_2014_4x2_b","trailer_variant":"trailer.scs_dry","trailer_definition":"trailer_def.scs.box.single_3.dryvan","units_count":33,"fill_ratio":1,"trailer_place":0},{"target":"tras_med.bari","urgency":2,"shortest_distance_km":469,"ferry_time":840,"ferry_price":879,"cargo":"cargo.chem_sorbent","company_truck":"man_6x4_b","trailer_variant":"trailer.scs_curt_s","trailer_definition":"trailer_def.scs.box.single_3.curtain","units_count":33,"fill_ratio":1,"trailer_place":0}],"libellula.milano":[{"target":"cargotras.pescara","urgency":2,"shortest_distance_km":674,"ferry_time":0,"ferry_price":0,"cargo":"cargo.empty_palet","company_truck":"renault_magnum_6x4_a","trailer_variant":"trailer.scs_dry_s","trailer_definition":"trailer_def.scs.box.single_3.dryvan","units_count":33,"fill_ratio":1,"trailer_place":0},{"target":"cargotras.pescara","urgency":0,"shortest_distance_km":674,"ferry_time":0,"ferry_price":0,"cargo":"cargo.motorcycles","company_truck":"mercedes_4x2_a","trailer_variant":"trailer.scs_dry_a","trailer_definition":"trailer_def.scs.box.single_3.dryvan","units_count":33,"fill_ratio":1,"trailer_place":0}],"cesare_smar.pescara":[{"target":"te_logistica.cagliari","urgency":2,"shortest_distance_km":302,"ferry_time":840,"ferry_price":879,"cargo":"cargo.empty_palet","company_truck":"renault_premium_4x2_a","trailer_variant":"trailer.scs_curt_s","trailer_definition":"trailer_def.scs.box.single_3.curtain","units_count":33,"fill_ratio":1,"trailer_place":0},{"target":"cargotras.livorno","urgency":0,"shortest_distance_km":535,"ferry_time":0,"ferry_price":0,"cargo":"cargo.used_plast","company_truck":"scania_r_6x2_450","trailer_variant":"trailer.scs_dry_a","trailer_definition":"trailer_def.scs.box.single_3.dryvan","units_count":33,"fill_ratio":1,"trailer_place":0}],"sanbuilders.birmingham":[{"target":"marmo.firenze","urgency":1,"shortest_distance_km":1828,"ferry_time":35,"ferry_price":300,"cargo":"cargo.digger1000","company_truck":"mercedes_6x4_a","trailer_variant":"trailer.overweight.digger1000","trailer_definition":"trailer_def.digger1000.overweight.digger1000","units_count":100,"fill_ratio":1,"trailer_place":0}],"acc.taranto":[{"target":"eolo_lines.sassari","urgency":0,"shortest_distance_km":516,"ferry_time":840,"ferry_price":879,"cargo":"cargo.perfor_frks","company_truck":"scania_s_4x2_370","trailer_variant":"trailer.scs_dry_s","trailer_definition":"trailer_def.scs.box.single_3.dryvan","units_count":33,"fill_ratio":1,"trailer_place":0},{"target":"tras_med.cagliari","urgency":2,"shortest_distance_km":310,"ferry_time":840,"ferry_price":879,"cargo":"cargo.hipresstank","company_truck":"scania_r_6x2_450","trailer_variant":"trailer.scs_flat_c_r","trailer_definition":"trailer_def.scs.flatbed.single_3.container","units_count":2,"fill_ratio":1,"trailer_place":0}],"fui.roma":[{"target":"tras_med.roma","urgency":0,"shortest_distance_km":101,"ferry_time":0,"ferry_price":0,"cargo":"cargo.carrots_c","company_truck":"man_4x2_c","trailer_variant":"trailer.scs_gosck220","trailer_definition":"trailer_def.scs.gooseneck.singl_3e_220.container","units_count":30,"fill_ratio":1,"trailer_place":0}],"quadrelli.catania":[{"target":"costruzi_fla.catanzaro","urgency":0,"shortest_distance_km":346,"ferry_time":20,"ferry_price":347,"cargo":"cargo.marb_slab","company_truck":"man_4x2_a","trailer_variant":"trailer.scs_flat_b","trailer_definition":"trailer_def.scs.flatbed.single_3.flatbed_w","units_count":2,"fill_ratio":1,"trailer_place":0},{"target":"costruzi_fla.catanzaro","urgency":0,"shortest_distance_km":346,"ferry_time":20,"ferry_price":347,"cargo":"cargo.marb_blck","company_truck":"daf_xf_euro6_4x2_a","trailer_variant":"trailer.scs_flat_b","trailer_definition":"trailer_def.scs.flatbed.single_3.flatbed_w","units_count":2,"fill_ratio":1,"trailer_place":0}],"c_navale.ancona":[{"target":"exomar.bologna","urgency":0,"shortest_distance_km":211,"ferry_time":0,"ferry_price":0,"cargo":"cargo.used_packag","company_truck":"iveco_4x2_a","trailer_variant":"trailer.scs_dry_a","trailer_definition":"trailer_def.scs.box.single_3.dryvan","units_count":33,"fill_ratio":1,"trailer_place":0}],"exomar.olbia":[{"target":"tras_med.roma","urgency":1,"shortest_distance_km":532,"ferry_time":840,"ferry_price":879,"cargo":"cargo.precast_strs","company_truck":"man_6x4_b","trailer_variant":"trailer.scs_dry_ms","trailer_definition":"trailer_def.scs.box.single_3.dryvan_m","units_count":33,"fill_ratio":1,"trailer_place":0}],"trameri.innsbruck":[{"target":"comoto.suzzara","urgency":1,"shortest_distance_km":325,"ferry_time":0,"ferry_price":0,"cargo":"cargo.forklifts","company_truck":"scania_r_6x4_650","trailer_variant":"trailer.overweight.forklifts","trailer_definition":"trailer_def.forklifts.overweight.forklifts","units_count":100,"fill_ratio":1,"trailer_place":0}],"cesare_smar.palermo":[{"target":"cnp.taranto","urgency":2,"shortest_distance_km":563,"ferry_time":20,"ferry_price":347,"cargo":"cargo.empty_palet","company_truck":"mercedes_6x2_b","trailer_variant":"trailer.scs_dry_s","trailer_definition":"trailer_def.scs.box.single_3.dryvan","units_count":33,"fill_ratio":1,"trailer_place":0},{"target":"exomar.olbia","urgency":1,"shortest_distance_km":259,"ferry_time":720,"ferry_price":778,"cargo":"cargo.used_plast_c","company_truck":"scania_4x2_c","trailer_variant":"trailer.scs_flat_c_r","trailer_definition":"trailer_def.scs.flatbed.single_3.container","units_count":33,"fill_ratio":1,"trailer_place":0}],"sellplan.venezia":[{"target":"exomar.bologna","urgency":0,"shortest_distance_km":181,"ferry_time":0,"ferry_price":0,"cargo":"cargo.used_packag","company_truck":"scania_r_6x2_450","trailer_variant":"trailer.scs_curt_s","trailer_definition":"trailer_def.scs.box.single_3.curtain","units_count":33,"fill_ratio":1,"trailer_place":0},{"target":"cargotras.catanzaro","urgency":1,"shortest_distance_km":1090,"ferry_time":0,"ferry_price":0,"cargo":"cargo.used_plast_c","company_truck":"mercedes_4x2_b","trailer_variant":"trailer.scs_gosck20","trailer_definition":"trailer_def.scs.gooseneck.singl_3e_20.container","units_count":15,"fill_ratio":1,"trailer_place":0}],"cargotras.pescara":[{"target":"exomar.ancona","urgency":0,"shortest_distance_km":182,"ferry_time":0,"ferry_price":0,"cargo":"cargo.prosciutto","company_truck":"man_4x2_a","trailer_variant":"trailer.scs_ins","trailer_definition":"trailer_def.scs.box.single_3.insulated","units_count":33,"fill_ratio":1,"trailer_place":0}],"cont_port_it.ancona":[{"target":"cargotras.livorno","urgency":2,"shortest_distance_km":352,"ferry_time":0,"ferry_price":0,"cargo":"cargo.chem_sorb_c","company_truck":"scania_r_6x2_450","trailer_variant":"trailer.scs_gosck220","trailer_definition":"trailer_def.scs.gooseneck.singl_3e_220.container","units_count":30,"fill_ratio":1,"trailer_place":0}]}