{"sanbuilders.newcastle":[{"target":"renar.vaxjo","urgency":0,"shortest_distance_km":789,"ferry_time":1140,"ferry_price":1314,"cargo":"cargo.roller","company_truck":"man_6x4_b","trailer_variant":"trailer.overweight.roller","trailer_definition":"trailer_def.roller.overweight.roller","units_count":100,"fill_ratio":1,"trailer_place":0}],"te_logistica.cagliari":[{"target":"exomar.taranto","urgency":0,"shortest_distance_km":347,"ferry_time":840,"ferry_price":879,"cargo":"cargo.roller","company_truck":"renault_magnum_6x2_a","trailer_variant":"trailer.overweight.roller","trailer_definition":"trailer_def.roller.overweight.roller","units_count":100,"fill_ratio":1,"trailer_place":0}],"stokes.kiel":[{"target":"transinet.hamburg","urgency":0,"shortest_distance_km":157,"ferry_time":0,"ferry_price":0,"cargo":"cargo.roller","company_truck":"daf_4x2_a","trailer_variant":"trailer.overweight.roller","trailer_definition":"trailer_def.roller.overweight.roller","units_count":100,"fill_ratio":1,"trailer_place":0}],"sanbuilders.hamburg":[{"target":"te_logistica.firenze","urgency":0,"shortest_distance_km":1385,"ferry_time":0,"ferry_price":0,"cargo":"cargo.roller","company_truck":"daf_6x2_a","trailer_variant":"trailer.overweight.roller","trailer_definition":"trailer_def.roller.overweight.roller","units_count":100,"fill_ratio":1,"trailer_place":0}],"sanbuilders.erfurt":[{"target":"stokes.nurnberg","urgency":0,"shortest_distance_km":230,"ferry_time":0,"ferry_price":0,"cargo":"cargo.roller","company_truck":"iveco_4x2_c","trailer_variant":"trailer.overweight.roller","trailer_definition":"trailer_def.roller.overweight.roller","units_count":100,"fill_ratio":1,"trailer_place":0}],"trameri.wroclaw":[{"target":"tradeaux.kassel","urgency":1,"shortest_distance_km":608,"ferry_time":0,"ferry_price":0,"cargo":"cargo.tube","company_truck":"iveco_4x2_c","trailer_variant":"trailer.overweight.tube","trailer_definition":"trailer_def.tube.overweight.tube","units_count":94,"fill_ratio":1,"trailer_place":0}],"lkwlog.gdansk":[{"target":"posped.lodz","urgency":0,"shortest_distance_km":327,"ferry_time":0,"ferry_price":0,"cargo":"cargo.roller","company_truck":"scania_streamline_6x4_a","trailer_variant":"trailer.overweight.roller","trailer_definition":"trailer_def.roller.overweight.roller","units_count":100,"fill_ratio":1,"trailer_place":0}],"tradeaux.budapest":[{"target":"transinet.debrecen","urgency":0,"shortest_distance_km":199,"ferry_time":0,"ferry_price":0,"cargo":"cargo.roller","company_truck":"man_6x4_b","trailer_variant":"trailer.overweight.roller","trailer_definition":"trailer_def.roller.overweight.roller","units_count":100,"fill_ratio":1,"trailer_place":0}],"renar.kotka":[{"target":"blt_ru.petersburg","urgency":1,"shortest_distance_km":354,"ferry_time":0,"ferry_price":0,"cargo":"cargo.tube","company_truck":"iveco_4x2_b","trailer_variant":"trailer.overweight.tube","trailer_definition":"trailer_def.tube.overweight.tube","units_count":94,"fill_ratio":1,"trailer_place":0}]}