{"renar.vaxjo":[{"target":"drekkar.vaxjo","urgency":2,"shortest_distance_km":1,"ferry_time":0,"ferry_price":0,"cargo":"cargo.windml_eng","company_truck":"scania_streamline_4x2_b","trailer_variant":"trailer.overweight.windplant","trailer_definition":"trailer_def.windml_eng.overweight.windplant","units_count":100,"fill_ratio":1,"trailer_place":0}],"sellplan.wien":[{"target":"renar.kobenhavn","urgency":1,"shortest_distance_km":976,"ferry_time":105,"ferry_price":404,"cargo":"cargo.used_plast_c","company_truck":"iveco_4x2_c","trailer_variant":"trailer.scs_flat_c_r","trailer_definition":"trailer_def.scs.flatbed.single_3.container","units_count":33,"fill_ratio":1,"trailer_place":0}],"kaarfor.amsterdam":[{"target":"norrsken.aalborg","urgency":0,"shortest_distance_km":838,"ferry_time":0,"ferry_price":0,"cargo":"cargo.used_packag","company_truck":"scania_streamline_6x2_b","trailer_variant":"trailer.scs_dry_m","trailer_definition":"trailer_def.scs.box.single_3.dryvan_m","units_count":33,"fill_ratio":1,"trailer_place":0}],"voitureux.paris":[{"target":"drekkar.odense","urgency":0,"shortest_distance_km":1248,"ferry_time":0,"ferry_price":0,"cargo":"cargo.used_packag","company_truck":"man_6x4_b","trailer_variant":"trailer.scs_dry_ms","trailer_definition":"trailer_def.scs.box.single_3.dryvan_m","units_count":33,"fill_ratio":1,"trailer_place":0}],"vpc.goteborg":[{"target":"norrsken.aalborg","urgency":0,"shortest_distance_km":164,"ferry_time":195,"ferry_price":677,"cargo":"cargo.scrap_metals","company_truck":"daf_4x2_a","trailer_variant":"trailer.s_ki_solid.cover","trailer_definition":"trailer_def.scrap_metals.s_ki_solid.cover","units_count":100,"fill_ratio":1,"trailer_place":0}],"eurogoodies.reims":[{"target":"kaarfor.reims","urgency":0,"shortest_distance_km":1,"ferry_time":0,"ferry_price":0,"cargo":"cargo.atl_cod_flt","company_truck":"daf_4x2_a","trailer_variant":"trailer.scs_ins_a","trailer_definition":"trailer_def.scs.box.single_3.insulated","units_count":33,"fill_ratio":1,"trailer_place":0}],"norrsken.goteborg":[{"target":"norr_food.jonkoping","urgency":1,"shortest_distance_km":151,"ferry_time":0,"ferry_price":0,"cargo":"cargo.potatoes","company_truck":"iveco_4x2_c","trailer_variant":"trailer.scs_curt","trailer_definition":"trailer_def.scs.box.single_3.curtain","units_count":33,"fill_ratio":1,"trailer_place":0},{"target":"norr_food.karlskrona","urgency":0,"shortest_distance_km":326,"ferry_time":0,"ferry_price":0,"cargo":"cargo.milk","company_truck":"renault_premium_6x4_a","trailer_variant":"trailer.scs_dry_s","trailer_definition":"trailer_def.scs.box.single_3.dryvan","units_count":33,"fill_ratio":1,"trailer_place":0},{"target":"norr_food.linkoping","urgency":0,"shortest_distance_km":279,"ferry_time":0,"ferry_price":0,"cargo":"cargo.smokd_eel","company_truck":"double/iveco_4x2_a","trailer_variant":"trailer.scs_ins_b2","trailer_definition":"trailer_def.scs.box.bdouble_3_3.insulated","units_count":53,"fill_ratio":1,"trailer_place":0}],"lkwlog.felixstowe":[{"target":"posped.birmingham","urgency":0,"shortest_distance_km":263,"ferry_time":0,"ferry_price":0,"cargo":"cargo.brake_fluid","company_truck":"mercedes_4x2","trailer_variant":"trailer.scs_gosck220","trailer_definition":"trailer_def.scs.gooseneck.singl_3e_220.container","units_count":30,"fill_ratio":1,"trailer_place":0}],"drekkar.bergen":[{"target":"norrsken.aalborg","urgency":0,"shortest_distance_km":632,"ferry_time":195,"ferry_price":1052,"cargo":"cargo.lamb_stom","company_truck":"double/scania_r_4x2","trailer_variant":"trailer.scs_ref_2","trailer_definition":"trailer_def.scs.box.double_3_2.reefer","units_count":53,"fill_ratio":1,"trailer_place":0},{"target":"polarislines.bergen","urgency":2,"shortest_distance_km":15,"ferry_time":0,"ferry_price":0,"cargo":"cargo.ibc_cont","company_truck":"man_4x2_c","trailer_variant":"trailer.scs_dry_ms","trailer_definition":"trailer_def.scs.box.single_3.dryvan_m","units_count":33,"fill_ratio":1,"trailer_place":0},{"target":"gnt.bergen","urgency":0,"shortest_distance_km":13,"ferry_time":0,"ferry_price":0,"cargo":"cargo.sheep_wool","company_truck":"mercedes_6x2_b","trailer_variant":"trailer.scs_curt_a","trailer_definition":"trailer_def.scs.box.single_3.curtain","units_count":33,"fill_ratio":1,"trailer_place":0},{"target":"gnt.bergen","urgency":2,"shortest_distance_km":13,"ferry_time":0,"ferry_price":0,"cargo":"cargo.sugar","company_truck":"mercedes_actros_2014_4x2_c","trailer_variant":"trailer.scs_dry_a","trailer_definition":"trailer_def.scs.box.single_3.dryvan","units_count":33,"fill_ratio":1,"trailer_place":0}],"agronord.goteborg":[{"target":"drekkar.linkoping","urgency":1,"shortest_distance_km":302,"ferry_time":0,"ferry_price":0,"cargo":"cargo.barley","company_truck":"daf_6x2_a","trailer_variant":"trailer.s_ki_solid.cover","trailer_definition":"trailer_def.barley.s_ki_solid.cover","units_count":100,"fill_ratio":1,"trailer_place":0}],"tree_et.dortmund":[{"target":"euroacres.bremen","urgency":0,"shortest_distance_km":236,"ferry_time":0,"ferry_price":0,"cargo":"cargo.wood_bark","company_truck":"daf_4x2_a","trailer_variant":"trailer.s_ki_solid.cover","trailer_definition":"trailer_def.wood_bark.s_ki_solid.cover","units_count":100,"fill_ratio":1,"trailer_place":0},{"target":"gnt.kristiansand","urgency":2,"shortest_distance_km":843,"ferry_time":195,"ferry_price":1052,"cargo":"cargo.empty_palet","company_truck":"double/renault_premium_4x2_a","trailer_variant":"trailer.scs_dry_b2","trailer_definition":"trailer_def.scs.box.bdouble_3_3.dryvan","units_count":23,"fill_ratio":1,"trailer_place":0}],"norr_food.vaxjo":[{"target":"norrsken.malmo","urgency":0,"shortest_distance_km":216,"ferry_time":0,"ferry_price":0,"cargo":"cargo.used_packag","company_truck":"mercedes_actros_2014_4x2_c","trailer_variant":"trailer.scs_dry_a","trailer_definition":"trailer_def.scs.box.single_3.dryvan","units_count":33,"fill_ratio":1,"trailer_place":0}],"agronord.esbjerg":[{"target":"gnt.helsingborg","urgency":0,"shortest_distance_km":467,"ferry_time":0,"ferry_price":0,"cargo":"cargo.plums","company_truck":"double/iveco_h_4x2_a","trailer_variant":"trailer.scs_ref_b2","trailer_definition":"trailer_def.scs.box.bdouble_3_3.reefer","units_count":53,"fill_ratio":1,"trailer_place":0}],"polar_fish.goteborg":[{"target":"norr_food.jonkoping","urgency":0,"shortest_distance_km":194,"ferry_time":0,"ferry_price":0,"cargo":"cargo.salm_fillet","company_truck":"double/renault_magnum_4x2_a","trailer_variant":"trailer.scs_ref_2","trailer_definition":"trailer_def.scs.box.double_3_2.reefer","units_count":53,"fill_ratio":1,"trailer_place":0},{"target":"polarislines.trelleborg","urgency":2,"shortest_distance_km":328,"ferry_time":0,"ferry_price":0,"cargo":"cargo.caviar","company_truck":"scania_s_4x2_370","trailer_variant":"trailer.scs_ins","trailer_definition":"trailer_def.scs.box.single_3.insulated","units_count":33,"fill_ratio":1,"trailer_place":0}],"scania_fac.sodertalje":[{"target":"drekkar.uppsala","urgency":0,"shortest_distance_km":118,"ferry_time":0,"ferry_price":0,"cargo":"cargo.scrap_metals","company_truck":"scania_s_6x4_730","trailer_variant":"trailer.s_ki_solid.cover","trailer_definition":"trailer_def.scrap_metals.s_ki_solid.cover","units_count":100,"fill_ratio":1,"trailer_place":0},{"target":"drekkar.karlskrona","urgency":0,"shortest_distance_km":460,"ferry_time":0,"ferry_price":0,"cargo":"cargo.used_packag","company_truck":"double/daf_xf_euro6_4x2_a","trailer_variant":"trailer.scs_curt_2","trailer_definition":"trailer_def.scs.box.double_3_2.curtain","units_count":53,"fill_ratio":1,"trailer_place":0}],"aria_fd_albg.aalborg":[{"target":"norrsken.aalborg","urgency":0,"shortest_distance_km":6,"ferry_time":0,"ferry_price":0,"cargo":"cargo.goat_cheese","company_truck":"double/daf_xf_euro6_4x2_a","trailer_variant":"trailer.scs_ref_2","trailer_definition":"trailer_def.scs.box.double_3_2.reefer","units_count":53,"fill_ratio":1,"trailer_place":0}],"eurogoodies.innsbruck":[{"target":"lkwlog.dover","urgency":0,"shortest_distance_km":1025,"ferry_time":91,"ferry_price":384,"cargo":"cargo.smokd_eel","company_truck":"scania_streamline_6x4_a","trailer_variant":"trailer.scs_ins_s","trailer_definition":"trailer_def.scs.box.single_3.insulated","units_count":33,"fill_ratio":1,"trailer_place":0},{"target":"norr_food.vasteraas","urgency":2,"shortest_distance_km":1689,"ferry_time":105,"ferry_price":404,"cargo":"cargo.bottle_water","company_truck":"renault_t_4x2h","trailer_variant":"trailer.scs_curt_s","trailer_definition":"trailer_def.scs.box.single_3.curtain","units_count":33,"fill_ratio":1,"trailer_place":0}],"konstnr_wind.gedser":[{"target":"norr_food.karlskrona","urgency":1,"shortest_distance_km":353,"ferry_time":0,"ferry_price":0,"cargo":"cargo.forklifts","company_truck":"man_tgx_euro6_6x4_xlx","trailer_variant":"trailer.overweight.forklifts","trailer_definition":"trailer_def.forklifts.overweight.forklifts","units_count":100,"fill_ratio":1,"trailer_place":0}],"eurogoodies.dover":[{"target":"sellplan.southampton","urgency":0,"shortest_distance_km":219,"ferry_time":0,"ferry_price":0,"cargo":"cargo.onion","company_truck":"man_6x4_b","trailer_variant":"trailer.scs_curt","trailer_definition":"trailer_def.scs.box.single_3.curtain","units_count":33,"fill_ratio":1,"trailer_place":0}],"polarislines.kristiansand":[{"target":"norrsken.aalborg","urgency":0,"shortest_distance_km":102,"ferry_time":195,"ferry_price":1052,"cargo":"cargo.tableware","company_truck":"daf_4x2_a","trailer_variant":"trailer.scs_dry_a","trailer_definition":"trailer_def.scs.box.single_3.dryvan","units_count":33,"fill_ratio":1,"trailer_place":0}],"transinet.sheffield":[{"target":"posped.london","urgency":0,"shortest_distance_km":281,"ferry_time":0,"ferry_price":0,"cargo":"cargo.fuel_tanks","company_truck":"renault_t_6x2","trailer_variant":"trailer.scs_dry_a","trailer_definition":"trailer_def.scs.box.single_3.dryvan","units_count":33,"fill_ratio":1,"trailer_place":0}],"norr_food.uppsala":[{"target":"gnt.uppsala","urgency":0,"shortest_distance_km":1,"ferry_time":0,"ferry_price":0,"cargo":"cargo.used_packag","company_truck":"man_tgx_euro6_4x2_xl","trailer_variant":"trailer.scs_curt","trailer_definition":"trailer_def.scs.box.single_3.curtain","units_count":33,"fill_ratio":1,"trailer_place":0}],"euroacres.liverpool":[{"target":"lkwlog.dover","urgency":0,"shortest_distance_km":464,"ferry_time":0,"ferry_price":0,"cargo":"cargo.pears","company_truck":"man_tgx_euro6_6x4_xlx","trailer_variant":"trailer.scs_curt","trailer_definition":"trailer_def.scs.box.single_3.curtain","units_count":33,"fill_ratio":1,"trailer_place":0}],"eurogoodies.munchen":[{"target":"transinet.salzburg","urgency":0,"shortest_distance_km":161,"ferry_time":0,"ferry_price":0,"cargo":"cargo.pet_food_c","company_truck":"daf_xf_euro6_4x2_a","trailer_variant":"trailer.scs_gosck20","trailer_definition":"trailer_def.scs.gooseneck.singl_3e_20.container","units_count":15,"fill_ratio":1,"trailer_place":0}],"norr_food.kobenhavn":[{"target":"norrsken.aalborg","urgency":0,"shortest_distance_km":338,"ferry_time":0,"ferry_price":0,"cargo":"cargo.used_packag","company_truck":"man_6x4_b","trailer_variant":"trailer.scs_curt_a","trailer_definition":"trailer_def.scs.box.single_3.curtain","units_count":33,"fill_ratio":1,"trailer_place":0}],"tree_et.metz":[{"target":"posped.koln","urgency":0,"shortest_distance_km":344,"ferry_time":0,"ferry_price":0,"cargo":"cargo.wood_bark","company_truck":"mercedes_actros_2014_4x2_b","trailer_variant":"trailer.s_ki_solid.cover","trailer_definition":"trailer_def.wood_bark.s_ki_solid.cover","units_count":100,"fill_ratio":1,"trailer_place":0}],"nord_crown.bergen":[{"target":"gnt.bergen","urgency":1,"shortest_distance_km":12,"ferry_time":0,"ferry_price":0,"cargo":"cargo.vinegar","company_truck":"double/man_euro6_4x2_xxl","trailer_variant":"trailer.scs_dry_b2","trailer_definition":"trailer_def.scs.box.bdouble_3_3.dryvan","units_count":53,"fill_ratio":1,"trailer_place":0},{"target":"gnt.bergen","urgency":0,"shortest_distance_km":12,"ferry_time":0,"ferry_price":0,"cargo":"cargo.canned_pork","company_truck":"scania_6x2_b","trailer_variant":"trailer.scs_ins","trailer_definition":"trailer_def.scs.box.single_3.insulated","units_count":33,"fill_ratio":1,"trailer_place":0}],"bjork.kristiansand":[{"target":"renar.oslo","urgency":2,"shortest_distance_km":381,"ferry_time":0,"ferry_price":0,"cargo":"cargo.wshavings","company_truck":"man_6x4_b","trailer_variant":"trailer.s_ki_solid.cover","trailer_definition":"trailer_def.wshavings.s_ki_solid.cover","units_count":100,"fill_ratio":1,"trailer_place":0}],"ns_oil.goteborg":[{"target":"sag_tre.goteborg","urgency":0,"shortest_distance_km":119,"ferry_time":0,"ferry_price":0,"cargo":"cargo.oil","company_truck":"renault_t_4x2","trailer_variant":"trailer.willig.fuel_cistern","trailer_definition":"trailer_def.oil.willig.fuel_cistern","units_count":101,"fill_ratio":1,"trailer_place":0}],"tradeaux.paris":[{"target":"polarislines.frederikshv","urgency":2,"shortest_distance_km":1416,"ferry_time":0,"ferry_price":0,"cargo":"cargo.garlic","company_truck":"man_4x2_c","trailer_variant":"trailer.scs_dry_ms","trailer_definition":"trailer_def.scs.box.single_3.dryvan_m","units_count":33,"fill_ratio":1,"trailer_place":0}],"norrsken.aalborg":[{"target":"renar.vasteraas","urgency":0,"shortest_distance_km":575,"ferry_time":195,"ferry_price":677,"cargo":"cargo.oranges","company_truck":"mercedes_actros_2014_6x2_a","trailer_variant":"trailer.scs_ins_a","trailer_definition":"trailer_def.scs.box.single_3.insulated","units_count":33,"fill_ratio":1,"trailer_place":0},{"target":"drekkar.linkoping","urgency":1,"shortest_distance_km":422,"ferry_time":195,"ferry_price":677,"cargo":"cargo.truck_rims","company_truck":"scania_streamline_4x2_b","trailer_variant":"trailer.scs_dry_a","trailer_definition":"trailer_def.scs.box.single_3.dryvan","units_count":33,"fill_ratio":1,"trailer_place":0}],"polar_fish.aalborg":[{"target":"polarislines.stavanger","urgency":2,"shortest_distance_km":266,"ferry_time":195,"ferry_price":1052,"cargo":"cargo.caviar","company_truck":"mercedes_actros_2014_4x2_b","trailer_variant":"trailer.scs_ins_s","trailer_definition":"trailer_def.scs.box.single_3.insulated","units_count":33,"fill_ratio":1,"trailer_place":0}],"euroacres.groningen":[{"target":"norr_food.helsingborg","urgency":2,"shortest_distance_km":863,"ferry_time":0,"ferry_price":0,"cargo":"cargo.carrots","company_truck":"mercedes_actros_2014_6x4_b","trailer_variant":"trailer.scs_dry_s","trailer_definition":"trailer_def.scs.box.single_3.dryvan","units_count":33,"fill_ratio":1,"trailer_place":0}],"ika_bohag.oslo":[{"target":"norrsken.stockholm","urgency":2,"shortest_distance_km":595,"ferry_time":0,"ferry_price":0,"cargo":"cargo.empty_palet","company_truck":"daf_4x2_a","trailer_variant":"trailer.scs_dry","trailer_definition":"trailer_def.scs.box.single_3.dryvan","units_count":33,"fill_ratio":1,"trailer_place":0}],"tree_et.innsbruck":[{"target":"posped.verona","urgency":0,"shortest_distance_km":279,"ferry_time":0,"ferry_price":0,"cargo":"cargo.wood_bark","company_truck":"mercedes_actros_2014_4x2_a","trailer_variant":"trailer.s_ki_solid.cover","trailer_definition":"trailer_def.wood_bark.s_ki_solid.cover","units_count":100,"fill_ratio":1,"trailer_place":0}],"konstnr_wind.esbjerg":[{"target":"vitas_pwr.esbjerg","urgency":1,"shortest_distance_km":123,"ferry_time":0,"ferry_price":0,"cargo":"cargo.forklifts","company_truck":"scania_streamline_4x2_c","trailer_variant":"trailer.overweight.forklifts","trailer_definition":"trailer_def.forklifts.overweight.forklifts","units_count":100,"fill_ratio":1,"trailer_place":0}],"bhv.paris":[{"target":"tradeaux.geneve","urgency":0,"shortest_distance_km":596,"ferry_time":0,"ferry_price":0,"cargo":"cargo.volvo_cars","company_truck":"man_6x4_b","trailer_variant":"trailer.car_volvo","trailer_definition":"trailer_def.volvo_cars.car_volvo","units_count":100,"fill_ratio":1,"trailer_place":0}],"euroacres.erfurt":[{"target":"norr_food.odense","urgency":2,"shortest_distance_km":712,"ferry_time":0,"ferry_price":0,"cargo":"cargo.peas","company_truck":"renault_premium_6x2_a","trailer_variant":"trailer.scs_dry_a","trailer_definition":"trailer_def.scs.box.single_3.dryvan","units_count":33,"fill_ratio":1,"trailer_place":0}],"norr_food.kalmar":[{"target":"drekkar.karlskrona","urgency":0,"shortest_distance_km":109,"ferry_time":0,"ferry_price":0,"cargo":"cargo.used_plast","company_truck":"scania_streamline_4x2_a","trailer_variant":"trailer.scs_curt","trailer_definition":"trailer_def.scs.box.single_3.curtain","units_count":33,"fill_ratio":1,"trailer_place":0}],"konstnr_wind.linkoping":[{"target":"gnt.helsingborg","urgency":2,"shortest_distance_km":339,"ferry_time":0,"ferry_price":0,"cargo":"cargo.empty_palet","company_truck":"double/iveco_h_4x2_a","trailer_variant":"trailer.scs_curt_b2","trailer_definition":"trailer_def.scs.box.bdouble_3_3.curtain","units_count":53,"fill_ratio":1,"trailer_place":0}],"gnt.uppsala":[{"target":"norrsken.stockholm","urgency":0,"shortest_distance_km":78,"ferry_time":0,"ferry_price":0,"cargo":"cargo.onion","company_truck":"scania_r_4x2_370","trailer_variant":"trailer.scs_curt","trailer_definition":"trailer_def.scs.box.single_3.curtain","units_count":33,"fill_ratio":1,"trailer_place":0}],"eurogoodies.szczecin":[{"target":"posped.london","urgency":0,"shortest_distance_km":1270,"ferry_time":35,"ferry_price":300,"cargo":"cargo.salt_spice_c","company_truck":"scania_6x2_b","trailer_variant":"trailer.scs_gosck220","trailer_definition":"trailer_def.scs.gooseneck.singl_3e_220.container","units_count":30,"fill_ratio":1,"trailer_place":0}],"eurogoodies.groningen":[{"target":"renar.kobenhavn","urgency":0,"shortest_distance_km":739,"ferry_time":0,"ferry_price":0,"cargo":"cargo.lamb_stom","company_truck":"double/daf_xf_euro6_4x2_a","trailer_variant":"trailer.scs_ref_2","trailer_definition":"trailer_def.scs.box.double_3_2.reefer","units_count":53,"fill_ratio":1,"trailer_place":0},{"target":"drekkar.bergen","urgency":0,"shortest_distance_km":1329,"ferry_time":195,"ferry_price":1052,"cargo":"cargo.grapes","company_truck":"man_6x4_b","trailer_variant":"trailer.scs_ref_2","trailer_definition":"trailer_def.scs.box.double_3_2.reefer","units_count":53,"fill_ratio":1,"trailer_place":0}],"stokes.plymouth":[{"target":"kaarfor.swansea","urgency":0,"shortest_distance_km":307,"ferry_time":0,"ferry_price":0,"cargo":"cargo.lamb_stom","company_truck":"scania_4x2_a","trailer_variant":"trailer.scs_ins_a","trailer_definition":"trailer_def.scs.box.single_3.insulated","units_count":33,"fill_ratio":1,"trailer_place":0}],"posped.zurich":[{"target":"sellplan.geneve","urgency":0,"shortest_distance_km":250,"ferry_time":0,"ferry_price":0,"cargo":"cargo.pet_food_c","company_truck":"daf_xf_euro6_4x2_c","trailer_variant":"trailer.scs_flat_c_r","trailer_definition":"trailer_def.scs.flatbed.single_3.container","units_count":33,"fill_ratio":1,"trailer_place":0}],"quarry.reims":[{"target":"drekkar.odense","urgency":2,"shortest_distance_km":1053,"ferry_time":0,"ferry_price":0,"cargo":"cargo.hipresstank","company_truck":"mercedes_6x2_b","trailer_variant":"trailer.scs_flat_r","trailer_definition":"trailer_def.scs.flatbed.single_3.flatbed_w","units_count":2,"fill_ratio":1,"trailer_place":0}],"nord_crown.odense":[{"target":"norr_food.odense","urgency":0,"shortest_distance_km":6,"ferry_time":0,"ferry_price":0,"cargo":"cargo.lamb_stom","company_truck":"double/man_4x2_a","trailer_variant":"trailer.scs_ref_b2","trailer_definition":"trailer_def.scs.box.bdouble_3_3.reefer","units_count":53,"fill_ratio":1,"trailer_place":0}],"polar_fish.stavanger":[{"target":"norr_food.odense","urgency":0,"shortest_distance_km":487,"ferry_time":195,"ferry_price":1052,"cargo":"cargo.smokd_eel","company_truck":"renault_magnum_6x4_a","trailer_variant":"trailer.scs_ref_s","trailer_definition":"trailer_def.scs.box.single_3.reefer","units_count":33,"fill_ratio":1,"trailer_place":0}],"eurogoodies.glasgow":[{"target":"sellplan.groningen","urgency":2,"shortest_distance_km":746,"ferry_time":660,"ferry_price":995,"cargo":"cargo.canned_tuna","company_truck":"mercedes_actros_2014_4x2_c","trailer_variant":"trailer.scs_ref_s","trailer_definition":"trailer_def.scs.box.single_3.reefer","units_count":33,"fill_ratio":1,"trailer_place":0}],"lkwlog.manchester":[{"target":"nord_crown.odense","urgency":1,"shortest_distance_km":336,"ferry_time":1140,"ferry_price":1314,"cargo":"cargo.plast_film_c","company_truck":"mercedes_4x2_c","trailer_variant":"trailer.scs_gosck20","trailer_definition":"trailer_def.scs.gooseneck.singl_3e_20.container","units_count":15,"fill_ratio":1,"trailer_place":0}],"polarislines.frederikshv":[{"target":"gnt.kalmar","urgency":2,"shortest_distance_km":364,"ferry_time":195,"ferry_price":677,"cargo":"cargo.copp_rf_gutt","company_truck":"scania_6x2_b","trailer_variant":"trailer.scs_curt_a","trailer_definition":"trailer_def.scs.box.single_3.curtain","units_count":33,"fill_ratio":1,"trailer_place":0}],"lkwlog.duisburg":[{"target":"kaarfor.bern","urgency":0,"shortest_distance_km":711,"ferry_time":0,"ferry_price":0,"cargo":"cargo.lamb_stom","company_truck":"iveco_4x2_b","trailer_variant":"trailer.scs_ins_s","trailer_definition":"trailer_def.scs.box.single_3.insulated","units_count":33,"fill_ratio":1,"trailer_place":0}],"sellplan.newcastle":[{"target":"nord_crown.orebro","urgency":2,"shortest_distance_km":1079,"ferry_time":1140,"ferry_price":1314,"cargo":"cargo.empty_palet","company_truck":"iveco_4x2_c","trailer_variant":"trailer.scs_dry","trailer_definition":"trailer_def.scs.box.single_3.dryvan","units_count":33,"fill_ratio":1,"trailer_place":0},{"target":"renar.kobenhavn","urgency":0,"shortest_distance_km":501,"ferry_time":1140,"ferry_price":1314,"cargo":"cargo.used_packag","company_truck":"renault_t_6x2","trailer_variant":"trailer.scs_curt_a","trailer_definition":"trailer_def.scs.box.single_3.curtain","units_count":33,"fill_ratio":1,"trailer_place":0}],"polarislines.hirtshals":[{"target":"norrsken.goteborg","urgency":0,"shortest_distance_km":194,"ferry_time":195,"ferry_price":677,"cargo":"cargo.canned_pork","company_truck":"double/scania_streamline_4x2_a","trailer_variant":"trailer.scs_ref_b2","trailer_definition":"trailer_def.scs.box.bdouble_3_3.reefer","units_count":44,"fill_ratio":1,"trailer_place":0},{"target":"norr_food.linkoping","urgency":0,"shortest_distance_km":390,"ferry_time":195,"ferry_price":677,"cargo":"cargo.roof_tiles","company_truck":"iveco_6x2_a","trailer_variant":"trailer.scs_dry_s","trailer_definition":"trailer_def.scs.box.single_3.dryvan","units_count":33,"fill_ratio":1,"trailer_place":0}],"stokes.liege":[{"target":"eurogoodies.dusseldorf","urgency":0,"shortest_distance_km":171,"ferry_time":0,"ferry_price":0,"cargo":"cargo.onion","company_truck":"scania_4x2_b","trailer_variant":"trailer.scs_curt_a","trailer_definition":"trailer_def.scs.box.single_3.curtain","units_count":33,"fill_ratio":1,"trailer_place":0}],"ika_bohag.kalmar":[{"target":"gnt.jonkoping","urgency":2,"shortest_distance_km":195,"ferry_time":0,"ferry_price":0,"cargo":"cargo.empty_palet","company_truck":"daf_4x2_a","trailer_variant":"trailer.scs_dry_a","trailer_definition":"trailer_def.scs.box.single_3.dryvan","units_count":33,"fill_ratio":1,"trailer_place":0}],"polarislines.bergen":[{"target":"drekkar.bergen","urgency":0,"shortest_distance_km":15,"ferry_time":0,"ferry_price":0,"cargo":"cargo.pears","company_truck":"renault_magnum_6x2_a","trailer_variant":"trailer.scs_ref","trailer_definition":"trailer_def.scs.box.single_3.reefer","units_count":33,"fill_ratio":1,"trailer_place":0},{"target":"drekkar.bergen","urgency":0,"shortest_distance_km":15,"ferry_time":0,"ferry_price":0,"cargo":"cargo.sausages","company_truck":"renault_t_4x2","trailer_variant":"trailer.scs_ins","trailer_definition":"trailer_def.scs.box.single_3.insulated","units_count":33,"fill_ratio":1,"trailer_place":0},{"target":"norr_food.karlskrona","urgency":0,"shortest_distance_km":1075,"ferry_time":0,"ferry_price":0,"cargo":"cargo.frozen_hake","company_truck":"renault_magnum_6x4_a","trailer_variant":"trailer.scs_ref","trailer_definition":"trailer_def.scs.box.single_3.reefer","units_count":33,"fill_ratio":1,"trailer_place":0}],"bjork.vaxjo":[{"target":"aria_fd_esbj.esbjerg","urgency":0,"shortest_distance_km":498,"ferry_time":0,"ferry_price":0,"cargo":"cargo.sawpanels","company_truck":"double/iveco_4x2_a","trailer_variant":"trailer.scs_dry_2","trailer_definition":"trailer_def.scs.box.double_3_2.dryvan","units_count":49,"fill_ratio":1,"trailer_place":0},{"target":"renar.kobenhavn","urgency":0,"shortest_distance_km":248,"ferry_time":0,"ferry_price":0,"cargo":"cargo.diggers","company_truck":"daf_xf_euro6_4x2_b","trailer_variant":"trailer.overweight.digger","trailer_definition":"trailer_def.diggers.overweight.digger","units_count":100,"fill_ratio":1,"trailer_place":0},{"target":"renar.vaxjo","urgency":0,"shortest_distance_km":92,"ferry_time":0,"ferry_price":0,"cargo":"cargo.wood_bark","company_truck":"scania_6x2_b","trailer_variant":"trailer.s_ki_solid.cover","trailer_definition":"trailer_def.wood_bark.s_ki_solid.cover","units_count":100,"fill_ratio":1,"trailer_place":0}],"vitas_pwr.esbjerg":[{"target":"renar.stavanger","urgency":2,"shortest_distance_km":518,"ferry_time":195,"ferry_price":1052,"cargo":"cargo.windml_tube","company_truck":"man_6x4_b","trailer_variant":"trailer.overweight.tubeair","trailer_definition":"trailer_def.windml_tube.overweight.tubeair","units_count":100,"fill_ratio":1,"trailer_place":0}],"itcc.szczecin":[{"target":"renar.vaxjo","urgency":0,"shortest_distance_km":624,"ferry_time":105,"ferry_price":404,"cargo":"cargo.emptytank","company_truck":"man_6x4_b","trailer_variant":"trailer.scs_flat_r","trailer_definition":"trailer_def.scs.flatbed.single_3.flatbed_w","units_count":2,"fill_ratio":1,"trailer_place":0},{"target":"konstnr.kobenhavn","urgency":1,"shortest_distance_km":333,"ferry_time":105,"ferry_price":404,"cargo":"cargo.precast_strs","company_truck":"daf_4x2_a","trailer_variant":"trailer.scs_dry","trailer_definition":"trailer_def.scs.box.single_3.dryvan","units_count":33,"fill_ratio":1,"trailer_place":0}],"gnt.helsingborg":[{"target":"norrsken.karlskrona","urgency":2,"shortest_distance_km":167,"ferry_time":0,"ferry_price":0,"cargo":"cargo.elect_wiring","company_truck":"double/iveco_4x2_a","trailer_variant":"trailer.scs_dry_2","trailer_definition":"trailer_def.scs.box.double_3_2.dryvan","units_count":53,"fill_ratio":1,"trailer_place":0}],"norr_food.vasteraas":[{"target":"drekkar.vaxjo","urgency":0,"shortest_distance_km":460,"ferry_time":0,"ferry_price":0,"cargo":"cargo.used_plast","company_truck":"man_6x4_b","trailer_variant":"trailer.scs_dry_ms","trailer_definition":"trailer_def.scs.box.single_3.dryvan_m","units_count":33,"fill_ratio":1,"trailer_place":0}],"quarry.glasgow":[{"target":"gnt.kalmar","urgency":0,"shortest_distance_km":1128,"ferry_time":1140,"ferry_price":1314,"cargo":"cargo.diggers","company_truck":"renault_premium_4x2_c","trailer_variant":"trailer.overweight.digger","trailer_definition":"trailer_def.diggers.overweight.digger","units_count":98,"fill_ratio":1,"trailer_place":0}],"eurogoodies.lille":[{"target":"posped.carlisle","urgency":0,"shortest_distance_km":782,"ferry_time":35,"ferry_price":300,"cargo":"cargo.sausages","company_truck":"iveco_6x2_a","trailer_variant":"trailer.scs_ref","trailer_definition":"trailer_def.scs.box.single_3.reefer","units_count":33,"fill_ratio":1,"trailer_place":0}],"itcc.liege":[{"target":"norrsken.karlskrona","urgency":1,"shortest_distance_km":1239,"ferry_time":0,"ferry_price":0,"cargo":"cargo.precast_strs","company_truck":"man_6x4_b","trailer_variant":"trailer.scs_curt","trailer_definition":"trailer_def.scs.box.single_3.curtain","units_count":33,"fill_ratio":1,"trailer_place":0}],"aria_fd_esbj.esbjerg":[{"target":"renar.kobenhavn","urgency":0,"shortest_distance_km":279,"ferry_time":0,"ferry_price":0,"cargo":"cargo.pork_meat","company_truck":"double/scania_4x2_a","trailer_variant":"trailer.scs_ref_2","trailer_definition":"trailer_def.scs.box.double_3_2.reefer","units_count":53,"fill_ratio":1,"trailer_place":0}],"gnt.kalmar":[{"target":"konstnr_wind.linkoping","urgency":2,"shortest_distance_km":224,"ferry_time":0,"ferry_price":0,"cargo":"cargo.windml_eng","company_truck":"man_tgx_euro6_4x2_xxl","trailer_variant":"trailer.overweight.windplant","trailer_definition":"trailer_def.windml_eng.overweight.windplant","units_count":100,"fill_ratio":1,"trailer_place":0}],"konstnr_hs.helsingborg":[{"target":"norr_food.karlskrona","urgency":1,"shortest_distance_km":169,"ferry_time":0,"ferry_price":0,"cargo":"cargo.forklifts","company_truck":"scania_4x2_b","trailer_variant":"trailer.overweight.forklifts","trailer_definition":"trailer_def.forklifts.overweight.forklifts","units_count":100,"fill_ratio":1,"trailer_place":0},{"target":"konstnr.kobenhavn","urgency":1,"shortest_distance_km":124,"ferry_time":0,"ferry_price":0,"cargo":"cargo.excavator","company_truck":"scania_r_4x2_370","trailer_variant":"trailer.overweight.excavator","trailer_definition":"trailer_def.excavator.overweight.excavator","units_count":100,"fill_ratio":1,"trailer_place":0}],"lkwlog.luxembourg":[{"target":"transinet.rotterdam","urgency":2,"shortest_distance_km":340,"ferry_time":0,"ferry_price":0,"cargo":"cargo.canned_tuna","company_truck":"mercedes_4x2_c","trailer_variant":"trailer.scs_ref","trailer_definition":"trailer_def.scs.box.single_3.reefer","units_count":33,"fill_ratio":1,"trailer_place":0}],"marina.oslo":[{"target":"polarislines.hirtshals","urgency":2,"shortest_distance_km":344,"ferry_time":195,"ferry_price":1052,"cargo":"cargo.princess","company_truck":"scania_4x2_a","trailer_variant":"trailer.overweight.boat","trailer_definition":"trailer_def.princess.overweight.boat","units_count":100,"fill_ratio":1,"trailer_place":0}],"kaarfor.bern":[{"target":"gnt.helsingborg","urgency":0,"shortest_distance_km":1451,"ferry_time":0,"ferry_price":0,"cargo":"cargo.used_packag","company_truck":"man_6x4_b","trailer_variant":"trailer.scs_curt","trailer_definition":"trailer_def.scs.box.single_3.curtain","units_count":33,"fill_ratio":1,"trailer_place":0}],"ms_stein.stavanger":[{"target":"bjork.kristiansand","urgency":1,"shortest_distance_km":204,"ferry_time":0,"ferry_price":0,"cargo":"cargo.digger1000","company_truck":"mercedes_4x2_b","trailer_variant":"trailer.overweight.digger1000","trailer_definition":"trailer_def.digger1000.overweight.digger1000","units_count":100,"fill_ratio":1,"trailer_place":0}],"fcp.leipzig":[{"target":"renar.stavanger","urgency":1,"shortest_distance_km":1135,"ferry_time":195,"ferry_price":1052,"cargo":"cargo.used_battery","company_truck":"man_6x4_b","trailer_variant":"trailer.scs_curt","trailer_definition":"trailer_def.scs.box.single_3.curtain","units_count":33,"fill_ratio":1,"trailer_place":0}],"eurogoodies.dijon":[{"target":"tesore_gust.milano","urgency":0,"shortest_distance_km":637,"ferry_time":0,"ferry_price":0,"cargo":"cargo.onion","company_truck":"scania_s_6x2_450","trailer_variant":"trailer.scs_curt_a","trailer_definition":"trailer_def.scs.box.single_3.curtain","units_count":33,"fill_ratio":1,"trailer_place":0}],"bhv.jonkoping":[{"target":"drekkar.vaxjo","urgency":0,"shortest_distance_km":108,"ferry_time":0,"ferry_price":0,"cargo":"cargo.volvo_cars","company_truck":"scania_4x2_a","trailer_variant":"trailer.car_volvo","trailer_definition":"trailer_def.volvo_cars.car_volvo","units_count":100,"fill_ratio":1,"trailer_place":0}],"polarislines.nynashamn":[{"target":"gnt.uppsala","urgency":0,"shortest_distance_km":109,"ferry_time":0,"ferry_price":0,"cargo":"cargo.smokd_eel","company_truck":"iveco_4x2_c","trailer_variant":"trailer.scs_ins","trailer_definition":"trailer_def.scs.box.single_3.insulated","units_count":33,"fill_ratio":1,"trailer_place":0},{"target":"drekkar.uppsala","urgency":2,"shortest_distance_km":109,"ferry_time":0,"ferry_price":0,"cargo":"cargo.maple_syrup","company_truck":"daf_xf_euro6_6x2_a","trailer_variant":"trailer.scs_dry_m","trailer_definition":"trailer_def.scs.box.single_3.dryvan_m","units_count":33,"fill_ratio":1,"trailer_place":0}],"trameri.dresden":[{"target":"transinet.dresden","urgency":0,"shortest_distance_km":1,"ferry_time":0,"ferry_price":0,"cargo":"cargo.empty_barr","company_truck":"mercedes_actros_2014_6x4_b","trailer_variant":"trailer.scs_dry_a","trailer_definition":"trailer_def.scs.box.single_3.dryvan","units_count":33,"fill_ratio":1,"trailer_place":0}],"trameri.mannheim":[{"target":"transinet.dresden","urgency":0,"shortest_distance_km":551,"ferry_time":0,"ferry_price":0,"cargo":"cargo.empty_barr","company_truck":"man_tgx_euro6_6x4_xlx","trailer_variant":"trailer.scs_curt_s","trailer_definition":"trailer_def.scs.box.single_3.curtain","units_count":33,"fill_ratio":1,"trailer_place":0}],"lkwlog.venezia":[{"target":"posped.verona","urgency":1,"shortest_distance_km":115,"ferry_time":0,"ferry_price":0,"cargo":"cargo.truck_rims","company_truck":"renault_magnum_4x2_a","trailer_variant":"trailer.scs_dry","trailer_definition":"trailer_def.scs.box.single_3.dryvan","units_count":33,"fill_ratio":1,"trailer_place":0}],"ms_stein.oslo":[{"target":"konstnr.oslo","urgency":0,"shortest_distance_km":105,"ferry_time":0,"ferry_price":0,"cargo":"cargo.gravel","company_truck":"scania_streamline_6x4_a","trailer_variant":"trailer.s_ki_solid.gravel","trailer_definition":"trailer_def.gravel.s_ki_solid.gravel","units_count":100,"fill_ratio":1,"trailer_place":0},{"target":"konstnr.oslo","urgency":1,"shortest_distance_km":105,"ferry_time":0,"ferry_price":0,"cargo":"cargo.stones","company_truck":"daf_xf_euro6_4x2_c","trailer_variant":"trailer.s_ki_solid.cover","trailer_definition":"trailer_def.stones.s_ki_solid.cover","units_count":100,"fill_ratio":1,"trailer_place":0}],"renar.vasteraas":[{"target":"polarislines.kapellskar","urgency":1,"shortest_distance_km":152,"ferry_time":0,"ferry_price":0,"cargo":"cargo.cott_cheese","company_truck":"double/mercedes_actros_2014_4x2_a","trailer_variant":"trailer.scs_ins_2","trailer_definition":"trailer_def.scs.box.double_3_2.insulated","units_count":53,"fill_ratio":1,"trailer_place":0}],"stokes.calais":[{"target":"posped.london","urgency":2,"shortest_distance_km":124,"ferry_time":91,"ferry_price":384,"cargo":"cargo.ibc_cont","company_truck":"man_tgx_euro6_4x2_xl","trailer_variant":"trailer.scs_dry_s","trailer_definition":"trailer_def.scs.box.single_3.dryvan","units_count":33,"fill_ratio":1,"trailer_place":0}],"eurogoodies.prague":[{"target":"tradeaux.lyon","urgency":0,"shortest_distance_km":1032,"ferry_time":0,"ferry_price":0,"cargo":"cargo.canned_pork","company_truck":"scania_6x2_b","trailer_variant":"trailer.scs_ref","trailer_definition":"trailer_def.scs.box.single_3.reefer","units_count":33,"fill_ratio":1,"trailer_place":0}],"tradeaux.felixstowe":[{"target":"kaarfor.amsterdam","urgency":0,"shortest_distance_km":209,"ferry_time":480,"ferry_price":960,"cargo":"cargo.pet_food_c","company_truck":"man_6x4_b","trailer_variant":"trailer.scs_gosck20","trailer_definition":"trailer_def.scs.gooseneck.singl_3e_20.container","units_count":15,"fill_ratio":1,"trailer_place":0}],"eurogoodies.leipzig":[{"target":"transinet.dresden","urgency":1,"shortest_distance_km":160,"ferry_time":0,"ferry_price":0,"cargo":"cargo.pet_food","company_truck":"renault_magnum_6x4_a","trailer_variant":"trailer.scs_dry_s","trailer_definition":"trailer_def.scs.box.single_3.dryvan","units_count":33,"fill_ratio":1,"trailer_place":0}],"nord_crown.aalborg":[{"target":"norr_food.odense","urgency":1,"shortest_distance_km":249,"ferry_time":0,"ferry_price":0,"cargo":"cargo.pet_food","company_truck":"mercedes_actros_2014_4x2_b","trailer_variant":"trailer.scs_curt","trailer_definition":"trailer_def.scs.box.single_3.curtain","units_count":33,"fill_ratio":1,"trailer_place":0},{"target":"drekkar.bergen","urgency":0,"shortest_distance_km":624,"ferry_time":195,"ferry_price":1052,"cargo":"cargo.vinegar_c","company_truck":"mercedes_actros_2014_4x2_a","trailer_variant":"trailer.scs_gosck40","trailer_definition":"trailer_def.scs.gooseneck.singl_3e_40.container","units_count":30,"fill_ratio":1,"trailer_place":0},{"target":"polarislines.esbjerg","urgency":0,"shortest_distance_km":250,"ferry_time":0,"ferry_price":0,"cargo":"cargo.canned_beef","company_truck":"scania_r_4x2_520","trailer_variant":"trailer.scs_ref_s","trailer_definition":"trailer_def.scs.box.single_3.reefer","units_count":33,"fill_ratio":1,"trailer_place":0}],"ika_bohag.stavanger":[{"target":"norrsken.aalborg","urgency":2,"shortest_distance_km":274,"ferry_time":195,"ferry_price":1052,"cargo":"cargo.pot_flowers","company_truck":"daf_xf_euro6_6x4_c","trailer_variant":"trailer.scs_ref_s","trailer_definition":"trailer_def.scs.box.single_3.reefer","units_count":33,"fill_ratio":1,"trailer_place":0}],"polar_fish.bergen":[{"target":"gnt.kristiansand","urgency":0,"shortest_distance_km":525,"ferry_time":0,"ferry_price":0,"cargo":"cargo.smokd_eel","company_truck":"double/daf_xf_euro6_4x2_a","trailer_variant":"trailer.scs_ins_b2","trailer_definition":"trailer_def.scs.box.bdouble_3_3.insulated","units_count":53,"fill_ratio":1,"trailer_place":0}],"polarislines.stavanger":[{"target":"agronord.esbjerg","urgency":1,"shortest_distance_km":408,"ferry_time":195,"ferry_price":1052,"cargo":"cargo.mason_jars","company_truck":"double/iveco_h_4x2_a","trailer_variant":"trailer.scs_curt_2","trailer_definition":"trailer_def.scs.box.double_3_2.curtain","units_count":53,"fill_ratio":1,"trailer_place":0},{"target":"norrsken.goteborg","urgency":0,"shortest_distance_km":723,"ferry_time":0,"ferry_price":0,"cargo":"cargo.guard_rails","company_truck":"renault_premium_4x2_c","trailer_variant":"trailer.scs_curt","trailer_definition":"trailer_def.scs.box.single_3.curtain","units_count":33,"fill_ratio":1,"trailer_place":0},{"target":"gnt.kristiansand","urgency":1,"shortest_distance_km":172,"ferry_time":0,"ferry_price":0,"cargo":"cargo.truck_rims_c","company_truck":"daf_xf_euro6_4x2_a","trailer_variant":"trailer.scs_gosck40","trailer_definition":"trailer_def.scs.gooseneck.singl_3e_40.container","units_count":30,"fill_ratio":1,"trailer_place":0},{"target":"gnt.kristiansand","urgency":1,"shortest_distance_km":172,"ferry_time":0,"ferry_price":0,"cargo":"cargo.refl_posts","company_truck":"scania_s_4x2_370","trailer_variant":"trailer.scs_dry_s","trailer_definition":"trailer_def.scs.box.single_3.dryvan","units_count":33,"fill_ratio":1,"trailer_place":0}],"tree_et.graz":[{"target":"euroacres.dresden","urgency":1,"shortest_distance_km":551,"ferry_time":0,"ferry_price":0,"cargo":"cargo.wooden_beams","company_truck":"renault_magnum_4x2_a","trailer_variant":"trailer.scs_dry","trailer_definition":"trailer_def.scs.box.single_3.dryvan","units_count":32,"fill_ratio":1,"trailer_place":0}],"norrsken.malmo":[{"target":"gnt.helsingborg","urgency":0,"shortest_distance_km":44,"ferry_time":0,"ferry_price":0,"cargo":"cargo.guard_rails","company_truck":"double/iveco_4x2_a","trailer_variant":"trailer.scs_curt_b2","trailer_definition":"trailer_def.scs.box.bdouble_3_3.curtain","units_count":53,"fill_ratio":1,"trailer_place":0}],"polarislines.karlskrona":[{"target":"drekkar.karlskrona","urgency":0,"shortest_distance_km":16,"ferry_time":0,"ferry_price":0,"cargo":"cargo.guard_rails","company_truck":"renault_premium_6x4_a","trailer_variant":"trailer.scs_curt_a","trailer_definition":"trailer_def.scs.box.single_3.curtain","units_count":33,"fill_ratio":1,"trailer_place":0},{"target":"drekkar.vaxjo","urgency":2,"shortest_distance_km":85,"ferry_time":0,"ferry_price":0,"cargo":"cargo.elect_wiring","company_truck":"double/iveco_h_4x2_a","trailer_variant":"trailer.scs_curt_b2","trailer_definition":"trailer_def.scs.box.bdouble_3_3.curtain","units_count":53,"fill_ratio":1,"trailer_place":0}],"vitas_pwr.aalborg":[{"target":"drekkar.odense","urgency":2,"shortest_distance_km":248,"ferry_time":0,"ferry_price":0,"cargo":"cargo.empty_palet","company_truck":"scania_r_6x4_650","trailer_variant":"trailer.scs_dry_ms","trailer_definition":"trailer_def.scs.box.single_3.dryvan_m","units_count":33,"fill_ratio":1,"trailer_place":0}],"nord_crown.orebro":[{"target":"renar.vasteraas","urgency":2,"shortest_distance_km":98,"ferry_time":0,"ferry_price":0,"cargo":"cargo.liver_paste","company_truck":"double/scania_4x2_a","trailer_variant":"trailer.scs_ref_2","trailer_definition":"trailer_def.scs.box.double_3_2.reefer","units_count":53,"fill_ratio":1,"trailer_place":0},{"target":"norrsken.stockholm","urgency":1,"shortest_distance_km":182,"ferry_time":0,"ferry_price":0,"cargo":"cargo.vinegar","company_truck":"scania_streamline_4x2_a","trailer_variant":"trailer.scs_dry","trailer_definition":"trailer_def.scs.box.single_3.dryvan","units_count":33,"fill_ratio":1,"trailer_place":0}],"sellplan.sheffield":[{"target":"norrsken.malmo","urgency":1,"shortest_distance_km":498,"ferry_time":1140,"ferry_price":1314,"cargo":"cargo.used_plast_c","company_truck":"scania_6x2_b","trailer_variant":"trailer.scs_gosck40","trailer_definition":"trailer_def.scs.gooseneck.singl_3e_40.container","units_count":30,"fill_ratio":1,"trailer_place":0}],"konstnr.stockholm":[{"target":"nord_sten.linkoping","urgency":2,"shortest_distance_km":211,"ferry_time":0,"ferry_price":0,"cargo":"cargo.hipresstank","company_truck":"renault_magnum_6x4_a","trailer_variant":"trailer.scs_flat_b","trailer_definition":"trailer_def.scs.flatbed.single_3.flatbed_w","units_count":2,"fill_ratio":1,"trailer_place":0}],"eurogoodies.cardiff":[{"target":"lisette_log.paris","urgency":1,"shortest_distance_km":594,"ferry_time":35,"ferry_price":300,"cargo":"cargo.rye","company_truck":"scania_4x2_a","trailer_variant":"trailer.s_ki_solid.cover","trailer_definition":"trailer_def.rye.s_ki_solid.cover","units_count":100,"fill_ratio":1,"trailer_place":0}],"ika_bohag.kobenhavn":[{"target":"drekkar.karlskrona","urgency":2,"shortest_distance_km":259,"ferry_time":0,"ferry_price":0,"cargo":"cargo.empty_palet","company_truck":"renault_premium_6x2_a","trailer_variant":"trailer.scs_curt_s","trailer_definition":"trailer_def.scs.box.single_3.curtain","units_count":33,"fill_ratio":1,"trailer_place":0}],"tradeaux.grimsby":[{"target":"lkwlog.felixstowe","urgency":0,"shortest_distance_km":290,"ferry_time":0,"ferry_price":0,"cargo":"cargo.volvo_cars","company_truck":"renault_premium_6x2_a","trailer_variant":"trailer.car_volvo","trailer_definition":"trailer_def.volvo_cars.car_volvo","units_count":100,"fill_ratio":1,"trailer_place":0},{"target":"norr_food.vaxjo","urgency":2,"shortest_distance_km":698,"ferry_time":1140,"ferry_price":1314,"cargo":"cargo.garlic","company_truck":"scania_streamline_4x2_c","trailer_variant":"trailer.scs_dry_ms","trailer_definition":"trailer_def.scs.box.single_3.dryvan_m","units_count":33,"fill_ratio":1,"trailer_place":0}],"ika_bohag.uppsala":[{"target":"gnt.bergen","urgency":0,"shortest_distance_km":1043,"ferry_time":0,"ferry_price":0,"cargo":"cargo.used_packag","company_truck":"mercedes_6x2_b","trailer_variant":"trailer.scs_dry_m","trailer_definition":"trailer_def.scs.box.single_3.dryvan_m","units_count":33,"fill_ratio":1,"trailer_place":0}],"euroacres.nurnberg":[{"target":"kaarfor.munchen","urgency":2,"shortest_distance_km":211,"ferry_time":0,"ferry_price":0,"cargo":"cargo.garlic","company_truck":"renault_t_4x2","trailer_variant":"trailer.scs_dry_ms","trailer_definition":"trailer_def.scs.box.single_3.dryvan_m","units_count":33,"fill_ratio":1,"trailer_place":0}],"eurogoodies.dusseldorf":[{"target":"stokes.kiel","urgency":0,"shortest_distance_km":533,"ferry_time":0,"ferry_price":0,"cargo":"cargo.onion","company_truck":"mercedes_actros_2014_4x2_c","trailer_variant":"trailer.scs_dry","trailer_definition":"trailer_def.scs.box.single_3.dryvan","units_count":33,"fill_ratio":1,"trailer_place":0}],"euroacres.brno":[{"target":"sellplan.wien","urgency":0,"shortest_distance_km":176,"ferry_time":0,"ferry_price":0,"cargo":"cargo.onion","company_truck":"scania_r_4x2_520","trailer_variant":"trailer.scs_dry_s","trailer_definition":"trailer_def.scs.box.single_3.dryvan","units_count":33,"fill_ratio":1,"trailer_place":0}],"trameri.lyon":[{"target":"transinet.torino","urgency":1,"shortest_distance_km":321,"ferry_time":0,"ferry_price":0,"cargo":"cargo.plast_film_c","company_truck":"scania_6x2_b","trailer_variant":"trailer.scs_gosck40","trailer_definition":"trailer_def.scs.gooseneck.singl_3e_40.container","units_count":30,"fill_ratio":1,"trailer_place":0}],"eurogoodies.osnabruck":[{"target":"lisette_log.paris","urgency":1,"shortest_distance_km":714,"ferry_time":0,"ferry_price":0,"cargo":"cargo.pet_food","company_truck":"scania_r_4x2_370","trailer_variant":"trailer.scs_dry_a","trailer_definition":"trailer_def.scs.box.single_3.dryvan","units_count":33,"fill_ratio":1,"trailer_place":0}],"drekkar.malmo":[{"target":"cont_port.oslo","urgency":2,"shortest_distance_km":504,"ferry_time":0,"ferry_price":0,"cargo":"cargo.oil_filt_c","company_truck":"man_tgx_euro6_6x4_xlx","trailer_variant":"trailer.scs_flat_c_r","trailer_definition":"trailer_def.scs.flatbed.single_3.container","units_count":33,"fill_ratio":1,"trailer_place":0},{"target":"renar.vaxjo","urgency":0,"shortest_distance_km":215,"ferry_time":0,"ferry_price":0,"cargo":"cargo.beef_meat","company_truck":"scania_s_6x4_730","trailer_variant":"trailer.scs_ref_s","trailer_definition":"trailer_def.scs.box.single_3.reefer","units_count":33,"fill_ratio":1,"trailer_place":0}],"sag_tre.oslo":[{"target":"aria_fd_trbg.trelleborg","urgency":1,"shortest_distance_km":616,"ferry_time":0,"ferry_price":0,"cargo":"cargo.lumber","company_truck":"mercedes_actros_2014_6x2_a","trailer_variant":"trailer.scs_flat_r","trailer_definition":"trailer_def.scs.flatbed.single_3.flatbed_w","units_count":2,"fill_ratio":1,"trailer_place":0},{"target":"drekkar.bergen","urgency":0,"shortest_distance_km":426,"ferry_time":0,"ferry_price":0,"cargo":"cargo.wood_bark","company_truck":"renault_magnum_6x4_a","trailer_variant":"trailer.s_ki_solid.cover","trailer_definition":"trailer_def.wood_bark.s_ki_solid.cover","units_count":100,"fill_ratio":1,"trailer_place":0}],"trameri.liverpool":[{"target":"cont_port.esbjerg","urgency":1,"shortest_distance_km":245,"ferry_time":1140,"ferry_price":1314,"cargo":"cargo.plast_film_c","company_truck":"man_6x4_b","trailer_variant":"trailer.scs_flat_c_r","trailer_definition":"trailer_def.scs.flatbed.single_3.container","units_count":33,"fill_ratio":1,"trailer_place":0}],"tradeaux.lyon":[{"target":"posped.geneve","urgency":1,"shortest_distance_km":163,"ferry_time":0,"ferry_price":0,"cargo":"cargo.truck_rims","company_truck":"renault_premium_6x2_a","trailer_variant":"trailer.scs_curt","trailer_definition":"trailer_def.scs.box.single_3.curtain","units_count":33,"fill_ratio":1,"trailer_place":0}],"tree_et.zurich":[{"target":"transinet.osnabruck","urgency":0,"shortest_distance_km":673,"ferry_time":0,"ferry_price":0,"cargo":"cargo.wood_bark","company_truck":"scania_r_4x2_370","trailer_variant":"trailer.s_ki_solid.cover","trailer_definition":"trailer_def.wood_bark.s_ki_solid.cover","units_count":100,"fill_ratio":1,"trailer_place":0}],"tree_et.stuttgart":[{"target":"euroacres.dresden","urgency":1,"shortest_distance_km":638,"ferry_time":0,"ferry_price":0,"cargo":"cargo.wooden_beams","company_truck":"daf_xf_euro6_6x2_a","trailer_variant":"trailer.scs_flat_c_r","trailer_definition":"trailer_def.scs.flatbed.single_3.container","units_count":33,"fill_ratio":1,"trailer_place":0}],"euroacres.bern":[{"target":"kaarfor.bern","urgency":0,"shortest_distance_km":23,"ferry_time":0,"ferry_price":0,"cargo":"cargo.pork_meat","company_truck":"renault_premium_4x2_c","trailer_variant":"trailer.scs_ins_a","trailer_definition":"trailer_def.scs.box.single_3.insulated","units_count":33,"fill_ratio":1,"trailer_place":0}],"bcp.berlin":[{"target":"renar.kobenhavn","urgency":1,"shortest_distance_km":349,"ferry_time":105,"ferry_price":404,"cargo":"cargo.used_battery","company_truck":"scania_r_6x4_650","trailer_variant":"trailer.scs_curt","trailer_definition":"trailer_def.scs.box.single_3.curtain","units_count":33,"fill_ratio":1,"trailer_place":0}],"norr_food.helsingborg":[{"target":"norrsken.malmo","urgency":2,"shortest_distance_km":36,"ferry_time":0,"ferry_price":0,"cargo":"cargo.empty_palet","company_truck":"double/mercedes_actros_2014_4x2_a","trailer_variant":"trailer.scs_dry_b2","trailer_definition":"trailer_def.scs.box.bdouble_3_3.dryvan","units_count":53,"fill_ratio":1,"trailer_place":0}],"eurogoodies.berlin":[{"target":"norr_food.vaxjo","urgency":0,"shortest_distance_km":636,"ferry_time":105,"ferry_price":404,"cargo":"cargo.goat_cheese","company_truck":"mercedes_actros_2014_6x2_a","trailer_variant":"trailer.scs_ins_s","trailer_definition":"trailer_def.scs.box.single_3.insulated","units_count":33,"fill_ratio":1,"trailer_place":0}],"euroacres.cambridge":[{"target":"eurogoodies.reims","urgency":1,"shortest_distance_km":544,"ferry_time":35,"ferry_price":300,"cargo":"cargo.rye","company_truck":"scania_streamline_6x2_b","trailer_variant":"trailer.s_ki_solid.cover","trailer_definition":"trailer_def.rye.s_ki_solid.cover","units_count":100,"fill_ratio":1,"trailer_place":0}],"drekkar.karlskrona":[{"target":"polarislines.karlskrona","urgency":0,"shortest_distance_km":16,"ferry_time":0,"ferry_price":0,"cargo":"cargo.rice_c","company_truck":"renault_t_4x2","trailer_variant":"trailer.scs_gosck220","trailer_definition":"trailer_def.scs.gooseneck.singl_3e_220.container","units_count":30,"fill_ratio":1,"trailer_place":0},{"target":"gnt.helsingborg","urgency":1,"shortest_distance_km":170,"ferry_time":0,"ferry_price":0,"cargo":"cargo.toys","company_truck":"man_6x4_b","trailer_variant":"trailer.scs_curt_b2","trailer_definition":"trailer_def.scs.box.bdouble_3_3.curtain","units_count":53,"fill_ratio":1,"trailer_place":0}],"posped.graz":[{"target":"eurogoodies.prague","urgency":1,"shortest_distance_km":448,"ferry_time":0,"ferry_price":0,"cargo":"cargo.cott_cheese","company_truck":"iveco_h_4x2_a","trailer_variant":"trailer.scs_ins","trailer_definition":"trailer_def.scs.box.single_3.insulated","units_count":33,"fill_ratio":1,"trailer_place":0}],"gnt.bergen":[{"target":"polarislines.bergen","urgency":1,"shortest_distance_km":3,"ferry_time":0,"ferry_price":0,"cargo":"cargo.fish_chips","company_truck":"double/man_4x2_a","trailer_variant":"trailer.scs_ref_2","trailer_definition":"trailer_def.scs.box.double_3_2.reefer","units_count":53,"fill_ratio":1,"trailer_place":0}],"konstnr_br.linkoping":[{"target":"konstnr.oslo","urgency":1,"shortest_distance_km":526,"ferry_time":0,"ferry_price":0,"cargo":"cargo.excavator","company_truck":"renault_premium_6x2_a","trailer_variant":"trailer.overweight.excavator","trailer_definition":"trailer_def.excavator.overweight.excavator","units_count":100,"fill_ratio":1,"trailer_place":0}],"eurogoodies.erfurt":[{"target":"tradeaux.hannover","urgency":1,"shortest_distance_km":250,"ferry_time":0,"ferry_price":0,"cargo":"cargo.fresh_fish","company_truck":"double/scania_streamline_4x2_a","trailer_variant":"trailer.scs_ref_2","trailer_definition":"trailer_def.scs.box.double_3_2.reefer","units_count":27,"fill_ratio":1,"trailer_place":0}],"cont_port.oslo":[{"target":"gnt.jonkoping","urgency":0,"shortest_distance_km":411,"ferry_time":0,"ferry_price":0,"cargo":"cargo.salt_spice_c","company_truck":"scania_4x2_a","trailer_variant":"trailer.scs_gosck220","trailer_definition":"trailer_def.scs.gooseneck.singl_3e_220.container","units_count":30,"fill_ratio":1,"trailer_place":1}],"nord_sten.kalmar":[{"target":"konstnr_br.linkoping","urgency":1,"shortest_distance_km":121,"ferry_time":0,"ferry_price":0,"cargo":"cargo.excavator","company_truck":"mercedes_4x2_b","trailer_variant":"trailer.overweight.excavator","trailer_definition":"trailer_def.excavator.overweight.excavator","units_count":100,"fill_ratio":1,"trailer_place":0}],"stokes.aberdeen":[{"target":"eurogoodies.grimsby","urgency":0,"shortest_distance_km":639,"ferry_time":0,"ferry_price":0,"cargo":"cargo.wheat","company_truck":"man_tgx_euro6_6x4_xlx","trailer_variant":"trailer.s_ki_solid.cover","trailer_definition":"trailer_def.wheat.s_ki_solid.cover","units_count":100,"fill_ratio":1,"trailer_place":0}],"aria_fd_trbg.trelleborg":[{"target":"norrsken.stockholm","urgency":2,"shortest_distance_km":566,"ferry_time":0,"ferry_price":0,"cargo":"cargo.cheese","company_truck":"double/mercedes_actros_2014_4x2_a","trailer_variant":"trailer.scs_ref_2","trailer_definition":"trailer_def.scs.box.double_3_2.reefer","units_count":53,"fill_ratio":1,"trailer_place":0}],"norr_food.oslo":[{"target":"cont_port.oslo","urgency":1,"shortest_distance_km":125,"ferry_time":0,"ferry_price":0,"cargo":"cargo.used_plast_c","company_truck":"scania_4x2_c","trailer_variant":"trailer.scs_flat_c_r","trailer_definition":"trailer_def.scs.flatbed.single_3.container","units_count":33,"fill_ratio":1,"trailer_place":0}],"polarislines.gedser":[{"target":"renar.vaxjo","urgency":2,"shortest_distance_km":406,"ferry_time":0,"ferry_price":0,"cargo":"cargo.plumb_suppl","company_truck":"renault_premium_6x4_a","trailer_variant":"trailer.scs_curt","trailer_definition":"trailer_def.scs.box.single_3.curtain","units_count":33,"fill_ratio":1,"trailer_place":0},{"target":"gnt.kalmar","urgency":2,"shortest_distance_km":451,"ferry_time":0,"ferry_price":0,"cargo":"cargo.furniture","company_truck":"double/man_euro6_4x2_xxl","trailer_variant":"trailer.scs_curt_2","trailer_definition":"trailer_def.scs.box.double_3_2.curtain","units_count":53,"fill_ratio":1,"trailer_place":0}],"eurogoodies.magdeburg":[{"target":"sellplan.dresden","urgency":2,"shortest_distance_km":330,"ferry_time":0,"ferry_price":0,"cargo":"cargo.liver_paste","company_truck":"renault_premium_4x2_c","trailer_variant":"trailer.scs_ref","trailer_definition":"trailer_def.scs.box.single_3.reefer","units_count":33,"fill_ratio":1,"trailer_place":0},{"target":"polarislines.trelleborg","urgency":0,"shortest_distance_km":508,"ferry_time":105,"ferry_price":404,"cargo":"cargo.drymilk","company_truck":"double/mercedes_4x2_a","trailer_variant":"trailer.scs_dry_2","trailer_definition":"trailer_def.scs.box.double_3_2.dryvan","units_count":29,"fill_ratio":1,"trailer_place":0}],"euroacres.swansea":[{"target":"lkwlog.calais","urgency":0,"shortest_distance_km":456,"ferry_time":91,"ferry_price":384,"cargo":"cargo.pork_meat","company_truck":"scania_6x4_a","trailer_variant":"trailer.scs_ins","trailer_definition":"trailer_def.scs.box.single_3.insulated","units_count":33,"fill_ratio":1,"trailer_place":0}],"renar.oslo":[{"target":"norr_food.oslo","urgency":0,"shortest_distance_km":123,"ferry_time":0,"ferry_price":0,"cargo":"cargo.frozen_hake","company_truck":"double/scania_4x2_a","trailer_variant":"trailer.scs_ref_b2","trailer_definition":"trailer_def.scs.box.bdouble_3_3.reefer","units_count":53,"fill_ratio":1,"trailer_place":2}],"posped.swansea":[{"target":"transinet.dortmund","urgency":1,"shortest_distance_km":1012,"ferry_time":35,"ferry_price":300,"cargo":"cargo.truck_rims_c","company_truck":"man_6x4_b","trailer_variant":"trailer.scs_flat_c_r","trailer_definition":"trailer_def.scs.flatbed.single_3.container","units_count":33,"fill_ratio":1,"trailer_place":0}],"norrsken.orebro":[{"target":"renar.oslo","urgency":1,"shortest_distance_km":336,"ferry_time":0,"ferry_price":0,"cargo":"cargo.largetubes","company_truck":"man_tgx_euro6_4x2_xl","trailer_variant":"trailer.scs_flat_b","trailer_definition":"trailer_def.scs.flatbed.single_3.flatbed_w","units_count":2,"fill_ratio":1,"trailer_place":0}],"trameri.klagenfurt":[{"target":"agronord.esbjerg","urgency":2,"shortest_distance_km":1492,"ferry_time":0,"ferry_price":0,"cargo":"cargo.roofing_felt","company_truck":"mercedes_actros_2014_6x4_b","trailer_variant":"trailer.scs_dry_a","trailer_definition":"trailer_def.scs.box.single_3.dryvan","units_count":33,"fill_ratio":1,"trailer_place":0}],"ika_bohag.odense":[{"target":"drekkar.odense","urgency":0,"shortest_distance_km":6,"ferry_time":0,"ferry_price":0,"cargo":"cargo.used_packag","company_truck":"iveco_4x2_a","trailer_variant":"trailer.scs_curt_a","trailer_definition":"trailer_def.scs.box.single_3.curtain","units_count":33,"fill_ratio":1,"trailer_place":0}],"aria_fd_jnpg.jonkoping":[{"target":"norrsken.orebro","urgency":1,"shortest_distance_km":203,"ferry_time":0,"ferry_price":0,"cargo":"cargo.chicken_meat","company_truck":"double/daf_4x2_a","trailer_variant":"trailer.scs_ins_2","trailer_definition":"trailer_def.scs.box.double_3_2.insulated","units_count":53,"fill_ratio":1,"trailer_place":0}],"drekkar.vaxjo":[{"target":"gnt.kalmar","urgency":2,"shortest_distance_km":77,"ferry_time":0,"ferry_price":0,"cargo":"cargo.oil_filt_c","company_truck":"iveco_4x2_c","trailer_variant":"trailer.scs_flat_c_g","trailer_definition":"trailer_def.scs.flatbed.single_3.container","units_count":33,"fill_ratio":1,"trailer_place":0}],"tree_et.manchester":[{"target":"lkwlog.dover","urgency":0,"shortest_distance_km":486,"ferry_time":0,"ferry_price":0,"cargo":"cargo.wood_bark","company_truck":"renault_t_4x2","trailer_variant":"trailer.s_ki_solid.cover","trailer_definition":"trailer_def.wood_bark.s_ki_solid.cover","units_count":100,"fill_ratio":1,"trailer_place":0}],"sellplan.rostock":[{"target":"norrsken.malmo","urgency":1,"shortest_distance_km":230,"ferry_time":105,"ferry_price":404,"cargo":"cargo.used_plast_c","company_truck":"renault_magnum_6x4_a","trailer_variant":"trailer.scs_flat_c_g","trailer_definition":"trailer_def.scs.flatbed.single_3.container","units_count":33,"fill_ratio":1,"trailer_place":0}],"drekkar.linkoping":[{"target":"gnt.uppsala","urgency":2,"shortest_distance_km":220,"ferry_time":0,"ferry_price":0,"cargo":"cargo.cheese","company_truck":"scania_streamline_6x2_b","trailer_variant":"trailer.scs_ref","trailer_definition":"trailer_def.scs.box.single_3.reefer","units_count":33,"fill_ratio":1,"trailer_place":0},{"target":"norr_food.linkoping","urgency":2,"shortest_distance_km":1,"ferry_time":0,"ferry_price":0,"cargo":"cargo.canned_beans","company_truck":"double/scania_4x2_a","trailer_variant":"trailer.scs_dry_b2","trailer_definition":"trailer_def.scs.box.bdouble_3_3.dryvan","units_count":53,"fill_ratio":1,"trailer_place":0}],"drekkar.uppsala":[{"target":"gnt.uppsala","urgency":0,"shortest_distance_km":1,"ferry_time":0,"ferry_price":0,"cargo":"cargo.overweight","company_truck":"scania_streamline_4x2_b","trailer_variant":"trailer.scs_flat_b","trailer_definition":"trailer_def.scs.flatbed.single_3.flatbed_w","units_count":1,"fill_ratio":1,"trailer_place":0}],"quarry.hannover":[{"target":"gnt.kristiansand","urgency":0,"shortest_distance_km":696,"ferry_time":195,"ferry_price":1052,"cargo":"cargo.diggers","company_truck":"scania_s_6x4_730","trailer_variant":"trailer.overweight.digger","trailer_definition":"trailer_def.diggers.overweight.digger","units_count":98,"fill_ratio":1,"trailer_place":0}],"transinet.salzburg":[{"target":"posped.zurich","urgency":1,"shortest_distance_km":451,"ferry_time":0,"ferry_price":0,"cargo":"cargo.transmis","company_truck":"daf_xf_euro6_6x2_a","trailer_variant":"trailer.scs_dry_s","trailer_definition":"trailer_def.scs.box.single_3.dryvan","units_count":33,"fill_ratio":1,"trailer_place":0}],"polarislines.trelleborg":[{"target":"renar.stavanger","urgency":0,"shortest_distance_km":697,"ferry_time":195,"ferry_price":1052,"cargo":"cargo.lamb_stom","company_truck":"double/iveco_4x2_a","trailer_variant":"trailer.scs_ins_2","trailer_definition":"trailer_def.scs.box.double_3_2.insulated","units_count":53,"fill_ratio":1,"trailer_place":0},{"target":"drekkar.vaxjo","urgency":0,"shortest_distance_km":244,"ferry_time":0,"ferry_price":0,"cargo":"cargo.smokd_eel","company_truck":"renault_premium_6x4_a","trailer_variant":"trailer.scs_ref_s","trailer_definition":"trailer_def.scs.box.single_3.reefer","units_count":33,"fill_ratio":1,"trailer_place":0},{"target":"norr_food.jonkoping","urgency":0,"shortest_distance_km":271,"ferry_time":0,"ferry_price":0,"cargo":"cargo.pork_meat","company_truck":"double/man_4x2_a","trailer_variant":"trailer.scs_ref_b2","trailer_definition":"trailer_def.scs.box.bdouble_3_3.reefer","units_count":53,"fill_ratio":1,"trailer_place":0}],"ika_bohag.orebro":[{"target":"norrsken.stockholm","urgency":2,"shortest_distance_km":225,"ferry_time":0,"ferry_price":0,"cargo":"cargo.pot_flowers","company_truck":"daf_6x2_a","trailer_variant":"trailer.scs_ref_s","trailer_definition":"trailer_def.scs.box.single_3.reefer","units_count":33,"fill_ratio":1,"trailer_place":0}],"sag_tre.goteborg":[{"target":"norrsken.goteborg","urgency":0,"shortest_distance_km":36,"ferry_time":0,"ferry_price":0,"cargo":"cargo.diggers","company_truck":"scania_4x2_a","trailer_variant":"trailer.overweight.digger","trailer_definition":"trailer_def.diggers.overweight.digger","units_count":100,"fill_ratio":1,"trailer_place":0}],"ika_bohag.malmo":[{"target":"drekkar.linkoping","urgency":2,"shortest_distance_km":379,"ferry_time":0,"ferry_price":0,"cargo":"cargo.pot_flowers","company_truck":"scania_streamline_4x2_b","trailer_variant":"trailer.scs_ins_a","trailer_definition":"trailer_def.scs.box.single_3.insulated","units_count":33,"fill_ratio":1,"trailer_place":0},{"target":"ns_oil.goteborg","urgency":2,"shortest_distance_km":315,"ferry_time":0,"ferry_price":0,"cargo":"cargo.empty_palet","company_truck":"scania_streamline_6x4_a","trailer_variant":"trailer.scs_dry_a","trailer_definition":"trailer_def.scs.box.single_3.dryvan","units_count":33,"fill_ratio":1,"trailer_place":0}],"ika_bohag.stockholm":[{"target":"drekkar.uppsala","urgency":0,"shortest_distance_km":92,"ferry_time":0,"ferry_price":0,"cargo":"cargo.used_packag","company_truck":"scania_streamline_4x2_b","trailer_variant":"trailer.scs_dry_s","trailer_definition":"trailer_def.scs.box.single_3.dryvan","units_count":33,"fill_ratio":1,"trailer_place":0}],"trameri.nurnberg":[{"target":"agronord.kalmar","urgency":0,"shortest_distance_km":1095,"ferry_time":105,"ferry_price":404,"cargo":"cargo.emptytank","company_truck":"daf_xf_euro6_4x2_b","trailer_variant":"trailer.scs_flat_b","trailer_definition":"trailer_def.scs.flatbed.single_3.flatbed_w","units_count":2,"fill_ratio":1,"trailer_place":0}],"polarislines.kapellskar":[{"target":"norrsken.aalborg","urgency":0,"shortest_distance_km":683,"ferry_time":195,"ferry_price":677,"cargo":"cargo.salm_fillet","company_truck":"double/scania_streamline_4x2_a","trailer_variant":"trailer.scs_ref_b2","trailer_definition":"trailer_def.scs.box.bdouble_3_3.reefer","units_count":53,"fill_ratio":1,"trailer_place":0}],"tree_et.southampton":[{"target":"posped.london","urgency":0,"shortest_distance_km":200,"ferry_time":0,"ferry_price":0,"cargo":"cargo.wood_bark","company_truck":"mercedes_actros_2014_6x2_a","trailer_variant":"trailer.s_ki_solid.cover","trailer_definition":"trailer_def.wood_bark.s_ki_solid.cover","units_count":100,"fill_ratio":1,"trailer_place":0}],"agronord.kristiansand":[{"target":"renar.oslo","urgency":0,"shortest_distance_km":426,"ferry_time":0,"ferry_price":0,"cargo":"cargo.carrots_c","company_truck":"mercedes_6x2_b","trailer_variant":"trailer.scs_gosck40","trailer_definition":"trailer_def.scs.gooseneck.singl_3e_40.container","units_count":30,"fill_ratio":1,"trailer_place":0}],"sanbuilders.lyon":[{"target":"drekkar.odense","urgency":0,"shortest_distance_km":1467,"ferry_time":0,"ferry_price":0,"cargo":"cargo.diggers","company_truck":"man_6x4_b","trailer_variant":"trailer.overweight.digger","trailer_definition":"trailer_def.diggers.overweight.digger","units_count":100,"fill_ratio":1,"trailer_place":0}],"eurogoodies.grimsby":[{"target":"posped.london","urgency":0,"shortest_distance_km":307,"ferry_time":0,"ferry_price":0,"cargo":"cargo.pork_meat","company_truck":"renault_premium_6x2_a","trailer_variant":"trailer.scs_ins_s","trailer_definition":"trailer_def.scs.box.single_3.insulated","units_count":33,"fill_ratio":1,"trailer_place":0},{"target":"cont_port.oslo","urgency":0,"shortest_distance_km":989,"ferry_time":1140,"ferry_price":1314,"cargo":"cargo.salt_spice_c","company_truck":"iveco_4x2_a","trailer_variant":"trailer.scs_gosck40","trailer_definition":"trailer_def.scs.gooseneck.singl_3e_40.container","units_count":30,"fill_ratio":1,"trailer_place":0}],"polarislines.goteborg":[{"target":"drekkar.vaxjo","urgency":2,"shortest_distance_km":268,"ferry_time":0,"ferry_price":0,"cargo":"cargo.furniture","company_truck":"man_6x4_b","trailer_variant":"trailer.scs_dry","trailer_definition":"trailer_def.scs.box.single_3.dryvan","units_count":33,"fill_ratio":1,"trailer_place":0},{"target":"gnt.kalmar","urgency":0,"shortest_distance_km":363,"ferry_time":0,"ferry_price":0,"cargo":"cargo.roof_tiles","company_truck":"double/daf_xf_euro6_4x2_a","trailer_variant":"trailer.scs_dry_b2","trailer_definition":"trailer_def.scs.box.bdouble_3_3.dryvan","units_count":53,"fill_ratio":1,"trailer_place":0},{"target":"ika_bohag.stavanger","urgency":1,"shortest_distance_km":244,"ferry_time":390,"ferry_price":1729,"cargo":"cargo.plant_substr","company_truck":"renault_magnum_6x2_a","trailer_variant":"trailer.scs_dry_a","trailer_definition":"trailer_def.scs.box.single_3.dryvan","units_count":33,"fill_ratio":1,"trailer_place":0}],"posped.london":[{"target":"eurogoodies.grimsby","urgency":1,"shortest_distance_km":309,"ferry_time":0,"ferry_price":0,"cargo":"cargo.barley","company_truck":"scania_r_4x2_520","trailer_variant":"trailer.s_ki_solid.cover","trailer_definition":"trailer_def.barley.s_ki_solid.cover","units_count":100,"fill_ratio":1,"trailer_place":0}],"ika_bohag.linkoping":[{"target":"renar.vasteraas","urgency":2,"shortest_distance_km":239,"ferry_time":0,"ferry_price":0,"cargo":"cargo.pot_flowers","company_truck":"daf_xf_euro6_4x2_c","trailer_variant":"trailer.scs_ref_s","trailer_definition":"trailer_def.scs.box.single_3.reefer","units_count":33,"fill_ratio":1,"trailer_place":0},{"target":"ns_chem.stockholm","urgency":2,"shortest_distance_km":175,"ferry_time":0,"ferry_price":0,"cargo":"cargo.empty_palet","company_truck":"man_6x4_b","trailer_variant":"trailer.scs_dry","trailer_definition":"trailer_def.scs.box.single_3.dryvan","units_count":33,"fill_ratio":1,"trailer_place":0}],"nord_crown.stavanger":[{"target":"gnt.bergen","urgency":1,"shortest_distance_km":426,"ferry_time":0,"ferry_price":0,"cargo":"cargo.vinegar","company_truck":"scania_4x2_a","trailer_variant":"trailer.scs_curt_s","trailer_definition":"trailer_def.scs.box.single_3.curtain","units_count":33,"fill_ratio":1,"trailer_place":0},{"target":"norr_food.odense","urgency":1,"shortest_distance_km":486,"ferry_time":195,"ferry_price":1052,"cargo":"cargo.pet_food","company_truck":"daf_xf_euro6_6x2_a","trailer_variant":"trailer.scs_dry_s","trailer_definition":"trailer_def.scs.box.single_3.dryvan","units_count":33,"fill_ratio":1,"trailer_place":0}],"konstnr_br.malmo":[{"target":"polarislines.kapellskar","urgency":0,"shortest_distance_km":640,"ferry_time":0,"ferry_price":0,"cargo":"cargo.scaffoldings","company_truck":"scania_4x2_a","trailer_variant":"trailer.scs_dry_a","trailer_definition":"trailer_def.scs.box.single_3.dryvan","units_count":33,"fill_ratio":1,"trailer_place":0}],"transinet.hamburg":[{"target":"lkwlog.hamburg","urgency":1,"shortest_distance_km":1,"ferry_time":0,"ferry_price":0,"cargo":"cargo.cott_cheese","company_truck":"renault_magnum_6x4_a","trailer_variant":"trailer.scs_ref","trailer_definition":"trailer_def.scs.box.single_3.reefer","units_count":33,"fill_ratio":1,"trailer_place":0},{"target":"norrsken.malmo","urgency":0,"shortest_distance_km":561,"ferry_time":0,"ferry_price":0,"cargo":"cargo.overweight","company_truck":"iveco_4x2_c","trailer_variant":"trailer.scs_flat_b","trailer_definition":"trailer_def.scs.flatbed.single_3.flatbed_w","units_count":1,"fill_ratio":1,"trailer_place":0}],"gnt.kristiansand":[{"target":"norrsken.aalborg","urgency":1,"shortest_distance_km":106,"ferry_time":195,"ferry_price":1052,"cargo":"cargo.chicken_meat","company_truck":"daf_4x2_a","trailer_variant":"trailer.scs_ins_s","trailer_definition":"trailer_def.scs.box.single_3.insulated","units_count":33,"fill_ratio":1,"trailer_place":0}],"ika_bohag.aalborg":[{"target":"norrsken.goteborg","urgency":0,"shortest_distance_km":225,"ferry_time":195,"ferry_price":677,"cargo":"cargo.used_packag","company_truck":"mercedes_6x4_a","trailer_variant":"trailer.scs_curt","trailer_definition":"trailer_def.scs.box.single_3.curtain","units_count":33,"fill_ratio":1,"trailer_place":0},{"target":"renar.stavanger","urgency":2,"shortest_distance_km":295,"ferry_time":195,"ferry_price":1052,"cargo":"cargo.empty_palet","company_truck":"scania_streamline_4x2_c","trailer_variant":"trailer.scs_dry_a","trailer_definition":"trailer_def.scs.box.single_3.dryvan","units_count":33,"fill_ratio":1,"trailer_place":0}],"bcp.bratislava":[{"target":"lkwlog.graz","urgency":0,"shortest_distance_km":217,"ferry_time":0,"ferry_price":0,"cargo":"cargo.empty_barr","company_truck":"mercedes_actros_2014_6x4_b","trailer_variant":"trailer.scs_dry_m","trailer_definition":"trailer_def.scs.box.single_3.dryvan_m","units_count":33,"fill_ratio":1,"trailer_place":0}],"nord_sten.jonkoping":[{"target":"norrsken.orebro","urgency":1,"shortest_distance_km":247,"ferry_time":0,"ferry_price":0,"cargo":"cargo.digger1000","company_truck":"iveco_4x2_c","trailer_variant":"trailer.overweight.digger1000","trailer_definition":"trailer_def.digger1000.overweight.digger1000","units_count":100,"fill_ratio":1,"trailer_place":0}],"norrsken.karlskrona":[{"target":"gnt.jonkoping","urgency":1,"shortest_distance_km":192,"ferry_time":0,"ferry_price":0,"cargo":"cargo.stone_wool","company_truck":"mercedes_4x2_b","trailer_variant":"trailer.scs_dry_s","trailer_definition":"trailer_def.scs.box.single_3.dryvan","units_count":33,"fill_ratio":1,"trailer_place":0}],"stokes.poznan":[{"target":"transinet.szczecin","urgency":2,"shortest_distance_km":226,"ferry_time":0,"ferry_price":0,"cargo":"cargo.windml_eng","company_truck":"mercedes_4x2","trailer_variant":"trailer.overweight.windplant","trailer_definition":"trailer_def.windml_eng.overweight.windplant","units_count":100,"fill_ratio":1,"trailer_place":0}],"konstnr.oslo":[{"target":"volvo_fac.goteborg","urgency":2,"shortest_distance_km":311,"ferry_time":0,"ferry_price":0,"cargo":"cargo.hipresstank","company_truck":"daf_xf_euro6_6x2_a","trailer_variant":"trailer.scs_flat_r","trailer_definition":"trailer_def.scs.flatbed.single_3.flatbed_w","units_count":2,"fill_ratio":1,"trailer_place":0}]}