{"tree_et.birmingham":[{"target":"euroacres.cambridge","urgency":1,"shortest_distance_km":191,"ferry_time":0,"ferry_price":0,"cargo":"cargo.tractors","company_truck":"mercedes_4x2_b","trailer_variant":"trailer.overweight.tractors","trailer_definition":"trailer_def.tractors.overweight.tractors","units_count":100,"fill_ratio":1,"trailer_place":0}],"sanbuilders.nurnberg":[{"target":"lkwlog.dover","urgency":0,"shortest_distance_km":898,"ferry_time":91,"ferry_price":384,"cargo":"cargo.driller","company_truck":"mercedes_4x2_b","trailer_variant":"trailer.overweight.driller","trailer_definition":"trailer_def.driller.overweight.driller","units_count":100,"fill_ratio":1,"trailer_place":0}],"quarry.stuttgart":[{"target":"lkwlog.calais","urgency":0,"shortest_distance_km":678,"ferry_time":0,"ferry_price":0,"cargo":"cargo.driller","company_truck":"mercedes_6x2_b","trailer_variant":"trailer.overweight.driller","trailer_definition":"trailer_def.driller.overweight.driller","units_count":100,"fill_ratio":1,"trailer_place":0}],"euroacres.dresden":[{"target":"transinet.dresden","urgency":1,"shortest_distance_km":8,"ferry_time":0,"ferry_price":0,"cargo":"cargo.tractor","company_truck":"scania_streamline_4x2_b","trailer_variant":"trailer.overweight.tractor","trailer_definition":"trailer_def.tractor.overweight.tractor","units_count":100,"fill_ratio":1,"trailer_place":0}],"transinet.cambridge":[{"target":"sanbuilders.london","urgency":0,"shortest_distance_km":96,"ferry_time":0,"ferry_price":0,"cargo":"cargo.driller","company_truck":"iveco_4x2_a","trailer_variant":"trailer.overweight.driller","trailer_definition":"trailer_def.driller.overweight.driller","units_count":100,"fill_ratio":1,"trailer_place":0}],"tradeaux.hannover":[{"target":"lkwlog.hamburg","urgency":0,"shortest_distance_km":173,"ferry_time":0,"ferry_price":0,"cargo":"cargo.driller","company_truck":"scania_r_6x4_650","trailer_variant":"trailer.overweight.driller","trailer_definition":"trailer_def.driller.overweight.driller","units_count":100,"fill_ratio":1,"trailer_place":0}],"tree_et.frankfurt":[{"target":"stokes.zurich","urgency":1,"shortest_distance_km":375,"ferry_time":0,"ferry_price":0,"cargo":"cargo.tractors","company_truck":"renault_premium_6x4_a","trailer_variant":"trailer.overweight.tractors","trailer_definition":"trailer_def.tractors.overweight.tractors","units_count":100,"fill_ratio":1,"trailer_place":0}],"tree_et.liege":[{"target":"stokes.liege","urgency":1,"shortest_distance_km":43,"ferry_time":0,"ferry_price":0,"cargo":"cargo.tractor","company_truck":"renault_t_4x2","trailer_variant":"trailer.overweight.tractor","trailer_definition":"trailer_def.tractor.overweight.tractor","units_count":100,"fill_ratio":1,"trailer_place":0}],"fcp.manchester":[{"target":"transinet.rotterdam","urgency":1,"shortest_distance_km":222,"ferry_time":660,"ferry_price":995,"cargo":"cargo.tractors","company_truck":"daf_4x2_a","trailer_variant":"trailer.overweight.tractors","trailer_definition":"trailer_def.tractors.overweight.tractors","units_count":100,"fill_ratio":1,"trailer_place":0}],"quarry.prague":[{"target":"tradeaux.rostock","urgency":0,"shortest_distance_km":646,"ferry_time":0,"ferry_price":0,"cargo":"cargo.driller","company_truck":"daf_xf_euro6_4x2_b","trailer_variant":"trailer.overweight.driller","trailer_definition":"trailer_def.driller.overweight.driller","units_count":100,"fill_ratio":1,"trailer_place":0}],"skoda.prague":[{"target":"euroacres.brno","urgency":1,"shortest_distance_km":193,"ferry_time":0,"ferry_price":0,"cargo":"cargo.tractors","company_truck":"renault_magnum_6x2_a","trailer_variant":"trailer.overweight.tractors","trailer_definition":"trailer_def.tractors.overweight.tractors","units_count":100,"fill_ratio":1,"trailer_place":0}]}