{"tree_et.hannover":[{"target":"renat.pleven","urgency":0,"shortest_distance_km":1938,"ferry_time":0,"ferry_price":0,"cargo":"cargo.sawpanels","company_truck":"renault_magnum_6x2_a","trailer_variant":"trailer.scs_curt","trailer_definition":"trailer_def.scs.box.single_3.curtain","units_count":33,"fill_ratio":1,"trailer_place":0}],"trameri.mannheim":[{"target":"fallow.cluj_napoca","urgency":0,"shortest_distance_km":1565,"ferry_time":0,"ferry_price":0,"cargo":"cargo.fueltanker","company_truck":"iveco_h_4x2_a","trailer_variant":"trailer.scs_flat_c_g","trailer_definition":"trailer_def.scs.flatbed.single_3.container","units_count":87,"fill_ratio":1,"trailer_place":0}],"nbfc.calais":[{"target":"balkan_loco.pleven","urgency":2,"shortest_distance_km":2467,"ferry_time":0,"ferry_price":0,"cargo":"cargo.nitrocel","company_truck":"scania_s_4x2_580","trailer_variant":"trailer.scs_flat_c_g","trailer_definition":"trailer_def.scs.flatbed.single_3.container","units_count":87,"fill_ratio":1,"trailer_place":0}],"eurogoodies.newcastle":[{"target":"baltrak.istanbul","urgency":0,"shortest_distance_km":3590,"ferry_time":35,"ferry_price":300,"cargo":"cargo.cauliflower","company_truck":"scania_r_4x2_370","trailer_variant":"trailer.scs_ins_s","trailer_definition":"trailer_def.scs.box.single_3.insulated","units_count":33,"fill_ratio":1,"trailer_place":0}],"domdepo.tekirdag":[{"target":"ttk_bg.sofia","urgency":1,"shortest_distance_km":618,"ferry_time":0,"ferry_price":0,"cargo":"cargo.chimney_syst","company_truck":"man_4x2_a","trailer_variant":"trailer.scs_curt_a","trailer_definition":"trailer_def.scs.box.single_3.curtain","units_count":33,"fill_ratio":1,"trailer_place":0},{"target":"radus_ru.burgas","urgency":2,"shortest_distance_km":412,"ferry_time":0,"ferry_price":0,"cargo":"cargo.cement","company_truck":"renault_premium_4x2_a","trailer_variant":"trailer.cement","trailer_definition":"trailer_def.cement.cement","units_count":100,"fill_ratio":1,"trailer_place":0},{"target":"balkan_loco.ruse","urgency":1,"shortest_distance_km":519,"ferry_time":0,"ferry_price":0,"cargo":"cargo.outdr_flr_tl","company_truck":"mercedes_6x2_b","trailer_variant":"trailer.scs_curt","trailer_definition":"trailer_def.scs.box.single_3.curtain","units_count":33,"fill_ratio":1,"trailer_place":0}],"fallow.timisoara":[{"target":"kolico.timisoara","urgency":2,"shortest_distance_km":30,"ferry_time":0,"ferry_price":0,"cargo":"cargo.sugar","company_truck":"renault_premium_4x2_c","trailer_variant":"trailer.scs_dry_a","trailer_definition":"trailer_def.scs.box.single_3.dryvan","units_count":33,"fill_ratio":1,"trailer_place":0}],"trainfoundry.karlovo":[{"target":"lognstick.bucuresti","urgency":0,"shortest_distance_km":299,"ferry_time":0,"ferry_price":0,"cargo":"cargo.scrap_metals","company_truck":"daf_xf_euro6_6x4_c","trailer_variant":"trailer.s_ki_solid.cover","trailer_definition":"trailer_def.scrap_metals.s_ki_solid.cover","units_count":100,"fill_ratio":1,"trailer_place":0}],"spinelli.pitesti":[{"target":"kaarfor.constanta","urgency":1,"shortest_distance_km":410,"ferry_time":0,"ferry_price":0,"cargo":"cargo.tyres","company_truck":"scania_s_6x4_730","trailer_variant":"trailer.scs_dry_s","trailer_definition":"trailer_def.scs.box.single_3.dryvan","units_count":33,"fill_ratio":1,"trailer_place":0},{"target":"lognstick.bucuresti","urgency":1,"shortest_distance_km":206,"ferry_time":0,"ferry_price":0,"cargo":"cargo.forklifts","company_truck":"renault_t_6x2","trailer_variant":"trailer.overweight.forklifts","trailer_definition":"trailer_def.forklifts.overweight.forklifts","units_count":100,"fill_ratio":1,"trailer_place":0},{"target":"balkan_loco.craiova","urgency":0,"shortest_distance_km":120,"ferry_time":0,"ferry_price":0,"cargo":"cargo.scrap_metals","company_truck":"renault_magnum_6x2_a","trailer_variant":"trailer.s_ki_solid.cover","trailer_definition":"trailer_def.scrap_metals.s_ki_solid.cover","units_count":100,"fill_ratio":1,"trailer_place":0}],"rimaf.tekirdag":[{"target":"balkan_loco.edirne","urgency":0,"shortest_distance_km":136,"ferry_time":0,"ferry_price":0,"cargo":"cargo.goat_cheese","company_truck":"iveco_4x2_c","trailer_variant":"trailer.scs_ins_a","trailer_definition":"trailer_def.scs.box.single_3.insulated","units_count":33,"fill_ratio":1,"trailer_place":0},{"target":"baltrak.istanbul","urgency":2,"shortest_distance_km":209,"ferry_time":0,"ferry_price":0,"cargo":"cargo.milk_t","company_truck":"daf_xf_euro6_4x2_b","trailer_variant":"trailer.scs_fodt","trailer_definition":"trailer_def.scs.foodtank.single_3.paint","units_count":30,"fill_ratio":1,"trailer_place":0},{"target":"tm_istanbul.istanbul","urgency":0,"shortest_distance_km":207,"ferry_time":0,"ferry_price":0,"cargo":"cargo.drymilk","company_truck":"scania_6x4_a","trailer_variant":"trailer.scs_dry_s","trailer_definition":"trailer_def.scs.box.single_3.dryvan","units_count":33,"fill_ratio":1,"trailer_place":0}],"subse.brasov":[{"target":"kaarfor.pitesti","urgency":1,"shortest_distance_km":204,"ferry_time":0,"ferry_price":0,"cargo":"cargo.vinegar","company_truck":"daf_6x2_a","trailer_variant":"trailer.scs_curt_a","trailer_definition":"trailer_def.scs.box.single_3.curtain","units_count":33,"fill_ratio":1,"trailer_place":0}],"domdepo.edirne":[{"target":"radus_ru.ruse","urgency":1,"shortest_distance_km":394,"ferry_time":0,"ferry_price":0,"cargo":"cargo.sand","company_truck":"renault_premium_4x2_a","trailer_variant":"trailer.s_ki_solid.sand","trailer_definition":"trailer_def.sand.s_ki_solid.sand","units_count":100,"fill_ratio":1,"trailer_place":0}],"scs_paper.istanbul":[{"target":"ttk_bg.sofia","urgency":0,"shortest_distance_km":582,"ferry_time":0,"ferry_price":0,"cargo":"cargo.used_packag","company_truck":"scania_streamline_4x2_a","trailer_variant":"trailer.scs_dry_s","trailer_definition":"trailer_def.scs.box.single_3.dryvan","units_count":33,"fill_ratio":1,"trailer_place":0},{"target":"lognstick.istanbul","urgency":0,"shortest_distance_km":16,"ferry_time":0,"ferry_price":0,"cargo":"cargo.emptytank","company_truck":"renault_t_6x2","trailer_variant":"trailer.scs_flat_b","trailer_definition":"trailer_def.scs.flatbed.single_3.flatbed_w","units_count":2,"fill_ratio":1,"trailer_place":0}],"kaarfor.constanta":[{"target":"lognstick.galati","urgency":0,"shortest_distance_km":231,"ferry_time":30,"ferry_price":65,"cargo":"cargo.used_plast","company_truck":"iveco_4x2_c","trailer_variant":"trailer.scs_dry_ms","trailer_definition":"trailer_def.scs.box.single_3.dryvan_m","units_count":33,"fill_ratio":1,"trailer_place":0},{"target":"cnp.pitesti","urgency":2,"shortest_distance_km":337,"ferry_time":0,"ferry_price":0,"cargo":"cargo.empty_palet","company_truck":"scania_4x2_b","trailer_variant":"trailer.scs_curt","trailer_definition":"trailer_def.scs.box.single_3.curtain","units_count":33,"fill_ratio":1,"trailer_place":0}],"radus_ru.ruse":[{"target":"imp_otel.craiova","urgency":0,"shortest_distance_km":240,"ferry_time":0,"ferry_price":0,"cargo":"cargo.emptytank","company_truck":"scania_4x2_c","trailer_variant":"trailer.scs_flat_b","trailer_definition":"trailer_def.scs.flatbed.single_3.flatbed_w","units_count":2,"fill_ratio":1,"trailer_place":0},{"target":"domdepo.tekirdag","urgency":2,"shortest_distance_km":524,"ferry_time":0,"ferry_price":0,"cargo":"cargo.bricks","company_truck":"scania_4x2_b","trailer_variant":"trailer.scs_brick_r","trailer_definition":"trailer_def.scs.flatbed.single_3.brick","units_count":33,"fill_ratio":1,"trailer_place":0},{"target":"balkan_loco.craiova","urgency":0,"shortest_distance_km":262,"ferry_time":0,"ferry_price":0,"cargo":"cargo.diggers","company_truck":"renault_magnum_6x2_a","trailer_variant":"trailer.overweight.digger","trailer_definition":"trailer_def.diggers.overweight.digger","units_count":100,"fill_ratio":1,"trailer_place":0}],"balkan_loco.edirne":[{"target":"lognstick.bucuresti","urgency":0,"shortest_distance_km":479,"ferry_time":0,"ferry_price":0,"cargo":"cargo.beverages_t","company_truck":"mercedes_actros_2014_4x2_a","trailer_variant":"trailer.scs_fodt","trailer_definition":"trailer_def.scs.foodtank.single_3.paint","units_count":30,"fill_ratio":1,"trailer_place":0}],"lognstick.bucuresti":[{"target":"balkan_loco.ruse","urgency":1,"shortest_distance_km":126,"ferry_time":0,"ferry_price":0,"cargo":"cargo.ore","company_truck":"mercedes_6x4_a","trailer_variant":"trailer.s_ki_solid.ore","trailer_definition":"trailer_def.ore.s_ki_solid.ore","units_count":100,"fill_ratio":1,"trailer_place":0}],"timberturtle.hunedoara":[{"target":"fallow.timisoara","urgency":1,"shortest_distance_km":270,"ferry_time":0,"ferry_price":0,"cargo":"cargo.excavator","company_truck":"scania_streamline_4x2_b","trailer_variant":"trailer.overweight.excavator","trailer_definition":"trailer_def.excavator.overweight.excavator","units_count":100,"fill_ratio":1,"trailer_place":0}],"nucleon.cernavoda":[{"target":"balkan_loco.craiova","urgency":1,"shortest_distance_km":390,"ferry_time":0,"ferry_price":0,"cargo":"cargo.excavator","company_truck":"renault_magnum_6x2_a","trailer_variant":"trailer.overweight.excavator","trailer_definition":"trailer_def.excavator.overweight.excavator","units_count":100,"fill_ratio":1,"trailer_place":0}],"rock_eater.targu_mures":[{"target":"baltrak.istanbul","urgency":1,"shortest_distance_km":991,"ferry_time":0,"ferry_price":0,"cargo":"cargo.excavator","company_truck":"man_4x2_a","trailer_variant":"trailer.overweight.excavator","trailer_definition":"trailer_def.excavator.overweight.excavator","units_count":100,"fill_ratio":1,"trailer_place":0},{"target":"domdepo.iasi","urgency":1,"shortest_distance_km":241,"ferry_time":0,"ferry_price":0,"cargo":"cargo.stones","company_truck":"scania_4x2_a","trailer_variant":"trailer.s_ki_solid.cover","trailer_definition":"trailer_def.stones.s_ki_solid.cover","units_count":100,"fill_ratio":1,"trailer_place":0},{"target":"domdepo.iasi","urgency":0,"shortest_distance_km":241,"ferry_time":0,"ferry_price":0,"cargo":"cargo.stone_dust","company_truck":"renault_t_4x2","trailer_variant":"trailer.s_ki_solid.cover","trailer_definition":"trailer_def.stone_dust.s_ki_solid.cover","units_count":100,"fill_ratio":1,"trailer_place":0}],"renat.resita":[{"target":"spinelli.pitesti","urgency":1,"shortest_distance_km":298,"ferry_time":0,"ferry_price":0,"cargo":"cargo.forklifts","company_truck":"renault_t_4x2h","trailer_variant":"trailer.overweight.forklifts","trailer_definition":"trailer_def.forklifts.overweight.forklifts","units_count":100,"fill_ratio":1,"trailer_place":0}],"rock_eater.hunedoara":[{"target":"domdepo.pitesti","urgency":0,"shortest_distance_km":330,"ferry_time":0,"ferry_price":0,"cargo":"cargo.stone_dust","company_truck":"scania_4x2_c","trailer_variant":"trailer.s_ki_solid.cover","trailer_definition":"trailer_def.stone_dust.s_ki_solid.cover","units_count":100,"fill_ratio":1,"trailer_place":0},{"target":"domdepo.iasi","urgency":0,"shortest_distance_km":451,"ferry_time":0,"ferry_price":0,"cargo":"cargo.excav_soil","company_truck":"iveco_4x2_b","trailer_variant":"trailer.s_ki_solid.cover","trailer_definition":"trailer_def.excav_soil.s_ki_solid.cover","units_count":100,"fill_ratio":1,"trailer_place":0}],"domdepo_ru.pleven":[{"target":"balkan_loco.pleven","urgency":1,"shortest_distance_km":3,"ferry_time":0,"ferry_price":0,"cargo":"cargo.glass_packed","company_truck":"daf_xf_euro6_6x4_c","trailer_variant":"trailer.gls_trailer","trailer_definition":"trailer_def.glass_packed.gls_trailer","units_count":100,"fill_ratio":1,"trailer_place":0}],"ika_bohag.sofia":[{"target":"brawen.bucuresti","urgency":2,"shortest_distance_km":384,"ferry_time":0,"ferry_price":0,"cargo":"cargo.empty_palet","company_truck":"scania_r_6x2_450","trailer_variant":"trailer.scs_dry","trailer_definition":"trailer_def.scs.box.single_3.dryvan","units_count":33,"fill_ratio":1,"trailer_place":0},{"target":"balkan_loco.craiova","urgency":0,"shortest_distance_km":354,"ferry_time":0,"ferry_price":0,"cargo":"cargo.used_packag","company_truck":"mercedes_4x2","trailer_variant":"trailer.scs_curt","trailer_definition":"trailer_def.scs.box.single_3.curtain","units_count":33,"fill_ratio":1,"trailer_place":0}],"baltrak.tekirdag":[{"target":"ttk_bg.plovdiv","urgency":1,"shortest_distance_km":456,"ferry_time":0,"ferry_price":0,"cargo":"cargo.excavator","company_truck":"scania_streamline_4x2_c","trailer_variant":"trailer.overweight.excavator","trailer_definition":"trailer_def.excavator.overweight.excavator","units_count":100,"fill_ratio":1,"trailer_place":0}],"cemelt_fla.edirne":[{"target":"tm_istanbul.istanbul","urgency":0,"shortest_distance_km":194,"ferry_time":0,"ferry_price":0,"cargo":"cargo.digger500","company_truck":"scania_streamline_6x4_a","trailer_variant":"trailer.overweight.digger500","trailer_definition":"trailer_def.digger500.overweight.digger500","units_count":100,"fill_ratio":1,"trailer_place":0}],"rock_eater.galati":[{"target":"domdepo.edirne","urgency":0,"shortest_distance_km":652,"ferry_time":0,"ferry_price":0,"cargo":"cargo.stone_dust","company_truck":"scania_streamline_4x2_b","trailer_variant":"trailer.s_ki_solid.cover","trailer_definition":"trailer_def.stone_dust.s_ki_solid.cover","units_count":100,"fill_ratio":1,"trailer_place":0},{"target":"low_field.constanta","urgency":1,"shortest_distance_km":150,"ferry_time":30,"ferry_price":65,"cargo":"cargo.digger1000","company_truck":"mercedes_4x2_b","trailer_variant":"trailer.overweight.digger1000","trailer_definition":"trailer_def.digger1000.overweight.digger1000","units_count":100,"fill_ratio":1,"trailer_place":0}],"ika_bohag.bucuresti":[{"target":"lognstick.hunedoara","urgency":0,"shortest_distance_km":437,"ferry_time":0,"ferry_price":0,"cargo":"cargo.used_packag","company_truck":"daf_6x2_a","trailer_variant":"trailer.scs_dry_a","trailer_definition":"trailer_def.scs.box.single_3.dryvan","units_count":33,"fill_ratio":1,"trailer_place":0},{"target":"ns_oil.timisoara","urgency":2,"shortest_distance_km":553,"ferry_time":0,"ferry_price":0,"cargo":"cargo.empty_palet","company_truck":"iveco_4x2_c","trailer_variant":"trailer.scs_curt_a","trailer_definition":"trailer_def.scs.box.single_3.curtain","units_count":33,"fill_ratio":1,"trailer_place":0}],"ns_oil.timisoara":[{"target":"imp_otel.resita","urgency":1,"shortest_distance_km":156,"ferry_time":0,"ferry_price":0,"cargo":"cargo.motor_oil","company_truck":"scania_s_6x2_450","trailer_variant":"trailer.scs_dry","trailer_definition":"trailer_def.scs.box.single_3.dryvan","units_count":33,"fill_ratio":1,"trailer_place":0},{"target":"lognstick.hunedoara","urgency":1,"shortest_distance_km":202,"ferry_time":0,"ferry_price":0,"cargo":"cargo.petrol","company_truck":"mercedes_4x2_c","trailer_variant":"trailer.willig.fuel_cistern","trailer_definition":"trailer_def.petrol.willig.fuel_cistern","units_count":101,"fill_ratio":1,"trailer_place":0},{"target":"balkan_loco.craiova","urgency":0,"shortest_distance_km":333,"ferry_time":0,"ferry_price":0,"cargo":"cargo.kerosene","company_truck":"scania_r_4x2_370","trailer_variant":"trailer.fuel_cistern","trailer_definition":"trailer_def.kerosene.fuel_cistern","units_count":100,"fill_ratio":1,"trailer_place":0}],"radus_ru.sofia":[{"target":"balkan_loco.pleven","urgency":1,"shortest_distance_km":186,"ferry_time":0,"ferry_price":0,"cargo":"cargo.digger1000","company_truck":"mercedes_actros_2014_4x2_c","trailer_variant":"trailer.overweight.digger1000","trailer_definition":"trailer_def.digger1000.overweight.digger1000","units_count":100,"fill_ratio":1,"trailer_place":0},{"target":"tm_istanbul.istanbul","urgency":0,"shortest_distance_km":574,"ferry_time":0,"ferry_price":0,"cargo":"cargo.diggers","company_truck":"iveco_4x2_c","trailer_variant":"trailer.overweight.digger","trailer_definition":"trailer_def.diggers.overweight.digger","units_count":100,"fill_ratio":1,"trailer_place":0}],"cemelt_fl_ru.sofia":[{"target":"cgla.ruse","urgency":1,"shortest_distance_km":326,"ferry_time":0,"ferry_price":0,"cargo":"cargo.forklifts","company_truck":"man_6x4_b","trailer_variant":"trailer.overweight.forklifts","trailer_definition":"trailer_def.forklifts.overweight.forklifts","units_count":100,"fill_ratio":1,"trailer_place":0}],"imp_otel.calarasi":[{"target":"fallow.timisoara","urgency":0,"shortest_distance_km":661,"ferry_time":0,"ferry_price":0,"cargo":"cargo.floorpanels","company_truck":"scania_s_4x2_580","trailer_variant":"trailer.panel_trans.floor","trailer_definition":"trailer_def.floorpanels.panel_trans.floor","units_count":100,"fill_ratio":1,"trailer_place":0},{"target":"balkan_loco.ruse","urgency":1,"shortest_distance_km":199,"ferry_time":0,"ferry_price":0,"cargo":"cargo.excavator","company_truck":"renault_magnum_6x4_a","trailer_variant":"trailer.overweight.excavator","trailer_definition":"trailer_def.excavator.overweight.excavator","units_count":100,"fill_ratio":1,"trailer_place":0}],"domdepo.timisoara":[{"target":"balkan_loco.craiova","urgency":1,"shortest_distance_km":340,"ferry_time":0,"ferry_price":0,"cargo":"cargo.plastic_gra","company_truck":"scania_6x4_a","trailer_variant":"trailer.cement","trailer_definition":"trailer_def.plastic_gra.cement","units_count":100,"fill_ratio":1,"trailer_place":0}],"lognstick.tekirdag":[{"target":"dobr_ferm_bg.karlovo","urgency":0,"shortest_distance_km":450,"ferry_time":0,"ferry_price":0,"cargo":"cargo.diesel","company_truck":"mercedes_actros_2014_4x2_b","trailer_variant":"trailer.willig.fuel_cistern","trailer_definition":"trailer_def.diesel.willig.fuel_cistern","units_count":100,"fill_ratio":1,"trailer_place":0}],"rock_eater.istanbul":[{"target":"rimaf.galati","urgency":1,"shortest_distance_km":731,"ferry_time":0,"ferry_price":0,"cargo":"cargo.digger1000","company_truck":"iveco_4x2_b","trailer_variant":"trailer.overweight.digger1000","trailer_definition":"trailer_def.digger1000.overweight.digger1000","units_count":100,"fill_ratio":1,"trailer_place":0}],"subse.sofia":[{"target":"balkan_loco.ruse","urgency":1,"shortest_distance_km":270,"ferry_time":0,"ferry_price":0,"cargo":"cargo.chocolate","company_truck":"scania_s_4x2_370","trailer_variant":"trailer.scs_curt","trailer_definition":"trailer_def.scs.box.single_3.curtain","units_count":33,"fill_ratio":1,"trailer_place":0}],"kaarfor.pitesti":[{"target":"subse.brasov","urgency":2,"shortest_distance_km":216,"ferry_time":0,"ferry_price":0,"cargo":"cargo.empty_palet","company_truck":"scania_streamline_4x2_a","trailer_variant":"trailer.scs_dry_ms","trailer_definition":"trailer_def.scs.box.single_3.dryvan_m","units_count":33,"fill_ratio":1,"trailer_place":0},{"target":"balkan_loco.ruse","urgency":1,"shortest_distance_km":183,"ferry_time":0,"ferry_price":0,"cargo":"cargo.used_plast_c","company_truck":"scania_r_4x2_520","trailer_variant":"trailer.scs_gosck20","trailer_definition":"trailer_def.scs.gooseneck.singl_3e_20.container","units_count":15,"fill_ratio":1,"trailer_place":0},{"target":"lognstick.bucuresti","urgency":0,"shortest_distance_km":132,"ferry_time":0,"ferry_price":0,"cargo":"cargo.used_plast","company_truck":"scania_6x4_a","trailer_variant":"trailer.scs_curt_s","trailer_definition":"trailer_def.scs.box.single_3.curtain","units_count":33,"fill_ratio":1,"trailer_place":0}],"fle.timisoara":[{"target":"balkan_loco.craiova","urgency":2,"shortest_distance_km":337,"ferry_time":0,"ferry_price":0,"cargo":"cargo.med_vaccine","company_truck":"man_4x2_a","trailer_variant":"trailer.scs_ins_a","trailer_definition":"trailer_def.scs.box.single_3.insulated","units_count":33,"fill_ratio":1,"trailer_place":0}],"st_roza_bg.burgas":[{"target":"lognstick.istanbul","urgency":1,"shortest_distance_km":322,"ferry_time":0,"ferry_price":0,"cargo":"cargo.outdr_flr_tl","company_truck":"daf_4x2_b","trailer_variant":"trailer.scs_brick_r","trailer_definition":"trailer_def.scs.flatbed.single_3.brick","units_count":33,"fill_ratio":1,"trailer_place":0},{"target":"fallow.istanbul","urgency":2,"shortest_distance_km":325,"ferry_time":0,"ferry_price":0,"cargo":"cargo.hipresstank","company_truck":"mercedes_actros_2014_4x2_a","trailer_variant":"trailer.scs_flat_c_g","trailer_definition":"trailer_def.scs.flatbed.single_3.container","units_count":2,"fill_ratio":1,"trailer_place":0},{"target":"rock_eater.pirdop","urgency":1,"shortest_distance_km":442,"ferry_time":0,"ferry_price":0,"cargo":"cargo.excavator","company_truck":"daf_4x2_a","trailer_variant":"trailer.overweight.excavator","trailer_definition":"trailer_def.excavator.overweight.excavator","units_count":100,"fill_ratio":1,"trailer_place":0}],"kolico.sofia":[{"target":"balkan_loco.pleven","urgency":0,"shortest_distance_km":222,"ferry_time":0,"ferry_price":0,"cargo":"cargo.limonades","company_truck":"man_6x4_b","trailer_variant":"trailer.scs_curt_a","trailer_definition":"trailer_def.scs.box.single_3.curtain","units_count":33,"fill_ratio":1,"trailer_place":0}],"cont_port.constanta":[{"target":"lognstick.bucuresti","urgency":0,"shortest_distance_km":227,"ferry_time":0,"ferry_price":0,"cargo":"cargo.clothes_c","company_truck":"mercedes_4x2_a","trailer_variant":"trailer.scs_flat_c_r","trailer_definition":"trailer_def.scs.flatbed.single_3.container","units_count":33,"fill_ratio":1,"trailer_place":0},{"target":"baltrak.istanbul","urgency":0,"shortest_distance_km":566,"ferry_time":0,"ferry_price":0,"cargo":"cargo.rice_c","company_truck":"mercedes_6x2_b","trailer_variant":"trailer.scs_flat_c_g","trailer_definition":"trailer_def.scs.flatbed.single_3.container","units_count":33,"fill_ratio":1,"trailer_place":0},{"target":"lognstick.bucuresti","urgency":1,"shortest_distance_km":227,"ferry_time":0,"ferry_price":0,"cargo":"cargo.used_plast_c","company_truck":"man_4x2_c","trailer_variant":"trailer.scs_flat_c_r","trailer_definition":"trailer_def.scs.flatbed.single_3.container","units_count":33,"fill_ratio":1,"trailer_place":0}],"kaarfor.hunedoara":[{"target":"fallow.cluj_napoca","urgency":0,"shortest_distance_km":361,"ferry_time":0,"ferry_price":0,"cargo":"cargo.used_plast","company_truck":"daf_xf_euro6_4x2_b","trailer_variant":"trailer.scs_dry","trailer_definition":"trailer_def.scs.box.single_3.dryvan","units_count":33,"fill_ratio":1,"trailer_place":0},{"target":"balkan_loco.craiova","urgency":0,"shortest_distance_km":223,"ferry_time":0,"ferry_price":0,"cargo":"cargo.used_packag","company_truck":"mercedes_actros_2014_4x2_a","trailer_variant":"trailer.scs_dry_s","trailer_definition":"trailer_def.scs.box.single_3.dryvan","units_count":33,"fill_ratio":1,"trailer_place":0}],"imp_otel.galati":[{"target":"cemelt_fl_ru.sofia","urgency":2,"shortest_distance_km":566,"ferry_time":0,"ferry_price":0,"cargo":"cargo.wallpanels","company_truck":"renault_premium_4x2_c","trailer_variant":"trailer.panel_trans.wall","trailer_definition":"trailer_def.wallpanels.panel_trans.wall","units_count":100,"fill_ratio":1,"trailer_place":0},{"target":"ttk_bg.varna","urgency":1,"shortest_distance_km":293,"ferry_time":30,"ferry_price":65,"cargo":"cargo.excavator","company_truck":"daf_xf_euro6_6x2_a","trailer_variant":"trailer.overweight.excavator","trailer_definition":"trailer_def.excavator.overweight.excavator","units_count":100,"fill_ratio":1,"trailer_place":0}],"renat.veli_tarnovo":[{"target":"dobr_ferm_bg.pleven","urgency":1,"shortest_distance_km":51,"ferry_time":0,"ferry_price":0,"cargo":"cargo.forklifts","company_truck":"man_4x2_a","trailer_variant":"trailer.overweight.forklifts","trailer_definition":"trailer_def.forklifts.overweight.forklifts","units_count":100,"fill_ratio":1,"trailer_place":0},{"target":"kaarfor.bucuresti","urgency":2,"shortest_distance_km":153,"ferry_time":0,"ferry_price":0,"cargo":"cargo.furniture","company_truck":"mercedes_actros_2014_4x2_b","trailer_variant":"trailer.scs_dry_s","trailer_definition":"trailer_def.scs.box.single_3.dryvan","units_count":33,"fill_ratio":1,"trailer_place":0}],"low_field.galati":[{"target":"brawen.bucuresti","urgency":0,"shortest_distance_km":172,"ferry_time":0,"ferry_price":0,"cargo":"cargo.plums","company_truck":"mercedes_4x2_c","trailer_variant":"trailer.scs_ref_s","trailer_definition":"trailer_def.scs.box.single_3.reefer","units_count":33,"fill_ratio":1,"trailer_place":0}],"nucleon.kozloduy":[{"target":"dobr_ferm_bg.pleven","urgency":1,"shortest_distance_km":129,"ferry_time":0,"ferry_price":0,"cargo":"cargo.forklifts","company_truck":"scania_r_4x2_520","trailer_variant":"trailer.overweight.forklifts","trailer_definition":"trailer_def.forklifts.overweight.forklifts","units_count":100,"fill_ratio":1,"trailer_place":0}],"cont_port.burgas":[{"target":"kaarfor.constanta","urgency":0,"shortest_distance_km":188,"ferry_time":0,"ferry_price":0,"cargo":"cargo.beverages_c","company_truck":"scania_streamline_6x4_a","trailer_variant":"trailer.scs_flat_c_g","trailer_definition":"trailer_def.scs.flatbed.single_3.container","units_count":33,"fill_ratio":1,"trailer_place":0},{"target":"balkan_loco.ruse","urgency":0,"shortest_distance_km":294,"ferry_time":0,"ferry_price":0,"cargo":"cargo.carrots_c","company_truck":"iveco_4x2_c","trailer_variant":"trailer.scs_gosck40","trailer_definition":"trailer_def.scs.gooseneck.singl_3e_40.container","units_count":30,"fill_ratio":1,"trailer_place":0}],"sporklift.cluj_napoca":[{"target":"lognstick.hunedoara","urgency":0,"shortest_distance_km":341,"ferry_time":0,"ferry_price":0,"cargo":"cargo.used_packag","company_truck":"renault_magnum_6x4_a","trailer_variant":"trailer.scs_dry_s","trailer_definition":"trailer_def.scs.box.single_3.dryvan","units_count":33,"fill_ratio":1,"trailer_place":0}],"ns_oil.brasov":[{"target":"imp_otel.calarasi","urgency":0,"shortest_distance_km":385,"ferry_time":0,"ferry_price":0,"cargo":"cargo.fueltanker","company_truck":"renault_t_4x2","trailer_variant":"trailer.scs_flat_c_g","trailer_definition":"trailer_def.scs.flatbed.single_3.container","units_count":87,"fill_ratio":1,"trailer_place":0},{"target":"balkan_loco.craiova","urgency":0,"shortest_distance_km":276,"ferry_time":0,"ferry_price":0,"cargo":"cargo.lpg","company_truck":"daf_4x2_b","trailer_variant":"trailer.fuel_cistern","trailer_definition":"trailer_def.lpg.fuel_cistern","units_count":100,"fill_ratio":1,"trailer_place":0}],"cgla.calarasi":[{"target":"ttk_bg.varna","urgency":1,"shortest_distance_km":226,"ferry_time":0,"ferry_price":0,"cargo":"cargo.glass","company_truck":"renault_premium_4x2_c","trailer_variant":"trailer.panel_trans.glass","trailer_definition":"trailer_def.glass.panel_trans.glass","units_count":100,"fill_ratio":1,"trailer_place":0}],"fle.bucuresti":[{"target":"balkan_loco.pleven","urgency":2,"shortest_distance_km":214,"ferry_time":0,"ferry_price":0,"cargo":"cargo.med_vaccine","company_truck":"iveco_4x2_b","trailer_variant":"trailer.scs_ref_a","trailer_definition":"trailer_def.scs.box.single_3.reefer","units_count":33,"fill_ratio":1,"trailer_place":0}],"bhv.edirne":[{"target":"ttk_bg.plovdiv","urgency":0,"shortest_distance_km":305,"ferry_time":0,"ferry_price":0,"cargo":"cargo.mondeos","company_truck":"man_6x4_b","trailer_variant":"trailer.car_trans2","trailer_definition":"trailer_def.mondeos.car_trans2","units_count":100,"fill_ratio":1,"trailer_place":0}],"subse.veli_tarnovo":[{"target":"baltrak.istanbul","urgency":1,"shortest_distance_km":437,"ferry_time":0,"ferry_price":0,"cargo":"cargo.vinegar","company_truck":"iveco_6x2_a","trailer_variant":"trailer.scs_curt_s","trailer_definition":"trailer_def.scs.box.single_3.curtain","units_count":33,"fill_ratio":1,"trailer_place":0},{"target":"kaarfor.bucuresti","urgency":0,"shortest_distance_km":147,"ferry_time":0,"ferry_price":0,"cargo":"cargo.beef_meat","company_truck":"renault_magnum_6x2_a","trailer_variant":"trailer.scs_ref_s","trailer_definition":"trailer_def.scs.box.single_3.reefer","units_count":33,"fill_ratio":1,"trailer_place":0}],"trainfoundry.resita":[{"target":"fallow.targu_mures","urgency":0,"shortest_distance_km":342,"ferry_time":0,"ferry_price":0,"cargo":"cargo.scrap_metals","company_truck":"scania_4x2_b","trailer_variant":"trailer.s_ki_solid.cover","trailer_definition":"trailer_def.scrap_metals.s_ki_solid.cover","units_count":100,"fill_ratio":1,"trailer_place":0}],"baltrak.edirne":[{"target":"balkan_loco.veli_tarnovo","urgency":2,"shortest_distance_km":311,"ferry_time":0,"ferry_price":0,"cargo":"cargo.copp_rf_gutt","company_truck":"scania_6x2_b","trailer_variant":"trailer.scs_dry_a","trailer_definition":"trailer_def.scs.box.single_3.dryvan","units_count":33,"fill_ratio":1,"trailer_place":0}],"lognstick.galati":[{"target":"baltrak.istanbul","urgency":2,"shortest_distance_km":795,"ferry_time":0,"ferry_price":0,"cargo":"cargo.electronics","company_truck":"renault_t_6x2","trailer_variant":"trailer.scs_dry_ms","trailer_definition":"trailer_def.scs.box.single_3.dryvan_m","units_count":33,"fill_ratio":1,"trailer_place":0},{"target":"rock_eater.istanbul","urgency":0,"shortest_distance_km":770,"ferry_time":0,"ferry_price":0,"cargo":"cargo.fueltanker","company_truck":"scania_streamline_6x2_b","trailer_variant":"trailer.scs_gosck220","trailer_definition":"trailer_def.scs.gooseneck.singl_3e_220.container","units_count":80,"fill_ratio":1,"trailer_place":0}],"renat.pleven":[{"target":"fallow.targu_mures","urgency":2,"shortest_distance_km":570,"ferry_time":0,"ferry_price":0,"cargo":"cargo.furniture","company_truck":"daf_xf_euro6_6x2_a","trailer_variant":"trailer.scs_dry_a","trailer_definition":"trailer_def.scs.box.single_3.dryvan","units_count":33,"fill_ratio":1,"trailer_place":0},{"target":"imp_otel.galati","urgency":1,"shortest_distance_km":357,"ferry_time":0,"ferry_price":0,"cargo":"cargo.forklifts","company_truck":"man_6x4_b","trailer_variant":"trailer.overweight.forklifts","trailer_definition":"trailer_def.forklifts.overweight.forklifts","units_count":100,"fill_ratio":1,"trailer_place":0}],"rump.craiova":[{"target":"balkan_loco.craiova","urgency":2,"shortest_distance_km":2,"ferry_time":0,"ferry_price":0,"cargo":"cargo.empty_palet","company_truck":"scania_streamline_6x4_a","trailer_variant":"trailer.scs_curt_a","trailer_definition":"trailer_def.scs.box.single_3.curtain","units_count":33,"fill_ratio":1,"trailer_place":0},{"target":"balkan_loco.edirne","urgency":1,"shortest_distance_km":635,"ferry_time":0,"ferry_price":0,"cargo":"cargo.used_plast_c","company_truck":"renault_magnum_6x4_a","trailer_variant":"trailer.scs_gosck220","trailer_definition":"trailer_def.scs.gooseneck.singl_3e_220.container","units_count":30,"fill_ratio":1,"trailer_place":0}],"low_field.edirne":[{"target":"lognstick.tekirdag","urgency":0,"shortest_distance_km":107,"ferry_time":0,"ferry_price":0,"cargo":"cargo.carrots_c","company_truck":"mercedes_4x2","trailer_variant":"trailer.scs_gosck40","trailer_definition":"trailer_def.scs.gooseneck.singl_3e_40.container","units_count":30,"fill_ratio":1,"trailer_place":0},{"target":"balkan_loco.edirne","urgency":0,"shortest_distance_km":95,"ferry_time":0,"ferry_price":0,"cargo":"cargo.cont_trees","company_truck":"iveco_4x2_c","trailer_variant":"trailer.scs_curt_a","trailer_definition":"trailer_def.scs.box.single_3.curtain","units_count":33,"fill_ratio":1,"trailer_place":0}],"ns_oil.targu_mures":[{"target":"imp_otel.iasi","urgency":1,"shortest_distance_km":255,"ferry_time":0,"ferry_price":0,"cargo":"cargo.motor_oil","company_truck":"renault_premium_4x2_c","trailer_variant":"trailer.scs_dry_ms","trailer_definition":"trailer_def.scs.box.single_3.dryvan_m","units_count":33,"fill_ratio":1,"trailer_place":0},{"target":"imp_otel.galati","urgency":0,"shortest_distance_km":459,"ferry_time":0,"ferry_price":0,"cargo":"cargo.lpg","company_truck":"mercedes_actros_2014_6x2_a","trailer_variant":"trailer.willig.fuel_cistern","trailer_definition":"trailer_def.lpg.willig.fuel_cistern","units_count":101,"fill_ratio":1,"trailer_place":0},{"target":"timberturtle.hunedoara","urgency":1,"shortest_distance_km":162,"ferry_time":0,"ferry_price":0,"cargo":"cargo.petrol","company_truck":"iveco_6x2_a","trailer_variant":"trailer.willig.fuel_cistern","trailer_definition":"trailer_def.petrol.willig.fuel_cistern","units_count":101,"fill_ratio":1,"trailer_place":0}],"renat.brasov":[{"target":"kaarfor.pitesti","urgency":2,"shortest_distance_km":170,"ferry_time":0,"ferry_price":0,"cargo":"cargo.furniture","company_truck":"man_6x4_b","trailer_variant":"trailer.scs_dry_s","trailer_definition":"trailer_def.scs.box.single_3.dryvan","units_count":33,"fill_ratio":1,"trailer_place":0},{"target":"dulcis.pitesti","urgency":1,"shortest_distance_km":171,"ferry_time":0,"ferry_price":0,"cargo":"cargo.forklifts","company_truck":"daf_xf_euro6_4x2_b","trailer_variant":"trailer.overweight.forklifts","trailer_definition":"trailer_def.forklifts.overweight.forklifts","units_count":100,"fill_ratio":1,"trailer_place":0}],"brawen.bucuresti":[{"target":"balkan_loco.ruse","urgency":2,"shortest_distance_km":124,"ferry_time":0,"ferry_price":0,"cargo":"cargo.maple_syrup","company_truck":"scania_4x2_a","trailer_variant":"trailer.scs_curt_s","trailer_definition":"trailer_def.scs.box.single_3.curtain","units_count":33,"fill_ratio":1,"trailer_place":0}],"lognstick.istanbul":[{"target":"balkan_loco.edirne","urgency":2,"shortest_distance_km":194,"ferry_time":0,"ferry_price":0,"cargo":"cargo.clothes","company_truck":"scania_streamline_4x2_a","trailer_variant":"trailer.scs_dry_m","trailer_definition":"trailer_def.scs.box.single_3.dryvan_m","units_count":33,"fill_ratio":1,"trailer_place":0},{"target":"balkan_loco.craiova","urgency":2,"shortest_distance_km":751,"ferry_time":0,"ferry_price":0,"cargo":"cargo.princess","company_truck":"man_tgx_euro6_6x4_xlx","trailer_variant":"trailer.overweight.boat","trailer_definition":"trailer_def.princess.overweight.boat","units_count":100,"fill_ratio":1,"trailer_place":0},{"target":"baltrak.istanbul","urgency":2,"shortest_distance_km":15,"ferry_time":0,"ferry_price":0,"cargo":"cargo.tomatoes","company_truck":"scania_streamline_4x2_a","trailer_variant":"trailer.scs_ins","trailer_definition":"trailer_def.scs.box.single_3.insulated","units_count":33,"fill_ratio":1,"trailer_place":0}],"dobr_ferm_bg.pleven":[{"target":"balkan_loco.ruse","urgency":0,"shortest_distance_km":56,"ferry_time":0,"ferry_price":0,"cargo":"cargo.cont_trees","company_truck":"scania_s_4x2_580","trailer_variant":"trailer.scs_dry","trailer_definition":"trailer_def.scs.box.single_3.dryvan","units_count":33,"fill_ratio":1,"trailer_place":0},{"target":"ttk_bg.varna","urgency":2,"shortest_distance_km":238,"ferry_time":0,"ferry_price":0,"cargo":"cargo.beans","company_truck":"scania_6x2_b","trailer_variant":"trailer.scs_dry_s","trailer_definition":"trailer_def.scs.box.single_3.dryvan","units_count":33,"fill_ratio":1,"trailer_place":0}],"domdepo.pitesti":[{"target":"lognstick.galati","urgency":1,"shortest_distance_km":306,"ferry_time":0,"ferry_price":0,"cargo":"cargo.sandwch_pnls","company_truck":"scania_s_6x4_730","trailer_variant":"trailer.scs_dry_s","trailer_definition":"trailer_def.scs.box.single_3.dryvan","units_count":33,"fill_ratio":1,"trailer_place":0},{"target":"radus_ru.burgas","urgency":2,"shortest_distance_km":455,"ferry_time":0,"ferry_price":0,"cargo":"cargo.cement","company_truck":"scania_4x2_a","trailer_variant":"trailer.cement","trailer_definition":"trailer_def.cement.cement","units_count":100,"fill_ratio":1,"trailer_place":0},{"target":"balkan_loco.pleven","urgency":0,"shortest_distance_km":244,"ferry_time":0,"ferry_price":0,"cargo":"cargo.floorpanels","company_truck":"scania_s_6x4_730","trailer_variant":"trailer.panel_trans.floor","trailer_definition":"trailer_def.floorpanels.panel_trans.floor","units_count":100,"fill_ratio":1,"trailer_place":0}],"cnp.burgas":[{"target":"balkan_loco.edirne","urgency":1,"shortest_distance_km":245,"ferry_time":0,"ferry_price":0,"cargo":"cargo.petrol","company_truck":"man_6x4_b","trailer_variant":"trailer.fuel_cistern","trailer_definition":"trailer_def.petrol.fuel_cistern","units_count":100,"fill_ratio":1,"trailer_place":0}],"rock_eater.sofia":[{"target":"low_field.edirne","urgency":1,"shortest_distance_km":558,"ferry_time":0,"ferry_price":0,"cargo":"cargo.digger1000","company_truck":"scania_streamline_4x2_c","trailer_variant":"trailer.overweight.digger1000","trailer_definition":"trailer_def.digger1000.overweight.digger1000","units_count":100,"fill_ratio":1,"trailer_place":0}],"rock_eater.varna":[{"target":"cemelt_fl_ru.sofia","urgency":1,"shortest_distance_km":470,"ferry_time":0,"ferry_price":0,"cargo":"cargo.stones","company_truck":"scania_s_4x2_580","trailer_variant":"trailer.s_ki_solid.cover","trailer_definition":"trailer_def.stones.s_ki_solid.cover","units_count":100,"fill_ratio":1,"trailer_place":0},{"target":"balkan_loco.ruse","urgency":1,"shortest_distance_km":179,"ferry_time":0,"ferry_price":0,"cargo":"cargo.digger1000","company_truck":"scania_streamline_6x2_b","trailer_variant":"trailer.overweight.digger1000","trailer_definition":"trailer_def.digger1000.overweight.digger1000","units_count":100,"fill_ratio":1,"trailer_place":0},{"target":"domdepo.tekirdag","urgency":0,"shortest_distance_km":587,"ferry_time":0,"ferry_price":0,"cargo":"cargo.gravel","company_truck":"mercedes_4x2_b","trailer_variant":"trailer.s_ki_solid.gravel","trailer_definition":"trailer_def.gravel.s_ki_solid.gravel","units_count":100,"fill_ratio":1,"trailer_place":0}],"radus_ru.varna":[{"target":"rock_eater.burgas","urgency":1,"shortest_distance_km":108,"ferry_time":0,"ferry_price":0,"cargo":"cargo.digger1000","company_truck":"iveco_4x2_c","trailer_variant":"trailer.overweight.digger1000","trailer_definition":"trailer_def.digger1000.overweight.digger1000","units_count":100,"fill_ratio":1,"trailer_place":0}],"imp_otel.resita":[{"target":"rock_eater.hunedoara","urgency":0,"shortest_distance_km":227,"ferry_time":0,"ferry_price":0,"cargo":"cargo.emptytank","company_truck":"scania_4x2_c","trailer_variant":"trailer.scs_flat_c_r","trailer_definition":"trailer_def.scs.flatbed.single_3.container","units_count":2,"fill_ratio":1,"trailer_place":0}],"balkan_loco.ruse":[{"target":"cont_port.galati","urgency":0,"shortest_distance_km":290,"ferry_time":0,"ferry_price":0,"cargo":"cargo.carrots_c","company_truck":"man_4x2_a","trailer_variant":"trailer.scs_flat_c_g","trailer_definition":"trailer_def.scs.flatbed.single_3.container","units_count":33,"fill_ratio":1,"trailer_place":0}],"sporklift.plovdiv":[{"target":"brawen.bacau","urgency":0,"shortest_distance_km":850,"ferry_time":0,"ferry_price":0,"cargo":"cargo.used_plast","company_truck":"man_6x4_b","trailer_variant":"trailer.scs_dry_a","trailer_definition":"trailer_def.scs.box.single_3.dryvan","units_count":33,"fill_ratio":1,"trailer_place":0}],"kaarfor.craiova":[{"target":"lognstick.hunedoara","urgency":0,"shortest_distance_km":224,"ferry_time":0,"ferry_price":0,"cargo":"cargo.used_plast","company_truck":"scania_4x2_c","trailer_variant":"trailer.scs_dry_m","trailer_definition":"trailer_def.scs.box.single_3.dryvan_m","units_count":33,"fill_ratio":1,"trailer_place":0},{"target":"balkan_loco.pleven","urgency":0,"shortest_distance_km":274,"ferry_time":0,"ferry_price":0,"cargo":"cargo.used_packag","company_truck":"scania_s_4x2_580","trailer_variant":"trailer.scs_curt","trailer_definition":"trailer_def.scs.box.single_3.curtain","units_count":33,"fill_ratio":1,"trailer_place":0}],"st_roza_bg.pernik":[{"target":"domdepo.pitesti","urgency":1,"shortest_distance_km":508,"ferry_time":0,"ferry_price":0,"cargo":"cargo.precast_strs","company_truck":"iveco_4x2_b","trailer_variant":"trailer.scs_curt_s","trailer_definition":"trailer_def.scs.box.single_3.curtain","units_count":33,"fill_ratio":1,"trailer_place":0}],"ttk_bg.varna":[{"target":"brawen.bacau","urgency":2,"shortest_distance_km":733,"ferry_time":0,"ferry_price":0,"cargo":"cargo.sugar","company_truck":"scania_streamline_4x2_b","trailer_variant":"trailer.scs_curt_s","trailer_definition":"trailer_def.scs.box.single_3.curtain","units_count":33,"fill_ratio":1,"trailer_place":0}],"kaarfor.bucuresti":[{"target":"baltrak.istanbul","urgency":0,"shortest_distance_km":564,"ferry_time":0,"ferry_price":0,"cargo":"cargo.used_packag","company_truck":"scania_6x4_a","trailer_variant":"trailer.scs_dry_m","trailer_definition":"trailer_def.scs.box.single_3.dryvan_m","units_count":33,"fill_ratio":1,"trailer_place":0}],"marina_fr.cernavoda":[{"target":"balkan_loco.veli_tarnovo","urgency":2,"shortest_distance_km":346,"ferry_time":0,"ferry_price":0,"cargo":"cargo.princess","company_truck":"man_6x4_b","trailer_variant":"trailer.overweight.boat","trailer_definition":"trailer_def.princess.overweight.boat","units_count":100,"fill_ratio":1,"trailer_place":0}],"imp_otel.iasi":[{"target":"fallow.cluj_napoca","urgency":0,"shortest_distance_km":509,"ferry_time":0,"ferry_price":0,"cargo":"cargo.overweight","company_truck":"renault_magnum_6x2_a","trailer_variant":"trailer.scs_flat_r","trailer_definition":"trailer_def.scs.flatbed.single_3.flatbed_w","units_count":1,"fill_ratio":1,"trailer_place":0},{"target":"cemelt_fla.bucuresti","urgency":2,"shortest_distance_km":416,"ferry_time":0,"ferry_price":0,"cargo":"cargo.iron_pipes","company_truck":"renault_t_4x2","trailer_variant":"trailer.scs_log","trailer_definition":"trailer_def.scs.log.single_3.steel","units_count":2,"fill_ratio":1,"trailer_place":0}],"dobr_ferm_bg.karlovo":[{"target":"brawen.bucuresti","urgency":0,"shortest_distance_km":274,"ferry_time":0,"ferry_price":0,"cargo":"cargo.cont_trees","company_truck":"scania_s_6x4_730","trailer_variant":"trailer.scs_dry_a","trailer_definition":"trailer_def.scs.box.single_3.dryvan","units_count":33,"fill_ratio":1,"trailer_place":0},{"target":"kaarfor.constanta","urgency":2,"shortest_distance_km":393,"ferry_time":0,"ferry_price":0,"cargo":"cargo.tomatoes","company_truck":"man_4x2_c","trailer_variant":"trailer.scs_ins_s","trailer_definition":"trailer_def.scs.box.single_3.insulated","units_count":33,"fill_ratio":1,"trailer_place":0},{"target":"balkan_loco.craiova","urgency":1,"shortest_distance_km":438,"ferry_time":0,"ferry_price":0,"cargo":"cargo.honey","company_truck":"daf_4x2_b","trailer_variant":"trailer.scs_curt","trailer_definition":"trailer_def.scs.box.single_3.curtain","units_count":33,"fill_ratio":1,"trailer_place":0}],"rock_eater.pirdop":[{"target":"baltrak.istanbul","urgency":0,"shortest_distance_km":635,"ferry_time":0,"ferry_price":0,"cargo":"cargo.gravel","company_truck":"daf_4x2_a","trailer_variant":"trailer.s_ki_solid.gravel","trailer_definition":"trailer_def.gravel.s_ki_solid.gravel","units_count":100,"fill_ratio":1,"trailer_place":0}],"rock_eater.tekirdag":[{"target":"balkan_loco.edirne","urgency":0,"shortest_distance_km":160,"ferry_time":0,"ferry_price":0,"cargo":"cargo.excav_soil","company_truck":"scania_s_4x2_580","trailer_variant":"trailer.s_ki_solid.cover","trailer_definition":"trailer_def.excav_soil.s_ki_solid.cover","units_count":100,"fill_ratio":1,"trailer_place":0},{"target":"baltrak.edirne","urgency":1,"shortest_distance_km":161,"ferry_time":0,"ferry_price":0,"cargo":"cargo.excavator","company_truck":"scania_s_6x2_450","trailer_variant":"trailer.overweight.excavator","trailer_definition":"trailer_def.excavator.overweight.excavator","units_count":100,"fill_ratio":1,"trailer_place":0}],"domdepo.cluj_napoca":[{"target":"balkan_loco.ruse","urgency":0,"shortest_distance_km":783,"ferry_time":0,"ferry_price":0,"cargo":"cargo.stone_dust","company_truck":"scania_r_6x2_450","trailer_variant":"trailer.s_ki_solid.cover","trailer_definition":"trailer_def.stone_dust.s_ki_solid.cover","units_count":100,"fill_ratio":1,"trailer_place":0}],"cnp.constanta":[{"target":"st_roza_bg.burgas","urgency":1,"shortest_distance_km":290,"ferry_time":0,"ferry_price":0,"cargo":"cargo.petrol","company_truck":"scania_s_6x4_730","trailer_variant":"trailer.fuel_cistern","trailer_definition":"trailer_def.petrol.fuel_cistern","units_count":100,"fill_ratio":1,"trailer_place":0},{"target":"ocean_sol.varna","urgency":1,"shortest_distance_km":158,"ferry_time":0,"ferry_price":0,"cargo":"cargo.motor_oil","company_truck":"scania_6x4_a","trailer_variant":"trailer.scs_dry_a","trailer_definition":"trailer_def.scs.box.single_3.dryvan","units_count":33,"fill_ratio":1,"trailer_place":0}],"scs_paper.calarasi":[{"target":"balkan_loco.craiova","urgency":0,"shortest_distance_km":330,"ferry_time":0,"ferry_price":0,"cargo":"cargo.used_packag","company_truck":"daf_6x2_a","trailer_variant":"trailer.scs_dry_m","trailer_definition":"trailer_def.scs.box.single_3.dryvan_m","units_count":33,"fill_ratio":1,"trailer_place":0},{"target":"renat.pleven","urgency":0,"shortest_distance_km":259,"ferry_time":0,"ferry_price":0,"cargo":"cargo.paper","company_truck":"renault_premium_4x2_c","trailer_variant":"trailer.scs_curt_s","trailer_definition":"trailer_def.scs.box.single_3.curtain","units_count":33,"fill_ratio":1,"trailer_place":0},{"target":"cnp.pitesti","urgency":2,"shortest_distance_km":223,"ferry_time":0,"ferry_price":0,"cargo":"cargo.empty_palet","company_truck":"renault_premium_6x2_a","trailer_variant":"trailer.scs_curt_a","trailer_definition":"trailer_def.scs.box.single_3.curtain","units_count":33,"fill_ratio":1,"trailer_place":0}],"low_field.constanta":[{"target":"rimaf.iasi","urgency":0,"shortest_distance_km":355,"ferry_time":30,"ferry_price":65,"cargo":"cargo.cont_trees","company_truck":"scania_r_4x2_370","trailer_variant":"trailer.scs_ins_a","trailer_definition":"trailer_def.scs.box.single_3.insulated","units_count":33,"fill_ratio":1,"trailer_place":0}],"lognstick.hunedoara":[{"target":"balkan_loco.pleven","urgency":0,"shortest_distance_km":492,"ferry_time":0,"ferry_price":0,"cargo":"cargo.tableware","company_truck":"renault_premium_4x2_a","trailer_variant":"trailer.scs_dry_s","trailer_definition":"trailer_def.scs.box.single_3.dryvan","units_count":33,"fill_ratio":1,"trailer_place":0}],"rimaf.iasi":[{"target":"brawen.bacau","urgency":2,"shortest_distance_km":77,"ferry_time":0,"ferry_price":0,"cargo":"cargo.milk_t","company_truck":"scania_streamline_6x2_b","trailer_variant":"trailer.scs_fodt","trailer_definition":"trailer_def.scs.foodtank.single_3.paint","units_count":30,"fill_ratio":1,"trailer_place":0}],"fle.istanbul":[{"target":"fallow.istanbul","urgency":2,"shortest_distance_km":10,"ferry_time":0,"ferry_price":0,"cargo":"cargo.med_equip","company_truck":"daf_4x2_b","trailer_variant":"trailer.scs_ref_a","trailer_definition":"trailer_def.scs.box.single_3.reefer","units_count":33,"fill_ratio":1,"trailer_place":0},{"target":"balkan_loco.edirne","urgency":2,"shortest_distance_km":200,"ferry_time":0,"ferry_price":0,"cargo":"cargo.med_vaccine","company_truck":"daf_xf_euro6_4x2_b","trailer_variant":"trailer.scs_ins_a","trailer_definition":"trailer_def.scs.box.single_3.insulated","units_count":33,"fill_ratio":1,"trailer_place":0}],"dulcis.pitesti":[{"target":"balkan_loco.veli_tarnovo","urgency":1,"shortest_distance_km":314,"ferry_time":0,"ferry_price":0,"cargo":"cargo.used_battery","company_truck":"scania_4x2_b","trailer_variant":"trailer.scs_dry_a","trailer_definition":"trailer_def.scs.box.single_3.dryvan","units_count":33,"fill_ratio":1,"trailer_place":0}],"kaarfor.iasi":[{"target":"lognstick.galati","urgency":0,"shortest_distance_km":179,"ferry_time":0,"ferry_price":0,"cargo":"cargo.used_packag","company_truck":"renault_t_4x2","trailer_variant":"trailer.scs_dry","trailer_definition":"trailer_def.scs.box.single_3.dryvan","units_count":33,"fill_ratio":1,"trailer_place":0},{"target":"lognstick.galati","urgency":1,"shortest_distance_km":179,"ferry_time":0,"ferry_price":0,"cargo":"cargo.used_plast_c","company_truck":"scania_4x2_c","trailer_variant":"trailer.scs_flat_c_g","trailer_definition":"trailer_def.scs.flatbed.single_3.container","units_count":33,"fill_ratio":1,"trailer_place":0},{"target":"brawen.bacau","urgency":2,"shortest_distance_km":85,"ferry_time":0,"ferry_price":0,"cargo":"cargo.empty_palet","company_truck":"man_6x4_b","trailer_variant":"trailer.scs_dry_s","trailer_definition":"trailer_def.scs.box.single_3.dryvan","units_count":33,"fill_ratio":1,"trailer_place":0}],"rock_eater.brasov":[{"target":"domdepo_ru.pleven","urgency":0,"shortest_distance_km":420,"ferry_time":0,"ferry_price":0,"cargo":"cargo.excav_soil","company_truck":"scania_r_4x2_520","trailer_variant":"trailer.s_ki_solid.cover","trailer_definition":"trailer_def.excav_soil.s_ki_solid.cover","units_count":100,"fill_ratio":1,"trailer_place":0}],"radus_ru.burgas":[{"target":"dobr_ferm_bg.karlovo","urgency":0,"shortest_distance_km":224,"ferry_time":0,"ferry_price":0,"cargo":"cargo.emptytank","company_truck":"mercedes_actros_2014_4x2_c","trailer_variant":"trailer.scs_flat_c_r","trailer_definition":"trailer_def.scs.flatbed.single_3.container","units_count":2,"fill_ratio":1,"trailer_place":0},{"target":"balkan_loco.ruse","urgency":0,"shortest_distance_km":293,"ferry_time":0,"ferry_price":0,"cargo":"cargo.diggers","company_truck":"scania_6x4_a","trailer_variant":"trailer.overweight.digger","trailer_definition":"trailer_def.diggers.overweight.digger","units_count":100,"fill_ratio":1,"trailer_place":0}],"timberturtle.brasov":[{"target":"baltrak.tekirdag","urgency":1,"shortest_distance_km":914,"ferry_time":0,"ferry_price":0,"cargo":"cargo.excavator","company_truck":"scania_4x2_c","trailer_variant":"trailer.overweight.excavator","trailer_definition":"trailer_def.excavator.overweight.excavator","units_count":100,"fill_ratio":1,"trailer_place":0}],"balkan_loco.craiova":[{"target":"rock_eater.istanbul","urgency":0,"shortest_distance_km":734,"ferry_time":0,"ferry_price":0,"cargo":"cargo.digger500","company_truck":"mercedes_actros_2014_4x2_c","trailer_variant":"trailer.overweight.digger500","trailer_definition":"trailer_def.digger500.overweight.digger500","units_count":100,"fill_ratio":1,"trailer_place":0},{"target":"baltrak.edirne","urgency":1,"shortest_distance_km":639,"ferry_time":0,"ferry_price":0,"cargo":"cargo.used_plast_c","company_truck":"renault_t_6x2","trailer_variant":"trailer.scs_flat_c_g","trailer_definition":"trailer_def.scs.flatbed.single_3.container","units_count":33,"fill_ratio":1,"trailer_place":0}],"fallow.targu_mures":[{"target":"imp_otel.hunedoara","urgency":1,"shortest_distance_km":220,"ferry_time":0,"ferry_price":0,"cargo":"cargo.ore","company_truck":"iveco_4x2_b","trailer_variant":"trailer.s_ki_solid.ore","trailer_definition":"trailer_def.ore.s_ki_solid.ore","units_count":100,"fill_ratio":1,"trailer_place":0}],"cnp.pitesti":[{"target":"balkan_loco.ruse","urgency":0,"shortest_distance_km":186,"ferry_time":0,"ferry_price":0,"cargo":"cargo.lpg","company_truck":"daf_4x2_b","trailer_variant":"trailer.fuel_cistern","trailer_definition":"trailer_def.lpg.fuel_cistern","units_count":100,"fill_ratio":1,"trailer_place":0},{"target":"low_field.galati","urgency":0,"shortest_distance_km":278,"ferry_time":0,"ferry_price":0,"cargo":"cargo.diesel","company_truck":"renault_premium_4x2_a","trailer_variant":"trailer.willig.fuel_cistern","trailer_definition":"trailer_def.diesel.willig.fuel_cistern","units_count":100,"fill_ratio":1,"trailer_place":0}],"sporklift.karlovo":[{"target":"balkan_loco.pleven","urgency":1,"shortest_distance_km":185,"ferry_time":0,"ferry_price":0,"cargo":"cargo.used_plast_c","company_truck":"scania_s_6x4_730","trailer_variant":"trailer.scs_flat_c_g","trailer_definition":"trailer_def.scs.flatbed.single_3.container","units_count":33,"fill_ratio":1,"trailer_place":0},{"target":"ttk_bg.plovdiv","urgency":0,"shortest_distance_km":64,"ferry_time":0,"ferry_price":0,"cargo":"cargo.scrap_metals","company_truck":"daf_4x2_a","trailer_variant":"trailer.s_ki_solid.cover","trailer_definition":"trailer_def.scrap_metals.s_ki_solid.cover","units_count":100,"fill_ratio":1,"trailer_place":0},{"target":"ttk_bg.plovdiv","urgency":1,"shortest_distance_km":64,"ferry_time":0,"ferry_price":0,"cargo":"cargo.used_battery","company_truck":"man_4x2_a","trailer_variant":"trailer.scs_curt_a","trailer_definition":"trailer_def.scs.box.single_3.curtain","units_count":33,"fill_ratio":1,"trailer_place":0}],"kaarfor.ruse":[{"target":"fallow.targu_mures","urgency":1,"shortest_distance_km":513,"ferry_time":0,"ferry_price":0,"cargo":"cargo.used_plast_c","company_truck":"renault_premium_6x4_a","trailer_variant":"trailer.scs_flat_c_r","trailer_definition":"trailer_def.scs.flatbed.single_3.container","units_count":33,"fill_ratio":1,"trailer_place":0},{"target":"lognstick.galati","urgency":0,"shortest_distance_km":326,"ferry_time":0,"ferry_price":0,"cargo":"cargo.used_packag","company_truck":"scania_4x2_b","trailer_variant":"trailer.scs_dry","trailer_definition":"trailer_def.scs.box.single_3.dryvan","units_count":33,"fill_ratio":1,"trailer_place":0},{"target":"lognstick.istanbul","urgency":0,"shortest_distance_km":464,"ferry_time":0,"ferry_price":0,"cargo":"cargo.used_plast","company_truck":"scania_streamline_6x2_b","trailer_variant":"trailer.scs_dry_ms","trailer_definition":"trailer_def.scs.box.single_3.dryvan_m","units_count":33,"fill_ratio":1,"trailer_place":0}],"cont_port.galati":[{"target":"balkan_loco.pleven","urgency":0,"shortest_distance_km":371,"ferry_time":0,"ferry_price":0,"cargo":"cargo.vinegar_c","company_truck":"scania_s_4x2_370","trailer_variant":"trailer.scs_gosck20","trailer_definition":"trailer_def.scs.gooseneck.singl_3e_20.container","units_count":15,"fill_ratio":1,"trailer_place":0},{"target":"kaarfor.craiova","urgency":0,"shortest_distance_km":403,"ferry_time":0,"ferry_price":0,"cargo":"cargo.clothes_c","company_truck":"scania_s_6x2_450","trailer_variant":"trailer.scs_gosck40","trailer_definition":"trailer_def.scs.gooseneck.singl_3e_40.container","units_count":30,"fill_ratio":1,"trailer_place":0}],"marina_fr.tekirdag":[{"target":"balkan_loco.pleven","urgency":2,"shortest_distance_km":467,"ferry_time":0,"ferry_price":0,"cargo":"cargo.princess","company_truck":"daf_xf_euro6_4x2_b","trailer_variant":"trailer.overweight.boat","trailer_definition":"trailer_def.princess.overweight.boat","units_count":100,"fill_ratio":1,"trailer_place":0}],"cemelt_fla.bucuresti":[{"target":"rock_eater.varna","urgency":0,"shortest_distance_km":262,"ferry_time":0,"ferry_price":0,"cargo":"cargo.digger500","company_truck":"daf_xf_euro6_4x2_c","trailer_variant":"trailer.overweight.digger500","trailer_definition":"trailer_def.digger500.overweight.digger500","units_count":100,"fill_ratio":1,"trailer_place":0}],"rock_eater.burgas":[{"target":"imp_otel.calarasi","urgency":0,"shortest_distance_km":336,"ferry_time":0,"ferry_price":0,"cargo":"cargo.gravel","company_truck":"scania_s_4x2_370","trailer_variant":"trailer.s_ki_solid.gravel","trailer_definition":"trailer_def.gravel.s_ki_solid.gravel","units_count":100,"fill_ratio":1,"trailer_place":0},{"target":"domdepo.bucuresti","urgency":0,"shortest_distance_km":383,"ferry_time":0,"ferry_price":0,"cargo":"cargo.stone_dust","company_truck":"man_4x2_a","trailer_variant":"trailer.s_ki_solid.cover","trailer_definition":"trailer_def.stone_dust.s_ki_solid.cover","units_count":100,"fill_ratio":1,"trailer_place":0}],"balkan_loco.veli_tarnovo":[{"target":"brawen.bucuresti","urgency":1,"shortest_distance_km":180,"ferry_time":0,"ferry_price":0,"cargo":"cargo.radiators","company_truck":"renault_magnum_4x2_a","trailer_variant":"trailer.scs_curt_a","trailer_definition":"trailer_def.scs.box.single_3.curtain","units_count":33,"fill_ratio":1,"trailer_place":0},{"target":"ttk_bg.plovdiv","urgency":0,"shortest_distance_km":218,"ferry_time":0,"ferry_price":0,"cargo":"cargo.vinegar_c","company_truck":"mercedes_4x2_b","trailer_variant":"trailer.scs_flat_c_g","trailer_definition":"trailer_def.scs.flatbed.single_3.container","units_count":33,"fill_ratio":1,"trailer_place":0}],"balkan_loco.pleven":[{"target":"kaarfor.ruse","urgency":0,"shortest_distance_km":64,"ferry_time":0,"ferry_price":0,"cargo":"cargo.cont_trees","company_truck":"scania_streamline_4x2_a","trailer_variant":"trailer.scs_ref","trailer_definition":"trailer_def.scs.box.single_3.reefer","units_count":33,"fill_ratio":1,"trailer_place":0},{"target":"brawen.bucuresti","urgency":1,"shortest_distance_km":186,"ferry_time":0,"ferry_price":0,"cargo":"cargo.beverages","company_truck":"renault_magnum_6x2_a","trailer_variant":"trailer.scs_dry_ms","trailer_definition":"trailer_def.scs.box.single_3.dryvan_m","units_count":33,"fill_ratio":1,"trailer_place":0}],"sporklift.bucuresti":[{"target":"imp_otel.calarasi","urgency":1,"shortest_distance_km":119,"ferry_time":0,"ferry_price":0,"cargo":"cargo.forklifts","company_truck":"man_tgx_euro6_6x4_xlx","trailer_variant":"trailer.overweight.forklifts","trailer_definition":"trailer_def.forklifts.overweight.forklifts","units_count":100,"fill_ratio":1,"trailer_place":0},{"target":"fallow.istanbul","urgency":1,"shortest_distance_km":559,"ferry_time":0,"ferry_price":0,"cargo":"cargo.used_plast_c","company_truck":"daf_xf_euro6_4x2_b","trailer_variant":"trailer.scs_flat_c_r","trailer_definition":"trailer_def.scs.flatbed.single_3.container","units_count":33,"fill_ratio":1,"trailer_place":0},{"target":"fallow.targu_mures","urgency":0,"shortest_distance_km":441,"ferry_time":0,"ferry_price":0,"cargo":"cargo.used_packag","company_truck":"renault_premium_6x2_a","trailer_variant":"trailer.scs_curt_a","trailer_definition":"trailer_def.scs.box.single_3.curtain","units_count":33,"fill_ratio":1,"trailer_place":0},{"target":"radus_ru.burgas","urgency":0,"shortest_distance_km":364,"ferry_time":0,"ferry_price":0,"cargo":"cargo.scrap_metals","company_truck":"renault_t_6x2","trailer_variant":"trailer.s_ki_solid.cover","trailer_definition":"trailer_def.scrap_metals.s_ki_solid.cover","units_count":100,"fill_ratio":1,"trailer_place":0}],"rimaf.galati":[{"target":"lognstick.galati","urgency":0,"shortest_distance_km":60,"ferry_time":0,"ferry_price":0,"cargo":"cargo.milk","company_truck":"scania_4x2_b","trailer_variant":"trailer.scs_dry_s","trailer_definition":"trailer_def.scs.box.single_3.dryvan","units_count":33,"fill_ratio":1,"trailer_place":0},{"target":"kaarfor.constanta","urgency":0,"shortest_distance_km":237,"ferry_time":30,"ferry_price":65,"cargo":"cargo.drymilk","company_truck":"mercedes_actros_2014_4x2_c","trailer_variant":"trailer.scs_curt_s","trailer_definition":"trailer_def.scs.box.single_3.curtain","units_count":33,"fill_ratio":1,"trailer_place":0},{"target":"brawen.bucuresti","urgency":0,"shortest_distance_km":157,"ferry_time":0,"ferry_price":0,"cargo":"cargo.beef_meat","company_truck":"renault_magnum_6x2_a","trailer_variant":"trailer.scs_ref_a","trailer_definition":"trailer_def.scs.box.single_3.reefer","units_count":33,"fill_ratio":1,"trailer_place":0}],"kaarfor.targu_mures":[{"target":"fallow.targu_mures","urgency":0,"shortest_distance_km":1,"ferry_time":0,"ferry_price":0,"cargo":"cargo.used_packag","company_truck":"man_6x4_b","trailer_variant":"trailer.scs_curt_a","trailer_definition":"trailer_def.scs.box.single_3.curtain","units_count":33,"fill_ratio":1,"trailer_place":0},{"target":"lognstick.bucuresti","urgency":0,"shortest_distance_km":456,"ferry_time":0,"ferry_price":0,"cargo":"cargo.used_plast","company_truck":"daf_4x2_b","trailer_variant":"trailer.scs_curt_s","trailer_definition":"trailer_def.scs.box.single_3.curtain","units_count":33,"fill_ratio":1,"trailer_place":0},{"target":"lognstick.hunedoara","urgency":1,"shortest_distance_km":222,"ferry_time":0,"ferry_price":0,"cargo":"cargo.used_plast_c","company_truck":"scania_s_4x2_580","trailer_variant":"trailer.scs_gosck40","trailer_definition":"trailer_def.scs.gooseneck.singl_3e_40.container","units_count":30,"fill_ratio":1,"trailer_place":0}],"radus.tekirdag":[{"target":"domdepo.edirne","urgency":2,"shortest_distance_km":199,"ferry_time":0,"ferry_price":0,"cargo":"cargo.bricks","company_truck":"iveco_4x2_a","trailer_variant":"trailer.scs_brick_b","trailer_definition":"trailer_def.scs.flatbed.single_3.brick","units_count":33,"fill_ratio":1,"trailer_place":0},{"target":"baltrak.tekirdag","urgency":0,"shortest_distance_km":2,"ferry_time":0,"ferry_price":0,"cargo":"cargo.emptytank","company_truck":"man_6x4_b","trailer_variant":"trailer.scs_flat_c_g","trailer_definition":"trailer_def.scs.flatbed.single_3.container","units_count":2,"fill_ratio":1,"trailer_place":0}],"fle.sofia":[{"target":"brawen.bucuresti","urgency":2,"shortest_distance_km":369,"ferry_time":0,"ferry_price":0,"cargo":"cargo.med_equip","company_truck":"scania_4x2_c","trailer_variant":"trailer.scs_ins","trailer_definition":"trailer_def.scs.box.single_3.insulated","units_count":33,"fill_ratio":1,"trailer_place":0}],"tm_istanbul.istanbul":[{"target":"lognstick.galati","urgency":2,"shortest_distance_km":788,"ferry_time":0,"ferry_price":0,"cargo":"cargo.hipresstank","company_truck":"scania_streamline_4x2_a","trailer_variant":"trailer.scs_flat_r","trailer_definition":"trailer_def.scs.flatbed.single_3.flatbed_w","units_count":2,"fill_ratio":1,"trailer_place":0}],"fallow.cluj_napoca":[{"target":"kolico.iasi","urgency":2,"shortest_distance_km":527,"ferry_time":0,"ferry_price":0,"cargo":"cargo.sugar","company_truck":"scania_r_4x2_370","trailer_variant":"trailer.scs_curt","trailer_definition":"trailer_def.scs.box.single_3.curtain","units_count":33,"fill_ratio":1,"trailer_place":0}],"cemelt_fla.timisoara":[{"target":"imp_otel.hunedoara","urgency":1,"shortest_distance_km":215,"ferry_time":0,"ferry_price":0,"cargo":"cargo.forklifts","company_truck":"scania_streamline_6x2_b","trailer_variant":"trailer.overweight.forklifts","trailer_definition":"trailer_def.forklifts.overweight.forklifts","units_count":100,"fill_ratio":1,"trailer_place":0},{"target":"imp_otel.craiova","urgency":0,"shortest_distance_km":365,"ferry_time":0,"ferry_price":0,"cargo":"cargo.emptytank","company_truck":"mercedes_4x2_a","trailer_variant":"trailer.scs_flat_r","trailer_definition":"trailer_def.scs.flatbed.single_3.flatbed_w","units_count":2,"fill_ratio":1,"trailer_place":0}],"imp_otel.craiova":[{"target":"rimaf.galati","urgency":1,"shortest_distance_km":348,"ferry_time":0,"ferry_price":0,"cargo":"cargo.vent_tube","company_truck":"iveco_4x2_a","trailer_variant":"trailer.scs_flat_c_g","trailer_definition":"trailer_def.scs.flatbed.single_3.container","units_count":2,"fill_ratio":1,"trailer_place":0}],"cgla.ruse":[{"target":"ocean_sol.mangalia","urgency":1,"shortest_distance_km":189,"ferry_time":0,"ferry_price":0,"cargo":"cargo.glass_packed","company_truck":"renault_premium_4x2_c","trailer_variant":"trailer.gls_trailer","trailer_definition":"trailer_def.glass_packed.gls_trailer","units_count":100,"fill_ratio":1,"trailer_place":0}],"st_roza_bg.pirdop":[{"target":"domdepo.timisoara","urgency":1,"shortest_distance_km":781,"ferry_time":0,"ferry_price":0,"cargo":"cargo.outdr_flr_tl","company_truck":"mercedes_actros_2014_4x2_b","trailer_variant":"trailer.scs_brick_b","trailer_definition":"trailer_def.scs.flatbed.single_3.brick","units_count":33,"fill_ratio":1,"trailer_place":0},{"target":"ttk_bg.sofia","urgency":2,"shortest_distance_km":109,"ferry_time":0,"ferry_price":0,"cargo":"cargo.wallpanels","company_truck":"mercedes_actros_2014_4x2_b","trailer_variant":"trailer.panel_trans.wall","trailer_definition":"trailer_def.wallpanels.panel_trans.wall","units_count":100,"fill_ratio":1,"trailer_place":0},{"target":"ocean_sol.mangalia","urgency":2,"shortest_distance_km":411,"ferry_time":0,"ferry_price":0,"cargo":"cargo.hipresstank","company_truck":"daf_xf_euro6_6x4_c","trailer_variant":"trailer.scs_flat_c_g","trailer_definition":"trailer_def.scs.flatbed.single_3.container","units_count":2,"fill_ratio":1,"trailer_place":0}],"ttk_bg.sofia":[{"target":"baltrak.edirne","urgency":0,"shortest_distance_km":460,"ferry_time":0,"ferry_price":0,"cargo":"cargo.plums","company_truck":"daf_xf_euro6_4x2_a","trailer_variant":"trailer.scs_ref_s","trailer_definition":"trailer_def.scs.box.single_3.reefer","units_count":33,"fill_ratio":1,"trailer_place":0}],"ns_oil.istanbul":[{"target":"ocean_sol.mangalia","urgency":1,"shortest_distance_km":509,"ferry_time":0,"ferry_price":0,"cargo":"cargo.motor_oil","company_truck":"iveco_h_4x2_a","trailer_variant":"trailer.scs_dry","trailer_definition":"trailer_def.scs.box.single_3.dryvan","units_count":33,"fill_ratio":1,"trailer_place":0},{"target":"st_roza_bg.burgas","urgency":0,"shortest_distance_km":322,"ferry_time":0,"ferry_price":0,"cargo":"cargo.fueltanker","company_truck":"daf_xf_euro6_6x4_c","trailer_variant":"trailer.scs_gosck20","trailer_definition":"trailer_def.scs.gooseneck.singl_3e_20.container","units_count":40,"fill_ratio":1,"trailer_place":0},{"target":"fle.sofia","urgency":0,"shortest_distance_km":582,"ferry_time":0,"ferry_price":0,"cargo":"cargo.kerosene","company_truck":"scania_r_4x2_520","trailer_variant":"trailer.willig.fuel_cistern","trailer_definition":"trailer_def.kerosene.willig.fuel_cistern","units_count":100,"fill_ratio":1,"trailer_place":0}],"kolico.iasi":[{"target":"lognstick.tekirdag","urgency":2,"shortest_distance_km":987,"ferry_time":0,"ferry_price":0,"cargo":"cargo.bottle_water","company_truck":"scania_r_6x2_450","trailer_variant":"trailer.scs_curt_s","trailer_definition":"trailer_def.scs.box.single_3.curtain","units_count":33,"fill_ratio":1,"trailer_place":0},{"target":"lognstick.galati","urgency":0,"shortest_distance_km":177,"ferry_time":0,"ferry_price":0,"cargo":"cargo.beverages_t","company_truck":"daf_xf_euro6_4x2_c","trailer_variant":"trailer.scs_fodt","trailer_definition":"trailer_def.scs.foodtank.single_3.paint","units_count":30,"fill_ratio":1,"trailer_place":0},{"target":"ttk_bg.sofia","urgency":0,"shortest_distance_km":745,"ferry_time":0,"ferry_price":0,"cargo":"cargo.beverages_c","company_truck":"mercedes_6x2_b","trailer_variant":"trailer.scs_gosck40","trailer_definition":"trailer_def.scs.gooseneck.singl_3e_40.container","units_count":30,"fill_ratio":1,"trailer_place":0}],"ocean_sol.varna":[{"target":"lognstick.galati","urgency":0,"shortest_distance_km":323,"ferry_time":30,"ferry_price":65,"cargo":"cargo.used_packag","company_truck":"man_6x4_b","trailer_variant":"trailer.scs_dry_a","trailer_definition":"trailer_def.scs.box.single_3.dryvan","units_count":33,"fill_ratio":1,"trailer_place":0}],"kaarfor.edirne":[{"target":"cnp.burgas","urgency":2,"shortest_distance_km":267,"ferry_time":0,"ferry_price":0,"cargo":"cargo.empty_palet","company_truck":"daf_xf_euro6_4x2_c","trailer_variant":"trailer.scs_dry_s","trailer_definition":"trailer_def.scs.box.single_3.dryvan","units_count":33,"fill_ratio":1,"trailer_place":0},{"target":"tm_istanbul.istanbul","urgency":0,"shortest_distance_km":186,"ferry_time":0,"ferry_price":0,"cargo":"cargo.used_plast","company_truck":"man_6x4_b","trailer_variant":"trailer.scs_dry_s","trailer_definition":"trailer_def.scs.box.single_3.dryvan","units_count":33,"fill_ratio":1,"trailer_place":0},{"target":"baltrak.edirne","urgency":1,"shortest_distance_km":1,"ferry_time":0,"ferry_price":0,"cargo":"cargo.used_plast_c","company_truck":"mercedes_4x2","trailer_variant":"trailer.scs_gosck220","trailer_definition":"trailer_def.scs.gooseneck.singl_3e_220.container","units_count":30,"fill_ratio":1,"trailer_place":0}],"ocean_sol.mangalia":[{"target":"lognstick.bucuresti","urgency":0,"shortest_distance_km":238,"ferry_time":0,"ferry_price":0,"cargo":"cargo.scrap_metals","company_truck":"renault_magnum_4x2_a","trailer_variant":"trailer.s_ki_solid.cover","trailer_definition":"trailer_def.scrap_metals.s_ki_solid.cover","units_count":100,"fill_ratio":1,"trailer_place":0}]}