{"bcp.kassel":[{"target":"nch.riga","urgency":2,"shortest_distance_km":1415,"ferry_time":0,"ferry_price":0,"cargo":"cargo.empty_palet","company_truck":"iveco_6x2_a","trailer_variant":"trailer.scs_dry_s","trailer_definition":"trailer_def.scs.box.single_3.dryvan","units_count":33,"fill_ratio":1,"trailer_place":0}],"posped.geneve":[{"target":"stokes.wien","urgency":0,"shortest_distance_km":915,"ferry_time":0,"ferry_price":0,"cargo":"cargo.train_part2","company_truck":"daf_xf_euro6_6x4_c","trailer_variant":"trailer.scs_flat_b","trailer_definition":"trailer_def.scs.flatbed.single_3.flatbed_w","units_count":2,"fill_ratio":1,"trailer_place":0},{"target":"nch.kouvola","urgency":2,"shortest_distance_km":2619,"ferry_time":150,"ferry_price":430,"cargo":"cargo.oil_filt_c","company_truck":"scania_streamline_6x2_b","trailer_variant":"trailer.scs_flat_c_r","trailer_definition":"trailer_def.scs.flatbed.single_3.container","units_count":33,"fill_ratio":1,"trailer_place":0}],"tree_et.dortmund":[{"target":"baltomorsk.ventspils","urgency":0,"shortest_distance_km":1500,"ferry_time":0,"ferry_price":0,"cargo":"cargo.digger500","company_truck":"iveco_4x2_c","trailer_variant":"trailer.overweight.digger500","trailer_definition":"trailer_def.digger500.overweight.digger500","units_count":100,"fill_ratio":1,"trailer_place":0}],"itcc.luxembourg":[{"target":"blt.paldiski","urgency":1,"shortest_distance_km":2034,"ferry_time":0,"ferry_price":0,"cargo":"cargo.outdr_flr_tl","company_truck":"mercedes_4x2_a","trailer_variant":"trailer.scs_dry","trailer_definition":"trailer_def.scs.box.single_3.dryvan","units_count":33,"fill_ratio":1,"trailer_place":0}],"euroacres.dresden":[{"target":"lintukainen.pori","urgency":0,"shortest_distance_km":1378,"ferry_time":645,"ferry_price":1574,"cargo":"cargo.digger500","company_truck":"scania_4x2_b","trailer_variant":"trailer.overweight.digger500","trailer_definition":"trailer_def.digger500.overweight.digger500","units_count":100,"fill_ratio":1,"trailer_place":0}],"posped.bremen":[{"target":"stokes.nurnberg","urgency":0,"shortest_distance_km":574,"ferry_time":0,"ferry_price":0,"cargo":"cargo.train_part2","company_truck":"renault_premium_4x2_c","trailer_variant":"trailer.scs_flat_r","trailer_definition":"trailer_def.scs.flatbed.single_3.flatbed_w","units_count":2,"fill_ratio":1,"trailer_place":0}],"eurogoodies.wien":[{"target":"lateds.valmiera","urgency":1,"shortest_distance_km":1391,"ferry_time":0,"ferry_price":0,"cargo":"cargo.almond","company_truck":"daf_6x2_a","trailer_variant":"trailer.scs_curt_s","trailer_definition":"trailer_def.scs.box.single_3.curtain","units_count":33,"fill_ratio":1,"trailer_place":0}],"lkwlog.manchester":[{"target":"sanbuilders.london","urgency":0,"shortest_distance_km":364,"ferry_time":0,"ferry_price":0,"cargo":"cargo.concr_stair","company_truck":"renault_t_4x2h","trailer_variant":"trailer.scs_flat_r","trailer_definition":"trailer_def.scs.flatbed.single_3.flatbed_w","units_count":2,"fill_ratio":1,"trailer_place":0}],"itcc.linz":[{"target":"lkwlog.graz","urgency":1,"shortest_distance_km":217,"ferry_time":0,"ferry_price":0,"cargo":"cargo.metal_beams","company_truck":"mercedes_6x4_a","trailer_variant":"trailer.scs_flat_c_g","trailer_definition":"trailer_def.scs.flatbed.single_3.container","units_count":10,"fill_ratio":1,"trailer_place":0}],"stokes.calais":[{"target":"tradeaux.lille","urgency":0,"shortest_distance_km":114,"ferry_time":0,"ferry_price":0,"cargo":"cargo.concr_stair","company_truck":"mercedes_4x2_c","trailer_variant":"trailer.scs_flat_c_r","trailer_definition":"trailer_def.scs.flatbed.single_3.container","units_count":2,"fill_ratio":1,"trailer_place":0}],"wgcc.grimsby":[{"target":"ns_chem.kaunas","urgency":1,"shortest_distance_km":2322,"ferry_time":35,"ferry_price":300,"cargo":"cargo.potassium","company_truck":"man_4x2_a","trailer_variant":"trailer.scs_gosck20","trailer_definition":"trailer_def.scs.gooseneck.singl_3e_20.container","units_count":40,"fill_ratio":1,"trailer_place":0}],"wgcc.glasgow":[{"target":"nch.turku","urgency":1,"shortest_distance_km":1474,"ferry_time":1680,"ferry_price":2484,"cargo":"cargo.ammunition","company_truck":"renault_premium_4x2_a","trailer_variant":"trailer.scs_curt_a","trailer_definition":"trailer_def.scs.box.single_3.curtain","units_count":33,"fill_ratio":1,"trailer_place":0}],"sellplan.osnabruck":[{"target":"ns_oil_ru.kaliningrad","urgency":2,"shortest_distance_km":1008,"ferry_time":0,"ferry_price":0,"cargo":"cargo.empty_palet","company_truck":"man_6x4_b","trailer_variant":"trailer.scs_dry_ms","trailer_definition":"trailer_def.scs.box.single_3.dryvan_m","units_count":32,"fill_ratio":1,"trailer_place":0}],"itcc.sheffield":[{"target":"transinet.cambridge","urgency":0,"shortest_distance_km":265,"ferry_time":0,"ferry_price":0,"cargo":"cargo.concr_stair","company_truck":"man_6x4_b","trailer_variant":"trailer.scs_flat_r","trailer_definition":"trailer_def.scs.flatbed.single_3.flatbed_w","units_count":2,"fill_ratio":1,"trailer_place":0}],"bcp.stuttgart":[{"target":"rosmark.liepaja","urgency":1,"shortest_distance_km":1609,"ferry_time":0,"ferry_price":0,"cargo":"cargo.used_battery","company_truck":"renault_premium_4x2_c","trailer_variant":"trailer.scs_dry_s","trailer_definition":"trailer_def.scs.box.single_3.dryvan","units_count":33,"fill_ratio":1,"trailer_place":0}],"stokes.nurnberg":[{"target":"sanbuilders.nurnberg","urgency":0,"shortest_distance_km":1,"ferry_time":0,"ferry_price":0,"cargo":"cargo.concr_beams2","company_truck":"daf_xf_euro6_4x2_c","trailer_variant":"trailer.scs_flat_r","trailer_definition":"trailer_def.scs.flatbed.single_3.flatbed_w","units_count":2,"fill_ratio":1,"trailer_place":0}],"lisette_log.paris":[{"target":"stokes.dusseldorf","urgency":0,"shortest_distance_km":545,"ferry_time":0,"ferry_price":0,"cargo":"cargo.concr_stair","company_truck":"renault_magnum_6x4_a","trailer_variant":"trailer.scs_flat_b","trailer_definition":"trailer_def.scs.flatbed.single_3.flatbed_w","units_count":2,"fill_ratio":1,"trailer_place":1}],"renar.turku":[{"target":"blt.kunda","urgency":2,"shortest_distance_km":328,"ferry_time":150,"ferry_price":430,"cargo":"cargo.maple_syrup","company_truck":"iveco_4x2_a","trailer_variant":"trailer.scs_curt","trailer_definition":"trailer_def.scs.box.single_3.curtain","units_count":33,"fill_ratio":1,"trailer_place":0},{"target":"gnt.daugavpils","urgency":2,"shortest_distance_km":771,"ferry_time":150,"ferry_price":430,"cargo":"cargo.rooflights","company_truck":"mercedes_actros_2014_6x4_b","trailer_variant":"trailer.scs_dry","trailer_definition":"trailer_def.scs.box.single_3.dryvan","units_count":33,"fill_ratio":1,"trailer_place":0}],"radus.kouvola":[{"target":"nch.turku","urgency":2,"shortest_distance_km":391,"ferry_time":0,"ferry_price":0,"cargo":"cargo.bricks","company_truck":"iveco_4x2_a","trailer_variant":"trailer.scs_brick_r","trailer_definition":"trailer_def.scs.flatbed.single_3.brick","units_count":33,"fill_ratio":1,"trailer_place":0},{"target":"blt_ru.petersburg","urgency":0,"shortest_distance_km":348,"ferry_time":0,"ferry_price":0,"cargo":"cargo.concr_beams2","company_truck":"iveco_6x2_a","trailer_variant":"trailer.scs_flat_r","trailer_definition":"trailer_def.scs.flatbed.single_3.flatbed_w","units_count":2,"fill_ratio":1,"trailer_place":0},{"target":"domdepo_ru.vyborg","urgency":0,"shortest_distance_km":170,"ferry_time":0,"ferry_price":0,"cargo":"cargo.concr_stair","company_truck":"renault_premium_4x2_c","trailer_variant":"trailer.scs_flat_b","trailer_definition":"trailer_def.scs.flatbed.single_3.flatbed_w","units_count":2,"fill_ratio":1,"trailer_place":0}],"radus.tartu":[{"target":"rosmark_ru.kaliningrad","urgency":0,"shortest_distance_km":713,"ferry_time":0,"ferry_price":0,"cargo":"cargo.concr_beams2","company_truck":"scania_r_6x2_450","trailer_variant":"trailer.scs_flat_c_g","trailer_definition":"trailer_def.scs.flatbed.single_3.container","units_count":2,"fill_ratio":1,"trailer_place":0},{"target":"nch.turku","urgency":2,"shortest_distance_km":379,"ferry_time":150,"ferry_price":430,"cargo":"cargo.concr_cent","company_truck":"daf_xf_euro6_4x2_c","trailer_variant":"trailer.scs_flat_r","trailer_definition":"trailer_def.scs.flatbed.single_3.flatbed_w","units_count":2,"fill_ratio":1,"trailer_place":0}],"baltomorsk.kaunas":[{"target":"nch.vilnius","urgency":2,"shortest_distance_km":164,"ferry_time":0,"ferry_price":0,"cargo":"cargo.empty_palet","company_truck":"scania_4x2_b","trailer_variant":"trailer.scs_dry","trailer_definition":"trailer_def.scs.box.single_3.dryvan","units_count":33,"fill_ratio":1,"trailer_place":0}],"ns_chem.riga":[{"target":"nch_ru.petersburg","urgency":0,"shortest_distance_km":489,"ferry_time":0,"ferry_price":0,"cargo":"cargo.cyanide","company_truck":"scania_4x2_c","trailer_variant":"trailer.scs_flat_c_r","trailer_definition":"trailer_def.scs.flatbed.single_3.container","units_count":87,"fill_ratio":1,"trailer_place":0},{"target":"nch.riga","urgency":1,"shortest_distance_km":1,"ferry_time":0,"ferry_price":0,"cargo":"cargo.phosphor","company_truck":"man_6x4_b","trailer_variant":"trailer.scs_gosck220","trailer_definition":"trailer_def.scs.gooseneck.singl_3e_220.container","units_count":80,"fill_ratio":1,"trailer_place":0}],"rosmark_ru.vyborg":[{"target":"blt_ru.petersburg","urgency":0,"shortest_distance_km":184,"ferry_time":0,"ferry_price":0,"cargo":"cargo.fertilizer","company_truck":"mercedes_4x2_b","trailer_variant":"trailer.scs_curt_a","trailer_definition":"trailer_def.scs.box.single_3.curtain","units_count":33,"fill_ratio":1,"trailer_place":0}],"ns_chem.pori":[{"target":"bltmetal.pori","urgency":0,"shortest_distance_km":58,"ferry_time":0,"ferry_price":0,"cargo":"cargo.graph_grease","company_truck":"double/renault_magnum_4x2_a","trailer_variant":"trailer.scs_dry_2","trailer_definition":"trailer_def.scs.box.double_3_2.dryvan","units_count":53,"fill_ratio":1,"trailer_place":0}],"ladoga_ru.kaliningrad":[{"target":"gnt.daugavpils","urgency":0,"shortest_distance_km":572,"ferry_time":0,"ferry_price":0,"cargo":"cargo.used_packag","company_truck":"scania_streamline_4x2_b","trailer_variant":"trailer.scs_dry_m","trailer_definition":"trailer_def.scs.box.single_3.dryvan_m","units_count":33,"fill_ratio":1,"trailer_place":0},{"target":"cont_port.klaipeda","urgency":1,"shortest_distance_km":320,"ferry_time":0,"ferry_price":0,"cargo":"cargo.used_plast_c","company_truck":"mercedes_6x4_a","trailer_variant":"trailer.scs_gosck20","trailer_definition":"trailer_def.scs.gooseneck.singl_3e_20.container","units_count":15,"fill_ratio":1,"trailer_place":0}],"ukko.loviisa":[{"target":"rosmark_ru.luga","urgency":1,"shortest_distance_km":487,"ferry_time":0,"ferry_price":0,"cargo":"cargo.forklifts","company_truck":"man_4x2_a","trailer_variant":"trailer.overweight.forklifts","trailer_definition":"trailer_def.forklifts.overweight.forklifts","units_count":100,"fill_ratio":1,"trailer_place":0}],"gnt.valmiera":[{"target":"lvr.daugavpils","urgency":0,"shortest_distance_km":259,"ferry_time":0,"ferry_price":0,"cargo":"cargo.train_part2","company_truck":"renault_magnum_4x2_a","trailer_variant":"trailer.scs_flat_b","trailer_definition":"trailer_def.scs.flatbed.single_3.flatbed_w","units_count":2,"fill_ratio":1,"trailer_place":0},{"target":"blt.tartu","urgency":2,"shortest_distance_km":208,"ferry_time":0,"ferry_price":0,"cargo":"cargo.beans","company_truck":"daf_4x2_b","trailer_variant":"trailer.scs_dry","trailer_definition":"trailer_def.scs.box.single_3.dryvan","units_count":33,"fill_ratio":1,"trailer_place":0}],"suprema.tampere":[{"target":"ibp.helsinki","urgency":2,"shortest_distance_km":289,"ferry_time":0,"ferry_price":0,"cargo":"cargo.empty_palet","company_truck":"man_6x4_b","trailer_variant":"trailer.scs_curt","trailer_definition":"trailer_def.scs.box.single_3.curtain","units_count":33,"fill_ratio":1,"trailer_place":0},{"target":"cont_port.tallinn","urgency":1,"shortest_distance_km":319,"ferry_time":150,"ferry_price":430,"cargo":"cargo.used_plast_c","company_truck":"scania_s_6x4_730","trailer_variant":"trailer.scs_flat_c_g","trailer_definition":"trailer_def.scs.flatbed.single_3.container","units_count":33,"fill_ratio":1,"trailer_place":0},{"target":"nch.turku","urgency":0,"shortest_distance_km":237,"ferry_time":0,"ferry_price":0,"cargo":"cargo.used_packag","company_truck":"double/scania_4x2_a","trailer_variant":"trailer.scs_dry_b2","trailer_definition":"trailer_def.scs.box.bdouble_3_3.dryvan","units_count":53,"fill_ratio":1,"trailer_place":0}],"kivi.helsinki":[{"target":"ukko.loviisa","urgency":1,"shortest_distance_km":164,"ferry_time":0,"ferry_price":0,"cargo":"cargo.digger1000","company_truck":"scania_s_4x2_370","trailer_variant":"trailer.overweight.digger1000","trailer_definition":"trailer_def.digger1000.overweight.digger1000","units_count":100,"fill_ratio":1,"trailer_place":0},{"target":"blt.kaunas","urgency":0,"shortest_distance_km":740,"ferry_time":150,"ferry_price":430,"cargo":"cargo.gravel","company_truck":"man_6x4_b","trailer_variant":"trailer.s_ki_solid.gravel","trailer_definition":"trailer_def.gravel.s_ki_solid.gravel","units_count":100,"fill_ratio":1,"trailer_place":0}],"bhv.parnu":[{"target":"blt.kunda","urgency":0,"shortest_distance_km":218,"ferry_time":0,"ferry_price":0,"cargo":"cargo.mondeos","company_truck":"scania_4x2_b","trailer_variant":"trailer.car_trans","trailer_definition":"trailer_def.mondeos.car_trans","units_count":100,"fill_ratio":1,"trailer_place":0}],"blt_ru.petersburg":[{"target":"nch_ru.petersburg","urgency":2,"shortest_distance_km":70,"ferry_time":0,"ferry_price":0,"cargo":"cargo.maple_syrup","company_truck":"mercedes_actros_2014_4x2_a","trailer_variant":"trailer.scs_dry_m","trailer_definition":"trailer_def.scs.box.single_3.dryvan_m","units_count":33,"fill_ratio":1,"trailer_place":0},{"target":"baltomorsk.kaunas","urgency":0,"shortest_distance_km":786,"ferry_time":0,"ferry_price":0,"cargo":"cargo.diggers","company_truck":"scania_r_6x2_450","trailer_variant":"trailer.overweight.digger","trailer_definition":"trailer_def.diggers.overweight.digger","units_count":98,"fill_ratio":1,"trailer_place":0}],"agrominta_a.utena":[{"target":"lateds.daugavpils","urgency":0,"shortest_distance_km":157,"ferry_time":0,"ferry_price":0,"cargo":"cargo.beef_meat","company_truck":"scania_s_4x2_370","trailer_variant":"trailer.scs_ref","trailer_definition":"trailer_def.scs.box.single_3.reefer","units_count":33,"fill_ratio":1,"trailer_place":0},{"target":"nch.vilnius","urgency":2,"shortest_distance_km":98,"ferry_time":0,"ferry_price":0,"cargo":"cargo.milk_t","company_truck":"scania_s_6x4_730","trailer_variant":"trailer.scs_fodt","trailer_definition":"trailer_def.scs.foodtank.single_3.paint","units_count":23,"fill_ratio":1,"trailer_place":0}],"ibp.helsinki":[{"target":"rosmark.riga","urgency":0,"shortest_distance_km":466,"ferry_time":150,"ferry_price":430,"cargo":"cargo.fueltanker","company_truck":"man_6x4_b","trailer_variant":"trailer.scs_gosck40","trailer_definition":"trailer_def.scs.gooseneck.singl_3e_40.container","units_count":80,"fill_ratio":1,"trailer_place":0}],"nch_ru.petersburg":[{"target":"rosmark.riga","urgency":0,"shortest_distance_km":503,"ferry_time":0,"ferry_price":0,"cargo":"cargo.used_plast","company_truck":"scania_streamline_4x2_c","trailer_variant":"trailer.scs_dry_s","trailer_definition":"trailer_def.scs.box.single_3.dryvan","units_count":33,"fill_ratio":1,"trailer_place":0},{"target":"sal_fi.pori","urgency":1,"shortest_distance_km":733,"ferry_time":0,"ferry_price":0,"cargo":"cargo.glass_packed","company_truck":"iveco_4x2_a","trailer_variant":"trailer.gls_trailer","trailer_definition":"trailer_def.glass_packed.gls_trailer","units_count":100,"fill_ratio":1,"trailer_place":0}],"lvr.riga":[{"target":"ns_oil.daugavpils","urgency":2,"shortest_distance_km":223,"ferry_time":0,"ferry_price":0,"cargo":"cargo.hipresstank","company_truck":"scania_6x2_b","trailer_variant":"trailer.scs_flat_r","trailer_definition":"trailer_def.scs.flatbed.single_3.flatbed_w","units_count":2,"fill_ratio":1,"trailer_place":0},{"target":"blt.paldiski","urgency":0,"shortest_distance_km":272,"ferry_time":0,"ferry_price":0,"cargo":"cargo.train_part2","company_truck":"scania_6x4_a","trailer_variant":"trailer.scs_flat_r","trailer_definition":"trailer_def.scs.flatbed.single_3.flatbed_w","units_count":2,"fill_ratio":1,"trailer_place":0},{"target":"rosmark.liepaja","urgency":0,"shortest_distance_km":249,"ferry_time":0,"ferry_price":0,"cargo":"cargo.train_part","company_truck":"mercedes_actros_2014_4x2_a","trailer_variant":"trailer.scs_flat_c_g","trailer_definition":"trailer_def.scs.flatbed.single_3.container","units_count":2,"fill_ratio":1,"trailer_place":0}],"gnt.ventspils":[{"target":"suprema.rezekne","urgency":0,"shortest_distance_km":426,"ferry_time":0,"ferry_price":0,"cargo":"cargo.goat_cheese","company_truck":"man_6x4_b","trailer_variant":"trailer.scs_ref","trailer_definition":"trailer_def.scs.box.single_3.reefer","units_count":33,"fill_ratio":1,"trailer_place":0}],"ika_bohag.vilnius":[{"target":"ibp.naantali","urgency":2,"shortest_distance_km":796,"ferry_time":150,"ferry_price":430,"cargo":"cargo.empty_palet","company_truck":"scania_r_4x2_520","trailer_variant":"trailer.scs_curt_s","trailer_definition":"trailer_def.scs.box.single_3.curtain","units_count":33,"fill_ratio":1,"trailer_place":0}],"nch.kouvola":[{"target":"bltmetal.pori","urgency":1,"shortest_distance_km":327,"ferry_time":0,"ferry_price":0,"cargo":"cargo.nitrogen","company_truck":"man_6x4_b","trailer_variant":"trailer.scs_gosck40","trailer_definition":"trailer_def.scs.gooseneck.singl_3e_40.container","units_count":80,"fill_ratio":1,"trailer_place":0},{"target":"renar.tampere","urgency":0,"shortest_distance_km":247,"ferry_time":0,"ferry_price":0,"cargo":"cargo.straw_bales","company_truck":"daf_xf_euro6_4x2_a","trailer_variant":"trailer.scs_flat_c_r","trailer_definition":"trailer_def.scs.flatbed.single_3.container","units_count":33,"fill_ratio":1,"trailer_place":0}],"fintyre.tampere":[{"target":"rosmark.riga","urgency":0,"shortest_distance_km":561,"ferry_time":150,"ferry_price":430,"cargo":"cargo.used_packag","company_truck":"mercedes_4x2_b","trailer_variant":"trailer.scs_dry_m","trailer_definition":"trailer_def.scs.box.single_3.dryvan_m","units_count":33,"fill_ratio":1,"trailer_place":0}],"baltomorsk.valmiera":[{"target":"gnt.panevezys","urgency":1,"shortest_distance_km":205,"ferry_time":0,"ferry_price":0,"cargo":"cargo.lumber","company_truck":"man_6x4_b","trailer_variant":"trailer.scs_flat_r","trailer_definition":"trailer_def.scs.flatbed.single_3.flatbed_w","units_count":2,"fill_ratio":1,"trailer_place":0}],"nch.riga":[{"target":"suprema.parnu","urgency":0,"shortest_distance_km":165,"ferry_time":0,"ferry_price":0,"cargo":"cargo.oranges","company_truck":"mercedes_4x2","trailer_variant":"trailer.scs_ins","trailer_definition":"trailer_def.scs.box.single_3.insulated","units_count":33,"fill_ratio":1,"trailer_place":0}],"cemelt_win.paldiski":[{"target":"renar.tampere","urgency":2,"shortest_distance_km":350,"ferry_time":150,"ferry_price":430,"cargo":"cargo.empty_palet","company_truck":"scania_4x2_a","trailer_variant":"trailer.scs_curt_s","trailer_definition":"trailer_def.scs.box.single_3.curtain","units_count":33,"fill_ratio":1,"trailer_place":0}],"aerobalt.kaunas":[{"target":"blt.tartu","urgency":2,"shortest_distance_km":549,"ferry_time":0,"ferry_price":0,"cargo":"cargo.med_equip","company_truck":"man_6x4_b","trailer_variant":"trailer.scs_ins_a","trailer_definition":"trailer_def.scs.box.single_3.insulated","units_count":33,"fill_ratio":1,"trailer_place":0}],"ns_chem_ru.luga":[{"target":"nch_ru.petersburg","urgency":0,"shortest_distance_km":142,"ferry_time":0,"ferry_price":0,"cargo":"cargo.fluorine","company_truck":"scania_4x2_c","trailer_variant":"trailer.scs_flat_c_g","trailer_definition":"trailer_def.scs.flatbed.single_3.container","units_count":87,"fill_ratio":1,"trailer_place":0},{"target":"bltmetal.liepaja","urgency":2,"shortest_distance_km":599,"ferry_time":0,"ferry_price":0,"cargo":"cargo.acetylene","company_truck":"scania_s_4x2_370","trailer_variant":"trailer.scs_gosck40","trailer_definition":"trailer_def.scs.gooseneck.singl_3e_40.container","units_count":80,"fill_ratio":1,"trailer_place":0}],"gnt.vilnius":[{"target":"nch.vilnius","urgency":0,"shortest_distance_km":6,"ferry_time":0,"ferry_price":0,"cargo":"cargo.digger500","company_truck":"daf_6x2_a","trailer_variant":"trailer.overweight.digger500","trailer_definition":"trailer_def.digger500.overweight.digger500","units_count":100,"fill_ratio":1,"trailer_place":0},{"target":"blt.tartu","urgency":0,"shortest_distance_km":535,"ferry_time":0,"ferry_price":0,"cargo":"cargo.train_part","company_truck":"man_6x4_b","trailer_variant":"trailer.scs_flat_r","trailer_definition":"trailer_def.scs.flatbed.single_3.flatbed_w","units_count":2,"fill_ratio":1,"trailer_place":0}],"bltmetal.siauliai":[{"target":"nch.tallinn","urgency":0,"shortest_distance_km":491,"ferry_time":0,"ferry_price":0,"cargo":"cargo.concr_beams2","company_truck":"scania_6x4_a","trailer_variant":"trailer.scs_flat_r","trailer_definition":"trailer_def.scs.flatbed.single_3.flatbed_w","units_count":2,"fill_ratio":1,"trailer_place":0}],"suprema.parnu":[{"target":"renar.parnu","urgency":0,"shortest_distance_km":2,"ferry_time":0,"ferry_price":0,"cargo":"cargo.used_plast","company_truck":"scania_r_6x4_650","trailer_variant":"trailer.scs_dry","trailer_definition":"trailer_def.scs.box.single_3.dryvan","units_count":33,"fill_ratio":1,"trailer_place":0}],"egres.kouvola":[{"target":"suprema.parnu","urgency":0,"shortest_distance_km":400,"ferry_time":150,"ferry_price":430,"cargo":"cargo.cont_trees","company_truck":"daf_6x2_a","trailer_variant":"trailer.scs_curt_s","trailer_definition":"trailer_def.scs.box.single_3.curtain","units_count":33,"fill_ratio":1,"trailer_place":0},{"target":"ateria.helsinki","urgency":0,"shortest_distance_km":156,"ferry_time":0,"ferry_price":0,"cargo":"cargo.nuts","company_truck":"double/man_euro6_4x2_xxl","trailer_variant":"trailer.scs_dry_2","trailer_definition":"trailer_def.scs.box.double_3_2.dryvan","units_count":53,"fill_ratio":1,"trailer_place":0}],"ika_bohag.helsinki":[{"target":"renar.lahti","urgency":2,"shortest_distance_km":175,"ferry_time":0,"ferry_price":0,"cargo":"cargo.empty_palet","company_truck":"mercedes_actros_2014_4x2_c","trailer_variant":"trailer.scs_curt_a","trailer_definition":"trailer_def.scs.box.single_3.curtain","units_count":33,"fill_ratio":1,"trailer_place":0}],"egres.helsinki":[{"target":"nch.kouvola","urgency":2,"shortest_distance_km":305,"ferry_time":0,"ferry_price":0,"cargo":"cargo.carrots","company_truck":"double/mercedes_4x2_a","trailer_variant":"trailer.scs_dry_2","trailer_definition":"trailer_def.scs.box.double_3_2.dryvan","units_count":53,"fill_ratio":1,"trailer_place":0},{"target":"renar.turku","urgency":0,"shortest_distance_km":154,"ferry_time":0,"ferry_price":0,"cargo":"cargo.carrots_c","company_truck":"renault_premium_6x2_a","trailer_variant":"trailer.scs_gosck40","trailer_definition":"trailer_def.scs.gooseneck.singl_3e_40.container","units_count":30,"fill_ratio":1,"trailer_place":0}],"ns_oil.tallinn":[{"target":"kivi.tartu","urgency":0,"shortest_distance_km":140,"ferry_time":0,"ferry_price":0,"cargo":"cargo.diesel","company_truck":"mercedes_actros_2014_4x2_a","trailer_variant":"trailer.willig.fuel_cistern","trailer_definition":"trailer_def.diesel.willig.fuel_cistern","units_count":95,"fill_ratio":1,"trailer_place":0},{"target":"blt.paldiski","urgency":0,"shortest_distance_km":100,"ferry_time":0,"ferry_price":0,"cargo":"cargo.oil","company_truck":"renault_premium_6x4_a","trailer_variant":"trailer.fuel_cistern","trailer_definition":"trailer_def.oil.fuel_cistern","units_count":100,"fill_ratio":1,"trailer_place":0}],"bltmetal.tallinn":[{"target":"blt.utena","urgency":1,"shortest_distance_km":517,"ferry_time":0,"ferry_price":0,"cargo":"cargo.excavator","company_truck":"daf_6x2_a","trailer_variant":"trailer.overweight.excavator","trailer_definition":"trailer_def.excavator.overweight.excavator","units_count":94,"fill_ratio":1,"trailer_place":0},{"target":"rosmark.liepaja","urgency":0,"shortest_distance_km":471,"ferry_time":0,"ferry_price":0,"cargo":"cargo.fueltanker","company_truck":"daf_xf_euro6_4x2_b","trailer_variant":"trailer.scs_gosck40","trailer_definition":"trailer_def.scs.gooseneck.singl_3e_40.container","units_count":80,"fill_ratio":1,"trailer_place":0}],"cemelt_bas.kaunas":[{"target":"gnt.daugavpils","urgency":1,"shortest_distance_km":240,"ferry_time":0,"ferry_price":0,"cargo":"cargo.digger1000","company_truck":"renault_magnum_6x4_a","trailer_variant":"trailer.overweight.digger1000","trailer_definition":"trailer_def.digger1000.overweight.digger1000","units_count":100,"fill_ratio":1,"trailer_place":0}],"cont_port.tallinn":[{"target":"cont_port_ru.petersburg","urgency":0,"shortest_distance_km":263,"ferry_time":0,"ferry_price":0,"cargo":"cargo.rice_c","company_truck":"mercedes_actros_2014_4x2_c","trailer_variant":"trailer.scs_gosck40","trailer_definition":"trailer_def.scs.gooseneck.singl_3e_40.container","units_count":30,"fill_ratio":1,"trailer_place":0}],"ukko.olkiluoto":[{"target":"viljo_paper.kouvola","urgency":1,"shortest_distance_km":365,"ferry_time":0,"ferry_price":0,"cargo":"cargo.forklifts","company_truck":"scania_streamline_4x2_a","trailer_variant":"trailer.overweight.forklifts","trailer_definition":"trailer_def.forklifts.overweight.forklifts","units_count":100,"fill_ratio":1,"trailer_place":0}],"polarislines.ventspils":[{"target":"gnt.klaipeda","urgency":1,"shortest_distance_km":180,"ferry_time":0,"ferry_price":0,"cargo":"cargo.outdr_flr_tl","company_truck":"renault_t_4x2","trailer_variant":"trailer.scs_dry_a","trailer_definition":"trailer_def.scs.box.single_3.dryvan","units_count":33,"fill_ratio":1,"trailer_place":0}],"baltomors_ru.petersburg":[{"target":"blt_ru.petersburg","urgency":1,"shortest_distance_km":213,"ferry_time":0,"ferry_price":0,"cargo":"cargo.excavator","company_truck":"man_6x4_b","trailer_variant":"trailer.overweight.excavator","trailer_definition":"trailer_def.excavator.overweight.excavator","units_count":94,"fill_ratio":1,"trailer_place":0},{"target":"domdepo_ru.vyborg","urgency":2,"shortest_distance_km":201,"ferry_time":0,"ferry_price":0,"cargo":"cargo.wshavings","company_truck":"mercedes_actros_2014_4x2_b","trailer_variant":"trailer.s_ki_solid.cover","trailer_definition":"trailer_def.wshavings.s_ki_solid.cover","units_count":100,"fill_ratio":1,"trailer_place":0}],"blt_yacht_ru.petersburg":[{"target":"nch.kouvola","urgency":0,"shortest_distance_km":347,"ferry_time":0,"ferry_price":0,"cargo":"cargo.scrap_metals","company_truck":"daf_xf_euro6_4x2_c","trailer_variant":"trailer.s_ki_solid.cover","trailer_definition":"trailer_def.scrap_metals.s_ki_solid.cover","units_count":100,"fill_ratio":1,"trailer_place":0}],"suprema.panevezys":[{"target":"gnt.panevezys","urgency":0,"shortest_distance_km":51,"ferry_time":0,"ferry_price":0,"cargo":"cargo.used_packag","company_truck":"mercedes_actros_2014_6x4_b","trailer_variant":"trailer.scs_curt","trailer_definition":"trailer_def.scs.box.single_3.curtain","units_count":33,"fill_ratio":1,"trailer_place":0},{"target":"nch.riga","urgency":0,"shortest_distance_km":160,"ferry_time":0,"ferry_price":0,"cargo":"cargo.used_plast","company_truck":"scania_r_6x4_650","trailer_variant":"trailer.scs_curt_a","trailer_definition":"trailer_def.scs.box.single_3.curtain","units_count":33,"fill_ratio":1,"trailer_place":0}],"domdepo.valmiera":[{"target":"sal_fi.helsinki","urgency":0,"shortest_distance_km":435,"ferry_time":150,"ferry_price":430,"cargo":"cargo.concr_stair","company_truck":"iveco_4x2_c","trailer_variant":"trailer.scs_flat_c_g","trailer_definition":"trailer_def.scs.flatbed.single_3.container","units_count":2,"fill_ratio":1,"trailer_place":0}],"radus.tampere":[{"target":"cemelt_win.klaipeda","urgency":0,"shortest_distance_km":848,"ferry_time":150,"ferry_price":430,"cargo":"cargo.concr_stair","company_truck":"renault_t_6x2","trailer_variant":"trailer.scs_flat_c_r","trailer_definition":"trailer_def.scs.flatbed.single_3.container","units_count":2,"fill_ratio":1,"trailer_place":0}],"suprema.tartu":[{"target":"blt.tartu","urgency":0,"shortest_distance_km":19,"ferry_time":0,"ferry_price":0,"cargo":"cargo.used_plast","company_truck":"man_6x4_b","trailer_variant":"trailer.scs_dry_ms","trailer_definition":"trailer_def.scs.box.single_3.dryvan_m","units_count":33,"fill_ratio":1,"trailer_place":0},{"target":"ns_oil.daugavpils","urgency":2,"shortest_distance_km":391,"ferry_time":0,"ferry_price":0,"cargo":"cargo.empty_palet","company_truck":"iveco_h_4x2_a","trailer_variant":"trailer.scs_curt_a","trailer_definition":"trailer_def.scs.box.single_3.curtain","units_count":33,"fill_ratio":1,"trailer_place":0}],"baltomorsk.rezekne":[{"target":"renat.daugavpils","urgency":0,"shortest_distance_km":124,"ferry_time":0,"ferry_price":0,"cargo":"cargo.sawpanels","company_truck":"daf_xf_euro6_4x2_c","trailer_variant":"trailer.scs_dry","trailer_definition":"trailer_def.scs.box.single_3.dryvan","units_count":33,"fill_ratio":1,"trailer_place":0}],"eviksi.riga":[{"target":"suprema.parnu","urgency":2,"shortest_distance_km":237,"ferry_time":0,"ferry_price":0,"cargo":"cargo.carrots","company_truck":"scania_streamline_6x4_a","trailer_variant":"trailer.scs_curt_s","trailer_definition":"trailer_def.scs.box.single_3.curtain","units_count":33,"fill_ratio":1,"trailer_place":0}],"blt_yacht.turku":[{"target":"gnt.vilnius","urgency":0,"shortest_distance_km":804,"ferry_time":150,"ferry_price":430,"cargo":"cargo.scrap_metals","company_truck":"mercedes_actros_2014_4x2_a","trailer_variant":"trailer.s_ki_solid.cover","trailer_definition":"trailer_def.scrap_metals.s_ki_solid.cover","units_count":100,"fill_ratio":1,"trailer_place":0}],"baltomorsk.daugavpils":[{"target":"baltomors_ru.pskov","urgency":0,"shortest_distance_km":274,"ferry_time":0,"ferry_price":0,"cargo":"cargo.digger500","company_truck":"daf_6x2_a","trailer_variant":"trailer.overweight.digger500","trailer_definition":"trailer_def.digger500.overweight.digger500","units_count":100,"fill_ratio":1,"trailer_place":0},{"target":"kivi.turku","urgency":1,"shortest_distance_km":705,"ferry_time":150,"ferry_price":430,"cargo":"cargo.digger1000","company_truck":"scania_r_6x4_650","trailer_variant":"trailer.overweight.digger1000","trailer_definition":"trailer_def.digger1000.overweight.digger1000","units_count":100,"fill_ratio":1,"trailer_place":0},{"target":"gnt.ventspils","urgency":2,"shortest_distance_km":403,"ferry_time":0,"ferry_price":0,"cargo":"cargo.wshavings","company_truck":"man_6x4_b","trailer_variant":"trailer.s_ki_solid.cover","trailer_definition":"trailer_def.wshavings.s_ki_solid.cover","units_count":100,"fill_ratio":1,"trailer_place":0}],"kivi.kotka":[{"target":"rosmark_ru.vyborg","urgency":1,"shortest_distance_km":174,"ferry_time":0,"ferry_price":0,"cargo":"cargo.excavator","company_truck":"man_6x4_b","trailer_variant":"trailer.overweight.excavator","trailer_definition":"trailer_def.excavator.overweight.excavator","units_count":94,"fill_ratio":1,"trailer_place":0},{"target":"radus.kouvola","urgency":0,"shortest_distance_km":96,"ferry_time":0,"ferry_price":0,"cargo":"cargo.gravel","company_truck":"daf_xf_euro6_4x2_c","trailer_variant":"trailer.s_ki_solid.gravel","trailer_definition":"trailer_def.gravel.s_ki_solid.gravel","units_count":100,"fill_ratio":1,"trailer_place":0},{"target":"renar.kotka","urgency":1,"shortest_distance_km":54,"ferry_time":0,"ferry_price":0,"cargo":"cargo.digger1000","company_truck":"mercedes_actros_2014_4x2_b","trailer_variant":"trailer.overweight.digger1000","trailer_definition":"trailer_def.digger1000.overweight.digger1000","units_count":100,"fill_ratio":1,"trailer_place":0}],"ika_bohag.tampere":[{"target":"blt.tartu","urgency":0,"shortest_distance_km":381,"ferry_time":150,"ferry_price":430,"cargo":"cargo.used_packag","company_truck":"iveco_4x2_b","trailer_variant":"trailer.scs_dry_m","trailer_definition":"trailer_def.scs.box.single_3.dryvan_m","units_count":33,"fill_ratio":1,"trailer_place":0},{"target":"rosmark_ru.kaliningrad","urgency":2,"shortest_distance_km":964,"ferry_time":150,"ferry_price":430,"cargo":"cargo.empty_palet","company_truck":"man_tgx_euro6_6x4_xlx","trailer_variant":"trailer.scs_curt_s","trailer_definition":"trailer_def.scs.box.single_3.curtain","units_count":33,"fill_ratio":1,"trailer_place":0}],"nch.turku":[{"target":"renar.parnu","urgency":0,"shortest_distance_km":379,"ferry_time":150,"ferry_price":430,"cargo":"cargo.coal","company_truck":"renault_premium_4x2_c","trailer_variant":"trailer.s_ki_solid.coal","trailer_definition":"trailer_def.coal.s_ki_solid.coal","units_count":100,"fill_ratio":1,"trailer_place":0}],"baltomors_ru.vyborg":[{"target":"viljo_paper.tampere","urgency":2,"shortest_distance_km":422,"ferry_time":0,"ferry_price":0,"cargo":"cargo.wshavings","company_truck":"mercedes_4x2","trailer_variant":"trailer.s_ki_solid.cover","trailer_definition":"trailer_def.wshavings.s_ki_solid.cover","units_count":100,"fill_ratio":1,"trailer_place":0}],"viljo_paper.tampere":[{"target":"gnt.vilnius","urgency":2,"shortest_distance_km":836,"ferry_time":150,"ferry_price":430,"cargo":"cargo.empty_palet","company_truck":"scania_r_4x2_520","trailer_variant":"trailer.scs_dry_ms","trailer_definition":"trailer_def.scs.box.single_3.dryvan_m","units_count":32,"fill_ratio":1,"trailer_place":0}],"ns_oil.paldiski":[{"target":"bltmetal.liepaja","urgency":1,"shortest_distance_km":474,"ferry_time":0,"ferry_price":0,"cargo":"cargo.motor_oil_c","company_truck":"man_6x4_b","trailer_variant":"trailer.scs_gosck40","trailer_definition":"trailer_def.scs.gooseneck.singl_3e_40.container","units_count":30,"fill_ratio":1,"trailer_place":0},{"target":"bltmetal_ru.pskov","urgency":0,"shortest_distance_km":339,"ferry_time":0,"ferry_price":0,"cargo":"cargo.oil","company_truck":"daf_xf_euro6_6x4_c","trailer_variant":"trailer.willig.fuel_cistern","trailer_definition":"trailer_def.oil.willig.fuel_cistern","units_count":101,"fill_ratio":1,"trailer_place":0},{"target":"bltmetal.liepaja","urgency":0,"shortest_distance_km":474,"ferry_time":0,"ferry_price":0,"cargo":"cargo.fueltanker","company_truck":"mercedes_actros_2014_4x2_b","trailer_variant":"trailer.scs_gosck40","trailer_definition":"trailer_def.scs.gooseneck.singl_3e_40.container","units_count":80,"fill_ratio":1,"trailer_place":0},{"target":"nch.tallinn","urgency":0,"shortest_distance_km":103,"ferry_time":0,"ferry_price":0,"cargo":"cargo.diesel","company_truck":"renault_premium_6x2_a","trailer_variant":"trailer.fuel_cistern","trailer_definition":"trailer_def.diesel.fuel_cistern","units_count":94,"fill_ratio":1,"trailer_place":0}],"blt.kunda":[{"target":"rosmark_ru.luga","urgency":0,"shortest_distance_km":243,"ferry_time":0,"ferry_price":0,"cargo":"cargo.graph_grease","company_truck":"man_6x4_b","trailer_variant":"trailer.scs_dry_s","trailer_definition":"trailer_def.scs.box.single_3.dryvan","units_count":33,"fill_ratio":1,"trailer_place":0}],"lintukainen.pori":[{"target":"rosmark_ru.vyborg","urgency":2,"shortest_distance_km":483,"ferry_time":0,"ferry_price":0,"cargo":"cargo.wshavings","company_truck":"scania_streamline_4x2_a","trailer_variant":"trailer.s_ki_solid.cover","trailer_definition":"trailer_def.wshavings.s_ki_solid.cover","units_count":100,"fill_ratio":1,"trailer_place":0},{"target":"renat.helsinki","urgency":1,"shortest_distance_km":220,"ferry_time":0,"ferry_price":0,"cargo":"cargo.lumber","company_truck":"scania_s_4x2_370","trailer_variant":"trailer.scs_flat_c_g","trailer_definition":"trailer_def.scs.flatbed.single_3.container","units_count":2,"fill_ratio":1,"trailer_place":0},{"target":"nch.turku","urgency":1,"shortest_distance_km":99,"ferry_time":0,"ferry_price":0,"cargo":"cargo.excavator","company_truck":"scania_s_6x2_450","trailer_variant":"trailer.overweight.excavator","trailer_definition":"trailer_def.excavator.overweight.excavator","units_count":100,"fill_ratio":1,"trailer_place":0}],"lintukainen.kouvola":[{"target":"gnt.daugavpils","urgency":0,"shortest_distance_km":818,"ferry_time":0,"ferry_price":0,"cargo":"cargo.digger500","company_truck":"man_4x2_a","trailer_variant":"trailer.overweight.digger500","trailer_definition":"trailer_def.digger500.overweight.digger500","units_count":100,"fill_ratio":1,"trailer_place":0},{"target":"renar.tampere","urgency":1,"shortest_distance_km":219,"ferry_time":0,"ferry_price":0,"cargo":"cargo.lumber","company_truck":"iveco_4x2_b","trailer_variant":"trailer.scs_flat_b","trailer_definition":"trailer_def.scs.flatbed.single_3.flatbed_w","units_count":2,"fill_ratio":1,"trailer_place":0}],"agrominta.utena":[{"target":"polarislines.helsinki","urgency":2,"shortest_distance_km":547,"ferry_time":150,"ferry_price":430,"cargo":"cargo.beans","company_truck":"renault_t_6x2","trailer_variant":"trailer.scs_curt","trailer_definition":"trailer_def.scs.box.single_3.curtain","units_count":33,"fill_ratio":1,"trailer_place":0}],"ee_paper.kunda":[{"target":"kivi.turku","urgency":0,"shortest_distance_km":339,"ferry_time":150,"ferry_price":430,"cargo":"cargo.emptytank","company_truck":"mercedes_actros_2014_4x2_c","trailer_variant":"trailer.scs_flat_c_g","trailer_definition":"trailer_def.scs.flatbed.single_3.container","units_count":2,"fill_ratio":1,"trailer_place":0}],"baltomors_ru.pskov":[{"target":"blt_ru.pskov","urgency":2,"shortest_distance_km":12,"ferry_time":0,"ferry_price":0,"cargo":"cargo.wshavings","company_truck":"scania_4x2_b","trailer_variant":"trailer.s_ki_solid.cover","trailer_definition":"trailer_def.wshavings.s_ki_solid.cover","units_count":100,"fill_ratio":1,"trailer_place":0}],"marina_it.tallinn":[{"target":"nch_ru.petersburg","urgency":2,"shortest_distance_km":328,"ferry_time":0,"ferry_price":0,"cargo":"cargo.princess","company_truck":"man_tgx_euro6_4x2_xxl","trailer_variant":"trailer.overweight.boat","trailer_definition":"trailer_def.princess.overweight.boat","units_count":100,"fill_ratio":1,"trailer_place":0}],"sal_fi.pori":[{"target":"renar.turku","urgency":1,"shortest_distance_km":104,"ferry_time":0,"ferry_price":0,"cargo":"cargo.oil_filters","company_truck":"man_6x4_b","trailer_variant":"trailer.scs_dry_ms","trailer_definition":"trailer_def.scs.box.single_3.dryvan_m","units_count":33,"fill_ratio":1,"trailer_place":0},{"target":"nch.kouvola","urgency":1,"shortest_distance_km":327,"ferry_time":0,"ferry_price":0,"cargo":"cargo.potatoes","company_truck":"man_tgx_euro6_4x2_xl","trailer_variant":"trailer.scs_curt_s","trailer_definition":"trailer_def.scs.box.single_3.curtain","units_count":33,"fill_ratio":1,"trailer_place":0}],"gnt.daugavpils":[{"target":"eviksi.daugavpils","urgency":1,"shortest_distance_km":17,"ferry_time":0,"ferry_price":0,"cargo":"cargo.digger1000","company_truck":"mercedes_actros_2014_6x4_b","trailer_variant":"trailer.overweight.digger1000","trailer_definition":"trailer_def.digger1000.overweight.digger1000","units_count":100,"fill_ratio":1,"trailer_place":0},{"target":"renar.tampere","urgency":0,"shortest_distance_km":758,"ferry_time":150,"ferry_price":430,"cargo":"cargo.straw_bales","company_truck":"mercedes_actros_2014_4x2_b","trailer_variant":"trailer.scs_flat_c_g","trailer_definition":"trailer_def.scs.flatbed.single_3.container","units_count":33,"fill_ratio":1,"trailer_place":0}],"domdepo_ru.vyborg":[{"target":"gnt.ventspils","urgency":2,"shortest_distance_km":859,"ferry_time":0,"ferry_price":0,"cargo":"cargo.copp_rf_gutt","company_truck":"scania_4x2_a","trailer_variant":"trailer.scs_dry","trailer_definition":"trailer_def.scs.box.single_3.dryvan","units_count":33,"fill_ratio":1,"trailer_place":0},{"target":"renar.kotka","urgency":1,"shortest_distance_km":190,"ferry_time":0,"ferry_price":0,"cargo":"cargo.outdr_flr_tl","company_truck":"iveco_4x2_c","trailer_variant":"trailer.scs_dry_m","trailer_definition":"trailer_def.scs.box.single_3.dryvan_m","units_count":33,"fill_ratio":1,"trailer_place":0}],"lateds.daugavpils":[{"target":"nch.riga","urgency":0,"shortest_distance_km":209,"ferry_time":0,"ferry_price":0,"cargo":"cargo.chewing_gums","company_truck":"scania_r_6x2_450","trailer_variant":"trailer.scs_dry","trailer_definition":"trailer_def.scs.box.single_3.dryvan","units_count":31,"fill_ratio":1,"trailer_place":0}],"ns_oil_ru.pskov":[{"target":"cont_port.helsinki","urgency":1,"shortest_distance_km":644,"ferry_time":0,"ferry_price":0,"cargo":"cargo.motor_oil_c","company_truck":"mercedes_4x2_b","trailer_variant":"trailer.scs_gosck40","trailer_definition":"trailer_def.scs.gooseneck.singl_3e_40.container","units_count":30,"fill_ratio":1,"trailer_place":0},{"target":"ladoga_ru.petersburg","urgency":1,"shortest_distance_km":350,"ferry_time":0,"ferry_price":0,"cargo":"cargo.motor_oil","company_truck":"man_tgx_euro6_4x2_xl","trailer_variant":"trailer.scs_dry","trailer_definition":"trailer_def.scs.box.single_3.dryvan","units_count":33,"fill_ratio":1,"trailer_place":0},{"target":"ibp.helsinki","urgency":0,"shortest_distance_km":626,"ferry_time":0,"ferry_price":0,"cargo":"cargo.lpg","company_truck":"man_6x4_b","trailer_variant":"trailer.willig.fuel_cistern","trailer_definition":"trailer_def.lpg.willig.fuel_cistern","units_count":101,"fill_ratio":1,"trailer_place":0},{"target":"aerobalt.riga","urgency":0,"shortest_distance_km":357,"ferry_time":0,"ferry_price":0,"cargo":"cargo.kerosene","company_truck":"scania_6x4_a","trailer_variant":"trailer.willig.fuel_cistern","trailer_definition":"trailer_def.kerosene.willig.fuel_cistern","units_count":100,"fill_ratio":1,"trailer_place":0}],"viln_paper.vilnius":[{"target":"suprema.panevezys","urgency":0,"shortest_distance_km":197,"ferry_time":0,"ferry_price":0,"cargo":"cargo.paper","company_truck":"renault_magnum_6x2_a","trailer_variant":"trailer.scs_dry_s","trailer_definition":"trailer_def.scs.box.single_3.dryvan","units_count":33,"fill_ratio":1,"trailer_place":0},{"target":"rosmark.rezekne","urgency":0,"shortest_distance_km":362,"ferry_time":0,"ferry_price":0,"cargo":"cargo.emptytank","company_truck":"scania_4x2_b","trailer_variant":"trailer.scs_flat_c_g","trailer_definition":"trailer_def.scs.flatbed.single_3.container","units_count":2,"fill_ratio":1,"trailer_place":0},{"target":"blt.utena","urgency":0,"shortest_distance_km":139,"ferry_time":0,"ferry_price":0,"cargo":"cargo.used_packag","company_truck":"man_6x4_b","trailer_variant":"trailer.scs_dry","trailer_definition":"trailer_def.scs.box.single_3.dryvan","units_count":33,"fill_ratio":1,"trailer_place":0},{"target":"ns_oil.klaipeda","urgency":2,"shortest_distance_km":240,"ferry_time":0,"ferry_price":0,"cargo":"cargo.empty_palet","company_truck":"man_6x4_b","trailer_variant":"trailer.scs_curt","trailer_definition":"trailer_def.scs.box.single_3.curtain","units_count":33,"fill_ratio":1,"trailer_place":0}],"renar.narva":[{"target":"sal_fi.helsinki","urgency":2,"shortest_distance_km":263,"ferry_time":150,"ferry_price":430,"cargo":"cargo.watermelons","company_truck":"mercedes_4x2","trailer_variant":"trailer.scs_ins_a","trailer_definition":"trailer_def.scs.box.single_3.insulated","units_count":33,"fill_ratio":1,"trailer_place":0},{"target":"suprema.parnu","urgency":0,"shortest_distance_km":326,"ferry_time":0,"ferry_price":0,"cargo":"cargo.nuts","company_truck":"daf_xf_euro6_4x2_a","trailer_variant":"trailer.scs_dry_m","trailer_definition":"trailer_def.scs.box.single_3.dryvan_m","units_count":33,"fill_ratio":1,"trailer_place":0}],"blt.siauliai":[{"target":"rosmark.riga","urgency":2,"shortest_distance_km":199,"ferry_time":0,"ferry_price":0,"cargo":"cargo.carrots","company_truck":"scania_streamline_4x2_c","trailer_variant":"trailer.scs_dry_s","trailer_definition":"trailer_def.scs.box.single_3.dryvan","units_count":33,"fill_ratio":1,"trailer_place":0}],"suprema.kaunas":[{"target":"gnt.daugavpils","urgency":0,"shortest_distance_km":239,"ferry_time":0,"ferry_price":0,"cargo":"cargo.used_plast","company_truck":"man_6x4_b","trailer_variant":"trailer.scs_dry_s","trailer_definition":"trailer_def.scs.box.single_3.dryvan","units_count":33,"fill_ratio":1,"trailer_place":0}],"renat.helsinki":[{"target":"ika_bohag.helsinki","urgency":2,"shortest_distance_km":105,"ferry_time":0,"ferry_price":0,"cargo":"cargo.furniture","company_truck":"scania_streamline_6x2_b","trailer_variant":"trailer.scs_curt_s","trailer_definition":"trailer_def.scs.box.single_3.curtain","units_count":33,"fill_ratio":1,"trailer_place":0}],"sal_fi.kouvola":[{"target":"renar.parnu","urgency":1,"shortest_distance_km":395,"ferry_time":150,"ferry_price":430,"cargo":"cargo.sandwch_pnls","company_truck":"renault_magnum_4x2_a","trailer_variant":"trailer.scs_dry_s","trailer_definition":"trailer_def.scs.box.single_3.dryvan","units_count":33,"fill_ratio":1,"trailer_place":0},{"target":"nch_ru.petersburg","urgency":0,"shortest_distance_km":393,"ferry_time":0,"ferry_price":0,"cargo":"cargo.grapes","company_truck":"scania_streamline_6x2_b","trailer_variant":"trailer.scs_ref","trailer_definition":"trailer_def.scs.box.single_3.reefer","units_count":33,"fill_ratio":1,"trailer_place":0}],"ns_chem.kaunas":[{"target":"nch.riga","urgency":1,"shortest_distance_km":285,"ferry_time":0,"ferry_price":0,"cargo":"cargo.phosphor","company_truck":"scania_s_4x2_580","trailer_variant":"trailer.scs_flat_c_r","trailer_definition":"trailer_def.scs.flatbed.single_3.container","units_count":87,"fill_ratio":1,"trailer_place":0}],"renar.tampere":[{"target":"nch.turku","urgency":0,"shortest_distance_km":203,"ferry_time":0,"ferry_price":0,"cargo":"cargo.ketchup","company_truck":"scania_streamline_4x2_b","trailer_variant":"trailer.scs_dry_m","trailer_definition":"trailer_def.scs.box.single_3.dryvan_m","units_count":33,"fill_ratio":1,"trailer_place":0}],"ika_ru.petersburg":[{"target":"rosmark_ru.luga","urgency":0,"shortest_distance_km":190,"ferry_time":0,"ferry_price":0,"cargo":"cargo.used_packag","company_truck":"mercedes_4x2_b","trailer_variant":"trailer.scs_curt","trailer_definition":"trailer_def.scs.box.single_3.curtain","units_count":33,"fill_ratio":1,"trailer_place":0},{"target":"rosmark.riga","urgency":2,"shortest_distance_km":550,"ferry_time":0,"ferry_price":0,"cargo":"cargo.empty_palet","company_truck":"man_6x4_b","trailer_variant":"trailer.scs_curt_a","trailer_definition":"trailer_def.scs.box.single_3.curtain","units_count":33,"fill_ratio":1,"trailer_place":0}],"rosmark_ru.luga":[{"target":"blt_ru.petersburg","urgency":1,"shortest_distance_km":200,"ferry_time":0,"ferry_price":0,"cargo":"cargo.vent_tube","company_truck":"mercedes_actros_2014_4x2_c","trailer_variant":"trailer.scs_flat_c_g","trailer_definition":"trailer_def.scs.flatbed.single_3.container","units_count":2,"fill_ratio":1,"trailer_place":0},{"target":"renar.kotka","urgency":2,"shortest_distance_km":461,"ferry_time":0,"ferry_price":0,"cargo":"cargo.chem_sorb_c","company_truck":"man_6x4_b","trailer_variant":"trailer.scs_gosck20","trailer_definition":"trailer_def.scs.gooseneck.singl_3e_20.container","units_count":15,"fill_ratio":1,"trailer_place":0},{"target":"gnt.valmiera","urgency":2,"shortest_distance_km":300,"ferry_time":0,"ferry_price":0,"cargo":"cargo.fireworks","company_truck":"man_6x4_b","trailer_variant":"trailer.scs_curt_s","trailer_definition":"trailer_def.scs.box.single_3.curtain","units_count":33,"fill_ratio":1,"trailer_place":0}],"zelenye.petersburg":[{"target":"renar.turku","urgency":2,"shortest_distance_km":666,"ferry_time":0,"ferry_price":0,"cargo":"cargo.tomatoes","company_truck":"iveco_4x2_a","trailer_variant":"trailer.scs_ins_a","trailer_definition":"trailer_def.scs.box.single_3.insulated","units_count":33,"fill_ratio":1,"trailer_place":0}],"fintyre_ru.petersburg":[{"target":"renar.tallinn","urgency":0,"shortest_distance_km":506,"ferry_time":0,"ferry_price":0,"cargo":"cargo.used_packag","company_truck":"mercedes_actros_2014_4x2_a","trailer_variant":"trailer.scs_curt","trailer_definition":"trailer_def.scs.box.single_3.curtain","units_count":33,"fill_ratio":1,"trailer_place":0},{"target":"severoatm_ru.sosnovy_bor","urgency":1,"shortest_distance_km":273,"ferry_time":0,"ferry_price":0,"cargo":"cargo.forklifts","company_truck":"mercedes_6x4_a","trailer_variant":"trailer.overweight.forklifts","trailer_definition":"trailer_def.forklifts.overweight.forklifts","units_count":100,"fill_ratio":1,"trailer_place":0}],"ns_oil.valmiera":[{"target":"bltmetal.siauliai","urgency":0,"shortest_distance_km":232,"ferry_time":0,"ferry_price":0,"cargo":"cargo.oil","company_truck":"iveco_4x2_a","trailer_variant":"trailer.willig.fuel_cistern","trailer_definition":"trailer_def.oil.willig.fuel_cistern","units_count":101,"fill_ratio":1,"trailer_place":0},{"target":"nch.kouvola","urgency":1,"shortest_distance_km":592,"ferry_time":150,"ferry_price":430,"cargo":"cargo.petrol","company_truck":"daf_xf_euro6_4x2_a","trailer_variant":"trailer.willig.fuel_cistern","trailer_definition":"trailer_def.petrol.willig.fuel_cistern","units_count":101,"fill_ratio":1,"trailer_place":0},{"target":"baltomors_ru.vyborg","urgency":0,"shortest_distance_km":614,"ferry_time":0,"ferry_price":0,"cargo":"cargo.kerosene","company_truck":"scania_r_6x4_650","trailer_variant":"trailer.willig.fuel_cistern","trailer_definition":"trailer_def.kerosene.willig.fuel_cistern","units_count":100,"fill_ratio":1,"trailer_place":0}],"onnelik.narva":[{"target":"sal_fi.helsinki","urgency":2,"shortest_distance_km":220,"ferry_time":150,"ferry_price":430,"cargo":"cargo.peas","company_truck":"renault_t_4x2","trailer_variant":"trailer.scs_dry","trailer_definition":"trailer_def.scs.box.single_3.dryvan","units_count":33,"fill_ratio":1,"trailer_place":0}],"eviksi_a.valmiera":[{"target":"ateria.tallinn","urgency":0,"shortest_distance_km":307,"ferry_time":0,"ferry_price":0,"cargo":"cargo.beef_meat","company_truck":"man_6x4_b","trailer_variant":"trailer.scs_ref_s","trailer_definition":"trailer_def.scs.box.single_3.reefer","units_count":33,"fill_ratio":1,"trailer_place":0}],"bltmetal.pori":[{"target":"rosmark_ru.luga","urgency":2,"shortest_distance_km":734,"ferry_time":0,"ferry_price":0,"cargo":"cargo.wallpanels","company_truck":"scania_streamline_6x4_a","trailer_variant":"trailer.panel_trans.wall","trailer_definition":"trailer_def.wallpanels.panel_trans.wall","units_count":85,"fill_ratio":1,"trailer_place":0},{"target":"nch.turku","urgency":1,"shortest_distance_km":147,"ferry_time":0,"ferry_price":0,"cargo":"cargo.vent_tube","company_truck":"scania_r_4x2_370","trailer_variant":"trailer.scs_flat_r","trailer_definition":"trailer_def.scs.flatbed.single_3.flatbed_w","units_count":2,"fill_ratio":1,"trailer_place":0}],"ibp.naantali":[{"target":"sal_fi.pori","urgency":0,"shortest_distance_km":116,"ferry_time":0,"ferry_price":0,"cargo":"cargo.oil","company_truck":"scania_r_6x4_650","trailer_variant":"trailer.willig.fuel_cistern","trailer_definition":"trailer_def.oil.willig.fuel_cistern","units_count":101,"fill_ratio":1,"trailer_place":0},{"target":"baltomors_ru.pskov","urgency":0,"shortest_distance_km":544,"ferry_time":150,"ferry_price":430,"cargo":"cargo.lpg","company_truck":"scania_4x2_c","trailer_variant":"trailer.willig.fuel_cistern","trailer_definition":"trailer_def.lpg.willig.fuel_cistern","units_count":101,"fill_ratio":1,"trailer_place":0}],"lintukainen.tartu":[{"target":"renar.lahti","urgency":2,"shortest_distance_km":405,"ferry_time":150,"ferry_price":430,"cargo":"cargo.wshavings","company_truck":"mercedes_actros_2014_4x2_a","trailer_variant":"trailer.s_ki_solid.cover","trailer_definition":"trailer_def.wshavings.s_ki_solid.cover","units_count":100,"fill_ratio":1,"trailer_place":0},{"target":"nch.kouvola","urgency":0,"shortest_distance_km":578,"ferry_time":0,"ferry_price":0,"cargo":"cargo.diggers","company_truck":"mercedes_4x2","trailer_variant":"trailer.overweight.digger","trailer_definition":"trailer_def.diggers.overweight.digger","units_count":98,"fill_ratio":1,"trailer_place":0}],"ns_oil.daugavpils":[{"target":"lintukainen.kotka","urgency":0,"shortest_distance_km":806,"ferry_time":0,"ferry_price":0,"cargo":"cargo.kerosene","company_truck":"iveco_4x2_a","trailer_variant":"trailer.fuel_cistern","trailer_definition":"trailer_def.kerosene.fuel_cistern","units_count":100,"fill_ratio":1,"trailer_place":0},{"target":"lintukainen.tartu","urgency":0,"shortest_distance_km":424,"ferry_time":0,"ferry_price":0,"cargo":"cargo.oil","company_truck":"daf_4x2_b","trailer_variant":"trailer.fuel_cistern","trailer_definition":"trailer_def.oil.fuel_cistern","units_count":100,"fill_ratio":1,"trailer_place":0},{"target":"bltmetal_ru.pskov","urgency":1,"shortest_distance_km":275,"ferry_time":0,"ferry_price":0,"cargo":"cargo.motor_oil_c","company_truck":"man_4x2_c","trailer_variant":"trailer.scs_gosck220","trailer_definition":"trailer_def.scs.gooseneck.singl_3e_220.container","units_count":30,"fill_ratio":1,"trailer_place":0}],"rosmark_ru.kaliningrad":[{"target":"blt.kunda","urgency":1,"shortest_distance_km":816,"ferry_time":0,"ferry_price":0,"cargo":"cargo.glass","company_truck":"scania_streamline_4x2_b","trailer_variant":"trailer.panel_trans.glass","trailer_definition":"trailer_def.glass.panel_trans.glass","units_count":90,"fill_ratio":1,"trailer_place":0}],"renat.riga":[{"target":"blt_ru.pskov","urgency":2,"shortest_distance_km":236,"ferry_time":0,"ferry_price":0,"cargo":"cargo.furniture","company_truck":"daf_xf_euro6_4x2_c","trailer_variant":"trailer.scs_dry_ms","trailer_definition":"trailer_def.scs.box.single_3.dryvan_m","units_count":33,"fill_ratio":1,"trailer_place":0}],"kivi.utena":[{"target":"renar.lahti","urgency":1,"shortest_distance_km":781,"ferry_time":150,"ferry_price":430,"cargo":"cargo.digger1000","company_truck":"daf_4x2_b","trailer_variant":"trailer.overweight.digger1000","trailer_definition":"trailer_def.digger1000.overweight.digger1000","units_count":100,"fill_ratio":1,"trailer_place":0}],"blt.kaunas":[{"target":"kivi.tartu","urgency":1,"shortest_distance_km":612,"ferry_time":0,"ferry_price":0,"cargo":"cargo.sand","company_truck":"scania_streamline_4x2_b","trailer_variant":"trailer.s_ki_solid.sand","trailer_definition":"trailer_def.sand.s_ki_solid.sand","units_count":100,"fill_ratio":1,"trailer_place":0}],"cemelt_win.klaipeda":[{"target":"ns_oil.ventspils","urgency":2,"shortest_distance_km":210,"ferry_time":0,"ferry_price":0,"cargo":"cargo.empty_palet","company_truck":"scania_4x2_c","trailer_variant":"trailer.scs_dry_s","trailer_definition":"trailer_def.scs.box.single_3.dryvan","units_count":33,"fill_ratio":1,"trailer_place":0}],"blt_ru.pskov":[{"target":"nch.kouvola","urgency":2,"shortest_distance_km":587,"ferry_time":0,"ferry_price":0,"cargo":"cargo.chem_sorb_c","company_truck":"daf_xf_euro6_4x2_a","trailer_variant":"trailer.scs_flat_c_g","trailer_definition":"trailer_def.scs.flatbed.single_3.container","units_count":33,"fill_ratio":1,"trailer_place":0}],"blt.paldiski":[{"target":"rosmark.rezekne","urgency":0,"shortest_distance_km":501,"ferry_time":0,"ferry_price":0,"cargo":"cargo.floorpanels","company_truck":"iveco_6x2_a","trailer_variant":"trailer.panel_trans.floor","trailer_definition":"trailer_def.floorpanels.panel_trans.floor","units_count":82,"fill_ratio":1,"trailer_place":0},{"target":"renar.kotka","urgency":0,"shortest_distance_km":310,"ferry_time":150,"ferry_price":430,"cargo":"cargo.coal","company_truck":"scania_streamline_4x2_b","trailer_variant":"trailer.s_ki_solid.coal","trailer_definition":"trailer_def.coal.s_ki_solid.coal","units_count":100,"fill_ratio":1,"trailer_place":0},{"target":"bltmetal.siauliai","urgency":1,"shortest_distance_km":419,"ferry_time":0,"ferry_price":0,"cargo":"cargo.petrol","company_truck":"scania_r_4x2_520","trailer_variant":"trailer.willig.fuel_cistern","trailer_definition":"trailer_def.petrol.willig.fuel_cistern","units_count":101,"fill_ratio":1,"trailer_place":0}],"kivi.tartu":[{"target":"rosmark_ru.luga","urgency":1,"shortest_distance_km":381,"ferry_time":0,"ferry_price":0,"cargo":"cargo.excavator","company_truck":"renault_t_6x2","trailer_variant":"trailer.overweight.excavator","trailer_definition":"trailer_def.excavator.overweight.excavator","units_count":94,"fill_ratio":1,"trailer_place":0}],"aerobalt.turku":[{"target":"blt.kaunas","urgency":2,"shortest_distance_km":798,"ferry_time":150,"ferry_price":430,"cargo":"cargo.med_equip","company_truck":"renault_magnum_6x2_a","trailer_variant":"trailer.scs_ref_s","trailer_definition":"trailer_def.scs.box.single_3.reefer","units_count":33,"fill_ratio":1,"trailer_place":0}],"baltomors_ru.luga":[{"target":"blt.utena","urgency":0,"shortest_distance_km":513,"ferry_time":0,"ferry_price":0,"cargo":"cargo.logs","company_truck":"mercedes_6x2_b","trailer_variant":"trailer.scs_log","trailer_definition":"trailer_def.scs.log.single_3.steel","units_count":2,"fill_ratio":1,"trailer_place":0},{"target":"nch_ru.petersburg","urgency":0,"shortest_distance_km":119,"ferry_time":0,"ferry_price":0,"cargo":"cargo.digger500","company_truck":"mercedes_4x2_a","trailer_variant":"trailer.overweight.digger500","trailer_definition":"trailer_def.digger500.overweight.digger500","units_count":100,"fill_ratio":1,"trailer_place":0}],"nch.tallinn":[{"target":"blt.paldiski","urgency":0,"shortest_distance_km":101,"ferry_time":0,"ferry_price":0,"cargo":"cargo.paper","company_truck":"daf_xf_euro6_6x4_c","trailer_variant":"trailer.scs_curt_s","trailer_definition":"trailer_def.scs.box.single_3.curtain","units_count":33,"fill_ratio":1,"trailer_place":0}],"lvr.daugavpils":[{"target":"blt_ru.pskov","urgency":0,"shortest_distance_km":271,"ferry_time":0,"ferry_price":0,"cargo":"cargo.train_part","company_truck":"man_6x4_b","trailer_variant":"trailer.scs_flat_c_g","trailer_definition":"trailer_def.scs.flatbed.single_3.container","units_count":2,"fill_ratio":1,"trailer_place":0},{"target":"gnt.vilnius","urgency":0,"shortest_distance_km":203,"ferry_time":0,"ferry_price":0,"cargo":"cargo.train_part2","company_truck":"renault_t_4x2h","trailer_variant":"trailer.scs_flat_r","trailer_definition":"trailer_def.scs.flatbed.single_3.flatbed_w","units_count":2,"fill_ratio":1,"trailer_place":0},{"target":"agrominta_a.utena","urgency":2,"shortest_distance_km":163,"ferry_time":0,"ferry_price":0,"cargo":"cargo.hipresstank","company_truck":"renault_magnum_6x4_a","trailer_variant":"trailer.scs_flat_b","trailer_definition":"trailer_def.scs.flatbed.single_3.flatbed_w","units_count":2,"fill_ratio":1,"trailer_place":0}],"suprema_ru.pskov":[{"target":"rosmark_ru.vyborg","urgency":0,"shortest_distance_km":406,"ferry_time":0,"ferry_price":0,"cargo":"cargo.used_plast","company_truck":"mercedes_4x2_b","trailer_variant":"trailer.scs_curt","trailer_definition":"trailer_def.scs.box.single_3.curtain","units_count":33,"fill_ratio":1,"trailer_place":0},{"target":"cont_port_ru.petersburg","urgency":1,"shortest_distance_km":262,"ferry_time":0,"ferry_price":0,"cargo":"cargo.used_plast_c","company_truck":"iveco_4x2_c","trailer_variant":"trailer.scs_flat_c_g","trailer_definition":"trailer_def.scs.flatbed.single_3.container","units_count":33,"fill_ratio":1,"trailer_place":0}],"cemelt_fla.valmiera":[{"target":"onnelik_a.parnu","urgency":1,"shortest_distance_km":210,"ferry_time":0,"ferry_price":0,"cargo":"cargo.digger1000","company_truck":"daf_xf_euro6_6x4_c","trailer_variant":"trailer.overweight.digger1000","trailer_definition":"trailer_def.digger1000.overweight.digger1000","units_count":100,"fill_ratio":1,"trailer_place":0},{"target":"blt_ru.petersburg","urgency":0,"shortest_distance_km":517,"ferry_time":0,"ferry_price":0,"cargo":"cargo.digger500","company_truck":"mercedes_6x4_a","trailer_variant":"trailer.overweight.digger500","trailer_definition":"trailer_def.digger500.overweight.digger500","units_count":100,"fill_ratio":1,"trailer_place":0}],"bltmetal.liepaja":[{"target":"viljo_paper.tampere","urgency":1,"shortest_distance_km":802,"ferry_time":150,"ferry_price":430,"cargo":"cargo.forklifts","company_truck":"scania_r_6x2_450","trailer_variant":"trailer.overweight.forklifts","trailer_definition":"trailer_def.forklifts.overweight.forklifts","units_count":100,"fill_ratio":1,"trailer_place":0},{"target":"blt.siauliai","urgency":1,"shortest_distance_km":207,"ferry_time":0,"ferry_price":0,"cargo":"cargo.excavator","company_truck":"renault_t_6x2","trailer_variant":"trailer.overweight.excavator","trailer_definition":"trailer_def.excavator.overweight.excavator","units_count":94,"fill_ratio":1,"trailer_place":0}],"nch.vilnius":[{"target":"sal_fi.helsinki","urgency":1,"shortest_distance_km":628,"ferry_time":150,"ferry_price":430,"cargo":"cargo.chimney_syst","company_truck":"daf_xf_euro6_6x2_a","trailer_variant":"trailer.scs_curt_a","trailer_definition":"trailer_def.scs.box.single_3.curtain","units_count":33,"fill_ratio":1,"trailer_place":0},{"target":"gnt.vilnius","urgency":0,"shortest_distance_km":7,"ferry_time":0,"ferry_price":0,"cargo":"cargo.vinegar_c","company_truck":"renault_magnum_4x2_a","trailer_variant":"trailer.scs_gosck20","trailer_definition":"trailer_def.scs.gooseneck.singl_3e_20.container","units_count":15,"fill_ratio":1,"trailer_place":0}],"rosmark.liepaja":[{"target":"sal_fi.pori","urgency":2,"shortest_distance_km":801,"ferry_time":150,"ferry_price":430,"cargo":"cargo.milk_t","company_truck":"iveco_h_4x2_a","trailer_variant":"trailer.scs_fodt","trailer_definition":"trailer_def.scs.foodtank.single_3.paint","units_count":23,"fill_ratio":1,"trailer_place":0}],"cont_port.klaipeda":[{"target":"blt.kaunas","urgency":0,"shortest_distance_km":200,"ferry_time":0,"ferry_price":0,"cargo":"cargo.rice_c","company_truck":"scania_streamline_4x2_b","trailer_variant":"trailer.scs_gosck20","trailer_definition":"trailer_def.scs.gooseneck.singl_3e_20.container","units_count":15,"fill_ratio":1,"trailer_place":0}],"cont_port.helsinki":[{"target":"suprema.rezekne","urgency":0,"shortest_distance_km":638,"ferry_time":150,"ferry_price":430,"cargo":"cargo.carrots_c","company_truck":"daf_xf_euro6_6x2_a","trailer_variant":"trailer.scs_gosck220","trailer_definition":"trailer_def.scs.gooseneck.singl_3e_220.container","units_count":30,"fill_ratio":1,"trailer_place":0},{"target":"renar.turku","urgency":0,"shortest_distance_km":256,"ferry_time":0,"ferry_price":0,"cargo":"cargo.rice_c","company_truck":"scania_streamline_4x2_a","trailer_variant":"trailer.scs_flat_c_r","trailer_definition":"trailer_def.scs.flatbed.single_3.container","units_count":33,"fill_ratio":1,"trailer_place":0}],"onnelik_a.parnu":[{"target":"polarislines.paldiski","urgency":0,"shortest_distance_km":145,"ferry_time":0,"ferry_price":0,"cargo":"cargo.drymilk","company_truck":"daf_xf_euro6_6x4_c","trailer_variant":"trailer.scs_dry","trailer_definition":"trailer_def.scs.box.single_3.dryvan","units_count":33,"fill_ratio":1,"trailer_place":0},{"target":"rosmark.rezekne","urgency":0,"shortest_distance_km":407,"ferry_time":0,"ferry_price":0,"cargo":"cargo.beef_meat","company_truck":"scania_streamline_4x2_a","trailer_variant":"trailer.scs_ref_s","trailer_definition":"trailer_def.scs.box.single_3.reefer","units_count":33,"fill_ratio":1,"trailer_place":0}],"severoatm_ru.sosnovy_bor":[{"target":"domdepo_ru.vyborg","urgency":0,"shortest_distance_km":218,"ferry_time":0,"ferry_price":0,"cargo":"cargo.excav_soil","company_truck":"man_4x2_a","trailer_variant":"trailer.s_ki_solid.cover","trailer_definition":"trailer_def.excav_soil.s_ki_solid.cover","units_count":99,"fill_ratio":1,"trailer_place":0}],"polarislines.naantali":[{"target":"renar.tampere","urgency":2,"shortest_distance_km":198,"ferry_time":0,"ferry_price":0,"cargo":"cargo.furniture","company_truck":"man_6x4_b","trailer_variant":"trailer.scs_dry_a","trailer_definition":"trailer_def.scs.box.single_3.dryvan","units_count":33,"fill_ratio":1,"trailer_place":0}],"renar.lahti":[{"target":"aerobalt.turku","urgency":2,"shortest_distance_km":226,"ferry_time":0,"ferry_price":0,"cargo":"cargo.med_equip","company_truck":"scania_s_6x2_450","trailer_variant":"trailer.scs_curt","trailer_definition":"trailer_def.scs.box.single_3.curtain","units_count":33,"fill_ratio":1,"trailer_place":0}],"viljo_paper.kouvola":[{"target":"renar.tampere","urgency":0,"shortest_distance_km":255,"ferry_time":0,"ferry_price":0,"cargo":"cargo.paper","company_truck":"double/daf_4x2_a","trailer_variant":"trailer.scs_dry_2","trailer_definition":"trailer_def.scs.box.double_3_2.dryvan","units_count":53,"fill_ratio":1,"trailer_place":0},{"target":"sal_fi.kouvola","urgency":0,"shortest_distance_km":52,"ferry_time":0,"ferry_price":0,"cargo":"cargo.emptytank","company_truck":"man_6x4_b","trailer_variant":"trailer.scs_flat_c_r","trailer_definition":"trailer_def.scs.flatbed.single_3.container","units_count":2,"fill_ratio":1,"trailer_place":0},{"target":"blt.tartu","urgency":2,"shortest_distance_km":586,"ferry_time":0,"ferry_price":0,"cargo":"cargo.empty_palet","company_truck":"daf_xf_euro6_6x2_a","trailer_variant":"trailer.scs_dry","trailer_definition":"trailer_def.scs.box.single_3.dryvan","units_count":33,"fill_ratio":1,"trailer_place":0}],"renat.rezekne":[{"target":"blt.paldiski","urgency":1,"shortest_distance_km":486,"ferry_time":0,"ferry_price":0,"cargo":"cargo.forklifts","company_truck":"daf_xf_euro6_6x4_c","trailer_variant":"trailer.overweight.forklifts","trailer_definition":"trailer_def.forklifts.overweight.forklifts","units_count":100,"fill_ratio":1,"trailer_place":0}],"radus_ru.petersburg":[{"target":"blt.paldiski","urgency":0,"shortest_distance_km":491,"ferry_time":0,"ferry_price":0,"cargo":"cargo.diggers","company_truck":"mercedes_actros_2014_6x2_a","trailer_variant":"trailer.overweight.digger","trailer_definition":"trailer_def.diggers.overweight.digger","units_count":98,"fill_ratio":1,"trailer_place":0},{"target":"domdepo_ru.luga","urgency":2,"shortest_distance_km":222,"ferry_time":0,"ferry_price":0,"cargo":"cargo.bricks","company_truck":"man_6x4_b","trailer_variant":"trailer.scs_brick_r","trailer_definition":"trailer_def.scs.flatbed.single_3.brick","units_count":33,"fill_ratio":1,"trailer_place":0}],"kamen_ru.vyborg":[{"target":"domdepo_ru.vyborg","urgency":0,"shortest_distance_km":42,"ferry_time":0,"ferry_price":0,"cargo":"cargo.stone_dust","company_truck":"man_6x4_b","trailer_variant":"trailer.s_ki_solid.cover","trailer_definition":"trailer_def.stone_dust.s_ki_solid.cover","units_count":100,"fill_ratio":1,"trailer_place":0}],"onnelik.parnu":[{"target":"suprema.kaunas","urgency":2,"shortest_distance_km":473,"ferry_time":0,"ferry_price":0,"cargo":"cargo.carrots","company_truck":"mercedes_4x2_c","trailer_variant":"trailer.scs_curt_s","trailer_definition":"trailer_def.scs.box.single_3.curtain","units_count":33,"fill_ratio":1,"trailer_place":0}],"cont_port.kotka":[{"target":"renar.tallinn","urgency":1,"shortest_distance_km":304,"ferry_time":150,"ferry_price":430,"cargo":"cargo.apples_c","company_truck":"man_tgx_euro6_4x2_xxl","trailer_variant":"trailer.scs_flat_c_g","trailer_definition":"trailer_def.scs.flatbed.single_3.container","units_count":33,"fill_ratio":1,"trailer_place":0},{"target":"renar.tampere","urgency":0,"shortest_distance_km":323,"ferry_time":0,"ferry_price":0,"cargo":"cargo.carrots_c","company_truck":"iveco_4x2_c","trailer_variant":"trailer.scs_gosck220","trailer_definition":"trailer_def.scs.gooseneck.singl_3e_220.container","units_count":30,"fill_ratio":1,"trailer_place":0},{"target":"renar.parnu","urgency":0,"shortest_distance_km":380,"ferry_time":150,"ferry_price":430,"cargo":"cargo.rice_c","company_truck":"mercedes_4x2_b","trailer_variant":"trailer.scs_gosck220","trailer_definition":"trailer_def.scs.gooseneck.singl_3e_220.container","units_count":30,"fill_ratio":1,"trailer_place":0}],"renat.daugavpils":[{"target":"suprema_ru.pskov","urgency":2,"shortest_distance_km":268,"ferry_time":0,"ferry_price":0,"cargo":"cargo.furniture","company_truck":"scania_streamline_6x2_b","trailer_variant":"trailer.scs_dry_s","trailer_definition":"trailer_def.scs.box.single_3.dryvan","units_count":33,"fill_ratio":1,"trailer_place":0}],"marina_it.klaipeda":[{"target":"renar.tallinn","urgency":2,"shortest_distance_km":571,"ferry_time":0,"ferry_price":0,"cargo":"cargo.princess","company_truck":"man_6x4_b","trailer_variant":"trailer.overweight.boat","trailer_definition":"trailer_def.princess.overweight.boat","units_count":100,"fill_ratio":1,"trailer_place":0}],"suprema.rezekne":[{"target":"gnt.vilnius","urgency":1,"shortest_distance_km":256,"ferry_time":0,"ferry_price":0,"cargo":"cargo.used_plast_c","company_truck":"scania_4x2_b","trailer_variant":"trailer.scs_gosck40","trailer_definition":"trailer_def.scs.gooseneck.singl_3e_40.container","units_count":30,"fill_ratio":1,"trailer_place":0},{"target":"rosmark.riga","urgency":2,"shortest_distance_km":265,"ferry_time":0,"ferry_price":0,"cargo":"cargo.empty_palet","company_truck":"iveco_6x2_a","trailer_variant":"trailer.scs_curt_a","trailer_definition":"trailer_def.scs.box.single_3.curtain","units_count":33,"fill_ratio":1,"trailer_place":0}],"renat.siauliai":[{"target":"suprema.panevezys","urgency":2,"shortest_distance_km":64,"ferry_time":0,"ferry_price":0,"cargo":"cargo.furniture","company_truck":"mercedes_actros_2014_4x2_c","trailer_variant":"trailer.scs_dry_m","trailer_definition":"trailer_def.scs.box.single_3.dryvan_m","units_count":33,"fill_ratio":1,"trailer_place":0}],"gnt.panevezys":[{"target":"rosmark_ru.luga","urgency":2,"shortest_distance_km":484,"ferry_time":0,"ferry_price":0,"cargo":"cargo.iron_pipes","company_truck":"iveco_h_4x2_a","trailer_variant":"trailer.scs_log","trailer_definition":"trailer_def.scs.log.single_3.steel","units_count":2,"fill_ratio":1,"trailer_place":0}],"polarislines.liepaja":[{"target":"gnt.panevezys","urgency":1,"shortest_distance_km":258,"ferry_time":0,"ferry_price":0,"cargo":"cargo.mason_jars","company_truck":"iveco_h_4x2_a","trailer_variant":"trailer.scs_dry","trailer_definition":"trailer_def.scs.box.single_3.dryvan","units_count":33,"fill_ratio":1,"trailer_place":0},{"target":"renar.tallinn","urgency":2,"shortest_distance_km":474,"ferry_time":0,"ferry_price":0,"cargo":"cargo.copp_rf_gutt","company_truck":"daf_xf_euro6_4x2_a","trailer_variant":"trailer.scs_dry","trailer_definition":"trailer_def.scs.box.single_3.dryvan","units_count":33,"fill_ratio":1,"trailer_place":0}],"domdepo.utena":[{"target":"blt_ru.petersburg","urgency":1,"shortest_distance_km":676,"ferry_time":0,"ferry_price":0,"cargo":"cargo.glass_packed","company_truck":"mercedes_6x2_b","trailer_variant":"trailer.gls_trailer","trailer_definition":"trailer_def.glass_packed.gls_trailer","units_count":100,"fill_ratio":1,"trailer_place":0}],"kivi.riga":[{"target":"domdepo.utena","urgency":0,"shortest_distance_km":299,"ferry_time":0,"ferry_price":0,"cargo":"cargo.stone_dust","company_truck":"daf_6x2_a","trailer_variant":"trailer.s_ki_solid.cover","trailer_definition":"trailer_def.stone_dust.s_ki_solid.cover","units_count":100,"fill_ratio":1,"trailer_place":0},{"target":"rosmark.liepaja","urgency":1,"shortest_distance_km":243,"ferry_time":0,"ferry_price":0,"cargo":"cargo.digger1000","company_truck":"scania_r_6x2_450","trailer_variant":"trailer.overweight.digger1000","trailer_definition":"trailer_def.digger1000.overweight.digger1000","units_count":100,"fill_ratio":1,"trailer_place":0}],"cemelt_fl_ru.kaliningrad":[{"target":"nch.riga","urgency":0,"shortest_distance_km":469,"ferry_time":0,"ferry_price":0,"cargo":"cargo.excav_soil","company_truck":"daf_xf_euro6_4x2_c","trailer_variant":"trailer.s_ki_solid.cover","trailer_definition":"trailer_def.excav_soil.s_ki_solid.cover","units_count":99,"fill_ratio":1,"trailer_place":0}],"polarislines.tallinn":[{"target":"ibp.helsinki","urgency":2,"shortest_distance_km":183,"ferry_time":150,"ferry_price":430,"cargo":"cargo.chem_sorbent","company_truck":"scania_6x2_b","trailer_variant":"trailer.scs_dry","trailer_definition":"trailer_def.scs.box.single_3.dryvan","units_count":33,"fill_ratio":1,"trailer_place":0},{"target":"ika_bohag.helsinki","urgency":0,"shortest_distance_km":77,"ferry_time":150,"ferry_price":430,"cargo":"cargo.clothes_c","company_truck":"renault_premium_4x2_c","trailer_variant":"trailer.scs_gosck40","trailer_definition":"trailer_def.scs.gooseneck.singl_3e_40.container","units_count":30,"fill_ratio":1,"trailer_place":0}],"polarislines.helsinki":[{"target":"renar.turku","urgency":0,"shortest_distance_km":246,"ferry_time":0,"ferry_price":0,"cargo":"cargo.flour","company_truck":"double/iveco_h_4x2_a","trailer_variant":"trailer.scs_dry_2","trailer_definition":"trailer_def.scs.box.double_3_2.dryvan","units_count":53,"fill_ratio":1,"trailer_place":0}],"bhv.vilnius":[{"target":"gnt.ventspils","urgency":0,"shortest_distance_km":400,"ferry_time":0,"ferry_price":0,"cargo":"cargo.car_balt1","company_truck":"iveco_6x2_a","trailer_variant":"trailer.car_trans_b","trailer_definition":"trailer_def.car_balt1.car_trans_b","units_count":100,"fill_ratio":1,"trailer_place":0}],"marina_it.riga":[{"target":"renar.lahti","urgency":2,"shortest_distance_km":523,"ferry_time":150,"ferry_price":430,"cargo":"cargo.princess","company_truck":"renault_premium_4x2_a","trailer_variant":"trailer.overweight.boat","trailer_definition":"trailer_def.princess.overweight.boat","units_count":100,"fill_ratio":1,"trailer_place":0}],"domdepo_ru.luga":[{"target":"rosmark_ru.luga","urgency":2,"shortest_distance_km":2,"ferry_time":0,"ferry_price":0,"cargo":"cargo.iron_pipes","company_truck":"man_6x4_b","trailer_variant":"trailer.scs_log","trailer_definition":"trailer_def.scs.log.single_3.steel","units_count":2,"fill_ratio":1,"trailer_place":0},{"target":"rosmark.riga","urgency":1,"shortest_distance_km":364,"ferry_time":0,"ferry_price":0,"cargo":"cargo.outdr_flr_tl","company_truck":"scania_6x4_a","trailer_variant":"trailer.scs_curt_a","trailer_definition":"trailer_def.scs.box.single_3.curtain","units_count":33,"fill_ratio":1,"trailer_place":0},{"target":"viln_paper.vilnius","urgency":2,"shortest_distance_km":592,"ferry_time":0,"ferry_price":0,"cargo":"cargo.wshavings","company_truck":"mercedes_actros_2014_4x2_a","trailer_variant":"trailer.s_ki_solid.cover","trailer_definition":"trailer_def.wshavings.s_ki_solid.cover","units_count":100,"fill_ratio":1,"trailer_place":0}],"ladoga.turku":[{"target":"blt.siauliai","urgency":0,"shortest_distance_km":729,"ferry_time":150,"ferry_price":430,"cargo":"cargo.scrap_metals","company_truck":"man_4x2_a","trailer_variant":"trailer.s_ki_solid.cover","trailer_definition":"trailer_def.scrap_metals.s_ki_solid.cover","units_count":100,"fill_ratio":1,"trailer_place":0},{"target":"sal_fi.helsinki","urgency":0,"shortest_distance_km":232,"ferry_time":0,"ferry_price":0,"cargo":"cargo.used_plast","company_truck":"scania_streamline_6x2_b","trailer_variant":"trailer.scs_dry_ms","trailer_definition":"trailer_def.scs.box.single_3.dryvan_m","units_count":33,"fill_ratio":1,"trailer_place":0},{"target":"nch.tallinn","urgency":0,"shortest_distance_km":307,"ferry_time":150,"ferry_price":430,"cargo":"cargo.used_packag","company_truck":"mercedes_actros_2014_6x2_a","trailer_variant":"trailer.scs_dry_a","trailer_definition":"trailer_def.scs.box.single_3.dryvan","units_count":33,"fill_ratio":1,"trailer_place":0},{"target":"sal_fi.pori","urgency":0,"shortest_distance_km":97,"ferry_time":0,"ferry_price":0,"cargo":"cargo.car_balt1","company_truck":"iveco_4x2_a","trailer_variant":"trailer.car_trans_b","trailer_definition":"trailer_def.car_balt1.car_trans_b","units_count":100,"fill_ratio":1,"trailer_place":0}],"ns_oil.ventspils":[{"target":"blt_yacht_ru.petersburg","urgency":0,"shortest_distance_km":718,"ferry_time":0,"ferry_price":0,"cargo":"cargo.diesel","company_truck":"renault_premium_6x2_a","trailer_variant":"trailer.fuel_cistern","trailer_definition":"trailer_def.diesel.fuel_cistern","units_count":94,"fill_ratio":1,"trailer_place":0},{"target":"nch.riga","urgency":1,"shortest_distance_km":241,"ferry_time":0,"ferry_price":0,"cargo":"cargo.motor_oil_c","company_truck":"renault_t_4x2h","trailer_variant":"trailer.scs_gosck40","trailer_definition":"trailer_def.scs.gooseneck.singl_3e_40.container","units_count":30,"fill_ratio":1,"trailer_place":0},{"target":"kivi.utena","urgency":0,"shortest_distance_km":422,"ferry_time":0,"ferry_price":0,"cargo":"cargo.fueltanker","company_truck":"renault_magnum_4x2_a","trailer_variant":"trailer.scs_gosck40","trailer_definition":"trailer_def.scs.gooseneck.singl_3e_40.container","units_count":80,"fill_ratio":1,"trailer_place":0}],"ns_oil.kotka":[{"target":"lintukainen.tartu","urgency":1,"shortest_distance_km":597,"ferry_time":0,"ferry_price":0,"cargo":"cargo.petrol","company_truck":"scania_streamline_6x2_b","trailer_variant":"trailer.fuel_cistern","trailer_definition":"trailer_def.petrol.fuel_cistern","units_count":100,"fill_ratio":1,"trailer_place":0},{"target":"marina_it.tallinn","urgency":0,"shortest_distance_km":246,"ferry_time":150,"ferry_price":430,"cargo":"cargo.diesel","company_truck":"iveco_6x2_a","trailer_variant":"trailer.willig.fuel_cistern","trailer_definition":"trailer_def.diesel.willig.fuel_cistern","units_count":95,"fill_ratio":1,"trailer_place":0},{"target":"sal_fi.pori","urgency":0,"shortest_distance_km":402,"ferry_time":0,"ferry_price":0,"cargo":"cargo.oil","company_truck":"mercedes_actros_2014_6x2_a","trailer_variant":"trailer.fuel_cistern","trailer_definition":"trailer_def.oil.fuel_cistern","units_count":100,"fill_ratio":1,"trailer_place":0},{"target":"kivi.helsinki","urgency":0,"shortest_distance_km":180,"ferry_time":0,"ferry_price":0,"cargo":"cargo.fueltanker","company_truck":"daf_xf_euro6_4x2_c","trailer_variant":"trailer.scs_gosck40","trailer_definition":"trailer_def.scs.gooseneck.singl_3e_40.container","units_count":80,"fill_ratio":1,"trailer_place":0}],"kivi.turku":[{"target":"nch_ru.petersburg","urgency":0,"shortest_distance_km":686,"ferry_time":0,"ferry_price":0,"cargo":"cargo.stone_dust","company_truck":"scania_4x2_c","trailer_variant":"trailer.s_ki_solid.cover","trailer_definition":"trailer_def.stone_dust.s_ki_solid.cover","units_count":100,"fill_ratio":1,"trailer_place":0},{"target":"rosmark_ru.vyborg","urgency":0,"shortest_distance_km":477,"ferry_time":0,"ferry_price":0,"cargo":"cargo.gravel","company_truck":"renault_magnum_6x4_a","trailer_variant":"trailer.s_ki_solid.gravel","trailer_definition":"trailer_def.gravel.s_ki_solid.gravel","units_count":100,"fill_ratio":1,"trailer_place":0}],"ibp.mazeikiai":[{"target":"nch_ru.petersburg","urgency":1,"shortest_distance_km":715,"ferry_time":0,"ferry_price":0,"cargo":"cargo.motor_oil_c","company_truck":"mercedes_4x2_a","trailer_variant":"trailer.scs_flat_c_r","trailer_definition":"trailer_def.scs.flatbed.single_3.container","units_count":33,"fill_ratio":1,"trailer_place":0},{"target":"kivi.riga","urgency":0,"shortest_distance_km":249,"ferry_time":0,"ferry_price":0,"cargo":"cargo.diesel","company_truck":"scania_streamline_4x2_a","trailer_variant":"trailer.fuel_cistern","trailer_definition":"trailer_def.diesel.fuel_cistern","units_count":94,"fill_ratio":1,"trailer_place":0},{"target":"blt.utena","urgency":0,"shortest_distance_km":310,"ferry_time":0,"ferry_price":0,"cargo":"cargo.fueltanker","company_truck":"daf_xf_euro6_4x2_a","trailer_variant":"trailer.scs_flat_c_g","trailer_definition":"trailer_def.scs.flatbed.single_3.container","units_count":87,"fill_ratio":1,"trailer_place":0}],"cont_port_ru.petersburg":[{"target":"blt.kunda","urgency":0,"shortest_distance_km":175,"ferry_time":0,"ferry_price":0,"cargo":"cargo.beverages_c","company_truck":"iveco_6x2_a","trailer_variant":"trailer.scs_gosck40","trailer_definition":"trailer_def.scs.gooseneck.singl_3e_40.container","units_count":30,"fill_ratio":1,"trailer_place":0},{"target":"blt_ru.petersburg","urgency":2,"shortest_distance_km":201,"ferry_time":0,"ferry_price":0,"cargo":"cargo.chem_sorb_c","company_truck":"scania_6x4_a","trailer_variant":"trailer.scs_gosck20","trailer_definition":"trailer_def.scs.gooseneck.singl_3e_20.container","units_count":15,"fill_ratio":1,"trailer_place":0}],"lintukainen.tallinn":[{"target":"blt.kunda","urgency":2,"shortest_distance_km":75,"ferry_time":0,"ferry_price":0,"cargo":"cargo.wshavings","company_truck":"renault_premium_6x2_a","trailer_variant":"trailer.s_ki_solid.cover","trailer_definition":"trailer_def.wshavings.s_ki_solid.cover","units_count":100,"fill_ratio":1,"trailer_place":0},{"target":"renar.tallinn","urgency":0,"shortest_distance_km":98,"ferry_time":0,"ferry_price":0,"cargo":"cargo.digger500","company_truck":"renault_t_6x2","trailer_variant":"trailer.overweight.digger500","trailer_definition":"trailer_def.digger500.overweight.digger500","units_count":100,"fill_ratio":1,"trailer_place":0}],"lintukainen.kotka":[{"target":"egres.kouvola","urgency":1,"shortest_distance_km":60,"ferry_time":0,"ferry_price":0,"cargo":"cargo.lumber","company_truck":"scania_r_6x4_650","trailer_variant":"trailer.scs_flat_c_g","trailer_definition":"trailer_def.scs.flatbed.single_3.container","units_count":2,"fill_ratio":1,"trailer_place":0},{"target":"rosmark_ru.vyborg","urgency":0,"shortest_distance_km":149,"ferry_time":0,"ferry_price":0,"cargo":"cargo.sawpanels","company_truck":"man_6x4_b","trailer_variant":"trailer.scs_dry_ms","trailer_definition":"trailer_def.scs.box.single_3.dryvan_m","units_count":33,"fill_ratio":1,"trailer_place":0}],"cemelt_hal.panevezys":[{"target":"baltomorsk.valmiera","urgency":0,"shortest_distance_km":227,"ferry_time":0,"ferry_price":0,"cargo":"cargo.diggers","company_truck":"man_6x4_b","trailer_variant":"trailer.overweight.digger","trailer_definition":"trailer_def.diggers.overweight.digger","units_count":98,"fill_ratio":1,"trailer_place":0}],"eviksi_a.liepaja":[{"target":"suprema_ru.kaliningrad","urgency":0,"shortest_distance_km":311,"ferry_time":0,"ferry_price":0,"cargo":"cargo.goat_cheese","company_truck":"man_4x2_c","trailer_variant":"trailer.scs_ref_s","trailer_definition":"trailer_def.scs.box.single_3.reefer","units_count":33,"fill_ratio":1,"trailer_place":0}],"renat.tartu":[{"target":"blt.kunda","urgency":2,"shortest_distance_km":211,"ferry_time":0,"ferry_price":0,"cargo":"cargo.furniture","company_truck":"scania_streamline_6x4_a","trailer_variant":"trailer.scs_dry_m","trailer_definition":"trailer_def.scs.box.single_3.dryvan_m","units_count":33,"fill_ratio":1,"trailer_place":0},{"target":"lateds.valmiera","urgency":1,"shortest_distance_km":215,"ferry_time":0,"ferry_price":0,"cargo":"cargo.forklifts","company_truck":"mercedes_4x2_a","trailer_variant":"trailer.overweight.forklifts","trailer_definition":"trailer_def.forklifts.overweight.forklifts","units_count":100,"fill_ratio":1,"trailer_place":0}]}