{"euroacres.verona":[{"target":"cargotras.milano","urgency":0,"shortest_distance_km":201,"ferry_time":0,"ferry_price":0,"cargo":"cargo.straw_bales","company_truck":"scania_streamline_4x2_a","trailer_variant":"trailer.scs_dry_s","trailer_definition":"trailer_def.scs.box.single_3.dryvan","units_count":33,"fill_ratio":1,"trailer_place":0}],"posped.birmingham":[{"target":"stokes.cardiff","urgency":2,"shortest_distance_km":228,"ferry_time":0,"ferry_price":0,"cargo":"cargo.peas","company_truck":"renault_premium_4x2_c","trailer_variant":"trailer.scs_curt","trailer_definition":"trailer_def.scs.box.single_3.curtain","units_count":33,"fill_ratio":1,"trailer_place":0}],"kaarfor.amsterdam":[{"target":"lisette_log.paris","urgency":0,"shortest_distance_km":518,"ferry_time":0,"ferry_price":0,"cargo":"cargo.used_packag","company_truck":"scania_streamline_4x2_a","trailer_variant":"trailer.scs_dry_m","trailer_definition":"trailer_def.scs.box.single_3.dryvan_m","units_count":33,"fill_ratio":1,"trailer_place":0},{"target":"stokes.dijon","urgency":1,"shortest_distance_km":684,"ferry_time":0,"ferry_price":0,"cargo":"cargo.used_plast_c","company_truck":"mercedes_actros_2014_4x2_c","trailer_variant":"trailer.scs_flat_c_g","trailer_definition":"trailer_def.scs.flatbed.single_3.container","units_count":33,"fill_ratio":1,"trailer_place":0},{"target":"tradeaux.kassel","urgency":2,"shortest_distance_km":381,"ferry_time":0,"ferry_price":0,"cargo":"cargo.empty_palet","company_truck":"double/scania_s_4x2","trailer_variant":"trailer.scs_dry_b2","trailer_definition":"trailer_def.scs.box.bdouble_3_3.dryvan","units_count":23,"fill_ratio":1,"trailer_place":0}],"wgcc.frankfurt":[{"target":"bcp.kassel","urgency":0,"shortest_distance_km":280,"ferry_time":0,"ferry_price":0,"cargo":"cargo.kerosene","company_truck":"renault_premium_6x2_a","trailer_variant":"trailer.fuel_cistern","trailer_definition":"trailer_def.kerosene.fuel_cistern","units_count":100,"fill_ratio":1,"trailer_place":0},{"target":"trameri.mannheim","urgency":0,"shortest_distance_km":93,"ferry_time":0,"ferry_price":0,"cargo":"cargo.graph_grease","company_truck":"scania_r_4x2_370","trailer_variant":"trailer.scs_dry_a","trailer_definition":"trailer_def.scs.box.single_3.dryvan","units_count":33,"fill_ratio":1,"trailer_place":0},{"target":"nbfc.duisburg","urgency":1,"shortest_distance_km":327,"ferry_time":0,"ferry_price":0,"cargo":"cargo.phosphor","company_truck":"mercedes_actros_2014_6x2_a","trailer_variant":"trailer.scs_gosck40","trailer_definition":"trailer_def.scs.gooseneck.singl_3e_40.container","units_count":80,"fill_ratio":1,"trailer_place":0},{"target":"stokes.wien","urgency":0,"shortest_distance_km":681,"ferry_time":0,"ferry_price":0,"cargo":"cargo.diesel","company_truck":"man_4x2_c","trailer_variant":"trailer.willig.fuel_cistern","trailer_definition":"trailer_def.diesel.willig.fuel_cistern","units_count":95,"fill_ratio":1,"trailer_place":0}],"eurogoodies.reims":[{"target":"sellplan.geneve","urgency":0,"shortest_distance_km":536,"ferry_time":0,"ferry_price":0,"cargo":"cargo.vinegar_c","company_truck":"scania_streamline_4x2_c","trailer_variant":"trailer.scs_gosck20","trailer_definition":"trailer_def.scs.gooseneck.singl_3e_20.container","units_count":15,"fill_ratio":1,"trailer_place":0}],"sellplan.dresden":[{"target":"stokes.wien","urgency":0,"shortest_distance_km":412,"ferry_time":0,"ferry_price":0,"cargo":"cargo.used_plast","company_truck":"iveco_4x2_a","trailer_variant":"trailer.scs_dry_a","trailer_definition":"trailer_def.scs.box.single_3.dryvan","units_count":33,"fill_ratio":1,"trailer_place":0},{"target":"posped.verona","urgency":1,"shortest_distance_km":900,"ferry_time":0,"ferry_price":0,"cargo":"cargo.used_plast_c","company_truck":"man_tgx_euro6_6x4_xlx","trailer_variant":"trailer.scs_gosck20","trailer_definition":"trailer_def.scs.gooseneck.singl_3e_20.container","units_count":15,"fill_ratio":1,"trailer_place":0},{"target":"tradeaux.prague","urgency":0,"shortest_distance_km":115,"ferry_time":0,"ferry_price":0,"cargo":"cargo.used_packag","company_truck":"daf_xf_euro6_6x4_c","trailer_variant":"trailer.scs_dry_s","trailer_definition":"trailer_def.scs.box.single_3.dryvan","units_count":33,"fill_ratio":1,"trailer_place":0}],"nbfc.aberdeen":[{"target":"trameri.carlisle","urgency":2,"shortest_distance_km":381,"ferry_time":0,"ferry_price":0,"cargo":"cargo.magnesium","company_truck":"scania_r_6x2_450","trailer_variant":"trailer.scs_gosck20","trailer_definition":"trailer_def.scs.gooseneck.singl_3e_20.container","units_count":40,"fill_ratio":1,"trailer_place":0},{"target":"wgcc.rotterdam","urgency":0,"shortest_distance_km":638,"ferry_time":660,"ferry_price":995,"cargo":"cargo.fluorine","company_truck":"iveco_4x2_b","trailer_variant":"trailer.scs_flat_c_r","trailer_definition":"trailer_def.scs.flatbed.single_3.container","units_count":87,"fill_ratio":1,"trailer_place":0},{"target":"sanbuilders.edinburgh","urgency":2,"shortest_distance_km":229,"ferry_time":0,"ferry_price":0,"cargo":"cargo.acetylene","company_truck":"renault_t_4x2","trailer_variant":"trailer.scs_flat_c_r","trailer_definition":"trailer_def.scs.flatbed.single_3.container","units_count":87,"fill_ratio":1,"trailer_place":0},{"target":"wgcc.rotterdam","urgency":0,"shortest_distance_km":638,"ferry_time":660,"ferry_price":995,"cargo":"cargo.pesticide","company_truck":"scania_s_6x4_730","trailer_variant":"trailer.scs_flat_c_r","trailer_definition":"trailer_def.scs.flatbed.single_3.container","units_count":87,"fill_ratio":1,"trailer_place":0}],"itcc.luxembourg":[{"target":"trameri.strasbourg","urgency":1,"shortest_distance_km":245,"ferry_time":0,"ferry_price":0,"cargo":"cargo.forklifts","company_truck":"man_6x4_b","trailer_variant":"trailer.overweight.forklifts","trailer_definition":"trailer_def.forklifts.overweight.forklifts","units_count":100,"fill_ratio":1,"trailer_place":0}],"trameri.strasbourg":[{"target":"kaarfor.strasbourg","urgency":2,"shortest_distance_km":1,"ferry_time":0,"ferry_price":0,"cargo":"cargo.electronics","company_truck":"scania_streamline_4x2_b","trailer_variant":"trailer.scs_dry_s","trailer_definition":"trailer_def.scs.box.single_3.dryvan","units_count":33,"fill_ratio":1,"trailer_place":0}],"eurogoodies.dover":[{"target":"posped.koln","urgency":1,"shortest_distance_km":464,"ferry_time":91,"ferry_price":384,"cargo":"cargo.honey","company_truck":"man_4x2_a","trailer_variant":"trailer.scs_dry_ms","trailer_definition":"trailer_def.scs.box.single_3.dryvan_m","units_count":33,"fill_ratio":1,"trailer_place":0}],"quarry.stuttgart":[{"target":"stokes.nurnberg","urgency":1,"shortest_distance_km":239,"ferry_time":0,"ferry_price":0,"cargo":"cargo.ore","company_truck":"daf_xf_euro6_6x2_a","trailer_variant":"trailer.s_ki_solid.ore","trailer_definition":"trailer_def.ore.s_ki_solid.ore","units_count":100,"fill_ratio":1,"trailer_place":0},{"target":"lkwlog.stuttgart","urgency":1,"shortest_distance_km":153,"ferry_time":0,"ferry_price":0,"cargo":"cargo.digger1000","company_truck":"man_6x4_b","trailer_variant":"trailer.overweight.digger1000","trailer_definition":"trailer_def.digger1000.overweight.digger1000","units_count":100,"fill_ratio":1,"trailer_place":0}],"transinet.sheffield":[{"target":"sanbuilders.london","urgency":1,"shortest_distance_km":283,"ferry_time":0,"ferry_price":0,"cargo":"cargo.sand","company_truck":"mercedes_4x2_b","trailer_variant":"trailer.s_ki_solid.sand","trailer_definition":"trailer_def.sand.s_ki_solid.sand","units_count":100,"fill_ratio":1,"trailer_place":0},{"target":"kaarfor.cambridge","urgency":1,"shortest_distance_km":264,"ferry_time":0,"ferry_price":0,"cargo":"cargo.tyres","company_truck":"man_tgx_euro6_4x2_xl","trailer_variant":"trailer.scs_dry_ms","trailer_definition":"trailer_def.scs.box.single_3.dryvan_m","units_count":33,"fill_ratio":1,"trailer_place":0}],"sanbuilders.newcastle":[{"target":"tree_et.manchester","urgency":1,"shortest_distance_km":234,"ferry_time":0,"ferry_price":0,"cargo":"cargo.digger1000","company_truck":"daf_xf_euro6_6x4_c","trailer_variant":"trailer.overweight.digger1000","trailer_definition":"trailer_def.digger1000.overweight.digger1000","units_count":100,"fill_ratio":1,"trailer_place":0},{"target":"posped.birmingham","urgency":0,"shortest_distance_km":367,"ferry_time":0,"ferry_price":0,"cargo":"cargo.digger500","company_truck":"scania_s_4x2_370","trailer_variant":"trailer.overweight.digger500","trailer_definition":"trailer_def.digger500.overweight.digger500","units_count":100,"fill_ratio":1,"trailer_place":0}],"nbfc.duisburg":[{"target":"stokes.dusseldorf","urgency":2,"shortest_distance_km":36,"ferry_time":0,"ferry_price":0,"cargo":"cargo.hipresstank","company_truck":"man_4x2_c","trailer_variant":"trailer.scs_flat_c_r","trailer_definition":"trailer_def.scs.flatbed.single_3.container","units_count":2,"fill_ratio":1,"trailer_place":0},{"target":"wgcc.rotterdam","urgency":0,"shortest_distance_km":331,"ferry_time":0,"ferry_price":0,"cargo":"cargo.cyanide","company_truck":"renault_premium_6x2_a","trailer_variant":"trailer.scs_gosck20","trailer_definition":"trailer_def.scs.gooseneck.singl_3e_20.container","units_count":40,"fill_ratio":1,"trailer_place":0}],"lkwlog.brno":[{"target":"posped.linz","urgency":0,"shortest_distance_km":274,"ferry_time":0,"ferry_price":0,"cargo":"cargo.beverages_t","company_truck":"scania_6x2_b","trailer_variant":"trailer.scs_fodt","trailer_definition":"trailer_def.scs.foodtank.single_3.paint","units_count":27,"fill_ratio":1,"trailer_place":0}],"kaarfor.lyon":[{"target":"lkwlog.dover","urgency":1,"shortest_distance_km":775,"ferry_time":35,"ferry_price":300,"cargo":"cargo.used_plast_c","company_truck":"daf_xf_euro6_4x2_c","trailer_variant":"trailer.scs_flat_c_g","trailer_definition":"trailer_def.scs.flatbed.single_3.container","units_count":33,"fill_ratio":1,"trailer_place":0}],"euroacres.brussel":[{"target":"posped.bremen","urgency":0,"shortest_distance_km":536,"ferry_time":0,"ferry_price":0,"cargo":"cargo.straw_bales","company_truck":"daf_xf_euro6_4x2_a","trailer_variant":"trailer.scs_dry_s","trailer_definition":"trailer_def.scs.box.single_3.dryvan","units_count":33,"fill_ratio":1,"trailer_place":0}],"nbfc.liverpool":[{"target":"trameri.swansea","urgency":1,"shortest_distance_km":261,"ferry_time":0,"ferry_price":0,"cargo":"cargo.petrol","company_truck":"man_6x4_b","trailer_variant":"trailer.willig.fuel_cistern","trailer_definition":"trailer_def.petrol.willig.fuel_cistern","units_count":101,"fill_ratio":1,"trailer_place":0},{"target":"itcc.sheffield","urgency":2,"shortest_distance_km":178,"ferry_time":0,"ferry_price":0,"cargo":"cargo.hipresstank","company_truck":"renault_magnum_4x2_a","trailer_variant":"trailer.scs_flat_c_r","trailer_definition":"trailer_def.scs.flatbed.single_3.container","units_count":2,"fill_ratio":1,"trailer_place":0}],"euroacres.erfurt":[{"target":"tradeaux.kassel","urgency":0,"shortest_distance_km":207,"ferry_time":0,"ferry_price":0,"cargo":"cargo.drymilk","company_truck":"daf_4x2_b","trailer_variant":"trailer.scs_dry_ms","trailer_definition":"trailer_def.scs.box.single_3.dryvan_m","units_count":33,"fill_ratio":1,"trailer_place":0}],"transinet.cambridge":[{"target":"sellplan.southampton","urgency":2,"shortest_distance_km":272,"ferry_time":0,"ferry_price":0,"cargo":"cargo.peas","company_truck":"scania_r_4x2_370","trailer_variant":"trailer.scs_dry","trailer_definition":"trailer_def.scs.box.single_3.dryvan","units_count":33,"fill_ratio":1,"trailer_place":0}],"bcp.birmingham":[{"target":"lkwlog.manchester","urgency":1,"shortest_distance_km":198,"ferry_time":0,"ferry_price":0,"cargo":"cargo.used_battery","company_truck":"renault_magnum_4x2_a","trailer_variant":"trailer.scs_dry_s","trailer_definition":"trailer_def.scs.box.single_3.dryvan","units_count":33,"fill_ratio":1,"trailer_place":0}],"eurogoodies.szczecin":[{"target":"sellplan.magdeburg","urgency":0,"shortest_distance_km":274,"ferry_time":0,"ferry_price":0,"cargo":"cargo.beef_meat","company_truck":"man_6x4_b","trailer_variant":"trailer.scs_ref","trailer_definition":"trailer_def.scs.box.single_3.reefer","units_count":33,"fill_ratio":1,"trailer_place":0},{"target":"transinet.torino","urgency":1,"shortest_distance_km":1408,"ferry_time":0,"ferry_price":0,"cargo":"cargo.honey","company_truck":"renault_magnum_6x4_a","trailer_variant":"trailer.scs_dry_a","trailer_definition":"trailer_def.scs.box.single_3.dryvan","units_count":33,"fill_ratio":1,"trailer_place":0}],"eurogoodies.groningen":[{"target":"sellplan.groningen","urgency":1,"shortest_distance_km":1,"ferry_time":0,"ferry_price":0,"cargo":"cargo.vinegar","company_truck":"double/scania_s_4x2","trailer_variant":"trailer.scs_curt_b2","trailer_definition":"trailer_def.scs.box.bdouble_3_3.curtain","units_count":53,"fill_ratio":1,"trailer_place":0}],"stokes.plymouth":[{"target":"eurogoodies.dusseldorf","urgency":1,"shortest_distance_km":897,"ferry_time":35,"ferry_price":300,"cargo":"cargo.chocolate","company_truck":"mercedes_4x2_c","trailer_variant":"trailer.scs_curt_s","trailer_definition":"trailer_def.scs.box.single_3.curtain","units_count":32,"fill_ratio":1,"trailer_place":0}],"sellplan.magdeburg":[{"target":"lkwlog.hamburg","urgency":2,"shortest_distance_km":259,"ferry_time":0,"ferry_price":0,"cargo":"cargo.empty_palet","company_truck":"daf_6x2_a","trailer_variant":"trailer.scs_curt","trailer_definition":"trailer_def.scs.box.single_3.curtain","units_count":33,"fill_ratio":1,"trailer_place":0}],"nbfc.linz":[{"target":"lkwlog.graz","urgency":1,"shortest_distance_km":218,"ferry_time":0,"ferry_price":0,"cargo":"cargo.forklifts","company_truck":"mercedes_actros_2014_6x2_a","trailer_variant":"trailer.overweight.forklifts","trailer_definition":"trailer_def.forklifts.overweight.forklifts","units_count":100,"fill_ratio":1,"trailer_place":0}],"eurogoodies.glasgow":[{"target":"posped.rotterdam","urgency":0,"shortest_distance_km":492,"ferry_time":660,"ferry_price":995,"cargo":"cargo.grapes","company_truck":"daf_4x2_a","trailer_variant":"trailer.scs_ins_a","trailer_definition":"trailer_def.scs.box.single_3.insulated","units_count":33,"fill_ratio":1,"trailer_place":0}],"sellplan.newcastle":[{"target":"stokes.kiel","urgency":0,"shortest_distance_km":875,"ferry_time":660,"ferry_price":995,"cargo":"cargo.used_packag","company_truck":"mercedes_6x4_a","trailer_variant":"trailer.scs_curt","trailer_definition":"trailer_def.scs.box.single_3.curtain","units_count":33,"fill_ratio":1,"trailer_place":0},{"target":"lkwlog.amsterdam","urgency":0,"shortest_distance_km":340,"ferry_time":660,"ferry_price":995,"cargo":"cargo.used_plast","company_truck":"renault_t_4x2h","trailer_variant":"trailer.scs_dry","trailer_definition":"trailer_def.scs.box.single_3.dryvan","units_count":33,"fill_ratio":1,"trailer_place":0}],"sellplan.klagenfurt":[{"target":"tradeaux.klagenfurt","urgency":2,"shortest_distance_km":1,"ferry_time":0,"ferry_price":0,"cargo":"cargo.empty_palet","company_truck":"scania_streamline_4x2_a","trailer_variant":"trailer.scs_dry_s","trailer_definition":"trailer_def.scs.box.single_3.dryvan","units_count":33,"fill_ratio":1,"trailer_place":0},{"target":"lkwlog.stuttgart","urgency":0,"shortest_distance_km":658,"ferry_time":0,"ferry_price":0,"cargo":"cargo.used_packag","company_truck":"iveco_4x2_c","trailer_variant":"trailer.scs_dry_ms","trailer_definition":"trailer_def.scs.box.single_3.dryvan_m","units_count":33,"fill_ratio":1,"trailer_place":0},{"target":"lkwlog.brno","urgency":0,"shortest_distance_km":343,"ferry_time":0,"ferry_price":0,"cargo":"cargo.used_plast","company_truck":"man_tgx_euro6_4x2_xl","trailer_variant":"trailer.scs_dry_a","trailer_definition":"trailer_def.scs.box.single_3.dryvan","units_count":33,"fill_ratio":1,"trailer_place":0}],"cargotras.milano":[{"target":"tradeaux.grimsby","urgency":2,"shortest_distance_km":1563,"ferry_time":35,"ferry_price":300,"cargo":"cargo.rooflights","company_truck":"scania_r_4x2_520","trailer_variant":"trailer.scs_curt_a","trailer_definition":"trailer_def.scs.box.single_3.curtain","units_count":33,"fill_ratio":1,"trailer_place":0}],"euroacres.osnabruck":[{"target":"tradeaux.kassel","urgency":2,"shortest_distance_km":234,"ferry_time":0,"ferry_price":0,"cargo":"cargo.carrots","company_truck":"double/man_euro6_4x2_xxl","trailer_variant":"trailer.scs_curt_b2","trailer_definition":"trailer_def.scs.box.bdouble_3_3.curtain","units_count":34,"fill_ratio":1,"trailer_place":0}],"quarry.lyon":[{"target":"posped.geneve","urgency":1,"shortest_distance_km":120,"ferry_time":0,"ferry_price":0,"cargo":"cargo.excavator","company_truck":"renault_premium_6x4_a","trailer_variant":"trailer.overweight.excavator","trailer_definition":"trailer_def.excavator.overweight.excavator","units_count":94,"fill_ratio":1,"trailer_place":0},{"target":"lkwlog.manchester","urgency":0,"shortest_distance_km":1323,"ferry_time":35,"ferry_price":300,"cargo":"cargo.fueltanker","company_truck":"man_6x4_b","trailer_variant":"trailer.scs_gosck20","trailer_definition":"trailer_def.scs.gooseneck.singl_3e_20.container","units_count":40,"fill_ratio":1,"trailer_place":0},{"target":"tradeaux.paris","urgency":0,"shortest_distance_km":574,"ferry_time":0,"ferry_price":0,"cargo":"cargo.digger500","company_truck":"iveco_4x2_b","trailer_variant":"trailer.overweight.digger500","trailer_definition":"trailer_def.digger500.overweight.digger500","units_count":100,"fill_ratio":1,"trailer_place":0}],"euroacres.magdeburg":[{"target":"tradeaux.geneve","urgency":1,"shortest_distance_km":1024,"ferry_time":0,"ferry_price":0,"cargo":"cargo.apples_c","company_truck":"scania_r_6x4_650","trailer_variant":"trailer.scs_gosck40","trailer_definition":"trailer_def.scs.gooseneck.singl_3e_40.container","units_count":30,"fill_ratio":1,"trailer_place":0}],"euroacres.plymouth":[{"target":"stokes.plymouth","urgency":2,"shortest_distance_km":2,"ferry_time":0,"ferry_price":0,"cargo":"cargo.tomatoes","company_truck":"scania_s_4x2_370","trailer_variant":"trailer.scs_ins_a","trailer_definition":"trailer_def.scs.box.single_3.insulated","units_count":33,"fill_ratio":1,"trailer_place":0}],"kaarfor.verona":[{"target":"cargotras.milano","urgency":0,"shortest_distance_km":176,"ferry_time":0,"ferry_price":0,"cargo":"cargo.used_packag","company_truck":"scania_streamline_4x2_b","trailer_variant":"trailer.scs_dry_a","trailer_definition":"trailer_def.scs.box.single_3.dryvan","units_count":33,"fill_ratio":1,"trailer_place":0}],"quarry.wroclaw":[{"target":"sanbuilders.brno","urgency":1,"shortest_distance_km":271,"ferry_time":0,"ferry_price":0,"cargo":"cargo.stones","company_truck":"man_6x4_b","trailer_variant":"trailer.s_ki_solid.cover","trailer_definition":"trailer_def.stones.s_ki_solid.cover","units_count":100,"fill_ratio":1,"trailer_place":0}],"euroacres.carlisle":[{"target":"sellplan.groningen","urgency":2,"shortest_distance_km":576,"ferry_time":660,"ferry_price":995,"cargo":"cargo.beans","company_truck":"daf_xf_euro6_4x2_b","trailer_variant":"trailer.scs_dry_ms","trailer_definition":"trailer_def.scs.box.single_3.dryvan_m","units_count":33,"fill_ratio":1,"trailer_place":0},{"target":"eurogoodies.kiel","urgency":1,"shortest_distance_km":930,"ferry_time":660,"ferry_price":995,"cargo":"cargo.apples_c","company_truck":"scania_s_6x4_730","trailer_variant":"trailer.scs_flat_c_r","trailer_definition":"trailer_def.scs.flatbed.single_3.container","units_count":33,"fill_ratio":1,"trailer_place":0}],"batisse_hs.paris":[{"target":"euroacres.dover","urgency":1,"shortest_distance_km":275,"ferry_time":35,"ferry_price":300,"cargo":"cargo.forklifts","company_truck":"daf_xf_euro6_6x4_c","trailer_variant":"trailer.overweight.forklifts","trailer_definition":"trailer_def.forklifts.overweight.forklifts","units_count":100,"fill_ratio":1,"trailer_place":0},{"target":"stokes.amsterdam","urgency":0,"shortest_distance_km":543,"ferry_time":0,"ferry_price":0,"cargo":"cargo.diggers","company_truck":"daf_xf_euro6_4x2_a","trailer_variant":"trailer.overweight.digger","trailer_definition":"trailer_def.diggers.overweight.digger","units_count":100,"fill_ratio":1,"trailer_place":0}],"eurogoodies.lille":[{"target":"transinet.rotterdam","urgency":1,"shortest_distance_km":229,"ferry_time":0,"ferry_price":0,"cargo":"cargo.almond","company_truck":"scania_s_4x2_370","trailer_variant":"trailer.scs_curt_a","trailer_definition":"trailer_def.scs.box.single_3.curtain","units_count":33,"fill_ratio":1,"trailer_place":0}],"itcc.liege":[{"target":"transinet.osnabruck","urgency":1,"shortest_distance_km":334,"ferry_time":0,"ferry_price":0,"cargo":"cargo.excavator","company_truck":"iveco_4x2_a","trailer_variant":"trailer.overweight.excavator","trailer_definition":"trailer_def.excavator.overweight.excavator","units_count":94,"fill_ratio":1,"trailer_place":0}],"stokes.zurich":[{"target":"posped.geneve","urgency":2,"shortest_distance_km":251,"ferry_time":0,"ferry_price":0,"cargo":"cargo.apples","company_truck":"renault_t_4x2","trailer_variant":"trailer.scs_curt_s","trailer_definition":"trailer_def.scs.box.single_3.curtain","units_count":33,"fill_ratio":1,"trailer_place":0},{"target":"lkwlog.luxembourg","urgency":1,"shortest_distance_km":407,"ferry_time":0,"ferry_price":0,"cargo":"cargo.ore","company_truck":"man_6x4_b","trailer_variant":"trailer.s_ki_solid.ore","trailer_definition":"trailer_def.ore.s_ki_solid.ore","units_count":100,"fill_ratio":1,"trailer_place":0}],"quarry.cardiff":[{"target":"sanbuilders.birmingham","urgency":1,"shortest_distance_km":222,"ferry_time":0,"ferry_price":0,"cargo":"cargo.sand","company_truck":"man_tgx_euro6_4x2_xxl","trailer_variant":"trailer.s_ki_solid.sand","trailer_definition":"trailer_def.sand.s_ki_solid.sand","units_count":100,"fill_ratio":1,"trailer_place":0},{"target":"stokes.liege","urgency":0,"shortest_distance_km":716,"ferry_time":35,"ferry_price":300,"cargo":"cargo.coal","company_truck":"renault_magnum_6x2_a","trailer_variant":"trailer.s_ki_solid.coal","trailer_definition":"trailer_def.coal.s_ki_solid.coal","units_count":100,"fill_ratio":1,"trailer_place":0}],"ika_bohag.paris":[{"target":"stokes.calais","urgency":0,"shortest_distance_km":271,"ferry_time":0,"ferry_price":0,"cargo":"cargo.used_packag","company_truck":"man_4x2_c","trailer_variant":"trailer.scs_dry_ms","trailer_definition":"trailer_def.scs.box.single_3.dryvan_m","units_count":33,"fill_ratio":1,"trailer_place":0}],"fcp.leipzig":[{"target":"wgcc.bratislava","urgency":0,"shortest_distance_km":624,"ferry_time":0,"ferry_price":0,"cargo":"cargo.mondeos","company_truck":"man_tgx_euro6_6x4_xlx","trailer_variant":"trailer.car_trans3","trailer_definition":"trailer_def.mondeos.car_trans3","units_count":100,"fill_ratio":1,"trailer_place":0}],"eurogoodies.dijon":[{"target":"tradeaux.lille","urgency":1,"shortest_distance_km":611,"ferry_time":0,"ferry_price":0,"cargo":"cargo.beverages","company_truck":"mercedes_6x4_a","trailer_variant":"trailer.scs_ref_a","trailer_definition":"trailer_def.scs.box.single_3.reefer","units_count":33,"fill_ratio":1,"trailer_place":0}],"tradeaux.hannover":[{"target":"transinet.dortmund","urgency":0,"shortest_distance_km":237,"ferry_time":0,"ferry_price":0,"cargo":"cargo.mondeos","company_truck":"man_6x4_b","trailer_variant":"trailer.car_trans2","trailer_definition":"trailer_def.mondeos.car_trans2","units_count":100,"fill_ratio":1,"trailer_place":0},{"target":"sanbuilders.nurnberg","urgency":0,"shortest_distance_km":431,"ferry_time":0,"ferry_price":0,"cargo":"cargo.gravel","company_truck":"renault_premium_4x2_a","trailer_variant":"trailer.s_ki_solid.gravel","trailer_definition":"trailer_def.gravel.s_ki_solid.gravel","units_count":100,"fill_ratio":1,"trailer_place":0}],"eurogoodies.edinburgh":[{"target":"posped.carlisle","urgency":2,"shortest_distance_km":167,"ferry_time":0,"ferry_price":0,"cargo":"cargo.carrots","company_truck":"scania_6x2_b","trailer_variant":"trailer.scs_curt","trailer_definition":"trailer_def.scs.box.single_3.curtain","units_count":33,"fill_ratio":1,"trailer_place":0}],"tree_et.hannover":[{"target":"sanbuilders.luxembourg","urgency":0,"shortest_distance_km":508,"ferry_time":0,"ferry_price":0,"cargo":"cargo.logs","company_truck":"daf_6x2_a","trailer_variant":"trailer.scs_log","trailer_definition":"trailer_def.scs.log.single_3.steel","units_count":2,"fill_ratio":1,"trailer_place":0},{"target":"cargotras.milano","urgency":1,"shortest_distance_km":1064,"ferry_time":0,"ferry_price":0,"cargo":"cargo.excavator","company_truck":"man_4x2_c","trailer_variant":"trailer.overweight.excavator","trailer_definition":"trailer_def.excavator.overweight.excavator","units_count":94,"fill_ratio":1,"trailer_place":0}],"euroacres.reims":[{"target":"kaarfor.lyon","urgency":0,"shortest_distance_km":549,"ferry_time":0,"ferry_price":0,"cargo":"cargo.cauliflower","company_truck":"scania_streamline_6x2_b","trailer_variant":"trailer.scs_dry_s","trailer_definition":"trailer_def.scs.box.single_3.dryvan","units_count":33,"fill_ratio":1,"trailer_place":0},{"target":"posped.metz","urgency":2,"shortest_distance_km":153,"ferry_time":0,"ferry_price":0,"cargo":"cargo.apples","company_truck":"mercedes_4x2_a","trailer_variant":"trailer.scs_curt_a","trailer_definition":"trailer_def.scs.box.single_3.curtain","units_count":33,"fill_ratio":1,"trailer_place":0}],"trameri.mannheim":[{"target":"fcp.manchester","urgency":2,"shortest_distance_km":1174,"ferry_time":35,"ferry_price":300,"cargo":"cargo.hipresstank","company_truck":"daf_xf_euro6_6x4_c","trailer_variant":"trailer.scs_flat_r","trailer_definition":"trailer_def.scs.flatbed.single_3.flatbed_w","units_count":2,"fill_ratio":1,"trailer_place":0},{"target":"stokes.kiel","urgency":2,"shortest_distance_km":653,"ferry_time":0,"ferry_price":0,"cargo":"cargo.electronics","company_truck":"scania_streamline_4x2_a","trailer_variant":"trailer.scs_dry","trailer_definition":"trailer_def.scs.box.single_3.dryvan","units_count":33,"fill_ratio":1,"trailer_place":0}],"eurogoodies.metz":[{"target":"stokes.dusseldorf","urgency":0,"shortest_distance_km":338,"ferry_time":0,"ferry_price":0,"cargo":"cargo.plums","company_truck":"mercedes_actros_2014_6x2_a","trailer_variant":"trailer.scs_ins_s","trailer_definition":"trailer_def.scs.box.single_3.insulated","units_count":33,"fill_ratio":1,"trailer_place":0},{"target":"lkwlog.brno","urgency":1,"shortest_distance_km":900,"ferry_time":0,"ferry_price":0,"cargo":"cargo.rice","company_truck":"man_6x4_b","trailer_variant":"trailer.scs_dry_ms","trailer_definition":"trailer_def.scs.box.single_3.dryvan_m","units_count":33,"fill_ratio":1,"trailer_place":0}],"stokes.kiel":[{"target":"fcp.bremen","urgency":0,"shortest_distance_km":224,"ferry_time":0,"ferry_price":0,"cargo":"cargo.overweight","company_truck":"man_tgx_euro6_4x2_xxl","trailer_variant":"trailer.scs_flat_c_r","trailer_definition":"trailer_def.scs.flatbed.single_3.container","units_count":1,"fill_ratio":1,"trailer_place":0}],"eurogoodies.klagenfurt":[{"target":"kaarfor.strasbourg","urgency":0,"shortest_distance_km":834,"ferry_time":0,"ferry_price":0,"cargo":"cargo.flour","company_truck":"iveco_6x2_a","trailer_variant":"trailer.scs_dry_ms","trailer_definition":"trailer_def.scs.box.single_3.dryvan_m","units_count":33,"fill_ratio":1,"trailer_place":0}],"kaarfor.munchen":[{"target":"lkwlog.dover","urgency":0,"shortest_distance_km":977,"ferry_time":91,"ferry_price":384,"cargo":"cargo.used_plast","company_truck":"daf_4x2_b","trailer_variant":"trailer.scs_curt_s","trailer_definition":"trailer_def.scs.box.single_3.curtain","units_count":33,"fill_ratio":1,"trailer_place":0}],"tradeaux.felixstowe":[{"target":"sellplan.sheffield","urgency":2,"shortest_distance_km":334,"ferry_time":0,"ferry_price":0,"cargo":"cargo.sugar","company_truck":"mercedes_actros_2014_4x2_b","trailer_variant":"trailer.scs_curt_s","trailer_definition":"trailer_def.scs.box.single_3.curtain","units_count":33,"fill_ratio":1,"trailer_place":0}],"transinet.osnabruck":[{"target":"sellplan.rostock","urgency":1,"shortest_distance_km":413,"ferry_time":0,"ferry_price":0,"cargo":"cargo.almond","company_truck":"scania_s_4x2_580","trailer_variant":"trailer.scs_dry","trailer_definition":"trailer_def.scs.box.single_3.dryvan","units_count":33,"fill_ratio":1,"trailer_place":0},{"target":"lkwlog.amsterdam","urgency":1,"shortest_distance_km":200,"ferry_time":0,"ferry_price":0,"cargo":"cargo.radiators","company_truck":"double/man_euro6_4x2_xxl","trailer_variant":"trailer.scs_curt_b2","trailer_definition":"trailer_def.scs.box.bdouble_3_3.curtain","units_count":53,"fill_ratio":1,"trailer_place":0}],"eurogoodies.leipzig":[{"target":"stokes.nurnberg","urgency":2,"shortest_distance_km":307,"ferry_time":0,"ferry_price":0,"cargo":"cargo.beans","company_truck":"double/scania_4x2_a","trailer_variant":"trailer.scs_curt_2","trailer_definition":"trailer_def.scs.box.double_3_2.curtain","units_count":50,"fill_ratio":1,"trailer_place":0},{"target":"sellplan.magdeburg","urgency":1,"shortest_distance_km":245,"ferry_time":0,"ferry_price":0,"cargo":"cargo.almond","company_truck":"double/mercedes_actros_2014_4x2_a","trailer_variant":"trailer.scs_dry_2","trailer_definition":"trailer_def.scs.box.double_3_2.dryvan","units_count":31,"fill_ratio":1,"trailer_place":0}],"fcp.torino":[{"target":"transinet.szczecin","urgency":0,"shortest_distance_km":1402,"ferry_time":0,"ferry_price":0,"cargo":"cargo.diggers","company_truck":"scania_streamline_4x2_c","trailer_variant":"trailer.overweight.digger","trailer_definition":"trailer_def.diggers.overweight.digger","units_count":98,"fill_ratio":1,"trailer_place":0}],"tree_et.liege":[{"target":"lkwlog.duisburg","urgency":1,"shortest_distance_km":225,"ferry_time":0,"ferry_price":0,"cargo":"cargo.excavator","company_truck":"mercedes_actros_2014_6x2_a","trailer_variant":"trailer.overweight.excavator","trailer_definition":"trailer_def.excavator.overweight.excavator","units_count":94,"fill_ratio":1,"trailer_place":0},{"target":"sanbuilders.berlin","urgency":0,"shortest_distance_km":643,"ferry_time":0,"ferry_price":0,"cargo":"cargo.diggers","company_truck":"scania_r_4x2_370","trailer_variant":"trailer.overweight.digger","trailer_definition":"trailer_def.diggers.overweight.digger","units_count":98,"fill_ratio":1,"trailer_place":0}],"stokes.cardiff":[{"target":"eurogoodies.dusseldorf","urgency":1,"shortest_distance_km":883,"ferry_time":35,"ferry_price":300,"cargo":"cargo.chocolate","company_truck":"scania_4x2_a","trailer_variant":"trailer.scs_dry","trailer_definition":"trailer_def.scs.box.single_3.dryvan","units_count":30,"fill_ratio":1,"trailer_place":0},{"target":"posped.swansea","urgency":0,"shortest_distance_km":76,"ferry_time":0,"ferry_price":0,"cargo":"cargo.limonades","company_truck":"man_6x4_b","trailer_variant":"trailer.scs_dry","trailer_definition":"trailer_def.scs.box.single_3.dryvan","units_count":30,"fill_ratio":1,"trailer_place":0},{"target":"transinet.mannheim","urgency":0,"shortest_distance_km":1036,"ferry_time":35,"ferry_price":300,"cargo":"cargo.carb_water","company_truck":"renault_t_4x2h","trailer_variant":"trailer.scs_curt","trailer_definition":"trailer_def.scs.box.single_3.curtain","units_count":31,"fill_ratio":1,"trailer_place":0}],"sanbuilders.hamburg":[{"target":"trameri.hannover","urgency":1,"shortest_distance_km":170,"ferry_time":0,"ferry_price":0,"cargo":"cargo.forklifts","company_truck":"daf_6x2_a","trailer_variant":"trailer.overweight.forklifts","trailer_definition":"trailer_def.forklifts.overweight.forklifts","units_count":100,"fill_ratio":1,"trailer_place":0}],"tree_et.bratislava":[{"target":"quarry.prague","urgency":0,"shortest_distance_km":351,"ferry_time":0,"ferry_price":0,"cargo":"cargo.diggers","company_truck":"mercedes_6x2_b","trailer_variant":"trailer.overweight.digger","trailer_definition":"trailer_def.diggers.overweight.digger","units_count":98,"fill_ratio":1,"trailer_place":0}],"tree_et.graz":[{"target":"posped.bratislava","urgency":2,"shortest_distance_km":204,"ferry_time":0,"ferry_price":0,"cargo":"cargo.wshavings","company_truck":"man_6x4_b","trailer_variant":"trailer.s_ki_solid.cover","trailer_definition":"trailer_def.wshavings.s_ki_solid.cover","units_count":100,"fill_ratio":1,"trailer_place":0}],"lkwlog.dover":[{"target":"transinet.dortmund","urgency":2,"shortest_distance_km":574,"ferry_time":91,"ferry_price":384,"cargo":"cargo.milk_t","company_truck":"mercedes_6x2_b","trailer_variant":"trailer.scs_fodt","trailer_definition":"trailer_def.scs.foodtank.single_3.paint","units_count":23,"fill_ratio":1,"trailer_place":0}],"sellplan.sheffield":[{"target":"posped.carlisle","urgency":0,"shortest_distance_km":270,"ferry_time":0,"ferry_price":0,"cargo":"cargo.used_plast","company_truck":"daf_6x2_a","trailer_variant":"trailer.scs_curt_a","trailer_definition":"trailer_def.scs.box.single_3.curtain","units_count":33,"fill_ratio":1,"trailer_place":0}],"tree_et.felixstowe":[{"target":"posped.london","urgency":0,"shortest_distance_km":161,"ferry_time":0,"ferry_price":0,"cargo":"cargo.diggers","company_truck":"man_6x4_b","trailer_variant":"trailer.overweight.digger","trailer_definition":"trailer_def.diggers.overweight.digger","units_count":98,"fill_ratio":1,"trailer_place":0}],"eurogoodies.cardiff":[{"target":"posped.london","urgency":0,"shortest_distance_km":315,"ferry_time":0,"ferry_price":0,"cargo":"cargo.chewing_gums","company_truck":"man_tgx_euro6_6x4_xlx","trailer_variant":"trailer.scs_dry_s","trailer_definition":"trailer_def.scs.box.single_3.dryvan","units_count":31,"fill_ratio":1,"trailer_place":0}],"posped.kiel":[{"target":"sanbuilders.nurnberg","urgency":1,"shortest_distance_km":686,"ferry_time":0,"ferry_price":0,"cargo":"cargo.sand","company_truck":"man_6x4_b","trailer_variant":"trailer.s_ki_solid.sand","trailer_definition":"trailer_def.sand.s_ki_solid.sand","units_count":100,"fill_ratio":1,"trailer_place":0},{"target":"stokes.kiel","urgency":2,"shortest_distance_km":1,"ferry_time":0,"ferry_price":0,"cargo":"cargo.cement","company_truck":"renault_t_4x2","trailer_variant":"trailer.cement","trailer_definition":"trailer_def.cement.cement","units_count":100,"fill_ratio":1,"trailer_place":0},{"target":"fcp.dusseldorf","urgency":0,"shortest_distance_km":515,"ferry_time":0,"ferry_price":0,"cargo":"cargo.oil","company_truck":"mercedes_4x2_b","trailer_variant":"trailer.willig.fuel_cistern","trailer_definition":"trailer_def.oil.willig.fuel_cistern","units_count":101,"fill_ratio":1,"trailer_place":0}],"euroacres.nurnberg":[{"target":"sellplan.magdeburg","urgency":0,"shortest_distance_km":432,"ferry_time":0,"ferry_price":0,"cargo":"cargo.cont_trees","company_truck":"man_4x2_c","trailer_variant":"trailer.scs_dry_s","trailer_definition":"trailer_def.scs.box.single_3.dryvan","units_count":33,"fill_ratio":1,"trailer_place":0},{"target":"tradeaux.lille","urgency":2,"shortest_distance_km":776,"ferry_time":0,"ferry_price":0,"cargo":"cargo.watermelons","company_truck":"scania_s_4x2_370","trailer_variant":"trailer.scs_ins_s","trailer_definition":"trailer_def.scs.box.single_3.insulated","units_count":33,"fill_ratio":1,"trailer_place":0}],"eurogoodies.dusseldorf":[{"target":"transinet.mannheim","urgency":0,"shortest_distance_km":324,"ferry_time":0,"ferry_price":0,"cargo":"cargo.beverages_c","company_truck":"scania_s_4x2_580","trailer_variant":"trailer.scs_flat_c_g","trailer_definition":"trailer_def.scs.flatbed.single_3.container","units_count":33,"fill_ratio":1,"trailer_place":0}],"eurogoodies.osnabruck":[{"target":"tradeaux.hannover","urgency":1,"shortest_distance_km":142,"ferry_time":0,"ferry_price":0,"cargo":"cargo.potatoes","company_truck":"man_6x4_b","trailer_variant":"trailer.scs_dry_2","trailer_definition":"trailer_def.scs.box.double_3_2.dryvan","units_count":24,"fill_ratio":1,"trailer_place":0}],"ika_bohag.milano":[{"target":"cargotras.milano","urgency":2,"shortest_distance_km":84,"ferry_time":0,"ferry_price":0,"cargo":"cargo.empty_palet","company_truck":"mercedes_4x2_a","trailer_variant":"trailer.scs_dry","trailer_definition":"trailer_def.scs.box.single_3.dryvan","units_count":33,"fill_ratio":1,"trailer_place":0}],"tradeaux.geneve":[{"target":"lkwlog.dover","urgency":2,"shortest_distance_km":846,"ferry_time":35,"ferry_price":300,"cargo":"cargo.empty_palet","company_truck":"daf_4x2_a","trailer_variant":"trailer.scs_curt_s","trailer_definition":"trailer_def.scs.box.single_3.curtain","units_count":33,"fill_ratio":1,"trailer_place":0}],"trameri.liverpool":[{"target":"posped.swansea","urgency":2,"shortest_distance_km":261,"ferry_time":0,"ferry_price":0,"cargo":"cargo.rooflights","company_truck":"daf_6x2_a","trailer_variant":"trailer.scs_curt_a","trailer_definition":"trailer_def.scs.box.single_3.curtain","units_count":33,"fill_ratio":1,"trailer_place":0}],"sanbuilders.luxembourg":[{"target":"posped.birmingham","urgency":1,"shortest_distance_km":750,"ferry_time":35,"ferry_price":300,"cargo":"cargo.excavator","company_truck":"renault_t_4x2","trailer_variant":"trailer.overweight.excavator","trailer_definition":"trailer_def.excavator.overweight.excavator","units_count":94,"fill_ratio":1,"trailer_place":0}],"tradeaux.lyon":[{"target":"transinet.osnabruck","urgency":2,"shortest_distance_km":939,"ferry_time":0,"ferry_price":0,"cargo":"cargo.bottle_water","company_truck":"renault_premium_4x2_a","trailer_variant":"trailer.scs_curt","trailer_definition":"trailer_def.scs.box.single_3.curtain","units_count":31,"fill_ratio":1,"trailer_place":0},{"target":"posped.geneve","urgency":2,"shortest_distance_km":163,"ferry_time":0,"ferry_price":0,"cargo":"cargo.med_equip","company_truck":"mercedes_4x2_b","trailer_variant":"trailer.scs_ins_a","trailer_definition":"trailer_def.scs.box.single_3.insulated","units_count":33,"fill_ratio":1,"trailer_place":0}],"trameri.plymouth":[{"target":"posped.london","urgency":1,"shortest_distance_km":398,"ferry_time":0,"ferry_price":0,"cargo":"cargo.forklifts","company_truck":"man_tgx_euro6_6x4_xlx","trailer_variant":"trailer.overweight.forklifts","trailer_definition":"trailer_def.forklifts.overweight.forklifts","units_count":100,"fill_ratio":1,"trailer_place":0}],"tree_et.zurich":[{"target":"euroacres.dover","urgency":0,"shortest_distance_km":817,"ferry_time":91,"ferry_price":384,"cargo":"cargo.digger500","company_truck":"scania_s_6x2_450","trailer_variant":"trailer.overweight.digger500","trailer_definition":"trailer_def.digger500.overweight.digger500","units_count":100,"fill_ratio":1,"trailer_place":0},{"target":"stokes.zurich","urgency":2,"shortest_distance_km":10,"ferry_time":0,"ferry_price":0,"cargo":"cargo.wshavings","company_truck":"renault_t_6x2","trailer_variant":"trailer.s_ki_solid.cover","trailer_definition":"trailer_def.wshavings.s_ki_solid.cover","units_count":100,"fill_ratio":1,"trailer_place":0},{"target":"euroacres.bern","urgency":1,"shortest_distance_km":161,"ferry_time":0,"ferry_price":0,"cargo":"cargo.lumber","company_truck":"scania_s_6x2_450","trailer_variant":"trailer.scs_flat_c_g","trailer_definition":"trailer_def.scs.flatbed.single_3.container","units_count":2,"fill_ratio":1,"trailer_place":0}],"euroacres.dijon":[{"target":"posped.bratislava","urgency":0,"shortest_distance_km":1083,"ferry_time":0,"ferry_price":0,"cargo":"cargo.straw_bales","company_truck":"renault_premium_4x2_a","trailer_variant":"trailer.scs_dry_ms","trailer_definition":"trailer_def.scs.box.single_3.dryvan_m","units_count":33,"fill_ratio":1,"trailer_place":0}],"eurogoodies.bern":[{"target":"stokes.liege","urgency":0,"shortest_distance_km":602,"ferry_time":0,"ferry_price":0,"cargo":"cargo.drymilk","company_truck":"daf_4x2_a","trailer_variant":"trailer.scs_dry_m","trailer_definition":"trailer_def.scs.box.single_3.dryvan_m","units_count":33,"fill_ratio":1,"trailer_place":0},{"target":"transinet.mannheim","urgency":2,"shortest_distance_km":336,"ferry_time":0,"ferry_price":0,"cargo":"cargo.bottle_water","company_truck":"man_6x4_b","trailer_variant":"trailer.scs_dry_m","trailer_definition":"trailer_def.scs.box.single_3.dryvan_m","units_count":29,"fill_ratio":1,"trailer_place":0}],"sellplan.geneve":[{"target":"stokes.zurich","urgency":0,"shortest_distance_km":236,"ferry_time":0,"ferry_price":0,"cargo":"cargo.used_packag","company_truck":"iveco_h_4x2_a","trailer_variant":"trailer.scs_curt_a","trailer_definition":"trailer_def.scs.box.single_3.curtain","units_count":33,"fill_ratio":1,"trailer_place":0},{"target":"posped.geneve","urgency":1,"shortest_distance_km":1,"ferry_time":0,"ferry_price":0,"cargo":"cargo.used_plast_c","company_truck":"scania_streamline_4x2_a","trailer_variant":"trailer.scs_flat_c_r","trailer_definition":"trailer_def.scs.flatbed.single_3.container","units_count":33,"fill_ratio":1,"trailer_place":0}],"fcp.graz":[{"target":"transinet.salzburg","urgency":0,"shortest_distance_km":266,"ferry_time":0,"ferry_price":0,"cargo":"cargo.used_packag","company_truck":"mercedes_6x4_a","trailer_variant":"trailer.scs_curt_s","trailer_definition":"trailer_def.scs.box.single_3.curtain","units_count":33,"fill_ratio":1,"trailer_place":0}],"bcp.berlin":[{"target":"tradeaux.rostock","urgency":0,"shortest_distance_km":210,"ferry_time":0,"ferry_price":0,"cargo":"cargo.digger500","company_truck":"scania_s_4x2_370","trailer_variant":"trailer.overweight.digger500","trailer_definition":"trailer_def.digger500.overweight.digger500","units_count":100,"fill_ratio":1,"trailer_place":0}],"lkwlog.amsterdam":[{"target":"tradeaux.felixstowe","urgency":0,"shortest_distance_km":211,"ferry_time":480,"ferry_price":960,"cargo":"cargo.rice_c","company_truck":"scania_s_4x2_580","trailer_variant":"trailer.scs_gosck40","trailer_definition":"trailer_def.scs.gooseneck.singl_3e_40.container","units_count":30,"fill_ratio":1,"trailer_place":0}],"itcc.glasgow":[{"target":"nbfc.london","urgency":0,"shortest_distance_km":675,"ferry_time":0,"ferry_price":0,"cargo":"cargo.fueltanker","company_truck":"mercedes_4x2_b","trailer_variant":"trailer.scs_flat_c_r","trailer_definition":"trailer_def.scs.flatbed.single_3.container","units_count":87,"fill_ratio":1,"trailer_place":0},{"target":"stokes.aberdeen","urgency":1,"shortest_distance_km":237,"ferry_time":0,"ferry_price":0,"cargo":"cargo.excavator","company_truck":"scania_6x4_a","trailer_variant":"trailer.overweight.excavator","trailer_definition":"trailer_def.excavator.overweight.excavator","units_count":94,"fill_ratio":1,"trailer_place":0}],"nbfc.calais":[{"target":"wgcc.grimsby","urgency":1,"shortest_distance_km":407,"ferry_time":91,"ferry_price":384,"cargo":"cargo.potassium","company_truck":"man_4x2_a","trailer_variant":"trailer.scs_gosck220","trailer_definition":"trailer_def.scs.gooseneck.singl_3e_220.container","units_count":80,"fill_ratio":1,"trailer_place":0}],"posped.graz":[{"target":"lkwlog.brno","urgency":0,"shortest_distance_km":266,"ferry_time":0,"ferry_price":0,"cargo":"cargo.plums","company_truck":"man_6x4_b","trailer_variant":"trailer.scs_ins_a","trailer_definition":"trailer_def.scs.box.single_3.insulated","units_count":33,"fill_ratio":1,"trailer_place":0}],"fcp.poznan":[{"target":"tradeaux.rostock","urgency":0,"shortest_distance_km":426,"ferry_time":0,"ferry_price":0,"cargo":"cargo.used_packag","company_truck":"man_4x2_c","trailer_variant":"trailer.scs_curt_s","trailer_definition":"trailer_def.scs.box.single_3.curtain","units_count":33,"fill_ratio":1,"trailer_place":0}],"eurogoodies.erfurt":[{"target":"sellplan.venezia","urgency":1,"shortest_distance_km":990,"ferry_time":0,"ferry_price":0,"cargo":"cargo.beverages","company_truck":"scania_streamline_4x2_b","trailer_variant":"trailer.scs_ins","trailer_definition":"trailer_def.scs.box.single_3.insulated","units_count":31,"fill_ratio":1,"trailer_place":0},{"target":"kaarfor.strasbourg","urgency":0,"shortest_distance_km":493,"ferry_time":0,"ferry_price":0,"cargo":"cargo.beverages_t","company_truck":"man_tgx_euro6_4x2_xxl","trailer_variant":"trailer.scs_fodt","trailer_definition":"trailer_def.scs.foodtank.single_3.paint","units_count":23,"fill_ratio":1,"trailer_place":0}],"trameri.swansea":[{"target":"tradeaux.lille","urgency":2,"shortest_distance_km":563,"ferry_time":35,"ferry_price":300,"cargo":"cargo.electronics","company_truck":"man_4x2_a","trailer_variant":"trailer.scs_curt_s","trailer_definition":"trailer_def.scs.box.single_3.curtain","units_count":33,"fill_ratio":1,"trailer_place":0},{"target":"transinet.southampton","urgency":0,"shortest_distance_km":282,"ferry_time":0,"ferry_price":0,"cargo":"cargo.scrap_metals","company_truck":"scania_s_6x2_450","trailer_variant":"trailer.s_ki_solid.cover","trailer_definition":"trailer_def.scrap_metals.s_ki_solid.cover","units_count":100,"fill_ratio":1,"trailer_place":0}],"sanbuilders.london":[{"target":"nbfc.london","urgency":0,"shortest_distance_km":1,"ferry_time":0,"ferry_price":0,"cargo":"cargo.emptytank","company_truck":"man_tgx_euro6_6x4_xlx","trailer_variant":"trailer.scs_flat_b","trailer_definition":"trailer_def.scs.flatbed.single_3.flatbed_w","units_count":2,"fill_ratio":1,"trailer_place":0}],"stokes.aberdeen":[{"target":"eurogoodies.glasgow","urgency":0,"shortest_distance_km":237,"ferry_time":0,"ferry_price":0,"cargo":"cargo.rice_c","company_truck":"scania_r_6x4_650","trailer_variant":"trailer.scs_gosck20","trailer_definition":"trailer_def.scs.gooseneck.singl_3e_20.container","units_count":15,"fill_ratio":1,"trailer_place":0}],"sanbuilders.brno":[{"target":"lkwlog.venezia","urgency":0,"shortest_distance_km":710,"ferry_time":0,"ferry_price":0,"cargo":"cargo.digger500","company_truck":"mercedes_actros_2014_4x2_c","trailer_variant":"trailer.overweight.digger500","trailer_definition":"trailer_def.digger500.overweight.digger500","units_count":100,"fill_ratio":1,"trailer_place":0},{"target":"stokes.dijon","urgency":1,"shortest_distance_km":1139,"ferry_time":0,"ferry_price":0,"cargo":"cargo.digger1000","company_truck":"daf_6x2_a","trailer_variant":"trailer.overweight.digger1000","trailer_definition":"trailer_def.digger1000.overweight.digger1000","units_count":100,"fill_ratio":1,"trailer_place":0}],"quarry.strasbourg":[{"target":"fcp.torino","urgency":0,"shortest_distance_km":538,"ferry_time":0,"ferry_price":0,"cargo":"cargo.fueltanker","company_truck":"iveco_6x2_a","trailer_variant":"trailer.scs_flat_c_g","trailer_definition":"trailer_def.scs.flatbed.single_3.container","units_count":87,"fill_ratio":1,"trailer_place":0},{"target":"fcp.poznan","urgency":1,"shortest_distance_km":1127,"ferry_time":0,"ferry_price":0,"cargo":"cargo.largetubes","company_truck":"scania_r_4x2_520","trailer_variant":"trailer.scs_flat_c_r","trailer_definition":"trailer_def.scs.flatbed.single_3.container","units_count":2,"fill_ratio":1,"trailer_place":0},{"target":"trameri.strasbourg","urgency":2,"shortest_distance_km":190,"ferry_time":0,"ferry_price":0,"cargo":"cargo.hipresstank","company_truck":"man_tgx_euro6_6x4_xlx","trailer_variant":"trailer.scs_flat_b","trailer_definition":"trailer_def.scs.flatbed.single_3.flatbed_w","units_count":2,"fill_ratio":1,"trailer_place":0}],"eurogoodies.liege":[{"target":"lkwlog.luxembourg","urgency":2,"shortest_distance_km":159,"ferry_time":0,"ferry_price":0,"cargo":"cargo.yogurt","company_truck":"daf_4x2_b","trailer_variant":"trailer.scs_ins","trailer_definition":"trailer_def.scs.box.single_3.insulated","units_count":33,"fill_ratio":1,"trailer_place":0},{"target":"lkwlog.amsterdam","urgency":0,"shortest_distance_km":283,"ferry_time":0,"ferry_price":0,"cargo":"cargo.carb_water","company_truck":"scania_streamline_4x2_b","trailer_variant":"trailer.scs_curt_s","trailer_definition":"trailer_def.scs.box.single_3.curtain","units_count":33,"fill_ratio":1,"trailer_place":0}],"transinet.southampton":[{"target":"kaarfor.munchen","urgency":0,"shortest_distance_km":1147,"ferry_time":35,"ferry_price":300,"cargo":"cargo.plums","company_truck":"man_6x4_b","trailer_variant":"trailer.scs_ref_s","trailer_definition":"trailer_def.scs.box.single_3.reefer","units_count":33,"fill_ratio":1,"trailer_place":0},{"target":"tree_et.frankfurt","urgency":0,"shortest_distance_km":889,"ferry_time":35,"ferry_price":300,"cargo":"cargo.oil","company_truck":"man_6x4_b","trailer_variant":"trailer.fuel_cistern","trailer_definition":"trailer_def.oil.fuel_cistern","units_count":100,"fill_ratio":1,"trailer_place":0}],"posped.swansea":[{"target":"lkwlog.amsterdam","urgency":2,"shortest_distance_km":902,"ferry_time":35,"ferry_price":300,"cargo":"cargo.sugar","company_truck":"man_tgx_euro6_6x4_xlx","trailer_variant":"trailer.scs_dry_s","trailer_definition":"trailer_def.scs.box.single_3.dryvan","units_count":32,"fill_ratio":1,"trailer_place":0},{"target":"stokes.amsterdam","urgency":1,"shortest_distance_km":902,"ferry_time":35,"ferry_price":300,"cargo":"cargo.used_plast_c","company_truck":"mercedes_6x4_a","trailer_variant":"trailer.scs_gosck40","trailer_definition":"trailer_def.scs.gooseneck.singl_3e_40.container","units_count":30,"fill_ratio":1,"trailer_place":0}],"fcp.dusseldorf":[{"target":"stokes.amsterdam","urgency":0,"shortest_distance_km":308,"ferry_time":0,"ferry_price":0,"cargo":"cargo.used_packag","company_truck":"renault_t_4x2","trailer_variant":"trailer.scs_dry_ms","trailer_definition":"trailer_def.scs.box.single_3.dryvan_m","units_count":33,"fill_ratio":1,"trailer_place":0}],"trameri.klagenfurt":[{"target":"lisette_log.paris","urgency":0,"shortest_distance_km":1365,"ferry_time":0,"ferry_price":0,"cargo":"cargo.used_packag","company_truck":"renault_premium_4x2_a","trailer_variant":"trailer.scs_dry_ms","trailer_definition":"trailer_def.scs.box.single_3.dryvan_m","units_count":33,"fill_ratio":1,"trailer_place":0},{"target":"cargotras.milano","urgency":0,"shortest_distance_km":617,"ferry_time":0,"ferry_price":0,"cargo":"cargo.used_plast","company_truck":"daf_4x2_b","trailer_variant":"trailer.scs_dry_a","trailer_definition":"trailer_def.scs.box.single_3.dryvan","units_count":33,"fill_ratio":1,"trailer_place":0},{"target":"quarry.salzburg","urgency":0,"shortest_distance_km":250,"ferry_time":0,"ferry_price":0,"cargo":"cargo.emptytank","company_truck":"scania_4x2_c","trailer_variant":"trailer.scs_flat_c_g","trailer_definition":"trailer_def.scs.flatbed.single_3.container","units_count":2,"fill_ratio":1,"trailer_place":0}],"euroacres.torino":[{"target":"posped.koln","urgency":0,"shortest_distance_km":849,"ferry_time":0,"ferry_price":0,"cargo":"cargo.milk","company_truck":"renault_t_4x2h","trailer_variant":"trailer.scs_curt_a","trailer_definition":"trailer_def.scs.box.single_3.curtain","units_count":33,"fill_ratio":1,"trailer_place":0},{"target":"sellplan.geneve","urgency":1,"shortest_distance_km":349,"ferry_time":0,"ferry_price":0,"cargo":"cargo.potatoes","company_truck":"man_4x2_a","trailer_variant":"trailer.scs_dry_m","trailer_definition":"trailer_def.scs.box.single_3.dryvan_m","units_count":32,"fill_ratio":1,"trailer_place":0}],"posped.koln":[{"target":"lkwlog.venezia","urgency":0,"shortest_distance_km":1064,"ferry_time":0,"ferry_price":0,"cargo":"cargo.digger500","company_truck":"daf_4x2_a","trailer_variant":"trailer.overweight.digger500","trailer_definition":"trailer_def.digger500.overweight.digger500","units_count":100,"fill_ratio":1,"trailer_place":0}],"sellplan.rostock":[{"target":"transinet.szczecin","urgency":0,"shortest_distance_km":194,"ferry_time":0,"ferry_price":0,"cargo":"cargo.used_packag","company_truck":"renault_premium_6x2_a","trailer_variant":"trailer.scs_curt_a","trailer_definition":"trailer_def.scs.box.single_3.curtain","units_count":33,"fill_ratio":1,"trailer_place":0},{"target":"lkwlog.brno","urgency":1,"shortest_distance_km":719,"ferry_time":0,"ferry_price":0,"cargo":"cargo.used_plast_c","company_truck":"iveco_4x2_a","trailer_variant":"trailer.scs_gosck40","trailer_definition":"trailer_def.scs.gooseneck.singl_3e_40.container","units_count":30,"fill_ratio":1,"trailer_place":0}],"sellplan.london":[{"target":"tradeaux.rostock","urgency":0,"shortest_distance_km":1180,"ferry_time":35,"ferry_price":300,"cargo":"cargo.used_plast","company_truck":"scania_r_6x2_450","trailer_variant":"trailer.scs_curt","trailer_definition":"trailer_def.scs.box.single_3.curtain","units_count":33,"fill_ratio":1,"trailer_place":0},{"target":"tradeaux.paris","urgency":1,"shortest_distance_km":374,"ferry_time":35,"ferry_price":300,"cargo":"cargo.used_plast_c","company_truck":"scania_r_4x2_520","trailer_variant":"trailer.scs_flat_c_g","trailer_definition":"trailer_def.scs.flatbed.single_3.container","units_count":33,"fill_ratio":1,"trailer_place":0},{"target":"transinet.osnabruck","urgency":0,"shortest_distance_km":801,"ferry_time":35,"ferry_price":300,"cargo":"cargo.used_packag","company_truck":"iveco_h_4x2_a","trailer_variant":"trailer.scs_curt","trailer_definition":"trailer_def.scs.box.single_3.curtain","units_count":33,"fill_ratio":1,"trailer_place":0}],"sanbuilders.birmingham":[{"target":"posped.carlisle","urgency":1,"shortest_distance_km":333,"ferry_time":0,"ferry_price":0,"cargo":"cargo.forklifts","company_truck":"scania_s_4x2_580","trailer_variant":"trailer.overweight.forklifts","trailer_definition":"trailer_def.forklifts.overweight.forklifts","units_count":100,"fill_ratio":1,"trailer_place":0},{"target":"quarry.cardiff","urgency":1,"shortest_distance_km":215,"ferry_time":0,"ferry_price":0,"cargo":"cargo.excavator","company_truck":"man_6x4_b","trailer_variant":"trailer.overweight.excavator","trailer_definition":"trailer_def.excavator.overweight.excavator","units_count":94,"fill_ratio":1,"trailer_place":0}],"kaarfor.dortmund":[{"target":"posped.geneve","urgency":0,"shortest_distance_km":823,"ferry_time":0,"ferry_price":0,"cargo":"cargo.used_packag","company_truck":"man_6x4_b","trailer_variant":"trailer.scs_curt_s","trailer_definition":"trailer_def.scs.box.single_3.curtain","units_count":33,"fill_ratio":1,"trailer_place":0},{"target":"tradeaux.paris","urgency":2,"shortest_distance_km":604,"ferry_time":0,"ferry_price":0,"cargo":"cargo.empty_palet","company_truck":"scania_4x2_b","trailer_variant":"trailer.scs_dry_a","trailer_definition":"trailer_def.scs.box.single_3.dryvan","units_count":33,"fill_ratio":1,"trailer_place":0},{"target":"posped.strasbourg","urgency":1,"shortest_distance_km":460,"ferry_time":0,"ferry_price":0,"cargo":"cargo.used_plast_c","company_truck":"iveco_4x2_a","trailer_variant":"trailer.scs_gosck20","trailer_definition":"trailer_def.scs.gooseneck.singl_3e_20.container","units_count":15,"fill_ratio":1,"trailer_place":0}],"quarry.hannover":[{"target":"sanbuilders.hamburg","urgency":0,"shortest_distance_km":189,"ferry_time":0,"ferry_price":0,"cargo":"cargo.fueltanker","company_truck":"iveco_4x2_c","trailer_variant":"trailer.scs_gosck20","trailer_definition":"trailer_def.scs.gooseneck.singl_3e_20.container","units_count":40,"fill_ratio":1,"trailer_place":0}],"itcc.koln":[{"target":"lkwlog.luxembourg","urgency":2,"shortest_distance_km":223,"ferry_time":0,"ferry_price":0,"cargo":"cargo.iron_pipes","company_truck":"daf_4x2_b","trailer_variant":"trailer.scs_log","trailer_definition":"trailer_def.scs.log.single_3.steel","units_count":2,"fill_ratio":1,"trailer_place":0}],"trameri.hannover":[{"target":"posped.bremen","urgency":0,"shortest_distance_km":178,"ferry_time":0,"ferry_price":0,"cargo":"cargo.emptytank","company_truck":"renault_magnum_4x2_a","trailer_variant":"trailer.scs_flat_r","trailer_definition":"trailer_def.scs.flatbed.single_3.flatbed_w","units_count":2,"fill_ratio":1,"trailer_place":0}],"posped.rotterdam":[{"target":"tradeaux.paris","urgency":1,"shortest_distance_km":410,"ferry_time":0,"ferry_price":0,"cargo":"cargo.radiators","company_truck":"renault_premium_6x4_a","trailer_variant":"trailer.scs_curt_a","trailer_definition":"trailer_def.scs.box.single_3.curtain","units_count":33,"fill_ratio":1,"trailer_place":0}],"sanbuilders.edinburgh":[{"target":"lkwlog.manchester","urgency":1,"shortest_distance_km":354,"ferry_time":0,"ferry_price":0,"cargo":"cargo.forklifts","company_truck":"mercedes_4x2_c","trailer_variant":"trailer.overweight.forklifts","trailer_definition":"trailer_def.forklifts.overweight.forklifts","units_count":100,"fill_ratio":1,"trailer_place":0},{"target":"stokes.aberdeen","urgency":2,"shortest_distance_km":238,"ferry_time":0,"ferry_price":0,"cargo":"cargo.empty_palet","company_truck":"iveco_6x2_a","trailer_variant":"trailer.scs_dry_m","trailer_definition":"trailer_def.scs.box.single_3.dryvan_m","units_count":32,"fill_ratio":1,"trailer_place":0}],"tree_et.southampton":[{"target":"transinet.szczecin","urgency":2,"shortest_distance_km":1313,"ferry_time":35,"ferry_price":300,"cargo":"cargo.empty_palet","company_truck":"scania_streamline_4x2_c","trailer_variant":"trailer.scs_dry","trailer_definition":"trailer_def.scs.box.single_3.dryvan","units_count":33,"fill_ratio":1,"trailer_place":0},{"target":"lkwlog.dover","urgency":0,"shortest_distance_km":228,"ferry_time":0,"ferry_price":0,"cargo":"cargo.logs","company_truck":"renault_premium_6x4_a","trailer_variant":"trailer.scs_log","trailer_definition":"trailer_def.scs.log.single_3.steel","units_count":2,"fill_ratio":1,"trailer_place":0},{"target":"sanbuilders.erfurt","urgency":0,"shortest_distance_km":1008,"ferry_time":35,"ferry_price":300,"cargo":"cargo.diggers","company_truck":"man_6x4_b","trailer_variant":"trailer.overweight.digger","trailer_definition":"trailer_def.diggers.overweight.digger","units_count":98,"fill_ratio":1,"trailer_place":0}],"eurogoodies.grimsby":[{"target":"kaarfor.edinburgh","urgency":2,"shortest_distance_km":436,"ferry_time":0,"ferry_price":0,"cargo":"cargo.maple_syrup","company_truck":"renault_t_4x2h","trailer_variant":"trailer.scs_dry_ms","trailer_definition":"trailer_def.scs.box.single_3.dryvan_m","units_count":33,"fill_ratio":1,"trailer_place":0}],"kaarfor.cambridge":[{"target":"transinet.cambridge","urgency":1,"shortest_distance_km":1,"ferry_time":0,"ferry_price":0,"cargo":"cargo.used_plast_c","company_truck":"man_6x4_b","trailer_variant":"trailer.scs_flat_c_g","trailer_definition":"trailer_def.scs.flatbed.single_3.container","units_count":33,"fill_ratio":1,"trailer_place":0},{"target":"posped.birmingham","urgency":0,"shortest_distance_km":196,"ferry_time":0,"ferry_price":0,"cargo":"cargo.used_packag","company_truck":"scania_r_6x2_450","trailer_variant":"trailer.scs_curt_a","trailer_definition":"trailer_def.scs.box.single_3.curtain","units_count":33,"fill_ratio":1,"trailer_place":0},{"target":"tradeaux.hannover","urgency":0,"shortest_distance_km":964,"ferry_time":35,"ferry_price":300,"cargo":"cargo.used_plast","company_truck":"mercedes_6x2_b","trailer_variant":"trailer.scs_curt_s","trailer_definition":"trailer_def.scs.box.single_3.curtain","units_count":33,"fill_ratio":1,"trailer_place":0}],"eurogoodies.bremen":[{"target":"tradeaux.paris","urgency":0,"shortest_distance_km":785,"ferry_time":0,"ferry_price":0,"cargo":"cargo.carb_water","company_truck":"daf_4x2_a","trailer_variant":"trailer.scs_dry","trailer_definition":"trailer_def.scs.box.single_3.dryvan","units_count":29,"fill_ratio":1,"trailer_place":0}],"posped.london":[{"target":"lkwlog.dover","urgency":1,"shortest_distance_km":113,"ferry_time":0,"ferry_price":0,"cargo":"cargo.petrol","company_truck":"daf_xf_euro6_4x2_c","trailer_variant":"trailer.willig.fuel_cistern","trailer_definition":"trailer_def.petrol.willig.fuel_cistern","units_count":101,"fill_ratio":1,"trailer_place":0}],"polarislines.travemunde":[{"target":"posped.kiel","urgency":1,"shortest_distance_km":98,"ferry_time":0,"ferry_price":0,"cargo":"cargo.big_bag_seed","company_truck":"daf_4x2_b","trailer_variant":"trailer.scs_dry_a","trailer_definition":"trailer_def.scs.box.single_3.dryvan","units_count":33,"fill_ratio":1,"trailer_place":0}],"wgcc.rotterdam":[{"target":"trameri.carlisle","urgency":0,"shortest_distance_km":325,"ferry_time":660,"ferry_price":995,"cargo":"cargo.graph_grease","company_truck":"mercedes_4x2_a","trailer_variant":"trailer.scs_dry","trailer_definition":"trailer_def.scs.box.single_3.dryvan","units_count":33,"fill_ratio":1,"trailer_place":0},{"target":"sanbuilders.rotterdam","urgency":2,"shortest_distance_km":1,"ferry_time":0,"ferry_price":0,"cargo":"cargo.acetylene","company_truck":"scania_r_4x2_370","trailer_variant":"trailer.scs_flat_c_r","trailer_definition":"trailer_def.scs.flatbed.single_3.container","units_count":87,"fill_ratio":1,"trailer_place":0}],"euroacres.salzburg":[{"target":"posped.bratislava","urgency":2,"shortest_distance_km":359,"ferry_time":0,"ferry_price":0,"cargo":"cargo.apples","company_truck":"scania_streamline_4x2_b","trailer_variant":"trailer.scs_dry_s","trailer_definition":"trailer_def.scs.box.single_3.dryvan","units_count":33,"fill_ratio":1,"trailer_place":0},{"target":"tradeaux.rostock","urgency":0,"shortest_distance_km":842,"ferry_time":0,"ferry_price":0,"cargo":"cargo.carrots_c","company_truck":"renault_magnum_6x2_a","trailer_variant":"trailer.scs_gosck220","trailer_definition":"trailer_def.scs.gooseneck.singl_3e_220.container","units_count":30,"fill_ratio":1,"trailer_place":0}],"kaarfor.reims":[{"target":"posped.koln","urgency":1,"shortest_distance_km":399,"ferry_time":0,"ferry_price":0,"cargo":"cargo.used_plast_c","company_truck":"iveco_h_4x2_a","trailer_variant":"trailer.scs_gosck20","trailer_definition":"trailer_def.scs.gooseneck.singl_3e_20.container","units_count":15,"fill_ratio":1,"trailer_place":0},{"target":"lisette_log.paris","urgency":2,"shortest_distance_km":244,"ferry_time":0,"ferry_price":0,"cargo":"cargo.empty_palet","company_truck":"scania_streamline_6x4_a","trailer_variant":"trailer.scs_curt_a","trailer_definition":"trailer_def.scs.box.single_3.curtain","units_count":33,"fill_ratio":1,"trailer_place":0},{"target":"posped.metz","urgency":0,"shortest_distance_km":161,"ferry_time":0,"ferry_price":0,"cargo":"cargo.used_plast","company_truck":"daf_4x2_a","trailer_variant":"trailer.scs_curt_a","trailer_definition":"trailer_def.scs.box.single_3.curtain","units_count":33,"fill_ratio":1,"trailer_place":0}],"sellplan.venezia":[{"target":"posped.graz","urgency":2,"shortest_distance_km":453,"ferry_time":0,"ferry_price":0,"cargo":"cargo.empty_palet","company_truck":"daf_6x2_a","trailer_variant":"trailer.scs_dry","trailer_definition":"trailer_def.scs.box.single_3.dryvan","units_count":33,"fill_ratio":1,"trailer_place":0}],"quarry.dortmund":[{"target":"posped.kiel","urgency":2,"shortest_distance_km":500,"ferry_time":0,"ferry_price":0,"cargo":"cargo.hipresstank","company_truck":"mercedes_4x2_a","trailer_variant":"trailer.scs_flat_r","trailer_definition":"trailer_def.scs.flatbed.single_3.flatbed_w","units_count":2,"fill_ratio":1,"trailer_place":0},{"target":"tradeaux.lille","urgency":1,"shortest_distance_km":515,"ferry_time":0,"ferry_price":0,"cargo":"cargo.digger1000","company_truck":"man_tgx_euro6_4x2_xl","trailer_variant":"trailer.overweight.digger1000","trailer_definition":"trailer_def.digger1000.overweight.digger1000","units_count":100,"fill_ratio":1,"trailer_place":0},{"target":"sanbuilders.erfurt","urgency":1,"shortest_distance_km":305,"ferry_time":0,"ferry_price":0,"cargo":"cargo.stones","company_truck":"scania_streamline_4x2_b","trailer_variant":"trailer.s_ki_solid.cover","trailer_definition":"trailer_def.stones.s_ki_solid.cover","units_count":100,"fill_ratio":1,"trailer_place":0},{"target":"transinet.brussel","urgency":1,"shortest_distance_km":457,"ferry_time":0,"ferry_price":0,"cargo":"cargo.excavator","company_truck":"man_6x4_b","trailer_variant":"trailer.overweight.excavator","trailer_definition":"trailer_def.excavator.overweight.excavator","units_count":94,"fill_ratio":1,"trailer_place":0}],"sellplan.groningen":[{"target":"posped.bremen","urgency":1,"shortest_distance_km":188,"ferry_time":0,"ferry_price":0,"cargo":"cargo.used_plast_c","company_truck":"mercedes_actros_2014_6x4_b","trailer_variant":"trailer.scs_gosck40","trailer_definition":"trailer_def.scs.gooseneck.singl_3e_40.container","units_count":30,"fill_ratio":1,"trailer_place":0},{"target":"transinet.osnabruck","urgency":0,"shortest_distance_km":206,"ferry_time":0,"ferry_price":0,"cargo":"cargo.used_plast","company_truck":"double/scania_r_4x2","trailer_variant":"trailer.scs_dry_2","trailer_definition":"trailer_def.scs.box.double_3_2.dryvan","units_count":53,"fill_ratio":1,"trailer_place":0},{"target":"posped.kiel","urgency":2,"shortest_distance_km":405,"ferry_time":0,"ferry_price":0,"cargo":"cargo.empty_palet","company_truck":"scania_r_6x2_450","trailer_variant":"trailer.scs_curt","trailer_definition":"trailer_def.scs.box.single_3.curtain","units_count":33,"fill_ratio":1,"trailer_place":0}],"lisette_log.paris":[{"target":"transinet.brussel","urgency":0,"shortest_distance_km":324,"ferry_time":0,"ferry_price":0,"cargo":"cargo.oranges","company_truck":"mercedes_4x2","trailer_variant":"trailer.scs_ref_s","trailer_definition":"trailer_def.scs.box.single_3.reefer","units_count":33,"fill_ratio":1,"trailer_place":1},{"target":"transinet.sheffield","urgency":0,"shortest_distance_km":643,"ferry_time":35,"ferry_price":300,"cargo":"cargo.grass_rolls","company_truck":"daf_xf_euro6_6x4_c","trailer_variant":"trailer.scs_dry_m","trailer_definition":"trailer_def.scs.box.single_3.dryvan_m","units_count":33,"fill_ratio":1,"trailer_place":1}]}