{"sellplan.wien":[{"target":"stokes.bystrica","urgency":0,"shortest_distance_km":252,"ferry_time":0,"ferry_price":0,"cargo":"cargo.used_plast","company_truck":"man_6x4_b","trailer_variant":"trailer.scs_dry","trailer_definition":"trailer_def.scs.box.single_3.dryvan","units_count":33,"fill_ratio":1,"trailer_place":0}],"wgcc.gdansk":[{"target":"nbfc.ostrava","urgency":2,"shortest_distance_km":559,"ferry_time":0,"ferry_price":0,"cargo":"cargo.hchemicals","company_truck":"scania_6x4_a","trailer_variant":"trailer.chcistern","trailer_definition":"trailer_def.hchemicals.chcistern","units_count":100,"fill_ratio":1,"trailer_place":0}],"kaarfor.budapest":[{"target":"posped.szeged","urgency":0,"shortest_distance_km":139,"ferry_time":0,"ferry_price":0,"cargo":"cargo.used_plast","company_truck":"mercedes_6x2_b","trailer_variant":"trailer.scs_curt","trailer_definition":"trailer_def.scs.box.single_3.curtain","units_count":33,"fill_ratio":1,"trailer_place":0}],"tree_et.bialystok":[{"target":"posped.lodz","urgency":0,"shortest_distance_km":279,"ferry_time":0,"ferry_price":0,"cargo":"cargo.sawpanels","company_truck":"iveco_4x2_c","trailer_variant":"trailer.scs_dry","trailer_definition":"trailer_def.scs.box.single_3.dryvan","units_count":33,"fill_ratio":1,"trailer_place":0},{"target":"posped.lublin","urgency":0,"shortest_distance_km":229,"ferry_time":0,"ferry_price":0,"cargo":"cargo.diggers","company_truck":"scania_s_6x2_450","trailer_variant":"trailer.overweight.digger","trailer_definition":"trailer_def.diggers.overweight.digger","units_count":98,"fill_ratio":1,"trailer_place":0}],"nbfc.duisburg":[{"target":"wgcc.gdansk","urgency":2,"shortest_distance_km":1005,"ferry_time":0,"ferry_price":0,"cargo":"cargo.sodium","company_truck":"daf_4x2_b","trailer_variant":"trailer.scs_gosck20","trailer_definition":"trailer_def.scs.gooseneck.singl_3e_20.container","units_count":40,"fill_ratio":1,"trailer_place":0}],"lkwlog.brno":[{"target":"posped.bystrica","urgency":1,"shortest_distance_km":324,"ferry_time":0,"ferry_price":0,"cargo":"cargo.nonalco_beer","company_truck":"scania_streamline_6x4_a","trailer_variant":"trailer.scs_dry","trailer_definition":"trailer_def.scs.box.single_3.dryvan","units_count":33,"fill_ratio":1,"trailer_place":0}],"tree_et.katowice":[{"target":"euroacres.bialystok","urgency":2,"shortest_distance_km":412,"ferry_time":0,"ferry_price":0,"cargo":"cargo.wshavings","company_truck":"iveco_4x2_c","trailer_variant":"trailer.s_ki_solid.cover","trailer_definition":"trailer_def.wshavings.s_ki_solid.cover","units_count":100,"fill_ratio":1,"trailer_place":0},{"target":"stokes.katowice","urgency":0,"shortest_distance_km":2,"ferry_time":0,"ferry_price":0,"cargo":"cargo.digger500","company_truck":"man_6x4_b","trailer_variant":"trailer.overweight.digger500","trailer_definition":"trailer_def.digger500.overweight.digger500","units_count":100,"fill_ratio":1,"trailer_place":0}],"euroacres.wroclaw":[{"target":"posped.szeged","urgency":2,"shortest_distance_km":725,"ferry_time":0,"ferry_price":0,"cargo":"cargo.watermelons","company_truck":"daf_xf_euro6_6x4_c","trailer_variant":"trailer.scs_ins","trailer_definition":"trailer_def.scs.box.single_3.insulated","units_count":33,"fill_ratio":1,"trailer_place":0}],"tradeaux.olsztyn":[{"target":"lkwlog.gdansk","urgency":0,"shortest_distance_km":165,"ferry_time":0,"ferry_price":0,"cargo":"cargo.paper","company_truck":"daf_6x2_a","trailer_variant":"trailer.scs_dry_ms","trailer_definition":"trailer_def.scs.box.single_3.dryvan_m","units_count":33,"fill_ratio":1,"trailer_place":0}],"trameri.budapest":[{"target":"tradeaux.budapest","urgency":1,"shortest_distance_km":1,"ferry_time":0,"ferry_price":0,"cargo":"cargo.chimney_syst","company_truck":"iveco_h_4x2_a","trailer_variant":"trailer.scs_curt_s","trailer_definition":"trailer_def.scs.box.single_3.curtain","units_count":33,"fill_ratio":1,"trailer_place":0},{"target":"posped.szeged","urgency":2,"shortest_distance_km":140,"ferry_time":0,"ferry_price":0,"cargo":"cargo.rooflights","company_truck":"scania_6x2_b","trailer_variant":"trailer.scs_dry_m","trailer_definition":"trailer_def.scs.box.single_3.dryvan_m","units_count":33,"fill_ratio":1,"trailer_place":0}],"lkwlog.kosice":[{"target":"posped.katowice","urgency":0,"shortest_distance_km":417,"ferry_time":0,"ferry_price":0,"cargo":"cargo.beverages_t","company_truck":"scania_r_6x4_650","trailer_variant":"trailer.scs_fodt","trailer_definition":"trailer_def.scs.foodtank.single_3.paint","units_count":23,"fill_ratio":1,"trailer_place":0},{"target":"tradeaux.budapest","urgency":2,"shortest_distance_km":219,"ferry_time":0,"ferry_price":0,"cargo":"cargo.rooflights","company_truck":"man_tgx_euro6_4x2_xl","trailer_variant":"trailer.scs_dry","trailer_definition":"trailer_def.scs.box.single_3.dryvan","units_count":33,"fill_ratio":1,"trailer_place":0}],"quarry.reims":[{"target":"tradeaux.olsztyn","urgency":0,"shortest_distance_km":1364,"ferry_time":0,"ferry_price":0,"cargo":"cargo.gravel","company_truck":"mercedes_actros_2014_4x2_b","trailer_variant":"trailer.s_ki_solid.gravel","trailer_definition":"trailer_def.gravel.s_ki_solid.gravel","units_count":100,"fill_ratio":1,"trailer_place":0}],"euroacres.bialystok":[{"target":"lkwlog.lublin","urgency":2,"shortest_distance_km":240,"ferry_time":0,"ferry_price":0,"cargo":"cargo.apples","company_truck":"daf_xf_euro6_6x4_c","trailer_variant":"trailer.scs_dry_ms","trailer_definition":"trailer_def.scs.box.single_3.dryvan_m","units_count":33,"fill_ratio":1,"trailer_place":0}],"stokes.amsterdam":[{"target":"itcc.kosice","urgency":2,"shortest_distance_km":1487,"ferry_time":0,"ferry_price":0,"cargo":"cargo.cement","company_truck":"scania_s_6x2_450","trailer_variant":"trailer.cement","trailer_definition":"trailer_def.cement.cement","units_count":100,"fill_ratio":1,"trailer_place":0}],"stokes.bystrica":[{"target":"itcc.ostrava","urgency":0,"shortest_distance_km":273,"ferry_time":0,"ferry_price":0,"cargo":"cargo.graph_grease","company_truck":"mercedes_actros_2014_6x2_a","trailer_variant":"trailer.scs_curt_s","trailer_definition":"trailer_def.scs.box.single_3.curtain","units_count":33,"fill_ratio":1,"trailer_place":0},{"target":"lkwlog.gdansk","urgency":2,"shortest_distance_km":729,"ferry_time":0,"ferry_price":0,"cargo":"cargo.maple_syrup","company_truck":"man_tgx_euro6_4x2_xxl","trailer_variant":"trailer.scs_dry","trailer_definition":"trailer_def.scs.box.single_3.dryvan","units_count":33,"fill_ratio":1,"trailer_place":0},{"target":"sanbuilders.krakow","urgency":0,"shortest_distance_km":207,"ferry_time":0,"ferry_price":0,"cargo":"cargo.fueltanker","company_truck":"scania_streamline_4x2_b","trailer_variant":"trailer.scs_flat_c_g","trailer_definition":"trailer_def.scs.flatbed.single_3.container","units_count":87,"fill_ratio":1,"trailer_place":0}],"kaarfor.verona":[{"target":"transinet.debrecen","urgency":0,"shortest_distance_km":1028,"ferry_time":0,"ferry_price":0,"cargo":"cargo.used_plast","company_truck":"daf_xf_euro6_4x2_a","trailer_variant":"trailer.scs_dry_ms","trailer_definition":"trailer_def.scs.box.single_3.dryvan_m","units_count":33,"fill_ratio":1,"trailer_place":0}],"kaarfor.ostrava":[{"target":"tradeaux.krakow","urgency":2,"shortest_distance_km":137,"ferry_time":0,"ferry_price":0,"cargo":"cargo.empty_palet","company_truck":"scania_s_6x4_730","trailer_variant":"trailer.scs_dry_m","trailer_definition":"trailer_def.scs.box.single_3.dryvan_m","units_count":32,"fill_ratio":1,"trailer_place":0}],"quarry.wroclaw":[{"target":"stokes.katowice","urgency":1,"shortest_distance_km":196,"ferry_time":0,"ferry_price":0,"cargo":"cargo.ore","company_truck":"man_6x4_b","trailer_variant":"trailer.s_ki_solid.ore","trailer_definition":"trailer_def.ore.s_ki_solid.ore","units_count":100,"fill_ratio":1,"trailer_place":0}],"euroacres.szeged":[{"target":"stokes.bystrica","urgency":1,"shortest_distance_km":319,"ferry_time":0,"ferry_price":0,"cargo":"cargo.apples_c","company_truck":"daf_6x2_a","trailer_variant":"trailer.scs_flat_c_r","trailer_definition":"trailer_def.scs.flatbed.single_3.container","units_count":33,"fill_ratio":1,"trailer_place":0}],"eurogoodies.olsztyn":[{"target":"stokes.warszawa","urgency":2,"shortest_distance_km":185,"ferry_time":0,"ferry_price":0,"cargo":"cargo.bottle_water","company_truck":"mercedes_6x2_b","trailer_variant":"trailer.scs_dry_a","trailer_definition":"trailer_def.scs.box.single_3.dryvan","units_count":29,"fill_ratio":1,"trailer_place":0}],"kaarfor.poznan":[{"target":"lkwlog.lodz","urgency":1,"shortest_distance_km":172,"ferry_time":0,"ferry_price":0,"cargo":"cargo.used_plast_c","company_truck":"scania_r_4x2_370","trailer_variant":"trailer.scs_flat_c_g","trailer_definition":"trailer_def.scs.flatbed.single_3.container","units_count":33,"fill_ratio":1,"trailer_place":0}],"tree_et.bystrica":[{"target":"transinet.debrecen","urgency":0,"shortest_distance_km":394,"ferry_time":0,"ferry_price":0,"cargo":"cargo.diggers","company_truck":"renault_t_4x2","trailer_variant":"trailer.overweight.digger","trailer_definition":"trailer_def.diggers.overweight.digger","units_count":98,"fill_ratio":1,"trailer_place":0},{"target":"euroacres.pecs","urgency":1,"shortest_distance_km":482,"ferry_time":0,"ferry_price":0,"cargo":"cargo.lumber","company_truck":"man_4x2_c","trailer_variant":"trailer.scs_flat_b","trailer_definition":"trailer_def.scs.flatbed.single_3.flatbed_w","units_count":2,"fill_ratio":1,"trailer_place":0},{"target":"tradeaux.krakow","urgency":2,"shortest_distance_km":161,"ferry_time":0,"ferry_price":0,"cargo":"cargo.empty_palet","company_truck":"mercedes_actros_2014_4x2_c","trailer_variant":"trailer.scs_dry_s","trailer_definition":"trailer_def.scs.box.single_3.dryvan","units_count":33,"fill_ratio":1,"trailer_place":0}],"sellplan.lodz":[{"target":"stokes.bystrica","urgency":2,"shortest_distance_km":410,"ferry_time":0,"ferry_price":0,"cargo":"cargo.empty_palet","company_truck":"scania_r_4x2_520","trailer_variant":"trailer.scs_curt_a","trailer_definition":"trailer_def.scs.box.single_3.curtain","units_count":33,"fill_ratio":1,"trailer_place":0}],"lkwlog.lodz":[{"target":"posped.lodz","urgency":0,"shortest_distance_km":1,"ferry_time":0,"ferry_price":0,"cargo":"cargo.chewing_gums","company_truck":"man_6x4_b","trailer_variant":"trailer.scs_dry_a","trailer_definition":"trailer_def.scs.box.single_3.dryvan","units_count":31,"fill_ratio":1,"trailer_place":0}],"euroacres.pecs":[{"target":"eurogoodies.bystrica","urgency":2,"shortest_distance_km":440,"ferry_time":0,"ferry_price":0,"cargo":"cargo.watermelons","company_truck":"iveco_4x2_b","trailer_variant":"trailer.scs_ref","trailer_definition":"trailer_def.scs.box.single_3.reefer","units_count":33,"fill_ratio":1,"trailer_place":0},{"target":"posped.szeged","urgency":0,"shortest_distance_km":181,"ferry_time":0,"ferry_price":0,"cargo":"cargo.grass_rolls","company_truck":"daf_4x2_b","trailer_variant":"trailer.scs_dry_m","trailer_definition":"trailer_def.scs.box.single_3.dryvan_m","units_count":33,"fill_ratio":1,"trailer_place":0}],"euroacres.berlin":[{"target":"stokes.bystrica","urgency":0,"shortest_distance_km":753,"ferry_time":0,"ferry_price":0,"cargo":"cargo.goat_cheese","company_truck":"man_tgx_euro6_4x2_xxl","trailer_variant":"trailer.scs_ref","trailer_definition":"trailer_def.scs.box.single_3.reefer","units_count":33,"fill_ratio":1,"trailer_place":0}],"itcc.bialystok":[{"target":"posped.lodz","urgency":0,"shortest_distance_km":261,"ferry_time":0,"ferry_price":0,"cargo":"cargo.emptytank","company_truck":"mercedes_actros_2014_6x4_b","trailer_variant":"trailer.scs_flat_c_r","trailer_definition":"trailer_def.scs.flatbed.single_3.container","units_count":2,"fill_ratio":1,"trailer_place":0}],"eurogoodies.klagenfurt":[{"target":"stokes.bystrica","urgency":2,"shortest_distance_km":473,"ferry_time":0,"ferry_price":0,"cargo":"cargo.apples","company_truck":"daf_4x2_a","trailer_variant":"trailer.scs_curt_a","trailer_definition":"trailer_def.scs.box.single_3.curtain","units_count":33,"fill_ratio":1,"trailer_place":0}],"transinet.szczecin":[{"target":"tradeaux.olsztyn","urgency":1,"shortest_distance_km":413,"ferry_time":0,"ferry_price":0,"cargo":"cargo.plastic_gra","company_truck":"renault_magnum_6x4_a","trailer_variant":"trailer.cement","trailer_definition":"trailer_def.plastic_gra.cement","units_count":100,"fill_ratio":1,"trailer_place":0}],"eurogoodies.prague":[{"target":"tradeaux.krakow","urgency":0,"shortest_distance_km":413,"ferry_time":0,"ferry_price":0,"cargo":"cargo.cauliflower","company_truck":"scania_4x2_c","trailer_variant":"trailer.scs_ins","trailer_definition":"trailer_def.scs.box.single_3.insulated","units_count":33,"fill_ratio":1,"trailer_place":0}],"transinet.osnabruck":[{"target":"tradeaux.olsztyn","urgency":1,"shortest_distance_km":905,"ferry_time":0,"ferry_price":0,"cargo":"cargo.excavator","company_truck":"mercedes_actros_2014_6x2_a","trailer_variant":"trailer.overweight.excavator","trailer_definition":"trailer_def.excavator.overweight.excavator","units_count":94,"fill_ratio":1,"trailer_place":0}],"eurogoodies.bystrica":[{"target":"posped.bystrica","urgency":0,"shortest_distance_km":1,"ferry_time":0,"ferry_price":0,"cargo":"cargo.limonades","company_truck":"scania_6x2_b","trailer_variant":"trailer.scs_dry","trailer_definition":"trailer_def.scs.box.single_3.dryvan","units_count":30,"fill_ratio":1,"trailer_place":0}],"tradeaux.prague":[{"target":"posped.katowice","urgency":0,"shortest_distance_km":342,"ferry_time":0,"ferry_price":0,"cargo":"cargo.icecream","company_truck":"mercedes_4x2_a","trailer_variant":"trailer.scs_ref_a","trailer_definition":"trailer_def.scs.box.single_3.reefer","units_count":33,"fill_ratio":1,"trailer_place":0}],"itcc.ostrava":[{"target":"tradeaux.krakow","urgency":2,"shortest_distance_km":137,"ferry_time":0,"ferry_price":0,"cargo":"cargo.wallpanels","company_truck":"scania_r_6x2_450","trailer_variant":"trailer.panel_trans.wall","trailer_definition":"trailer_def.wallpanels.panel_trans.wall","units_count":85,"fill_ratio":1,"trailer_place":0}],"lkwlog.lublin":[{"target":"posped.lublin","urgency":1,"shortest_distance_km":1,"ferry_time":0,"ferry_price":0,"cargo":"cargo.big_bag_seed","company_truck":"renault_premium_6x2_a","trailer_variant":"trailer.scs_dry_ms","trailer_definition":"trailer_def.scs.box.single_3.dryvan_m","units_count":33,"fill_ratio":1,"trailer_place":0}],"sanbuilders.erfurt":[{"target":"transinet.ostrava","urgency":0,"shortest_distance_km":695,"ferry_time":0,"ferry_price":0,"cargo":"cargo.diggers","company_truck":"iveco_6x2_a","trailer_variant":"trailer.overweight.digger","trailer_definition":"trailer_def.diggers.overweight.digger","units_count":98,"fill_ratio":1,"trailer_place":0},{"target":"stokes.warszawa","urgency":1,"shortest_distance_km":728,"ferry_time":0,"ferry_price":0,"cargo":"cargo.forklifts","company_truck":"scania_streamline_6x4_a","trailer_variant":"trailer.overweight.forklifts","trailer_definition":"trailer_def.forklifts.overweight.forklifts","units_count":100,"fill_ratio":1,"trailer_place":0}],"trameri.wroclaw":[{"target":"posped.warszawa","urgency":2,"shortest_distance_km":315,"ferry_time":0,"ferry_price":0,"cargo":"cargo.empty_palet","company_truck":"renault_magnum_6x4_a","trailer_variant":"trailer.scs_dry_s","trailer_definition":"trailer_def.scs.box.single_3.dryvan","units_count":33,"fill_ratio":1,"trailer_place":0},{"target":"lkwlog.lublin","urgency":2,"shortest_distance_km":372,"ferry_time":0,"ferry_price":0,"cargo":"cargo.rooflights","company_truck":"man_4x2_c","trailer_variant":"trailer.scs_dry_s","trailer_definition":"trailer_def.scs.box.single_3.dryvan","units_count":33,"fill_ratio":1,"trailer_place":0}],"sellplan.kosice":[{"target":"posped.katowice","urgency":2,"shortest_distance_km":417,"ferry_time":0,"ferry_price":0,"cargo":"cargo.empty_palet","company_truck":"scania_r_6x4_650","trailer_variant":"trailer.scs_dry_s","trailer_definition":"trailer_def.scs.box.single_3.dryvan","units_count":33,"fill_ratio":1,"trailer_place":0}],"eurogoodies.cardiff":[{"target":"transinet.ostrava","urgency":0,"shortest_distance_km":1815,"ferry_time":35,"ferry_price":300,"cargo":"cargo.vinegar_c","company_truck":"mercedes_6x4_a","trailer_variant":"trailer.scs_gosck220","trailer_definition":"trailer_def.scs.gooseneck.singl_3e_220.container","units_count":30,"fill_ratio":1,"trailer_place":0}],"trameri.lille":[{"target":"tradeaux.olsztyn","urgency":2,"shortest_distance_km":1384,"ferry_time":0,"ferry_price":0,"cargo":"cargo.rooflights","company_truck":"renault_t_4x2","trailer_variant":"trailer.scs_curt_s","trailer_definition":"trailer_def.scs.box.single_3.curtain","units_count":33,"fill_ratio":1,"trailer_place":0}],"euroacres.krakow":[{"target":"posped.bystrica","urgency":2,"shortest_distance_km":224,"ferry_time":0,"ferry_price":0,"cargo":"cargo.tomatoes","company_truck":"mercedes_actros_2014_6x4_b","trailer_variant":"trailer.scs_ins_a","trailer_definition":"trailer_def.scs.box.single_3.insulated","units_count":33,"fill_ratio":1,"trailer_place":0}],"euroacres.wien":[{"target":"kaarfor.ostrava","urgency":0,"shortest_distance_km":298,"ferry_time":0,"ferry_price":0,"cargo":"cargo.goat_cheese","company_truck":"mercedes_6x4_a","trailer_variant":"trailer.scs_ins_a","trailer_definition":"trailer_def.scs.box.single_3.insulated","units_count":33,"fill_ratio":1,"trailer_place":0}],"fcp.olsztyn":[{"target":"posped.warszawa","urgency":0,"shortest_distance_km":184,"ferry_time":0,"ferry_price":0,"cargo":"cargo.used_plast","company_truck":"scania_4x2_c","trailer_variant":"trailer.scs_dry_m","trailer_definition":"trailer_def.scs.box.single_3.dryvan_m","units_count":33,"fill_ratio":1,"trailer_place":0}],"transinet.dresden":[{"target":"stokes.bystrica","urgency":1,"shortest_distance_km":597,"ferry_time":0,"ferry_price":0,"cargo":"cargo.tyres","company_truck":"iveco_4x2_b","trailer_variant":"trailer.scs_dry","trailer_definition":"trailer_def.scs.box.single_3.dryvan","units_count":33,"fill_ratio":1,"trailer_place":0},{"target":"eurogoodies.lublin","urgency":0,"shortest_distance_km":650,"ferry_time":0,"ferry_price":0,"cargo":"cargo.rice_c","company_truck":"mercedes_6x2_b","trailer_variant":"trailer.scs_flat_c_g","trailer_definition":"trailer_def.scs.flatbed.single_3.container","units_count":33,"fill_ratio":1,"trailer_place":0}],"nbfc.berlin":[{"target":"trameri.warszawa","urgency":0,"shortest_distance_km":457,"ferry_time":0,"ferry_price":0,"cargo":"cargo.neon","company_truck":"mercedes_actros_2014_6x4_b","trailer_variant":"trailer.scs_flat_c_g","trailer_definition":"trailer_def.scs.flatbed.single_3.container","units_count":87,"fill_ratio":1,"trailer_place":0},{"target":"wgcc.gdansk","urgency":0,"shortest_distance_km":493,"ferry_time":0,"ferry_price":0,"cargo":"cargo.fluorine","company_truck":"mercedes_4x2","trailer_variant":"trailer.scs_gosck20","trailer_definition":"trailer_def.scs.gooseneck.singl_3e_20.container","units_count":40,"fill_ratio":1,"trailer_place":0}],"skoda.prague":[{"target":"lkwlog.lodz","urgency":0,"shortest_distance_km":441,"ferry_time":0,"ferry_price":0,"cargo":"cargo.used_plast","company_truck":"scania_r_4x2_370","trailer_variant":"trailer.scs_dry_s","trailer_definition":"trailer_def.scs.box.single_3.dryvan","units_count":33,"fill_ratio":1,"trailer_place":0}],"posped.katowice":[{"target":"itcc.kosice","urgency":0,"shortest_distance_km":425,"ferry_time":0,"ferry_price":0,"cargo":"cargo.gravel","company_truck":"scania_s_6x2_450","trailer_variant":"trailer.s_ki_solid.gravel","trailer_definition":"trailer_def.gravel.s_ki_solid.gravel","units_count":100,"fill_ratio":1,"trailer_place":0},{"target":"lkwlog.lodz","urgency":0,"shortest_distance_km":154,"ferry_time":0,"ferry_price":0,"cargo":"cargo.cauliflower","company_truck":"man_6x4_b","trailer_variant":"trailer.scs_dry","trailer_definition":"trailer_def.scs.box.single_3.dryvan","units_count":33,"fill_ratio":1,"trailer_place":0}],"trameri.warszawa":[{"target":"lkwlog.lublin","urgency":2,"shortest_distance_km":131,"ferry_time":0,"ferry_price":0,"cargo":"cargo.electronics","company_truck":"scania_4x2_b","trailer_variant":"trailer.scs_dry_m","trailer_definition":"trailer_def.scs.box.single_3.dryvan_m","units_count":33,"fill_ratio":1,"trailer_place":0}],"eurogoodies.berlin":[{"target":"posped.katowice","urgency":0,"shortest_distance_km":500,"ferry_time":0,"ferry_price":0,"cargo":"cargo.limonades","company_truck":"man_6x4_b","trailer_variant":"trailer.scs_curt","trailer_definition":"trailer_def.scs.box.single_3.curtain","units_count":32,"fill_ratio":1,"trailer_place":0}],"lkwlog.gdansk":[{"target":"posped.warszawa","urgency":2,"shortest_distance_km":305,"ferry_time":0,"ferry_price":0,"cargo":"cargo.wallpanels","company_truck":"daf_xf_euro6_4x2_c","trailer_variant":"trailer.panel_trans.wall","trailer_definition":"trailer_def.wallpanels.panel_trans.wall","units_count":85,"fill_ratio":1,"trailer_place":0}],"tradeaux.pecs":[{"target":"posped.lodz","urgency":0,"shortest_distance_km":842,"ferry_time":0,"ferry_price":0,"cargo":"cargo.beef_meat","company_truck":"daf_xf_euro6_6x4_c","trailer_variant":"trailer.scs_ref_s","trailer_definition":"trailer_def.scs.box.single_3.reefer","units_count":33,"fill_ratio":1,"trailer_place":0},{"target":"itcc.ostrava","urgency":0,"shortest_distance_km":653,"ferry_time":0,"ferry_price":0,"cargo":"cargo.graph_grease","company_truck":"daf_4x2_b","trailer_variant":"trailer.scs_dry_a","trailer_definition":"trailer_def.scs.box.single_3.dryvan","units_count":33,"fill_ratio":1,"trailer_place":0},{"target":"posped.szeged","urgency":0,"shortest_distance_km":183,"ferry_time":0,"ferry_price":0,"cargo":"cargo.goat_cheese","company_truck":"daf_6x2_a","trailer_variant":"trailer.scs_ins_s","trailer_definition":"trailer_def.scs.box.single_3.insulated","units_count":33,"fill_ratio":1,"trailer_place":0}],"posped.lublin":[{"target":"stokes.warszawa","urgency":1,"shortest_distance_km":133,"ferry_time":0,"ferry_price":0,"cargo":"cargo.plastic_gra","company_truck":"scania_s_6x2_450","trailer_variant":"trailer.cement","trailer_definition":"trailer_def.plastic_gra.cement","units_count":100,"fill_ratio":1,"trailer_place":0}],"posped.bystrica":[{"target":"tradeaux.krakow","urgency":0,"shortest_distance_km":205,"ferry_time":0,"ferry_price":0,"cargo":"cargo.rice_c","company_truck":"scania_s_4x2_370","trailer_variant":"trailer.scs_flat_c_r","trailer_definition":"trailer_def.scs.flatbed.single_3.container","units_count":33,"fill_ratio":1,"trailer_place":0},{"target":"stokes.bystrica","urgency":0,"shortest_distance_km":1,"ferry_time":0,"ferry_price":0,"cargo":"cargo.goat_cheese","company_truck":"man_4x2_c","trailer_variant":"trailer.scs_ins_s","trailer_definition":"trailer_def.scs.box.single_3.insulated","units_count":33,"fill_ratio":1,"trailer_place":0}],"posped.bratislava":[{"target":"tradeaux.budapest","urgency":2,"shortest_distance_km":262,"ferry_time":0,"ferry_price":0,"cargo":"cargo.hipresstank","company_truck":"man_tgx_euro6_4x2_xxl","trailer_variant":"trailer.scs_flat_r","trailer_definition":"trailer_def.scs.flatbed.single_3.flatbed_w","units_count":2,"fill_ratio":1,"trailer_place":0},{"target":"transinet.ostrava","urgency":0,"shortest_distance_km":254,"ferry_time":0,"ferry_price":0,"cargo":"cargo.gravel","company_truck":"scania_streamline_4x2_b","trailer_variant":"trailer.s_ki_solid.gravel","trailer_definition":"trailer_def.gravel.s_ki_solid.gravel","units_count":100,"fill_ratio":1,"trailer_place":0}],"posped.lodz":[{"target":"transinet.ostrava","urgency":0,"shortest_distance_km":247,"ferry_time":0,"ferry_price":0,"cargo":"cargo.roof_tiles","company_truck":"scania_4x2_b","trailer_variant":"trailer.scs_brick_r","trailer_definition":"trailer_def.scs.flatbed.single_3.brick","units_count":33,"fill_ratio":1,"trailer_place":0}],"stokes.wien":[{"target":"sellplan.lodz","urgency":2,"shortest_distance_km":512,"ferry_time":0,"ferry_price":0,"cargo":"cargo.apples","company_truck":"renault_premium_4x2_c","trailer_variant":"trailer.scs_dry_s","trailer_definition":"trailer_def.scs.box.single_3.dryvan","units_count":33,"fill_ratio":1,"trailer_place":0}],"bcp.pecs":[{"target":"stokes.katowice","urgency":0,"shortest_distance_km":730,"ferry_time":0,"ferry_price":0,"cargo":"cargo.mondeos","company_truck":"scania_6x2_b","trailer_variant":"trailer.car_trans3","trailer_definition":"trailer_def.mondeos.car_trans3","units_count":100,"fill_ratio":1,"trailer_place":0}],"posped.koln":[{"target":"lkwlog.gdansk","urgency":2,"shortest_distance_km":1026,"ferry_time":0,"ferry_price":0,"cargo":"cargo.princess","company_truck":"daf_6x2_a","trailer_variant":"trailer.overweight.boat","trailer_definition":"trailer_def.princess.overweight.boat","units_count":100,"fill_ratio":1,"trailer_place":0}],"kaarfor.frankfurt":[{"target":"transinet.ostrava","urgency":1,"shortest_distance_km":813,"ferry_time":0,"ferry_price":0,"cargo":"cargo.used_plast_c","company_truck":"scania_s_4x2_580","trailer_variant":"trailer.scs_gosck220","trailer_definition":"trailer_def.scs.gooseneck.singl_3e_220.container","units_count":30,"fill_ratio":1,"trailer_place":0}],"trameri.nurnberg":[{"target":"stokes.katowice","urgency":0,"shortest_distance_km":688,"ferry_time":0,"ferry_price":0,"cargo":"cargo.scrap_metals","company_truck":"scania_streamline_4x2_b","trailer_variant":"trailer.s_ki_solid.cover","trailer_definition":"trailer_def.scrap_metals.s_ki_solid.cover","units_count":100,"fill_ratio":1,"trailer_place":0}],"eurogoodies.wroclaw":[{"target":"tradeaux.krakow","urgency":0,"shortest_distance_km":215,"ferry_time":0,"ferry_price":0,"cargo":"cargo.beef_meat","company_truck":"man_tgx_euro6_4x2_xl","trailer_variant":"trailer.scs_ref_a","trailer_definition":"trailer_def.scs.box.single_3.reefer","units_count":33,"fill_ratio":1,"trailer_place":0}],"stokes.poznan":[{"target":"lkwlog.gdansk","urgency":2,"shortest_distance_km":276,"ferry_time":0,"ferry_price":0,"cargo":"cargo.empty_palet","company_truck":"mercedes_actros_2014_4x2_b","trailer_variant":"trailer.scs_curt_a","trailer_definition":"trailer_def.scs.box.single_3.curtain","units_count":33,"fill_ratio":1,"trailer_place":0}],"lkwlog.szeged":[{"target":"stokes.bystrica","urgency":0,"shortest_distance_km":326,"ferry_time":0,"ferry_price":0,"cargo":"cargo.mondeos","company_truck":"scania_r_6x2_450","trailer_variant":"trailer.car_trans3","trailer_definition":"trailer_def.mondeos.car_trans3","units_count":100,"fill_ratio":1,"trailer_place":0}]}