{"euroacres.verona":[{"target":"lisette_log.nice","urgency":1,"shortest_distance_km":530,"ferry_time":0,"ferry_price":0,"cargo":"cargo.young_seed","company_truck":"scania_r_4x2_520","trailer_variant":"trailer.scs_ref_s","trailer_definition":"trailer_def.scs.box.single_3.reefer","units_count":33,"fill_ratio":1,"trailer_place":0}],"tesore_gust.milano":[{"target":"stokes.dijon","urgency":2,"shortest_distance_km":623,"ferry_time":0,"ferry_price":0,"cargo":"cargo.conc_juice_t","company_truck":"scania_streamline_4x2_c","trailer_variant":"trailer.scs_fodt","trailer_definition":"trailer_def.scs.foodtank.single_3.paint","units_count":21,"fill_ratio":1,"trailer_place":0}],"fle.paris":[{"target":"globeur.lehavre","urgency":2,"shortest_distance_km":252,"ferry_time":0,"ferry_price":0,"cargo":"cargo.post_packag","company_truck":"iveco_4x2_a","trailer_variant":"trailer.scs_dry_s","trailer_definition":"trailer_def.scs.box.single_3.dryvan","units_count":33,"fill_ratio":1,"trailer_place":0},{"target":"lisette_log.nice","urgency":2,"shortest_distance_km":938,"ferry_time":0,"ferry_price":0,"cargo":"cargo.comp_process","company_truck":"scania_streamline_6x2_b","trailer_variant":"trailer.scs_dry_m","trailer_definition":"trailer_def.scs.box.single_3.dryvan_m","units_count":33,"fill_ratio":1,"trailer_place":0}],"kaarfor.strasbourg":[{"target":"wilnet_trans.nantes","urgency":0,"shortest_distance_km":950,"ferry_time":0,"ferry_price":0,"cargo":"cargo.used_packag","company_truck":"iveco_h_4x2_a","trailer_variant":"trailer.scs_dry_m","trailer_definition":"trailer_def.scs.box.single_3.dryvan_m","units_count":33,"fill_ratio":1,"trailer_place":0}],"posped.birmingham":[{"target":"lkwlog.manchester","urgency":2,"shortest_distance_km":197,"ferry_time":0,"ferry_price":0,"cargo":"cargo.post_packag","company_truck":"mercedes_6x4_a","trailer_variant":"trailer.scs_curt_s","trailer_definition":"trailer_def.scs.box.single_3.curtain","units_count":33,"fill_ratio":1,"trailer_place":0}],"voitureux.paris":[{"target":"globeur.lehavre","urgency":1,"shortest_distance_km":181,"ferry_time":0,"ferry_price":0,"cargo":"cargo.used_battery","company_truck":"mercedes_actros_2014_6x2_a","trailer_variant":"trailer.scs_dry_m","trailer_definition":"trailer_def.scs.box.single_3.dryvan_m","units_count":33,"fill_ratio":1,"trailer_place":1},{"target":"bhv.lemans","urgency":1,"shortest_distance_km":241,"ferry_time":0,"ferry_price":0,"cargo":"cargo.cars_fr","company_truck":"scania_streamline_6x2_b","trailer_variant":"trailer.car_fr","trailer_definition":"trailer_def.cars_fr.car_fr","units_count":100,"fill_ratio":1,"trailer_place":1}],"tree_et.birmingham":[{"target":"batisse_base.clermont","urgency":1,"shortest_distance_km":1041,"ferry_time":35,"ferry_price":300,"cargo":"cargo.excavator","company_truck":"man_6x4_b","trailer_variant":"trailer.overweight.excavator","trailer_definition":"trailer_def.excavator.overweight.excavator","units_count":94,"fill_ratio":1,"trailer_place":0}],"batisse_base.clermont":[{"target":"dans_jardin.porto_vecchi","urgency":1,"shortest_distance_km":430,"ferry_time":840,"ferry_price":1193,"cargo":"cargo.forklifts","company_truck":"scania_6x4_a","trailer_variant":"trailer.overweight.forklifts","trailer_definition":"trailer_def.forklifts.overweight.forklifts","units_count":100,"fill_ratio":1,"trailer_place":0}],"kaarfor.bastia":[{"target":"lisette_log.ajaccio","urgency":0,"shortest_distance_km":137,"ferry_time":0,"ferry_price":0,"cargo":"cargo.used_plast","company_truck":"man_tgx_euro6_4x2_xl","trailer_variant":"trailer.scs_curt_a","trailer_definition":"trailer_def.scs.box.single_3.curtain","units_count":33,"fill_ratio":1,"trailer_place":0},{"target":"lisette_log.rennes","urgency":2,"shortest_distance_km":1133,"ferry_time":840,"ferry_price":1193,"cargo":"cargo.empty_palet","company_truck":"scania_r_4x2_520","trailer_variant":"trailer.scs_dry_m","trailer_definition":"trailer_def.scs.box.single_3.dryvan_m","units_count":33,"fill_ratio":1,"trailer_place":0}],"nbfc.london":[{"target":"transinet.dortmund","urgency":1,"shortest_distance_km":721,"ferry_time":35,"ferry_price":300,"cargo":"cargo.boric_acid","company_truck":"renault_magnum_4x2_a","trailer_variant":"trailer.scs_dry_s","trailer_definition":"trailer_def.scs.box.single_3.dryvan","units_count":33,"fill_ratio":1,"trailer_place":0}],"batisse_wind.larochelle":[{"target":"tradeaux.toulouse","urgency":2,"shortest_distance_km":472,"ferry_time":0,"ferry_price":0,"cargo":"cargo.empty_palet","company_truck":"daf_xf_euro6_4x2_a","trailer_variant":"trailer.scs_dry_m","trailer_definition":"trailer_def.scs.box.single_3.dryvan_m","units_count":33,"fill_ratio":1,"trailer_place":0}],"nos_pat_cf.clermont":[{"target":"kaarfor.montpellier","urgency":2,"shortest_distance_km":339,"ferry_time":0,"ferry_price":0,"cargo":"cargo.milk_t","company_truck":"scania_streamline_6x4_a","trailer_variant":"trailer.scs_fodt","trailer_definition":"trailer_def.scs.foodtank.single_3.paint","units_count":27,"fill_ratio":1,"trailer_place":0}],"mvm_carriere.bordeaux":[{"target":"wilnet_trans.lemans","urgency":0,"shortest_distance_km":672,"ferry_time":0,"ferry_price":0,"cargo":"cargo.stone_dust","company_truck":"iveco_h_4x2_a","trailer_variant":"trailer.s_ki_solid.cover","trailer_definition":"trailer_def.stone_dust.s_ki_solid.cover","units_count":100,"fill_ratio":1,"trailer_place":0},{"target":"dans_jardin.bordeaux","urgency":0,"shortest_distance_km":49,"ferry_time":0,"ferry_price":0,"cargo":"cargo.excav_soil","company_truck":"daf_6x2_a","trailer_variant":"trailer.s_ki_solid.cover","trailer_definition":"trailer_def.excav_soil.s_ki_solid.cover","units_count":100,"fill_ratio":1,"trailer_place":0},{"target":"batisse_road.bordeaux","urgency":1,"shortest_distance_km":80,"ferry_time":0,"ferry_price":0,"cargo":"cargo.stones","company_truck":"renault_premium_6x4_a","trailer_variant":"trailer.s_ki_solid.cover","trailer_definition":"trailer_def.stones.s_ki_solid.cover","units_count":100,"fill_ratio":1,"trailer_place":0}],"fcp.brussel":[{"target":"tradeaux.clermont","urgency":0,"shortest_distance_km":848,"ferry_time":0,"ferry_price":0,"cargo":"cargo.used_packag","company_truck":"mercedes_actros_2014_4x2_c","trailer_variant":"trailer.scs_curt_s","trailer_definition":"trailer_def.scs.box.single_3.curtain","units_count":33,"fill_ratio":1,"trailer_place":0}],"lkwlog.graz":[{"target":"wilnet_trans.toulouse","urgency":2,"shortest_distance_km":1625,"ferry_time":0,"ferry_price":0,"cargo":"cargo.nylon_cord","company_truck":"renault_t_4x2","trailer_variant":"trailer.scs_curt","trailer_definition":"trailer_def.scs.box.single_3.curtain","units_count":33,"fill_ratio":1,"trailer_place":0}],"quarry.stuttgart":[{"target":"wilnet_trans.nantes","urgency":0,"shortest_distance_km":1027,"ferry_time":0,"ferry_price":0,"cargo":"cargo.digger500","company_truck":"mercedes_actros_2014_4x2_b","trailer_variant":"trailer.overweight.digger500","trailer_definition":"trailer_def.digger500.overweight.digger500","units_count":100,"fill_ratio":1,"trailer_place":0}],"kaarfor.ajaccio":[{"target":"wilnet_trans.marseille","urgency":1,"shortest_distance_km":164,"ferry_time":840,"ferry_price":1193,"cargo":"cargo.used_plast_c","company_truck":"scania_r_6x4_650","trailer_variant":"trailer.scs_gosck20","trailer_definition":"trailer_def.scs.gooseneck.singl_3e_20.container","units_count":15,"fill_ratio":1,"trailer_place":0}],"globeur.lehavre":[{"target":"ika_bohag.bordeaux","urgency":0,"shortest_distance_km":813,"ferry_time":0,"ferry_price":0,"cargo":"cargo.paper","company_truck":"renault_magnum_4x2_a","trailer_variant":"trailer.scs_dry_m","trailer_definition":"trailer_def.scs.box.single_3.dryvan_m","units_count":33,"fill_ratio":1,"trailer_place":0}],"kaarfor.nice":[{"target":"tradeaux.toulouse","urgency":2,"shortest_distance_km":632,"ferry_time":0,"ferry_price":0,"cargo":"cargo.empty_palet","company_truck":"iveco_h_4x2_a","trailer_variant":"trailer.scs_dry_ms","trailer_definition":"trailer_def.scs.box.single_3.dryvan_m","units_count":33,"fill_ratio":1,"trailer_place":0}],"lisette_log.lemans":[{"target":"tradeaux.brest","urgency":2,"shortest_distance_km":425,"ferry_time":0,"ferry_price":0,"cargo":"cargo.concen_juice","company_truck":"man_6x4_b","trailer_variant":"trailer.scs_curt","trailer_definition":"trailer_def.scs.box.single_3.curtain","units_count":33,"fill_ratio":1,"trailer_place":0},{"target":"kaarfor.limoges","urgency":0,"shortest_distance_km":419,"ferry_time":0,"ferry_price":0,"cargo":"cargo.grapes","company_truck":"scania_streamline_4x2_b","trailer_variant":"trailer.scs_ins_a","trailer_definition":"trailer_def.scs.box.single_3.insulated","units_count":33,"fill_ratio":1,"trailer_place":0},{"target":"globeur.bordeaux","urgency":2,"shortest_distance_km":572,"ferry_time":0,"ferry_price":0,"cargo":"cargo.chem_sorb_c","company_truck":"man_6x4_b","trailer_variant":"trailer.scs_flat_c_g","trailer_definition":"trailer_def.scs.flatbed.single_3.container","units_count":33,"fill_ratio":1,"trailer_place":0}],"fle.toulouse":[{"target":"wilnet_trans.toulouse","urgency":2,"shortest_distance_km":12,"ferry_time":0,"ferry_price":0,"cargo":"cargo.comp_process","company_truck":"renault_t_4x2","trailer_variant":"trailer.scs_dry_m","trailer_definition":"trailer_def.scs.box.single_3.dryvan_m","units_count":33,"fill_ratio":1,"trailer_place":0},{"target":"globeur.rennes","urgency":2,"shortest_distance_km":713,"ferry_time":0,"ferry_price":0,"cargo":"cargo.med_vaccine","company_truck":"iveco_h_4x2_a","trailer_variant":"trailer.scs_ins_a","trailer_definition":"trailer_def.scs.box.single_3.insulated","units_count":33,"fill_ratio":1,"trailer_place":0},{"target":"wilnet_trans.porto_vecchi","urgency":0,"shortest_distance_km":486,"ferry_time":840,"ferry_price":1193,"cargo":"cargo.cut_flowers","company_truck":"mercedes_6x2_b","trailer_variant":"trailer.scs_ref_s","trailer_definition":"trailer_def.scs.box.single_3.reefer","units_count":33,"fill_ratio":1,"trailer_place":0}],"boisserie.marseille":[{"target":"lisette_log.ajaccio","urgency":2,"shortest_distance_km":385,"ferry_time":840,"ferry_price":1193,"cargo":"cargo.wshavings","company_truck":"scania_4x2_b","trailer_variant":"trailer.s_ki_solid.cover","trailer_definition":"trailer_def.wshavings.s_ki_solid.cover","units_count":100,"fill_ratio":1,"trailer_place":0}],"wilnet_trans.toulouse":[{"target":"globeur.montpellier","urgency":2,"shortest_distance_km":272,"ferry_time":0,"ferry_price":0,"cargo":"cargo.basil","company_truck":"scania_4x2_a","trailer_variant":"trailer.scs_curt","trailer_definition":"trailer_def.scs.box.single_3.curtain","units_count":33,"fill_ratio":1,"trailer_place":0},{"target":"tradeaux.toulouse","urgency":1,"shortest_distance_km":1,"ferry_time":0,"ferry_price":0,"cargo":"cargo.boric_acid","company_truck":"mercedes_actros_2014_4x2_a","trailer_variant":"trailer.scs_curt_a","trailer_definition":"trailer_def.scs.box.single_3.curtain","units_count":33,"fill_ratio":1,"trailer_place":0},{"target":"batisse_hs.montpellier","urgency":1,"shortest_distance_km":285,"ferry_time":0,"ferry_price":0,"cargo":"cargo.precast_strs","company_truck":"mercedes_4x2_b","trailer_variant":"trailer.scs_dry_m","trailer_definition":"trailer_def.scs.box.single_3.dryvan_m","units_count":33,"fill_ratio":1,"trailer_place":0}],"gomme_monde.bourges":[{"target":"wilnet_trans.nantes","urgency":0,"shortest_distance_km":547,"ferry_time":0,"ferry_price":0,"cargo":"cargo.used_packag","company_truck":"mercedes_actros_2014_6x4_b","trailer_variant":"trailer.scs_curt","trailer_definition":"trailer_def.scs.box.single_3.curtain","units_count":33,"fill_ratio":1,"trailer_place":0},{"target":"nucleon.laurent","urgency":1,"shortest_distance_km":144,"ferry_time":0,"ferry_price":0,"cargo":"cargo.forklifts","company_truck":"iveco_4x2_b","trailer_variant":"trailer.overweight.forklifts","trailer_definition":"trailer_def.forklifts.overweight.forklifts","units_count":100,"fill_ratio":1,"trailer_place":0}],"gallia_ferry.roscoff":[{"target":"lisette_log.roscoff","urgency":1,"shortest_distance_km":1,"ferry_time":0,"ferry_price":0,"cargo":"cargo.iced_coffee","company_truck":"scania_streamline_4x2_c","trailer_variant":"trailer.scs_dry_m","trailer_definition":"trailer_def.scs.box.single_3.dryvan_m","units_count":33,"fill_ratio":1,"trailer_place":0}],"kaarfor.lyon":[{"target":"wilnet_trans.nantes","urgency":0,"shortest_distance_km":829,"ferry_time":0,"ferry_price":0,"cargo":"cargo.used_plast","company_truck":"iveco_4x2_b","trailer_variant":"trailer.scs_dry_a","trailer_definition":"trailer_def.scs.box.single_3.dryvan","units_count":33,"fill_ratio":1,"trailer_place":0}],"wilnet_trans.nantes":[{"target":"globeur.rennes","urgency":0,"shortest_distance_km":140,"ferry_time":0,"ferry_price":0,"cargo":"cargo.beef_meat","company_truck":"renault_t_6x2","trailer_variant":"trailer.scs_ref_s","trailer_definition":"trailer_def.scs.box.single_3.reefer","units_count":33,"fill_ratio":1,"trailer_place":0},{"target":"tradeaux.brest","urgency":1,"shortest_distance_km":267,"ferry_time":0,"ferry_price":0,"cargo":"cargo.oil_filters","company_truck":"mercedes_6x4_a","trailer_variant":"trailer.scs_dry_ms","trailer_definition":"trailer_def.scs.box.single_3.dryvan_m","units_count":33,"fill_ratio":1,"trailer_place":0},{"target":"lisette_log.larochelle","urgency":0,"shortest_distance_km":164,"ferry_time":0,"ferry_price":0,"cargo":"cargo.goat_cheese","company_truck":"mercedes_4x2","trailer_variant":"trailer.scs_ref_s","trailer_definition":"trailer_def.scs.box.single_3.reefer","units_count":33,"fill_ratio":1,"trailer_place":0}],"tradeaux.brest":[{"target":"kaarfor.larochelle","urgency":0,"shortest_distance_km":441,"ferry_time":0,"ferry_price":0,"cargo":"cargo.carrots_c","company_truck":"man_6x4_b","trailer_variant":"trailer.scs_flat_c_g","trailer_definition":"trailer_def.scs.flatbed.single_3.container","units_count":33,"fill_ratio":1,"trailer_place":0},{"target":"fle.calvi","urgency":2,"shortest_distance_km":1470,"ferry_time":840,"ferry_price":1193,"cargo":"cargo.med_equip","company_truck":"man_6x4_b","trailer_variant":"trailer.scs_dry_ms","trailer_definition":"trailer_def.scs.box.single_3.dryvan_m","units_count":33,"fill_ratio":1,"trailer_place":0}],"nbfc.liverpool":[{"target":"wgcc.manchester","urgency":0,"shortest_distance_km":70,"ferry_time":0,"ferry_price":0,"cargo":"cargo.fuel_oil","company_truck":"man_tgx_euro6_4x2_xxl","trailer_variant":"trailer.fuel_cistern","trailer_definition":"trailer_def.fuel_oil.fuel_cistern","units_count":100,"fill_ratio":1,"trailer_place":0}],"wilnet_trans.limoges":[{"target":"lisette_log.larochelle","urgency":0,"shortest_distance_km":321,"ferry_time":0,"ferry_price":0,"cargo":"cargo.carb_water","company_truck":"iveco_4x2_c","trailer_variant":"trailer.scs_dry_ms","trailer_definition":"trailer_def.scs.box.single_3.dryvan_m","units_count":33,"fill_ratio":1,"trailer_place":0},{"target":"globeur.bordeaux","urgency":2,"shortest_distance_km":315,"ferry_time":0,"ferry_price":0,"cargo":"cargo.oil_filt_c","company_truck":"mercedes_actros_2014_6x2_a","trailer_variant":"trailer.scs_flat_c_r","trailer_definition":"trailer_def.scs.flatbed.single_3.container","units_count":33,"fill_ratio":1,"trailer_place":0}],"dans_jardin.montpellier":[{"target":"tradeaux.toulouse","urgency":2,"shortest_distance_km":300,"ferry_time":0,"ferry_price":0,"cargo":"cargo.basil","company_truck":"iveco_4x2_a","trailer_variant":"trailer.scs_curt","trailer_definition":"trailer_def.scs.box.single_3.curtain","units_count":33,"fill_ratio":1,"trailer_place":0},{"target":"kaarfor.montpellier","urgency":1,"shortest_distance_km":103,"ferry_time":0,"ferry_price":0,"cargo":"cargo.apples_c","company_truck":"scania_r_6x4_650","trailer_variant":"trailer.scs_gosck220","trailer_definition":"trailer_def.scs.gooseneck.singl_3e_220.container","units_count":30,"fill_ratio":1,"trailer_place":0}],"mvm_carriere.limoges":[{"target":"wilnet_trans.porto_vecchi","urgency":0,"shortest_distance_km":667,"ferry_time":840,"ferry_price":1193,"cargo":"cargo.stone_dust","company_truck":"renault_t_4x2","trailer_variant":"trailer.s_ki_solid.cover","trailer_definition":"trailer_def.stone_dust.s_ki_solid.cover","units_count":100,"fill_ratio":1,"trailer_place":0},{"target":"batisse_road.bordeaux","urgency":1,"shortest_distance_km":275,"ferry_time":0,"ferry_price":0,"cargo":"cargo.excavator","company_truck":"daf_xf_euro6_4x2_a","trailer_variant":"trailer.overweight.excavator","trailer_definition":"trailer_def.excavator.overweight.excavator","units_count":100,"fill_ratio":1,"trailer_place":0},{"target":"dans_jardin.montpellier","urgency":0,"shortest_distance_km":495,"ferry_time":0,"ferry_price":0,"cargo":"cargo.excav_soil","company_truck":"daf_xf_euro6_4x2_c","trailer_variant":"trailer.s_ki_solid.cover","trailer_definition":"trailer_def.excav_soil.s_ki_solid.cover","units_count":100,"fill_ratio":1,"trailer_place":0}],"transinet.rotterdam":[{"target":"stokes.plymouth","urgency":2,"shortest_distance_km":786,"ferry_time":35,"ferry_price":300,"cargo":"cargo.basil","company_truck":"daf_xf_euro6_4x2_a","trailer_variant":"trailer.scs_dry","trailer_definition":"trailer_def.scs.box.single_3.dryvan","units_count":29,"fill_ratio":1,"trailer_place":0}],"bhb_raffin.marseille":[{"target":"huilant.ajaccio","urgency":1,"shortest_distance_km":246,"ferry_time":840,"ferry_price":1193,"cargo":"cargo.motor_oil","company_truck":"renault_t_4x2","trailer_variant":"trailer.scs_curt_a","trailer_definition":"trailer_def.scs.box.single_3.curtain","units_count":33,"fill_ratio":1,"trailer_place":0}],"wilnet_trans.lemans":[{"target":"kaarfor.nantes","urgency":0,"shortest_distance_km":253,"ferry_time":0,"ferry_price":0,"cargo":"cargo.paper","company_truck":"man_4x2_a","trailer_variant":"trailer.scs_dry","trailer_definition":"trailer_def.scs.box.single_3.dryvan","units_count":33,"fill_ratio":1,"trailer_place":0}],"lkwlog.duisburg":[{"target":"stokes.liege","urgency":2,"shortest_distance_km":238,"ferry_time":0,"ferry_price":0,"cargo":"cargo.corks","company_truck":"renault_magnum_6x2_a","trailer_variant":"trailer.scs_dry_m","trailer_definition":"trailer_def.scs.box.single_3.dryvan_m","units_count":33,"fill_ratio":1,"trailer_place":0}],"euroacres.plymouth":[{"target":"lisette_log.roscoff","urgency":0,"shortest_distance_km":7,"ferry_time":420,"ferry_price":910,"cargo":"cargo.cont_trees","company_truck":"mercedes_actros_2014_6x4_b","trailer_variant":"trailer.scs_ins","trailer_definition":"trailer_def.scs.box.single_3.insulated","units_count":33,"fill_ratio":1,"trailer_place":0}],"nucleon.golfech":[{"target":"wilnet_trans.limoges","urgency":1,"shortest_distance_km":303,"ferry_time":0,"ferry_price":0,"cargo":"cargo.digger1000","company_truck":"man_6x4_b","trailer_variant":"trailer.overweight.digger1000","trailer_definition":"trailer_def.digger1000.overweight.digger1000","units_count":100,"fill_ratio":1,"trailer_place":0}],"nucleon.civaux":[{"target":"wilnet_trans.limoges","urgency":1,"shortest_distance_km":147,"ferry_time":0,"ferry_price":0,"cargo":"cargo.digger1000","company_truck":"man_6x4_b","trailer_variant":"trailer.overweight.digger1000","trailer_definition":"trailer_def.digger1000.overweight.digger1000","units_count":100,"fill_ratio":1,"trailer_place":0}],"kaarfor.swansea":[{"target":"globeur.bourges","urgency":2,"shortest_distance_km":983,"ferry_time":35,"ferry_price":300,"cargo":"cargo.empty_palet","company_truck":"renault_premium_4x2_a","trailer_variant":"trailer.scs_dry","trailer_definition":"trailer_def.scs.box.single_3.dryvan","units_count":33,"fill_ratio":1,"trailer_place":0}],"quarry.cardiff":[{"target":"lisette_log.roscoff","urgency":0,"shortest_distance_km":257,"ferry_time":420,"ferry_price":910,"cargo":"cargo.emptytank","company_truck":"iveco_4x2_a","trailer_variant":"trailer.scs_flat_c_g","trailer_definition":"trailer_def.scs.flatbed.single_3.container","units_count":2,"fill_ratio":1,"trailer_place":0}],"kaarfor.larochelle":[{"target":"globeur.bordeaux","urgency":2,"shortest_distance_km":210,"ferry_time":0,"ferry_price":0,"cargo":"cargo.empty_palet","company_truck":"iveco_4x2_b","trailer_variant":"trailer.scs_dry","trailer_definition":"trailer_def.scs.box.single_3.dryvan","units_count":33,"fill_ratio":1,"trailer_place":0}],"fle.brest":[{"target":"tradeaux.brest","urgency":2,"shortest_distance_km":31,"ferry_time":0,"ferry_price":0,"cargo":"cargo.med_equip","company_truck":"scania_r_4x2_520","trailer_variant":"trailer.scs_dry_s","trailer_definition":"trailer_def.scs.box.single_3.dryvan","units_count":33,"fill_ratio":1,"trailer_place":0},{"target":"globeur.lehavre","urgency":2,"shortest_distance_km":546,"ferry_time":0,"ferry_price":0,"cargo":"cargo.med_vaccine","company_truck":"iveco_4x2_c","trailer_variant":"trailer.scs_ins_a","trailer_definition":"trailer_def.scs.box.single_3.insulated","units_count":33,"fill_ratio":1,"trailer_place":0}],"dans_jardin.bordeaux":[{"target":"lisette_log.larochelle","urgency":2,"shortest_distance_km":312,"ferry_time":0,"ferry_price":0,"cargo":"cargo.peas","company_truck":"daf_4x2_b","trailer_variant":"trailer.scs_dry_m","trailer_definition":"trailer_def.scs.box.single_3.dryvan_m","units_count":33,"fill_ratio":1,"trailer_place":0},{"target":"wilnet_trans.toulouse","urgency":1,"shortest_distance_km":323,"ferry_time":0,"ferry_price":0,"cargo":"cargo.apples_c","company_truck":"renault_magnum_6x2_a","trailer_variant":"trailer.scs_gosck20","trailer_definition":"trailer_def.scs.gooseneck.singl_3e_20.container","units_count":15,"fill_ratio":1,"trailer_place":0}],"tradeaux.toulouse":[{"target":"wilnet_trans.toulouse","urgency":2,"shortest_distance_km":1,"ferry_time":0,"ferry_price":0,"cargo":"cargo.hipresstank","company_truck":"daf_xf_euro6_4x2_a","trailer_variant":"trailer.scs_flat_b","trailer_definition":"trailer_def.scs.flatbed.single_3.flatbed_w","units_count":2,"fill_ratio":1,"trailer_place":0}],"itcc.rostock":[{"target":"lisette_log.nice","urgency":0,"shortest_distance_km":1596,"ferry_time":0,"ferry_price":0,"cargo":"cargo.emptytank","company_truck":"scania_4x2_b","trailer_variant":"trailer.scs_flat_r","trailer_definition":"trailer_def.scs.flatbed.single_3.flatbed_w","units_count":2,"fill_ratio":1,"trailer_place":0}],"voitureux.lehavre":[{"target":"cont_port_fr.lehavre","urgency":1,"shortest_distance_km":14,"ferry_time":0,"ferry_price":0,"cargo":"cargo.used_plast_c","company_truck":"renault_t_4x2","trailer_variant":"trailer.scs_gosck220","trailer_definition":"trailer_def.scs.gooseneck.singl_3e_220.container","units_count":30,"fill_ratio":1,"trailer_place":0}],"boisserie.limoges":[{"target":"tradeaux.clermont","urgency":2,"shortest_distance_km":213,"ferry_time":0,"ferry_price":0,"cargo":"cargo.empty_palet","company_truck":"iveco_4x2_c","trailer_variant":"trailer.scs_dry_a","trailer_definition":"trailer_def.scs.box.single_3.dryvan","units_count":33,"fill_ratio":1,"trailer_place":0}],"lisette_log.rennes":[{"target":"nucleon.civaux","urgency":1,"shortest_distance_km":373,"ferry_time":0,"ferry_price":0,"cargo":"cargo.backfl_prev","company_truck":"renault_premium_6x2_a","trailer_variant":"trailer.scs_dry_a","trailer_definition":"trailer_def.scs.box.single_3.dryvan","units_count":33,"fill_ratio":1,"trailer_place":0}],"nos_pat_lhv.lehavre":[{"target":"tradeaux.ajaccio","urgency":2,"shortest_distance_km":1070,"ferry_time":840,"ferry_price":1193,"cargo":"cargo.cheese","company_truck":"renault_premium_4x2_a","trailer_variant":"trailer.scs_ref_s","trailer_definition":"trailer_def.scs.box.single_3.reefer","units_count":33,"fill_ratio":1,"trailer_place":0},{"target":"globeur.rennes","urgency":0,"shortest_distance_km":230,"ferry_time":0,"ferry_price":0,"cargo":"cargo.milk","company_truck":"renault_magnum_4x2_a","trailer_variant":"trailer.scs_curt","trailer_definition":"trailer_def.scs.box.single_3.curtain","units_count":33,"fill_ratio":1,"trailer_place":0}],"globeur.bordeaux":[{"target":"wilnet_trans.nantes","urgency":2,"shortest_distance_km":427,"ferry_time":0,"ferry_price":0,"cargo":"cargo.roofing_felt","company_truck":"mercedes_actros_2014_4x2_c","trailer_variant":"trailer.scs_dry_m","trailer_definition":"trailer_def.scs.box.single_3.dryvan_m","units_count":33,"fill_ratio":1,"trailer_place":0},{"target":"lisette_log.larochelle","urgency":2,"shortest_distance_km":295,"ferry_time":0,"ferry_price":0,"cargo":"cargo.basil","company_truck":"man_4x2_a","trailer_variant":"trailer.scs_dry_s","trailer_definition":"trailer_def.scs.box.single_3.dryvan","units_count":33,"fill_ratio":1,"trailer_place":0}],"kaarfor.munchen":[{"target":"globeur.bourges","urgency":2,"shortest_distance_km":936,"ferry_time":0,"ferry_price":0,"cargo":"cargo.empty_palet","company_truck":"renault_t_4x2h","trailer_variant":"trailer.scs_dry_a","trailer_definition":"trailer_def.scs.box.single_3.dryvan","units_count":33,"fill_ratio":1,"trailer_place":0}],"marina_fr.ajaccio":[{"target":"wilnet_trans.porto_vecchi","urgency":2,"shortest_distance_km":158,"ferry_time":0,"ferry_price":0,"cargo":"cargo.princess","company_truck":"iveco_4x2_c","trailer_variant":"trailer.overweight.boat","trailer_definition":"trailer_def.princess.overweight.boat","units_count":100,"fill_ratio":1,"trailer_place":0}],"tradeaux.felixstowe":[{"target":"wilnet_trans.limoges","urgency":0,"shortest_distance_km":935,"ferry_time":35,"ferry_price":300,"cargo":"cargo.digger500","company_truck":"mercedes_actros_2014_4x2_c","trailer_variant":"trailer.overweight.digger500","trailer_definition":"trailer_def.digger500.overweight.digger500","units_count":100,"fill_ratio":1,"trailer_place":0}],"sellplan.prague":[{"target":"cont_port_fr.lehavre","urgency":1,"shortest_distance_km":1200,"ferry_time":0,"ferry_price":0,"cargo":"cargo.used_plast_c","company_truck":"mercedes_6x4_a","trailer_variant":"trailer.scs_flat_c_g","trailer_definition":"trailer_def.scs.flatbed.single_3.container","units_count":33,"fill_ratio":1,"trailer_place":0}],"kaarfor.montpellier":[{"target":"lisette_log.bordeaux","urgency":2,"shortest_distance_km":481,"ferry_time":0,"ferry_price":0,"cargo":"cargo.empty_palet","company_truck":"scania_s_4x2_370","trailer_variant":"trailer.scs_dry_m","trailer_definition":"trailer_def.scs.box.single_3.dryvan_m","units_count":33,"fill_ratio":1,"trailer_place":0},{"target":"wilnet_trans.marseille","urgency":0,"shortest_distance_km":200,"ferry_time":0,"ferry_price":0,"cargo":"cargo.used_plast","company_truck":"man_6x4_b","trailer_variant":"trailer.scs_curt_a","trailer_definition":"trailer_def.scs.box.single_3.curtain","units_count":33,"fill_ratio":1,"trailer_place":0}],"globeur.rennes":[{"target":"tradeaux.brest","urgency":2,"shortest_distance_km":313,"ferry_time":0,"ferry_price":0,"cargo":"cargo.med_equip","company_truck":"man_6x4_b","trailer_variant":"trailer.scs_ins_a","trailer_definition":"trailer_def.scs.box.single_3.insulated","units_count":33,"fill_ratio":1,"trailer_place":0}],"fle.montpellier":[{"target":"wilnet_trans.marseille","urgency":2,"shortest_distance_km":187,"ferry_time":0,"ferry_price":0,"cargo":"cargo.post_packag","company_truck":"mercedes_4x2","trailer_variant":"trailer.scs_dry","trailer_definition":"trailer_def.scs.box.single_3.dryvan","units_count":33,"fill_ratio":1,"trailer_place":0},{"target":"wilnet_trans.porto_vecchi","urgency":2,"shortest_distance_km":191,"ferry_time":840,"ferry_price":1193,"cargo":"cargo.comp_process","company_truck":"man_tgx_euro6_4x2_xl","trailer_variant":"trailer.scs_dry_ms","trailer_definition":"trailer_def.scs.box.single_3.dryvan_m","units_count":33,"fill_ratio":1,"trailer_place":0}],"eolo_lines.marseille":[{"target":"gnt.bastia","urgency":2,"shortest_distance_km":148,"ferry_time":840,"ferry_price":1193,"cargo":"cargo.concen_juice","company_truck":"scania_r_4x2_520","trailer_variant":"trailer.scs_curt","trailer_definition":"trailer_def.scs.box.single_3.curtain","units_count":33,"fill_ratio":1,"trailer_place":0},{"target":"wilnet_trans.marseille","urgency":0,"shortest_distance_km":9,"ferry_time":0,"ferry_price":0,"cargo":"cargo.limonades","company_truck":"iveco_h_4x2_a","trailer_variant":"trailer.scs_dry_a","trailer_definition":"trailer_def.scs.box.single_3.dryvan","units_count":33,"fill_ratio":1,"trailer_place":0}],"voitureux.rennes":[{"target":"lisette_log.roscoff","urgency":0,"shortest_distance_km":252,"ferry_time":0,"ferry_price":0,"cargo":"cargo.scrap_metals","company_truck":"scania_s_6x2_450","trailer_variant":"trailer.s_ki_solid.cover","trailer_definition":"trailer_def.scrap_metals.s_ki_solid.cover","units_count":100,"fill_ratio":1,"trailer_place":0},{"target":"wilnet_trans.lemans","urgency":0,"shortest_distance_km":210,"ferry_time":0,"ferry_price":0,"cargo":"cargo.used_plast","company_truck":"iveco_4x2_c","trailer_variant":"trailer.scs_curt","trailer_definition":"trailer_def.scs.box.single_3.curtain","units_count":33,"fill_ratio":1,"trailer_place":0},{"target":"tradeaux.clermont","urgency":2,"shortest_distance_km":654,"ferry_time":0,"ferry_price":0,"cargo":"cargo.empty_palet","company_truck":"daf_xf_euro6_4x2_a","trailer_variant":"trailer.scs_curt_a","trailer_definition":"trailer_def.scs.box.single_3.curtain","units_count":33,"fill_ratio":1,"trailer_place":0},{"target":"bhv.montpellier","urgency":1,"shortest_distance_km":931,"ferry_time":0,"ferry_price":0,"cargo":"cargo.cars_fr","company_truck":"iveco_4x2_b","trailer_variant":"trailer.car_fr","trailer_definition":"trailer_def.cars_fr.car_fr","units_count":100,"fill_ratio":1,"trailer_place":0}],"nos_pat_brg.bourges":[{"target":"lisette_log.larochelle","urgency":2,"shortest_distance_km":381,"ferry_time":0,"ferry_price":0,"cargo":"cargo.cheese","company_truck":"mercedes_actros_2014_4x2_b","trailer_variant":"trailer.scs_ins_a","trailer_definition":"trailer_def.scs.box.single_3.insulated","units_count":33,"fill_ratio":1,"trailer_place":0},{"target":"lisette_log.lemans","urgency":2,"shortest_distance_km":302,"ferry_time":0,"ferry_price":0,"cargo":"cargo.milk_t","company_truck":"daf_4x2_a","trailer_variant":"trailer.scs_fodt","trailer_definition":"trailer_def.scs.foodtank.single_3.paint","units_count":27,"fill_ratio":1,"trailer_place":0}],"globeur.bourges":[{"target":"lisette_log.bordeaux","urgency":1,"shortest_distance_km":541,"ferry_time":0,"ferry_price":0,"cargo":"cargo.vinegar","company_truck":"mercedes_6x4_a","trailer_variant":"trailer.scs_dry","trailer_definition":"trailer_def.scs.box.single_3.dryvan","units_count":33,"fill_ratio":1,"trailer_place":0},{"target":"ika_bohag.bordeaux","urgency":2,"shortest_distance_km":530,"ferry_time":0,"ferry_price":0,"cargo":"cargo.furniture","company_truck":"daf_xf_euro6_4x2_c","trailer_variant":"trailer.scs_dry_ms","trailer_definition":"trailer_def.scs.box.single_3.dryvan_m","units_count":33,"fill_ratio":1,"trailer_place":0},{"target":"dans_jardin.bastia","urgency":2,"shortest_distance_km":656,"ferry_time":840,"ferry_price":1193,"cargo":"cargo.emp_wine_bot","company_truck":"iveco_4x2_c","trailer_variant":"trailer.scs_curt","trailer_definition":"trailer_def.scs.box.single_3.curtain","units_count":33,"fill_ratio":1,"trailer_place":0}],"dans_jardin.porto_vecchi":[{"target":"renar.calvi","urgency":1,"shortest_distance_km":217,"ferry_time":0,"ferry_price":0,"cargo":"cargo.potatoes","company_truck":"scania_r_4x2_370","trailer_variant":"trailer.scs_curt","trailer_definition":"trailer_def.scs.box.single_3.curtain","units_count":33,"fill_ratio":1,"trailer_place":0},{"target":"globeur.lehavre","urgency":0,"shortest_distance_km":976,"ferry_time":840,"ferry_price":1193,"cargo":"cargo.cut_flowers","company_truck":"daf_4x2_b","trailer_variant":"trailer.scs_ref_s","trailer_definition":"trailer_def.scs.box.single_3.reefer","units_count":33,"fill_ratio":1,"trailer_place":0},{"target":"eolo_lines.marseille","urgency":2,"shortest_distance_km":18,"ferry_time":840,"ferry_price":1193,"cargo":"cargo.basil","company_truck":"scania_streamline_4x2_b","trailer_variant":"trailer.scs_dry_s","trailer_definition":"trailer_def.scs.box.single_3.dryvan","units_count":33,"fill_ratio":1,"trailer_place":0},{"target":"wilnet_trans.porto_vecchi","urgency":2,"shortest_distance_km":16,"ferry_time":0,"ferry_price":0,"cargo":"cargo.lavender","company_truck":"renault_t_6x2","trailer_variant":"trailer.scs_dry_a","trailer_definition":"trailer_def.scs.box.single_3.dryvan","units_count":33,"fill_ratio":1,"trailer_place":0},{"target":"kaarfor.larochelle","urgency":2,"shortest_distance_km":881,"ferry_time":840,"ferry_price":1193,"cargo":"cargo.tomatoes","company_truck":"renault_premium_4x2_a","trailer_variant":"trailer.scs_ref_s","trailer_definition":"trailer_def.scs.box.single_3.reefer","units_count":33,"fill_ratio":1,"trailer_place":0}],"batisse_wind.montpellier":[{"target":"chimi.montpellier","urgency":2,"shortest_distance_km":150,"ferry_time":0,"ferry_price":0,"cargo":"cargo.empty_palet","company_truck":"man_6x4_b","trailer_variant":"trailer.scs_curt_a","trailer_definition":"trailer_def.scs.box.single_3.curtain","units_count":33,"fill_ratio":1,"trailer_place":0}],"tradeaux.lyon":[{"target":"wilnet_trans.porto_vecchi","urgency":0,"shortest_distance_km":263,"ferry_time":840,"ferry_price":1193,"cargo":"cargo.nuts","company_truck":"man_4x2_c","trailer_variant":"trailer.scs_dry_ms","trailer_definition":"trailer_def.scs.box.single_3.dryvan_m","units_count":33,"fill_ratio":1,"trailer_place":0}],"trameri.plymouth":[{"target":"mvm_carriere.lemans","urgency":2,"shortest_distance_km":315,"ferry_time":420,"ferry_price":910,"cargo":"cargo.hipresstank","company_truck":"scania_streamline_4x2_b","trailer_variant":"trailer.scs_flat_c_r","trailer_definition":"trailer_def.scs.flatbed.single_3.container","units_count":2,"fill_ratio":1,"trailer_place":0}],"posped.carlisle":[{"target":"tradeaux.brest","urgency":0,"shortest_distance_km":725,"ferry_time":420,"ferry_price":910,"cargo":"cargo.used_plast","company_truck":"mercedes_6x4_a","trailer_variant":"trailer.scs_curt_s","trailer_definition":"trailer_def.scs.box.single_3.curtain","units_count":33,"fill_ratio":1,"trailer_place":0}],"euroacres.dijon":[{"target":"kaarfor.montpellier","urgency":0,"shortest_distance_km":442,"ferry_time":0,"ferry_price":0,"cargo":"cargo.cont_trees","company_truck":"scania_r_4x2_520","trailer_variant":"trailer.scs_curt","trailer_definition":"trailer_def.scs.box.single_3.curtain","units_count":33,"fill_ratio":1,"trailer_place":0}],"batisse_base.rennes":[{"target":"dans_jardin.lemans","urgency":0,"shortest_distance_km":323,"ferry_time":0,"ferry_price":0,"cargo":"cargo.excav_soil","company_truck":"scania_streamline_4x2_a","trailer_variant":"trailer.s_ki_solid.cover","trailer_definition":"trailer_def.excav_soil.s_ki_solid.cover","units_count":100,"fill_ratio":1,"trailer_place":0},{"target":"wilnet_trans.nantes","urgency":2,"shortest_distance_km":189,"ferry_time":0,"ferry_price":0,"cargo":"cargo.hipresstank","company_truck":"iveco_6x2_a","trailer_variant":"trailer.scs_flat_c_r","trailer_definition":"trailer_def.scs.flatbed.single_3.container","units_count":2,"fill_ratio":1,"trailer_place":0}],"wilnet_trans.marseille":[{"target":"globeur.montpellier","urgency":2,"shortest_distance_km":240,"ferry_time":0,"ferry_price":0,"cargo":"cargo.nylon_cord","company_truck":"scania_streamline_4x2_b","trailer_variant":"trailer.scs_dry_a","trailer_definition":"trailer_def.scs.box.single_3.dryvan","units_count":33,"fill_ratio":1,"trailer_place":0}],"ika_bohag.clermont":[{"target":"globeur.montpellier","urgency":2,"shortest_distance_km":303,"ferry_time":0,"ferry_price":0,"cargo":"cargo.empty_palet","company_truck":"scania_r_4x2_520","trailer_variant":"trailer.scs_dry_m","trailer_definition":"trailer_def.scs.box.single_3.dryvan_m","units_count":33,"fill_ratio":1,"trailer_place":0}],"kaarfor.edinburgh":[{"target":"globeur.bourges","urgency":1,"shortest_distance_km":1329,"ferry_time":35,"ferry_price":300,"cargo":"cargo.used_plast_c","company_truck":"daf_xf_euro6_6x4_c","trailer_variant":"trailer.scs_flat_c_r","trailer_definition":"trailer_def.scs.flatbed.single_3.container","units_count":33,"fill_ratio":1,"trailer_place":0}],"huilant.larochelle":[{"target":"eco.nantes","urgency":1,"shortest_distance_km":274,"ferry_time":0,"ferry_price":0,"cargo":"cargo.petrol","company_truck":"scania_r_6x2_450","trailer_variant":"trailer.willig.fuel_cistern","trailer_definition":"trailer_def.petrol.willig.fuel_cistern","units_count":101,"fill_ratio":1,"trailer_place":0}],"euroacres.cambridge":[{"target":"wilnet_trans.lemans","urgency":1,"shortest_distance_km":666,"ferry_time":35,"ferry_price":300,"cargo":"cargo.potatoes","company_truck":"mercedes_actros_2014_4x2_b","trailer_variant":"trailer.scs_dry_m","trailer_definition":"trailer_def.scs.box.single_3.dryvan_m","units_count":32,"fill_ratio":1,"trailer_place":0}],"dans_jardin.lemans":[{"target":"lisette_log.rennes","urgency":2,"shortest_distance_km":268,"ferry_time":0,"ferry_price":0,"cargo":"cargo.peas","company_truck":"scania_r_4x2_520","trailer_variant":"trailer.scs_dry","trailer_definition":"trailer_def.scs.box.single_3.dryvan","units_count":33,"fill_ratio":1,"trailer_place":0},{"target":"gnt.bastia","urgency":0,"shortest_distance_km":933,"ferry_time":840,"ferry_price":1193,"cargo":"cargo.carrots_c","company_truck":"mercedes_4x2","trailer_variant":"trailer.scs_gosck20","trailer_definition":"trailer_def.scs.gooseneck.singl_3e_20.container","units_count":15,"fill_ratio":1,"trailer_place":0}],"tradeaux.ajaccio":[{"target":"globeur.montpellier","urgency":0,"shortest_distance_km":397,"ferry_time":840,"ferry_price":1193,"cargo":"cargo.steel_cord","company_truck":"daf_4x2_b","trailer_variant":"trailer.scs_dry_m","trailer_definition":"trailer_def.scs.box.single_3.dryvan_m","units_count":33,"fill_ratio":1,"trailer_place":0}],"sanbuilders.london":[{"target":"dans_jardin.nantes","urgency":1,"shortest_distance_km":868,"ferry_time":35,"ferry_price":300,"cargo":"cargo.forklifts","company_truck":"mercedes_6x4_a","trailer_variant":"trailer.overweight.forklifts","trailer_definition":"trailer_def.forklifts.overweight.forklifts","units_count":100,"fill_ratio":1,"trailer_place":0},{"target":"globeur.montpellier","urgency":1,"shortest_distance_km":1105,"ferry_time":35,"ferry_price":300,"cargo":"cargo.digger1000","company_truck":"man_tgx_euro6_4x2_xl","trailer_variant":"trailer.overweight.digger1000","trailer_definition":"trailer_def.digger1000.overweight.digger1000","units_count":100,"fill_ratio":1,"trailer_place":0}],"mvm_carriere.bastia":[{"target":"wilnet_trans.marseille","urgency":0,"shortest_distance_km":121,"ferry_time":840,"ferry_price":1193,"cargo":"cargo.stone_dust","company_truck":"daf_6x2_a","trailer_variant":"trailer.s_ki_solid.cover","trailer_definition":"trailer_def.stone_dust.s_ki_solid.cover","units_count":100,"fill_ratio":1,"trailer_place":0}],"dans_jardin.nantes":[{"target":"lisette_log.lemans","urgency":1,"shortest_distance_km":313,"ferry_time":0,"ferry_price":0,"cargo":"cargo.potatoes","company_truck":"daf_xf_euro6_4x2_c","trailer_variant":"trailer.scs_curt_a","trailer_definition":"trailer_def.scs.box.single_3.curtain","units_count":33,"fill_ratio":1,"trailer_place":0},{"target":"wilnet_trans.lemans","urgency":0,"shortest_distance_km":315,"ferry_time":0,"ferry_price":0,"cargo":"cargo.cut_flowers","company_truck":"daf_4x2_a","trailer_variant":"trailer.scs_ref_a","trailer_definition":"trailer_def.scs.box.single_3.reefer","units_count":33,"fill_ratio":1,"trailer_place":0}],"transinet.dortmund":[{"target":"globeur.lehavre","urgency":1,"shortest_distance_km":683,"ferry_time":0,"ferry_price":0,"cargo":"cargo.nonalco_beer","company_truck":"iveco_h_4x2_a","trailer_variant":"trailer.scs_dry_m","trailer_definition":"trailer_def.scs.box.single_3.dryvan_m","units_count":32,"fill_ratio":1,"trailer_place":0}],"ika_bohag.montpellier":[{"target":"lisette_log.ajaccio","urgency":0,"shortest_distance_km":360,"ferry_time":840,"ferry_price":1193,"cargo":"cargo.used_packag","company_truck":"iveco_4x2_a","trailer_variant":"trailer.scs_curt_s","trailer_definition":"trailer_def.scs.box.single_3.curtain","units_count":33,"fill_ratio":1,"trailer_place":0},{"target":"chimi.montpellier","urgency":2,"shortest_distance_km":96,"ferry_time":0,"ferry_price":0,"cargo":"cargo.empty_palet","company_truck":"mercedes_6x4_a","trailer_variant":"trailer.scs_dry_s","trailer_definition":"trailer_def.scs.box.single_3.dryvan","units_count":33,"fill_ratio":1,"trailer_place":0}],"nucleon.laurent":[{"target":"dans_jardin.bourges","urgency":0,"shortest_distance_km":90,"ferry_time":0,"ferry_price":0,"cargo":"cargo.excav_soil","company_truck":"daf_4x2_b","trailer_variant":"trailer.s_ki_solid.cover","trailer_definition":"trailer_def.excav_soil.s_ki_solid.cover","units_count":100,"fill_ratio":1,"trailer_place":0},{"target":"globeur.bourges","urgency":2,"shortest_distance_km":127,"ferry_time":0,"ferry_price":0,"cargo":"cargo.empty_palet","company_truck":"man_6x4_b","trailer_variant":"trailer.scs_curt_s","trailer_definition":"trailer_def.scs.box.single_3.curtain","units_count":33,"fill_ratio":1,"trailer_place":0}],"transinet.southampton":[{"target":"lkwlog.felixstowe","urgency":2,"shortest_distance_km":317,"ferry_time":0,"ferry_price":0,"cargo":"cargo.soy_milk","company_truck":"man_tgx_euro6_6x4_xlx","trailer_variant":"trailer.scs_dry_m","trailer_definition":"trailer_def.scs.box.single_3.dryvan_m","units_count":33,"fill_ratio":1,"trailer_place":0}],"ika_bohag.brest":[{"target":"tradeaux.brest","urgency":0,"shortest_distance_km":1,"ferry_time":0,"ferry_price":0,"cargo":"cargo.used_packag","company_truck":"daf_4x2_b","trailer_variant":"trailer.scs_dry","trailer_definition":"trailer_def.scs.box.single_3.dryvan","units_count":33,"fill_ratio":1,"trailer_place":0}],"globeur.montpellier":[{"target":"wilnet_trans.marseille","urgency":0,"shortest_distance_km":234,"ferry_time":0,"ferry_price":0,"cargo":"cargo.icecream","company_truck":"scania_r_6x4_650","trailer_variant":"trailer.scs_ref","trailer_definition":"trailer_def.scs.box.single_3.reefer","units_count":33,"fill_ratio":1,"trailer_place":0}],"kaarfor.nantes":[{"target":"globeur.rennes","urgency":0,"shortest_distance_km":138,"ferry_time":0,"ferry_price":0,"cargo":"cargo.used_packag","company_truck":"renault_premium_4x2_a","trailer_variant":"trailer.scs_dry_m","trailer_definition":"trailer_def.scs.box.single_3.dryvan_m","units_count":33,"fill_ratio":1,"trailer_place":0},{"target":"lisette_log.rennes","urgency":0,"shortest_distance_km":137,"ferry_time":0,"ferry_price":0,"cargo":"cargo.used_plast","company_truck":"daf_xf_euro6_6x2_a","trailer_variant":"trailer.scs_curt","trailer_definition":"trailer_def.scs.box.single_3.curtain","units_count":33,"fill_ratio":1,"trailer_place":0}],"ika_bohag.rennes":[{"target":"lisette_log.lemans","urgency":2,"shortest_distance_km":270,"ferry_time":0,"ferry_price":0,"cargo":"cargo.empty_palet","company_truck":"scania_streamline_4x2_c","trailer_variant":"trailer.scs_curt_s","trailer_definition":"trailer_def.scs.box.single_3.curtain","units_count":33,"fill_ratio":1,"trailer_place":0}],"sellplan.torino":[{"target":"renar.calvi","urgency":0,"shortest_distance_km":610,"ferry_time":840,"ferry_price":1193,"cargo":"cargo.used_plast","company_truck":"mercedes_6x2_b","trailer_variant":"trailer.scs_curt_s","trailer_definition":"trailer_def.scs.box.single_3.curtain","units_count":33,"fill_ratio":1,"trailer_place":0}],"mvm_carriere.nice":[{"target":"dans_jardin.porto_vecchi","urgency":1,"shortest_distance_km":333,"ferry_time":840,"ferry_price":1193,"cargo":"cargo.digger1000","company_truck":"mercedes_4x2","trailer_variant":"trailer.overweight.digger1000","trailer_definition":"trailer_def.digger1000.overweight.digger1000","units_count":100,"fill_ratio":1,"trailer_place":0}],"wilnet_trans.porto_vecchi":[{"target":"globeur.lehavre","urgency":0,"shortest_distance_km":961,"ferry_time":840,"ferry_price":1193,"cargo":"cargo.graph_grease","company_truck":"daf_4x2_a","trailer_variant":"trailer.scs_curt_a","trailer_definition":"trailer_def.scs.box.single_3.curtain","units_count":33,"fill_ratio":1,"trailer_place":0},{"target":"kaarfor.montpellier","urgency":0,"shortest_distance_km":204,"ferry_time":840,"ferry_price":1193,"cargo":"cargo.vinegar_c","company_truck":"mercedes_4x2_b","trailer_variant":"trailer.scs_gosck40","trailer_definition":"trailer_def.scs.gooseneck.singl_3e_40.container","units_count":30,"fill_ratio":1,"trailer_place":0},{"target":"kaarfor.bastia","urgency":2,"shortest_distance_km":146,"ferry_time":0,"ferry_price":0,"cargo":"cargo.clothes","company_truck":"mercedes_actros_2014_4x2_a","trailer_variant":"trailer.scs_dry_ms","trailer_definition":"trailer_def.scs.box.single_3.dryvan_m","units_count":33,"fill_ratio":1,"trailer_place":0}],"eolo_lines.porto_vecchi":[{"target":"globeur.bordeaux","urgency":0,"shortest_distance_km":780,"ferry_time":840,"ferry_price":1193,"cargo":"cargo.gummy_bears","company_truck":"man_4x2_c","trailer_variant":"trailer.scs_dry_m","trailer_definition":"trailer_def.scs.box.single_3.dryvan_m","units_count":33,"fill_ratio":1,"trailer_place":0}],"boisserie.lemans":[{"target":"dans_jardin.bourges","urgency":0,"shortest_distance_km":200,"ferry_time":0,"ferry_price":0,"cargo":"cargo.sawpanels","company_truck":"renault_premium_4x2_c","trailer_variant":"trailer.scs_dry_s","trailer_definition":"trailer_def.scs.box.single_3.dryvan","units_count":33,"fill_ratio":1,"trailer_place":0},{"target":"wilnet_trans.limoges","urgency":2,"shortest_distance_km":398,"ferry_time":0,"ferry_price":0,"cargo":"cargo.wshavings","company_truck":"scania_4x2_a","trailer_variant":"trailer.s_ki_solid.cover","trailer_definition":"trailer_def.wshavings.s_ki_solid.cover","units_count":100,"fill_ratio":1,"trailer_place":0}],"dans_jardin.bastia":[{"target":"lisette_log.ajaccio","urgency":1,"shortest_distance_km":87,"ferry_time":0,"ferry_price":0,"cargo":"cargo.potatoes","company_truck":"man_4x2_c","trailer_variant":"trailer.scs_curt_a","trailer_definition":"trailer_def.scs.box.single_3.curtain","units_count":33,"fill_ratio":1,"trailer_place":0}],"lisette_log.ajaccio":[{"target":"globeur.montpellier","urgency":2,"shortest_distance_km":398,"ferry_time":840,"ferry_price":1193,"cargo":"cargo.chem_sorb_c","company_truck":"man_tgx_euro6_4x2_xl","trailer_variant":"trailer.scs_flat_c_r","trailer_definition":"trailer_def.scs.flatbed.single_3.container","units_count":33,"fill_ratio":1,"trailer_place":0}],"tradeaux.clermont":[{"target":"globeur.bourges","urgency":2,"shortest_distance_km":180,"ferry_time":0,"ferry_price":0,"cargo":"cargo.soy_milk_t","company_truck":"man_4x2_a","trailer_variant":"trailer.scs_fodt","trailer_definition":"trailer_def.scs.foodtank.single_3.paint","units_count":26,"fill_ratio":1,"trailer_place":0}],"tree_et.southampton":[{"target":"tradeaux.brest","urgency":1,"shortest_distance_km":338,"ferry_time":420,"ferry_price":910,"cargo":"cargo.excavator","company_truck":"scania_r_6x4_650","trailer_variant":"trailer.overweight.excavator","trailer_definition":"trailer_def.excavator.overweight.excavator","units_count":94,"fill_ratio":1,"trailer_place":0}],"sanbuilders.lyon":[{"target":"nos_pat_cf.clermont","urgency":1,"shortest_distance_km":213,"ferry_time":0,"ferry_price":0,"cargo":"cargo.digger1000","company_truck":"man_6x4_b","trailer_variant":"trailer.overweight.digger1000","trailer_definition":"trailer_def.digger1000.overweight.digger1000","units_count":100,"fill_ratio":1,"trailer_place":0}],"posped.london":[{"target":"globeur.lehavre","urgency":0,"shortest_distance_km":403,"ferry_time":35,"ferry_price":300,"cargo":"cargo.steel_cord","company_truck":"mercedes_actros_2014_6x2_a","trailer_variant":"trailer.scs_curt_s","trailer_definition":"trailer_def.scs.box.single_3.curtain","units_count":33,"fill_ratio":1,"trailer_place":0}],"subse.brest":[{"target":"kaarfor.nantes","urgency":0,"shortest_distance_km":211,"ferry_time":0,"ferry_price":0,"cargo":"cargo.vinegar_c","company_truck":"man_4x2_a","trailer_variant":"trailer.scs_flat_c_r","trailer_definition":"trailer_def.scs.flatbed.single_3.container","units_count":33,"fill_ratio":1,"trailer_place":0},{"target":"lisette_log.roscoff","urgency":2,"shortest_distance_km":59,"ferry_time":0,"ferry_price":0,"cargo":"cargo.conc_juice_t","company_truck":"scania_streamline_4x2_c","trailer_variant":"trailer.scs_fodt","trailer_definition":"trailer_def.scs.foodtank.single_3.paint","units_count":21,"fill_ratio":1,"trailer_place":0}],"ika_bohag.bordeaux":[{"target":"lisette_log.roscoff","urgency":0,"shortest_distance_km":667,"ferry_time":0,"ferry_price":0,"cargo":"cargo.used_packag","company_truck":"man_6x4_b","trailer_variant":"trailer.scs_curt_s","trailer_definition":"trailer_def.scs.box.single_3.curtain","units_count":33,"fill_ratio":1,"trailer_place":0},{"target":"chimi.montpellier","urgency":2,"shortest_distance_km":662,"ferry_time":0,"ferry_price":0,"cargo":"cargo.empty_palet","company_truck":"mercedes_4x2","trailer_variant":"trailer.scs_curt_a","trailer_definition":"trailer_def.scs.box.single_3.curtain","units_count":33,"fill_ratio":1,"trailer_place":0}],"kaarfor.limoges":[{"target":"tradeaux.clermont","urgency":2,"shortest_distance_km":227,"ferry_time":0,"ferry_price":0,"cargo":"cargo.empty_palet","company_truck":"scania_streamline_4x2_b","trailer_variant":"trailer.scs_curt","trailer_definition":"trailer_def.scs.box.single_3.curtain","units_count":33,"fill_ratio":1,"trailer_place":0},{"target":"lisette_log.lemans","urgency":1,"shortest_distance_km":447,"ferry_time":0,"ferry_price":0,"cargo":"cargo.used_plast_c","company_truck":"mercedes_4x2","trailer_variant":"trailer.scs_flat_c_r","trailer_definition":"trailer_def.scs.flatbed.single_3.container","units_count":33,"fill_ratio":1,"trailer_place":0}],"nucleon.paluel":[{"target":"dans_jardin.bourges","urgency":0,"shortest_distance_km":452,"ferry_time":0,"ferry_price":0,"cargo":"cargo.excav_soil","company_truck":"renault_premium_4x2_c","trailer_variant":"trailer.s_ki_solid.cover","trailer_definition":"trailer_def.excav_soil.s_ki_solid.cover","units_count":100,"fill_ratio":1,"trailer_place":0}],"mvm_carriere.porto_vecchi":[{"target":"wilnet_trans.porto_vecchi","urgency":0,"shortest_distance_km":12,"ferry_time":0,"ferry_price":0,"cargo":"cargo.stone_dust","company_truck":"mercedes_actros_2014_4x2_a","trailer_variant":"trailer.s_ki_solid.cover","trailer_definition":"trailer_def.stone_dust.s_ki_solid.cover","units_count":100,"fill_ratio":1,"trailer_place":0},{"target":"dans_jardin.marseille","urgency":0,"shortest_distance_km":193,"ferry_time":840,"ferry_price":1193,"cargo":"cargo.excav_soil","company_truck":"scania_4x2_c","trailer_variant":"trailer.s_ki_solid.cover","trailer_definition":"trailer_def.excav_soil.s_ki_solid.cover","units_count":100,"fill_ratio":1,"trailer_place":0}],"transinet.hamburg":[{"target":"stokes.kiel","urgency":0,"shortest_distance_km":175,"ferry_time":0,"ferry_price":0,"cargo":"cargo.gummy_bears","company_truck":"scania_s_6x4_730","trailer_variant":"trailer.scs_curt_s","trailer_definition":"trailer_def.scs.box.single_3.curtain","units_count":33,"fill_ratio":1,"trailer_place":0}],"nucleon.alban":[{"target":"dans_jardin.porto_vecchi","urgency":0,"shortest_distance_km":265,"ferry_time":840,"ferry_price":1193,"cargo":"cargo.excav_soil","company_truck":"mercedes_4x2","trailer_variant":"trailer.s_ki_solid.cover","trailer_definition":"trailer_def.excav_soil.s_ki_solid.cover","units_count":100,"fill_ratio":1,"trailer_place":0}],"dans_jardin.marseille":[{"target":"lisette_log.ajaccio","urgency":1,"shortest_distance_km":326,"ferry_time":840,"ferry_price":1193,"cargo":"cargo.apples_c","company_truck":"mercedes_4x2_a","trailer_variant":"trailer.scs_flat_c_r","trailer_definition":"trailer_def.scs.flatbed.single_3.container","units_count":33,"fill_ratio":1,"trailer_place":0}]}