{"sanbuilders.nurnberg":[{"target":"tradeaux.frankfurt","urgency":0,"shortest_distance_km":214,"ferry_time":0,"ferry_price":0,"cargo":"cargo.asph_miller","company_truck":"heavy/scania_streamline_8x4","trailer_variant":"trailer.goldhofer.mpa_k_flat14.wirtgenw250i","trailer_definition":"trailer_def.asph_miller.goldhofer.mpa_k_flat14.wirtgenw250i","units_count":100,"fill_ratio":1,"trailer_place":0}],"itcc.liege":[{"target":"stokes.liege","urgency":2,"shortest_distance_km":1,"ferry_time":0,"ferry_price":0,"cargo":"cargo.concr_beams","company_truck":"heavy/iveco_6x4","trailer_variant":"trailer.goldhofer.stz_vl.conc_beam","trailer_definition":"trailer_def.concr_beams.goldhofer.stz_vl.conc_beam","units_count":100,"fill_ratio":1,"trailer_place":0}],"lkwlog.stuttgart":[{"target":"stokes.zurich","urgency":2,"shortest_distance_km":206,"ferry_time":0,"ferry_price":0,"cargo":"cargo.metal_center","company_truck":"heavy/scania_streamline_8x4","trailer_variant":"trailer.goldhofer.stz_vl.m_centering","trailer_definition":"trailer_def.metal_center.goldhofer.stz_vl.m_centering","units_count":100,"fill_ratio":1,"trailer_place":0}],"sanbuilders.rotterdam":[{"target":"tradeaux.lille","urgency":0,"shortest_distance_km":223,"ferry_time":0,"ferry_price":0,"cargo":"cargo.mobile_crane","company_truck":"heavy/daf_6x4","trailer_variant":"trailer.goldhofer.mpa_k_flat14.t_c_3160","trailer_definition":"trailer_def.mobile_crane.goldhofer.mpa_k_flat14.t_c_3160","units_count":100,"fill_ratio":1,"trailer_place":0}],"sanbuilders.berlin":[{"target":"stokes.liege","urgency":0,"shortest_distance_km":660,"ferry_time":0,"ferry_price":0,"cargo":"cargo.asph_miller","company_truck":"heavy/scania_6x4","trailer_variant":"trailer.goldhofer.mpa_k_flat14.wirtgenw250i","trailer_definition":"trailer_def.asph_miller.goldhofer.mpa_k_flat14.wirtgenw250i","units_count":100,"fill_ratio":1,"trailer_place":0}]}