{"marmo.olbia":[{"target":"fui.olbia","urgency":0,"shortest_distance_km":67,"ferry_time":0,"ferry_price":0,"cargo":"cargo.excav_soil","company_truck":"daf_6x2_a","trailer_variant":"trailer.s_ki_solid.cover","trailer_definition":"trailer_def.excav_soil.s_ki_solid.cover","units_count":100,"fill_ratio":1,"trailer_place":0}],"cargotras.sassari":[{"target":"exomar.taranto","urgency":0,"shortest_distance_km":556,"ferry_time":840,"ferry_price":879,"cargo":"cargo.car_it","company_truck":"mercedes_4x2_b","trailer_variant":"trailer.car_it","trailer_definition":"trailer_def.car_it.car_it","units_count":100,"fill_ratio":1,"trailer_place":0}],"c_navale.olbia":[{"target":"te_logistica.cagliari","urgency":0,"shortest_distance_km":246,"ferry_time":0,"ferry_price":0,"cargo":"cargo.scrap_metals","company_truck":"man_6x4_b","trailer_variant":"trailer.s_ki_solid.cover","trailer_definition":"trailer_def.scrap_metals.s_ki_solid.cover","units_count":100,"fill_ratio":1,"trailer_place":0}],"costruzi_hal.genova":[{"target":"cargotras.livorno","urgency":1,"shortest_distance_km":232,"ferry_time":0,"ferry_price":0,"cargo":"cargo.excavator","company_truck":"mercedes_6x4_a","trailer_variant":"trailer.overweight.excavator","trailer_definition":"trailer_def.excavator.overweight.excavator","units_count":100,"fill_ratio":1,"trailer_place":0},{"target":"te_logistica.parma","urgency":1,"shortest_distance_km":244,"ferry_time":0,"ferry_price":0,"cargo":"cargo.digger1000","company_truck":"scania_s_6x4_730","trailer_variant":"trailer.overweight.digger1000","trailer_definition":"trailer_def.digger1000.overweight.digger1000","units_count":100,"fill_ratio":1,"trailer_place":0}],"wgcc.bratislava":[{"target":"marina_it.genova","urgency":0,"shortest_distance_km":1052,"ferry_time":0,"ferry_price":0,"cargo":"cargo.diesel","company_truck":"man_6x4_b","trailer_variant":"trailer.fuel_cistern","trailer_definition":"trailer_def.diesel.fuel_cistern","units_count":94,"fill_ratio":1,"trailer_place":0}],"sal.pescara":[{"target":"fattoria_f.roma","urgency":2,"shortest_distance_km":217,"ferry_time":0,"ferry_price":0,"cargo":"cargo.wshavings","company_truck":"man_6x4_b","trailer_variant":"trailer.s_ki_solid.cover","trailer_definition":"trailer_def.wshavings.s_ki_solid.cover","units_count":100,"fill_ratio":1,"trailer_place":0}],"marmo.firenze":[{"target":"costruzi_bas.firenze","urgency":0,"shortest_distance_km":154,"ferry_time":0,"ferry_price":0,"cargo":"cargo.marb_slab","company_truck":"mercedes_actros_2014_4x2_c","trailer_variant":"trailer.scs_flat_r","trailer_definition":"trailer_def.scs.flatbed.single_3.flatbed_w","units_count":2,"fill_ratio":1,"trailer_place":0}],"ika_bohag.pescara":[{"target":"tesore_gust.roma","urgency":2,"shortest_distance_km":250,"ferry_time":0,"ferry_price":0,"cargo":"cargo.empty_palet","company_truck":"man_6x4_b","trailer_variant":"trailer.scs_curt","trailer_definition":"trailer_def.scs.box.single_3.curtain","units_count":33,"fill_ratio":1,"trailer_place":0},{"target":"exomar.ancona","urgency":0,"shortest_distance_km":165,"ferry_time":0,"ferry_price":0,"cargo":"cargo.used_packag","company_truck":"daf_xf_euro6_6x4_c","trailer_variant":"trailer.scs_dry","trailer_definition":"trailer_def.scs.box.single_3.dryvan","units_count":33,"fill_ratio":1,"trailer_place":0}],"marmo.sassari":[{"target":"fattoria_f.napoli","urgency":1,"shortest_distance_km":383,"ferry_time":840,"ferry_price":879,"cargo":"cargo.digger1000","company_truck":"scania_4x2_b","trailer_variant":"trailer.overweight.digger1000","trailer_definition":"trailer_def.digger1000.overweight.digger1000","units_count":100,"fill_ratio":1,"trailer_place":0}],"wgcc.munchen":[{"target":"fui.roma","urgency":1,"shortest_distance_km":962,"ferry_time":0,"ferry_price":0,"cargo":"cargo.potassium","company_truck":"scania_6x4_a","trailer_variant":"trailer.scs_gosck220","trailer_definition":"trailer_def.scs.gooseneck.singl_3e_220.container","units_count":80,"fill_ratio":1,"trailer_place":0},{"target":"sal.terni","urgency":0,"shortest_distance_km":979,"ferry_time":0,"ferry_price":0,"cargo":"cargo.lpg","company_truck":"mercedes_actros_2014_6x4_b","trailer_variant":"trailer.fuel_cistern","trailer_definition":"trailer_def.lpg.fuel_cistern","units_count":100,"fill_ratio":1,"trailer_place":0}],"cesare_smar.sassari":[{"target":"cargotras.pescara","urgency":1,"shortest_distance_km":508,"ferry_time":840,"ferry_price":879,"cargo":"cargo.used_plast_c","company_truck":"man_6x4_b","trailer_variant":"trailer.scs_gosck220","trailer_definition":"trailer_def.scs.gooseneck.singl_3e_220.container","units_count":30,"fill_ratio":1,"trailer_place":0}],"costruzi_fla.catanzaro":[{"target":"cargotras.catanzaro","urgency":0,"shortest_distance_km":1,"ferry_time":0,"ferry_price":0,"cargo":"cargo.digger500","company_truck":"scania_s_4x2_580","trailer_variant":"trailer.overweight.digger500","trailer_definition":"trailer_def.digger500.overweight.digger500","units_count":100,"fill_ratio":1,"trailer_place":0}],"ika_bohag.napoli":[{"target":"cargotras.olbia","urgency":2,"shortest_distance_km":264,"ferry_time":840,"ferry_price":879,"cargo":"cargo.empty_palet","company_truck":"scania_6x4_a","trailer_variant":"trailer.scs_curt_a","trailer_definition":"trailer_def.scs.box.single_3.curtain","units_count":33,"fill_ratio":1,"trailer_place":0}],"vitas_pwr.taranto":[{"target":"tesore_gust.firenze","urgency":2,"shortest_distance_km":726,"ferry_time":0,"ferry_price":0,"cargo":"cargo.empty_palet","company_truck":"renault_t_4x2h","trailer_variant":"trailer.scs_curt","trailer_definition":"trailer_def.scs.box.single_3.curtain","units_count":33,"fill_ratio":1,"trailer_place":0}],"cont_port_it.livorno":[{"target":"te_logistica.sassari","urgency":0,"shortest_distance_km":774,"ferry_time":840,"ferry_price":879,"cargo":"cargo.beverages_c","company_truck":"renault_premium_4x2_a","trailer_variant":"trailer.scs_flat_c_r","trailer_definition":"trailer_def.scs.flatbed.single_3.container","units_count":33,"fill_ratio":1,"trailer_place":0}],"cesare_smar.milano":[{"target":"exomar.bologna","urgency":1,"shortest_distance_km":290,"ferry_time":0,"ferry_price":0,"cargo":"cargo.used_plast_c","company_truck":"renault_magnum_6x4_a","trailer_variant":"trailer.scs_flat_c_g","trailer_definition":"trailer_def.scs.flatbed.single_3.container","units_count":33,"fill_ratio":1,"trailer_place":0}],"tras_med.catania":[{"target":"te_logistica.messina","urgency":1,"shortest_distance_km":142,"ferry_time":0,"ferry_price":0,"cargo":"cargo.precast_strs","company_truck":"mercedes_actros_2014_6x4_b","trailer_variant":"trailer.scs_dry_a","trailer_definition":"trailer_def.scs.box.single_3.dryvan","units_count":33,"fill_ratio":1,"trailer_place":0},{"target":"ika_bohag.catania","urgency":0,"shortest_distance_km":1,"ferry_time":0,"ferry_price":0,"cargo":"cargo.wrk_cloth","company_truck":"man_4x2_a","trailer_variant":"trailer.scs_dry_m","trailer_definition":"trailer_def.scs.box.single_3.dryvan_m","units_count":33,"fill_ratio":1,"trailer_place":0}],"ika_bohag.catania":[{"target":"te_logistica.cagliari","urgency":2,"shortest_distance_km":217,"ferry_time":720,"ferry_price":778,"cargo":"cargo.empty_palet","company_truck":"renault_magnum_4x2_a","trailer_variant":"trailer.scs_dry_m","trailer_definition":"trailer_def.scs.box.single_3.dryvan_m","units_count":33,"fill_ratio":1,"trailer_place":0},{"target":"cargotras.catanzaro","urgency":0,"shortest_distance_km":302,"ferry_time":20,"ferry_price":347,"cargo":"cargo.used_packag","company_truck":"man_6x4_b","trailer_variant":"trailer.scs_dry_m","trailer_definition":"trailer_def.scs.box.single_3.dryvan_m","units_count":33,"fill_ratio":1,"trailer_place":0}],"stokes.dijon":[{"target":"te_logistica.messina","urgency":0,"shortest_distance_km":1795,"ferry_time":20,"ferry_price":347,"cargo":"cargo.drymilk","company_truck":"man_6x4_b","trailer_variant":"trailer.scs_curt","trailer_definition":"trailer_def.scs.box.single_3.curtain","units_count":33,"fill_ratio":1,"trailer_place":0}],"te_logistica.parma":[{"target":"tras_med.cagliari","urgency":1,"shortest_distance_km":726,"ferry_time":840,"ferry_price":879,"cargo":"cargo.forklifts","company_truck":"man_6x4_b","trailer_variant":"trailer.overweight.forklifts","trailer_definition":"trailer_def.forklifts.overweight.forklifts","units_count":100,"fill_ratio":1,"trailer_place":0}],"piac.cassino":[{"target":"tras_med.bari","urgency":0,"shortest_distance_km":338,"ferry_time":0,"ferry_price":0,"cargo":"cargo.scrap_metals","company_truck":"man_6x4_b","trailer_variant":"trailer.s_ki_solid.cover","trailer_definition":"trailer_def.scrap_metals.s_ki_solid.cover","units_count":100,"fill_ratio":1,"trailer_place":0},{"target":"exomar.roma","urgency":0,"shortest_distance_km":138,"ferry_time":0,"ferry_price":0,"cargo":"cargo.used_packag","company_truck":"scania_s_4x2_580","trailer_variant":"trailer.scs_dry_s","trailer_definition":"trailer_def.scs.box.single_3.dryvan","units_count":33,"fill_ratio":1,"trailer_place":0}],"exomar.ancona":[{"target":"cargotras.pescara","urgency":1,"shortest_distance_km":181,"ferry_time":0,"ferry_price":0,"cargo":"cargo.mason_jars","company_truck":"scania_streamline_6x2_b","trailer_variant":"trailer.scs_dry_m","trailer_definition":"trailer_def.scs.box.single_3.dryvan_m","units_count":33,"fill_ratio":1,"trailer_place":0}],"nbfc.linz":[{"target":"acc.taranto","urgency":1,"shortest_distance_km":1399,"ferry_time":0,"ferry_price":0,"cargo":"cargo.nitrogen","company_truck":"daf_xf_euro6_4x2_c","trailer_variant":"trailer.scs_gosck40","trailer_definition":"trailer_def.scs.gooseneck.singl_3e_40.container","units_count":80,"fill_ratio":1,"trailer_place":0}],"ika_bohag.ancona":[{"target":"tras_med.cagliari","urgency":2,"shortest_distance_km":527,"ferry_time":840,"ferry_price":879,"cargo":"cargo.empty_palet","company_truck":"scania_streamline_4x2_a","trailer_variant":"trailer.scs_curt_s","trailer_definition":"trailer_def.scs.box.single_3.curtain","units_count":33,"fill_ratio":1,"trailer_place":0},{"target":"cargotras.pescara","urgency":0,"shortest_distance_km":181,"ferry_time":0,"ferry_price":0,"cargo":"cargo.used_packag","company_truck":"scania_streamline_4x2_b","trailer_variant":"trailer.scs_dry_ms","trailer_definition":"trailer_def.scs.box.single_3.dryvan_m","units_count":33,"fill_ratio":1,"trailer_place":0}],"quarry.lyon":[{"target":"sal.terni","urgency":0,"shortest_distance_km":1021,"ferry_time":0,"ferry_price":0,"cargo":"cargo.diggers","company_truck":"scania_4x2_a","trailer_variant":"trailer.overweight.digger","trailer_definition":"trailer_def.diggers.overweight.digger","units_count":100,"fill_ratio":1,"trailer_place":0}],"acc.terni":[{"target":"tras_med.roma","urgency":2,"shortest_distance_km":115,"ferry_time":0,"ferry_price":0,"cargo":"cargo.wallpanels","company_truck":"scania_streamline_4x2_a","trailer_variant":"trailer.panel_trans.wall","trailer_definition":"trailer_def.wallpanels.panel_trans.wall","units_count":100,"fill_ratio":1,"trailer_place":0}],"aaa.cagliari":[{"target":"exomar.taranto","urgency":0,"shortest_distance_km":348,"ferry_time":840,"ferry_price":879,"cargo":"cargo.car_it","company_truck":"man_4x2_a","trailer_variant":"trailer.car_it","trailer_definition":"trailer_def.car_it.car_it","units_count":100,"fill_ratio":1,"trailer_place":0}],"ika_bohag.roma":[{"target":"te_logistica.cagliari","urgency":2,"shortest_distance_km":287,"ferry_time":840,"ferry_price":879,"cargo":"cargo.empty_palet","company_truck":"renault_t_6x2","trailer_variant":"trailer.scs_curt_a","trailer_definition":"trailer_def.scs.box.single_3.curtain","units_count":33,"fill_ratio":1,"trailer_place":0}],"cont_port_it.napoli":[{"target":"tras_med.roma","urgency":1,"shortest_distance_km":270,"ferry_time":0,"ferry_price":0,"cargo":"cargo.apples_c","company_truck":"iveco_4x2_a","trailer_variant":"trailer.scs_gosck40","trailer_definition":"trailer_def.scs.gooseneck.singl_3e_40.container","units_count":30,"fill_ratio":1,"trailer_place":0}],"tras_med.bari":[{"target":"te_logistica.sassari","urgency":0,"shortest_distance_km":465,"ferry_time":840,"ferry_price":879,"cargo":"cargo.metal_pipes","company_truck":"man_4x2_c","trailer_variant":"trailer.scs_flat_r","trailer_definition":"trailer_def.scs.flatbed.single_3.flatbed_w","units_count":2,"fill_ratio":1,"trailer_place":0},{"target":"costruzi_win.pescara","urgency":2,"shortest_distance_km":310,"ferry_time":0,"ferry_price":0,"cargo":"cargo.electronics","company_truck":"scania_4x2_c","trailer_variant":"trailer.scs_dry_s","trailer_definition":"trailer_def.scs.box.single_3.dryvan","units_count":33,"fill_ratio":1,"trailer_place":0},{"target":"exomar.taranto","urgency":1,"shortest_distance_km":134,"ferry_time":0,"ferry_price":0,"cargo":"cargo.scooters","company_truck":"daf_xf_euro6_6x4_c","trailer_variant":"trailer.scs_dry","trailer_definition":"trailer_def.scs.box.single_3.dryvan","units_count":33,"fill_ratio":1,"trailer_place":0}],"acc.catania":[{"target":"costruzi_bas.firenze","urgency":2,"shortest_distance_km":1063,"ferry_time":20,"ferry_price":347,"cargo":"cargo.iron_pipes","company_truck":"man_tgx_euro6_4x2_xxl","trailer_variant":"trailer.scs_log","trailer_definition":"trailer_def.scs.log.single_3.steel","units_count":2,"fill_ratio":1,"trailer_place":0},{"target":"cargotras.palermo","urgency":1,"shortest_distance_km":203,"ferry_time":0,"ferry_price":0,"cargo":"cargo.precast_strs","company_truck":"scania_streamline_4x2_c","trailer_variant":"trailer.scs_dry","trailer_definition":"trailer_def.scs.box.single_3.dryvan","units_count":33,"fill_ratio":1,"trailer_place":0}],"aaa.pescara":[{"target":"comoto.suzzara","urgency":0,"shortest_distance_km":503,"ferry_time":0,"ferry_price":0,"cargo":"cargo.iveco_vans","company_truck":"renault_t_6x2","trailer_variant":"trailer.van_trans_id","trailer_definition":"trailer_def.iveco_vans.van_trans_id","units_count":100,"fill_ratio":1,"trailer_place":0}],"fattoria_f.napoli":[{"target":"te_logistica.napoli","urgency":2,"shortest_distance_km":188,"ferry_time":0,"ferry_price":0,"cargo":"cargo.cheese","company_truck":"scania_s_4x2_370","trailer_variant":"trailer.scs_ins","trailer_definition":"trailer_def.scs.box.single_3.insulated","units_count":33,"fill_ratio":1,"trailer_place":0},{"target":"tras_med.cagliari","urgency":0,"shortest_distance_km":218,"ferry_time":840,"ferry_price":879,"cargo":"cargo.milk","company_truck":"renault_premium_6x4_a","trailer_variant":"trailer.scs_curt","trailer_definition":"trailer_def.scs.box.single_3.curtain","units_count":33,"fill_ratio":1,"trailer_place":0}],"lkwlog.luxembourg":[{"target":"fui.olbia","urgency":0,"shortest_distance_km":1156,"ferry_time":1050,"ferry_price":1548,"cargo":"cargo.diesel","company_truck":"man_tgx_euro6_4x2_xxl","trailer_variant":"trailer.fuel_cistern","trailer_definition":"trailer_def.diesel.fuel_cistern","units_count":100,"fill_ratio":1,"trailer_place":0}],"kaarfor.bern":[{"target":"te_logistica.napoli","urgency":0,"shortest_distance_km":1150,"ferry_time":0,"ferry_price":0,"cargo":"cargo.used_plast","company_truck":"scania_s_4x2_370","trailer_variant":"trailer.scs_dry_m","trailer_definition":"trailer_def.scs.box.single_3.dryvan_m","units_count":33,"fill_ratio":1,"trailer_place":0},{"target":"tras_med.genova","urgency":2,"shortest_distance_km":515,"ferry_time":0,"ferry_price":0,"cargo":"cargo.empty_palet","company_truck":"renault_t_4x2h","trailer_variant":"trailer.scs_curt","trailer_definition":"trailer_def.scs.box.single_3.curtain","units_count":33,"fill_ratio":1,"trailer_place":0}],"tesore_gust.roma":[{"target":"te_logistica.firenze","urgency":0,"shortest_distance_km":289,"ferry_time":0,"ferry_price":0,"cargo":"cargo.chewing_gums","company_truck":"mercedes_actros_2014_6x2_a","trailer_variant":"trailer.scs_dry","trailer_definition":"trailer_def.scs.box.single_3.dryvan","units_count":33,"fill_ratio":1,"trailer_place":0}],"cnp.catania":[{"target":"acc.catania","urgency":0,"shortest_distance_km":51,"ferry_time":0,"ferry_price":0,"cargo":"cargo.kerosene","company_truck":"renault_t_6x2","trailer_variant":"trailer.willig.fuel_cistern","trailer_definition":"trailer_def.kerosene.willig.fuel_cistern","units_count":100,"fill_ratio":1,"trailer_place":0},{"target":"c_navale.messina","urgency":0,"shortest_distance_km":184,"ferry_time":0,"ferry_price":0,"cargo":"cargo.oil","company_truck":"scania_streamline_4x2_c","trailer_variant":"trailer.willig.fuel_cistern","trailer_definition":"trailer_def.oil.willig.fuel_cistern","units_count":101,"fill_ratio":1,"trailer_place":0}],"te_logistica.firenze":[{"target":"cont_port_it.livorno","urgency":0,"shortest_distance_km":102,"ferry_time":0,"ferry_price":0,"cargo":"cargo.rice_c","company_truck":"scania_s_4x2_580","trailer_variant":"trailer.scs_gosck20","trailer_definition":"trailer_def.scs.gooseneck.singl_3e_20.container","units_count":15,"fill_ratio":1,"trailer_place":0},{"target":"exomar.bologna","urgency":1,"shortest_distance_km":156,"ferry_time":0,"ferry_price":0,"cargo":"cargo.excavator","company_truck":"mercedes_actros_2014_4x2_b","trailer_variant":"trailer.overweight.excavator","trailer_definition":"trailer_def.excavator.overweight.excavator","units_count":100,"fill_ratio":1,"trailer_place":0}],"spinelli.parma":[{"target":"c_navale.olbia","urgency":1,"shortest_distance_km":959,"ferry_time":840,"ferry_price":879,"cargo":"cargo.forklifts","company_truck":"mercedes_actros_2014_4x2_a","trailer_variant":"trailer.overweight.forklifts","trailer_definition":"trailer_def.forklifts.overweight.forklifts","units_count":100,"fill_ratio":1,"trailer_place":0}],"fui.firenze":[{"target":"te_logistica.parma","urgency":0,"shortest_distance_km":258,"ferry_time":0,"ferry_price":0,"cargo":"cargo.carrots_c","company_truck":"scania_streamline_4x2_b","trailer_variant":"trailer.scs_gosck220","trailer_definition":"trailer_def.scs.gooseneck.singl_3e_220.container","units_count":30,"fill_ratio":1,"trailer_place":0},{"target":"tesore_gust.firenze","urgency":0,"shortest_distance_km":19,"ferry_time":0,"ferry_price":0,"cargo":"cargo.nuts","company_truck":"scania_streamline_4x2_c","trailer_variant":"trailer.scs_dry","trailer_definition":"trailer_def.scs.box.single_3.dryvan","units_count":33,"fill_ratio":1,"trailer_place":0}],"quadrelli.bari":[{"target":"exomar.bologna","urgency":1,"shortest_distance_km":643,"ferry_time":0,"ferry_price":0,"cargo":"cargo.digger1000","company_truck":"daf_4x2_b","trailer_variant":"trailer.overweight.digger1000","trailer_definition":"trailer_def.digger1000.overweight.digger1000","units_count":100,"fill_ratio":1,"trailer_place":0},{"target":"costruzi_fla.catanzaro","urgency":1,"shortest_distance_km":351,"ferry_time":0,"ferry_price":0,"cargo":"cargo.marb_blck2","company_truck":"scania_s_4x2_580","trailer_variant":"trailer.scs_flat_c_r","trailer_definition":"trailer_def.scs.flatbed.single_3.container","units_count":2,"fill_ratio":1,"trailer_place":0}],"sal.terni":[{"target":"exomar.roma","urgency":1,"shortest_distance_km":166,"ferry_time":0,"ferry_price":0,"cargo":"cargo.digger1000","company_truck":"man_6x4_b","trailer_variant":"trailer.overweight.digger1000","trailer_definition":"trailer_def.digger1000.overweight.digger1000","units_count":100,"fill_ratio":1,"trailer_place":0}],"trameri.dresden":[{"target":"exomar.roma","urgency":1,"shortest_distance_km":1376,"ferry_time":0,"ferry_price":0,"cargo":"cargo.used_plast_c","company_truck":"scania_6x4_a","trailer_variant":"trailer.scs_flat_c_g","trailer_definition":"trailer_def.scs.flatbed.single_3.container","units_count":33,"fill_ratio":1,"trailer_place":0}],"lkwlog.venezia":[{"target":"cargotras.palermo","urgency":1,"shortest_distance_km":1380,"ferry_time":20,"ferry_price":347,"cargo":"cargo.radiators","company_truck":"mercedes_actros_2014_6x4_b","trailer_variant":"trailer.scs_dry","trailer_definition":"trailer_def.scs.box.single_3.dryvan","units_count":33,"fill_ratio":1,"trailer_place":0}],"ika_bohag.bologna":[{"target":"cargotras.livorno","urgency":0,"shortest_distance_km":217,"ferry_time":0,"ferry_price":0,"cargo":"cargo.used_packag","company_truck":"iveco_6x2_a","trailer_variant":"trailer.scs_curt","trailer_definition":"trailer_def.scs.box.single_3.curtain","units_count":33,"fill_ratio":1,"trailer_place":0}],"pp_chimica.olbia":[{"target":"acc.taranto","urgency":0,"shortest_distance_km":453,"ferry_time":840,"ferry_price":879,"cargo":"cargo.kerosene","company_truck":"mercedes_actros_2014_4x2_a","trailer_variant":"trailer.willig.fuel_cistern","trailer_definition":"trailer_def.kerosene.willig.fuel_cistern","units_count":100,"fill_ratio":1,"trailer_place":0}],"marmo.palermo":[{"target":"fui.olbia","urgency":1,"shortest_distance_km":266,"ferry_time":720,"ferry_price":778,"cargo":"cargo.digger1000","company_truck":"daf_4x2_a","trailer_variant":"trailer.overweight.digger1000","trailer_definition":"trailer_def.digger1000.overweight.digger1000","units_count":100,"fill_ratio":1,"trailer_place":0}],"pp_chimica.roma":[{"target":"te_logistica.sassari","urgency":0,"shortest_distance_km":430,"ferry_time":840,"ferry_price":879,"cargo":"cargo.fueltanker","company_truck":"iveco_h_4x2_a","trailer_variant":"trailer.scs_flat_c_r","trailer_definition":"trailer_def.scs.flatbed.single_3.container","units_count":87,"fill_ratio":1,"trailer_place":0}],"lkwlog.calais":[{"target":"cargotras.catanzaro","urgency":2,"shortest_distance_km":2188,"ferry_time":0,"ferry_price":0,"cargo":"cargo.fireworks","company_truck":"daf_xf_euro6_4x2_c","trailer_variant":"trailer.scs_curt_s","trailer_definition":"trailer_def.scs.box.single_3.curtain","units_count":33,"fill_ratio":1,"trailer_place":0}],"sal.livorno":[{"target":"marmo.livorno","urgency":1,"shortest_distance_km":127,"ferry_time":0,"ferry_price":0,"cargo":"cargo.digger1000","company_truck":"scania_4x2_c","trailer_variant":"trailer.overweight.digger1000","trailer_definition":"trailer_def.digger1000.overweight.digger1000","units_count":100,"fill_ratio":1,"trailer_place":0}],"cnp.napoli":[{"target":"aci.roma","urgency":0,"shortest_distance_km":305,"ferry_time":0,"ferry_price":0,"cargo":"cargo.kerosene","company_truck":"daf_xf_euro6_4x2_c","trailer_variant":"trailer.willig.fuel_cistern","trailer_definition":"trailer_def.kerosene.willig.fuel_cistern","units_count":100,"fill_ratio":1,"trailer_place":0}],"spinelli.cassino":[{"target":"cargotras.pescara","urgency":2,"shortest_distance_km":198,"ferry_time":0,"ferry_price":0,"cargo":"cargo.empty_palet","company_truck":"renault_t_4x2h","trailer_variant":"trailer.scs_curt","trailer_definition":"trailer_def.scs.box.single_3.curtain","units_count":33,"fill_ratio":1,"trailer_place":0},{"target":"tras_med.bari","urgency":0,"shortest_distance_km":372,"ferry_time":0,"ferry_price":0,"cargo":"cargo.scrap_metals","company_truck":"man_6x4_b","trailer_variant":"trailer.s_ki_solid.cover","trailer_definition":"trailer_def.scrap_metals.s_ki_solid.cover","units_count":100,"fill_ratio":1,"trailer_place":0}],"eolo_lines.palermo":[{"target":"tras_med.catania","urgency":1,"shortest_distance_km":195,"ferry_time":0,"ferry_price":0,"cargo":"cargo.potatoes","company_truck":"daf_xf_euro6_6x2_a","trailer_variant":"trailer.scs_dry_m","trailer_definition":"trailer_def.scs.box.single_3.dryvan_m","units_count":33,"fill_ratio":1,"trailer_place":0}],"libellula.livorno":[{"target":"cargotras.livorno","urgency":0,"shortest_distance_km":32,"ferry_time":0,"ferry_price":0,"cargo":"cargo.motorcycles","company_truck":"man_tgx_euro6_4x2_xl","trailer_variant":"trailer.scs_curt_s","trailer_definition":"trailer_def.scs.box.single_3.curtain","units_count":33,"fill_ratio":1,"trailer_place":0},{"target":"te_logistica.firenze","urgency":2,"shortest_distance_km":116,"ferry_time":0,"ferry_price":0,"cargo":"cargo.empty_palet","company_truck":"mercedes_actros_2014_6x4_b","trailer_variant":"trailer.scs_curt","trailer_definition":"trailer_def.scs.box.single_3.curtain","units_count":33,"fill_ratio":1,"trailer_place":0}],"eolo_lines.napoli":[{"target":"libellula.ancona","urgency":1,"shortest_distance_km":584,"ferry_time":0,"ferry_price":0,"cargo":"cargo.motor_oil","company_truck":"man_tgx_euro6_4x2_xxl","trailer_variant":"trailer.scs_dry_m","trailer_definition":"trailer_def.scs.box.single_3.dryvan_m","units_count":33,"fill_ratio":1,"trailer_place":0}],"quadrelli.pescara":[{"target":"costruzi_bas.firenze","urgency":1,"shortest_distance_km":462,"ferry_time":0,"ferry_price":0,"cargo":"cargo.marb_blck2","company_truck":"renault_magnum_6x2_a","trailer_variant":"trailer.scs_flat_r","trailer_definition":"trailer_def.scs.flatbed.single_3.flatbed_w","units_count":2,"fill_ratio":1,"trailer_place":0}],"cargotras.olbia":[{"target":"tras_med.bari","urgency":0,"shortest_distance_km":507,"ferry_time":840,"ferry_price":879,"cargo":"cargo.icecream","company_truck":"scania_s_6x4_730","trailer_variant":"trailer.scs_ref_a","trailer_definition":"trailer_def.scs.box.single_3.reefer","units_count":33,"fill_ratio":1,"trailer_place":0},{"target":"te_logistica.parma","urgency":0,"shortest_distance_km":945,"ferry_time":840,"ferry_price":879,"cargo":"cargo.beverages_t","company_truck":"scania_streamline_4x2_c","trailer_variant":"trailer.scs_fodt","trailer_definition":"trailer_def.scs.foodtank.single_3.paint","units_count":27,"fill_ratio":1,"trailer_place":0}],"piac.napoli":[{"target":"cargotras.pescara","urgency":1,"shortest_distance_km":279,"ferry_time":0,"ferry_price":0,"cargo":"cargo.used_plast_c","company_truck":"daf_4x2_b","trailer_variant":"trailer.scs_gosck220","trailer_definition":"trailer_def.scs.gooseneck.singl_3e_220.container","units_count":30,"fill_ratio":1,"trailer_place":0},{"target":"aaa.pescara","urgency":0,"shortest_distance_km":279,"ferry_time":0,"ferry_price":0,"cargo":"cargo.car_it","company_truck":"renault_t_4x2","trailer_variant":"trailer.car_it","trailer_definition":"trailer_def.car_it.car_it","units_count":100,"fill_ratio":1,"trailer_place":0},{"target":"cargotras.pescara","urgency":0,"shortest_distance_km":279,"ferry_time":0,"ferry_price":0,"cargo":"cargo.used_packag","company_truck":"scania_6x2_b","trailer_variant":"trailer.scs_curt","trailer_definition":"trailer_def.scs.box.single_3.curtain","units_count":33,"fill_ratio":1,"trailer_place":0}],"cargotras.catanzaro":[{"target":"exomar.ancona","urgency":0,"shortest_distance_km":713,"ferry_time":0,"ferry_price":0,"cargo":"cargo.paper","company_truck":"daf_xf_euro6_4x2_a","trailer_variant":"trailer.scs_dry_a","trailer_definition":"trailer_def.scs.box.single_3.dryvan","units_count":33,"fill_ratio":1,"trailer_place":0},{"target":"te_logistica.messina","urgency":2,"shortest_distance_km":159,"ferry_time":20,"ferry_price":347,"cargo":"cargo.watermelons","company_truck":"mercedes_4x2_c","trailer_variant":"trailer.scs_ref_s","trailer_definition":"trailer_def.scs.box.single_3.reefer","units_count":33,"fill_ratio":1,"trailer_place":0}],"exomar.taranto":[{"target":"tras_med.genova","urgency":0,"shortest_distance_km":1002,"ferry_time":0,"ferry_price":0,"cargo":"cargo.carrots_c","company_truck":"scania_r_4x2_520","trailer_variant":"trailer.scs_flat_c_g","trailer_definition":"trailer_def.scs.flatbed.single_3.container","units_count":33,"fill_ratio":1,"trailer_place":0}],"piac.bologna":[{"target":"tras_med.bari","urgency":0,"shortest_distance_km":696,"ferry_time":0,"ferry_price":0,"cargo":"cargo.used_plast","company_truck":"daf_6x2_a","trailer_variant":"trailer.scs_dry_ms","trailer_definition":"trailer_def.scs.box.single_3.dryvan_m","units_count":33,"fill_ratio":1,"trailer_place":0}],"comoto.suzzara":[{"target":"cargotras.livorno","urgency":0,"shortest_distance_km":230,"ferry_time":0,"ferry_price":0,"cargo":"cargo.iveco_vans","company_truck":"mercedes_4x2_c","trailer_variant":"trailer.van_trans_id","trailer_definition":"trailer_def.iveco_vans.van_trans_id","units_count":100,"fill_ratio":1,"trailer_place":0},{"target":"exomar.bologna","urgency":2,"shortest_distance_km":156,"ferry_time":0,"ferry_price":0,"cargo":"cargo.empty_palet","company_truck":"mercedes_6x4_a","trailer_variant":"trailer.scs_dry_a","trailer_definition":"trailer_def.scs.box.single_3.dryvan","units_count":33,"fill_ratio":1,"trailer_place":0}],"ika_bohag.firenze":[{"target":"cargotras.livorno","urgency":0,"shortest_distance_km":100,"ferry_time":0,"ferry_price":0,"cargo":"cargo.used_packag","company_truck":"renault_magnum_4x2_a","trailer_variant":"trailer.scs_curt","trailer_definition":"trailer_def.scs.box.single_3.curtain","units_count":33,"fill_ratio":1,"trailer_place":0}],"fattoria_f.roma":[{"target":"exomar.ancona","urgency":0,"shortest_distance_km":340,"ferry_time":0,"ferry_price":0,"cargo":"cargo.milk","company_truck":"iveco_h_4x2_a","trailer_variant":"trailer.scs_dry","trailer_definition":"trailer_def.scs.box.single_3.dryvan","units_count":33,"fill_ratio":1,"trailer_place":0},{"target":"te_logistica.napoli","urgency":2,"shortest_distance_km":190,"ferry_time":0,"ferry_price":0,"cargo":"cargo.mozzarela","company_truck":"mercedes_actros_2014_4x2_b","trailer_variant":"trailer.scs_ref_s","trailer_definition":"trailer_def.scs.box.single_3.reefer","units_count":33,"fill_ratio":1,"trailer_place":0}],"costruzi_win.cagliari":[{"target":"te_logistica.napoli","urgency":2,"shortest_distance_km":122,"ferry_time":840,"ferry_price":879,"cargo":"cargo.empty_palet","company_truck":"renault_premium_4x2_c","trailer_variant":"trailer.scs_curt_s","trailer_definition":"trailer_def.scs.box.single_3.curtain","units_count":33,"fill_ratio":1,"trailer_place":0}],"eolo_lines.sassari":[{"target":"te_logistica.napoli","urgency":1,"shortest_distance_km":266,"ferry_time":840,"ferry_price":879,"cargo":"cargo.chocolate","company_truck":"mercedes_4x2_a","trailer_variant":"trailer.scs_dry_s","trailer_definition":"trailer_def.scs.box.single_3.dryvan","units_count":33,"fill_ratio":1,"trailer_place":0}],"te_logistica.messina":[{"target":"cargotras.palermo","urgency":2,"shortest_distance_km":208,"ferry_time":0,"ferry_price":0,"cargo":"cargo.iron_pipes","company_truck":"renault_t_6x2","trailer_variant":"trailer.scs_log","trailer_definition":"trailer_def.scs.log.single_3.steel","units_count":2,"fill_ratio":1,"trailer_place":0},{"target":"tras_med.cagliari","urgency":0,"shortest_distance_km":248,"ferry_time":720,"ferry_price":778,"cargo":"cargo.sawpanels","company_truck":"iveco_6x2_a","trailer_variant":"trailer.scs_curt_a","trailer_definition":"trailer_def.scs.box.single_3.curtain","units_count":33,"fill_ratio":1,"trailer_place":0}],"aci.cagliari":[{"target":"tras_med.catania","urgency":2,"shortest_distance_km":229,"ferry_time":720,"ferry_price":778,"cargo":"cargo.med_equip","company_truck":"daf_xf_euro6_4x2_c","trailer_variant":"trailer.scs_curt_a","trailer_definition":"trailer_def.scs.box.single_3.curtain","units_count":33,"fill_ratio":1,"trailer_place":0}],"cnp.ancona":[{"target":"tras_med.roma","urgency":0,"shortest_distance_km":298,"ferry_time":0,"ferry_price":0,"cargo":"cargo.diesel","company_truck":"mercedes_actros_2014_6x4_b","trailer_variant":"trailer.willig.fuel_cistern","trailer_definition":"trailer_def.diesel.willig.fuel_cistern","units_count":100,"fill_ratio":1,"trailer_place":0}],"te_logistica.napoli":[{"target":"exomar.taranto","urgency":2,"shortest_distance_km":343,"ferry_time":0,"ferry_price":0,"cargo":"cargo.peas","company_truck":"renault_premium_4x2_c","trailer_variant":"trailer.scs_curt_a","trailer_definition":"trailer_def.scs.box.single_3.curtain","units_count":33,"fill_ratio":1,"trailer_place":0},{"target":"cargotras.pescara","urgency":1,"shortest_distance_km":244,"ferry_time":0,"ferry_price":0,"cargo":"cargo.chimney_syst","company_truck":"daf_4x2_a","trailer_variant":"trailer.scs_curt_a","trailer_definition":"trailer_def.scs.box.single_3.curtain","units_count":33,"fill_ratio":1,"trailer_place":0},{"target":"tras_med.roma","urgency":0,"shortest_distance_km":232,"ferry_time":0,"ferry_price":0,"cargo":"cargo.drymilk","company_truck":"renault_magnum_4x2_a","trailer_variant":"trailer.scs_curt","trailer_definition":"trailer_def.scs.box.single_3.curtain","units_count":33,"fill_ratio":1,"trailer_place":0},{"target":"exomar.ancona","urgency":0,"shortest_distance_km":395,"ferry_time":0,"ferry_price":0,"cargo":"cargo.used_plast","company_truck":"mercedes_actros_2014_6x2_a","trailer_variant":"trailer.scs_curt_a","trailer_definition":"trailer_def.scs.box.single_3.curtain","units_count":33,"fill_ratio":1,"trailer_place":0}],"eolo_lines.cagliari":[{"target":"ika_bohag.catania","urgency":1,"shortest_distance_km":196,"ferry_time":720,"ferry_price":778,"cargo":"cargo.beverages","company_truck":"renault_premium_6x4_a","trailer_variant":"trailer.scs_ins_a","trailer_definition":"trailer_def.scs.box.single_3.insulated","units_count":33,"fill_ratio":1,"trailer_place":0},{"target":"cargotras.livorno","urgency":0,"shortest_distance_km":579,"ferry_time":840,"ferry_price":879,"cargo":"cargo.chewing_gums","company_truck":"man_6x4_b","trailer_variant":"trailer.scs_dry_s","trailer_definition":"trailer_def.scs.box.single_3.dryvan","units_count":33,"fill_ratio":1,"trailer_place":0}],"cnp.livorno":[{"target":"cargotras.livorno","urgency":0,"shortest_distance_km":1,"ferry_time":0,"ferry_price":0,"cargo":"cargo.diesel","company_truck":"mercedes_6x2_b","trailer_variant":"trailer.willig.fuel_cistern","trailer_definition":"trailer_def.diesel.willig.fuel_cistern","units_count":100,"fill_ratio":1,"trailer_place":0},{"target":"pp_chimica.bologna","urgency":0,"shortest_distance_km":264,"ferry_time":0,"ferry_price":0,"cargo":"cargo.kerosene","company_truck":"daf_xf_euro6_6x2_a","trailer_variant":"trailer.willig.fuel_cistern","trailer_definition":"trailer_def.kerosene.willig.fuel_cistern","units_count":100,"fill_ratio":1,"trailer_place":0}],"piac.parma":[{"target":"cargotras.livorno","urgency":0,"shortest_distance_km":275,"ferry_time":0,"ferry_price":0,"cargo":"cargo.used_plast","company_truck":"iveco_6x2_a","trailer_variant":"trailer.scs_dry_a","trailer_definition":"trailer_def.scs.box.single_3.dryvan","units_count":33,"fill_ratio":1,"trailer_place":0}],"quarry.strasbourg":[{"target":"te_logistica.firenze","urgency":0,"shortest_distance_km":747,"ferry_time":0,"ferry_price":0,"cargo":"cargo.gravel","company_truck":"scania_r_6x4_650","trailer_variant":"trailer.s_ki_solid.gravel","trailer_definition":"trailer_def.gravel.s_ki_solid.gravel","units_count":100,"fill_ratio":1,"trailer_place":0}],"exomar.bologna":[{"target":"te_logistica.firenze","urgency":2,"shortest_distance_km":155,"ferry_time":0,"ferry_price":0,"cargo":"cargo.bottle_water","company_truck":"scania_r_6x4_650","trailer_variant":"trailer.scs_dry","trailer_definition":"trailer_def.scs.box.single_3.dryvan","units_count":33,"fill_ratio":1,"trailer_place":0}],"transinet.torino":[{"target":"tras_med.genova","urgency":0,"shortest_distance_km":172,"ferry_time":0,"ferry_price":0,"cargo":"cargo.fueltanker","company_truck":"renault_magnum_6x4_a","trailer_variant":"trailer.scs_gosck40","trailer_definition":"trailer_def.scs.gooseneck.singl_3e_40.container","units_count":80,"fill_ratio":1,"trailer_place":0}],"fui.catania":[{"target":"cargotras.catanzaro","urgency":2,"shortest_distance_km":278,"ferry_time":20,"ferry_price":347,"cargo":"cargo.carrots","company_truck":"renault_t_4x2","trailer_variant":"trailer.scs_curt","trailer_definition":"trailer_def.scs.box.single_3.curtain","units_count":33,"fill_ratio":1,"trailer_place":0},{"target":"exomar.taranto","urgency":0,"shortest_distance_km":529,"ferry_time":20,"ferry_price":347,"cargo":"cargo.olive_oil_t","company_truck":"man_6x4_b","trailer_variant":"trailer.scs_fodt","trailer_definition":"trailer_def.scs.foodtank.single_3.paint","units_count":30,"fill_ratio":1,"trailer_place":0}],"eolo_lines.messina":[{"target":"exomar.olbia","urgency":0,"shortest_distance_km":465,"ferry_time":720,"ferry_price":778,"cargo":"cargo.olive_oil","company_truck":"scania_r_4x2_520","trailer_variant":"trailer.scs_dry_a","trailer_definition":"trailer_def.scs.box.single_3.dryvan","units_count":33,"fill_ratio":1,"trailer_place":0},{"target":"tras_med.cagliari","urgency":0,"shortest_distance_km":248,"ferry_time":720,"ferry_price":778,"cargo":"cargo.chewing_gums","company_truck":"man_tgx_euro6_4x2_xxl","trailer_variant":"trailer.scs_dry_a","trailer_definition":"trailer_def.scs.box.single_3.dryvan","units_count":33,"fill_ratio":1,"trailer_place":0}],"cargotras.palermo":[{"target":"cesare_smar.sassari","urgency":1,"shortest_distance_km":220,"ferry_time":720,"ferry_price":778,"cargo":"cargo.apples_c","company_truck":"scania_streamline_6x4_a","trailer_variant":"trailer.scs_flat_c_g","trailer_definition":"trailer_def.scs.flatbed.single_3.container","units_count":33,"fill_ratio":1,"trailer_place":0},{"target":"tras_med.roma","urgency":0,"shortest_distance_km":871,"ferry_time":20,"ferry_price":347,"cargo":"cargo.icecream","company_truck":"mercedes_4x2","trailer_variant":"trailer.scs_ref_a","trailer_definition":"trailer_def.scs.box.single_3.reefer","units_count":33,"fill_ratio":1,"trailer_place":0},{"target":"aaa.roma","urgency":0,"shortest_distance_km":858,"ferry_time":20,"ferry_price":347,"cargo":"cargo.iveco_vans","company_truck":"scania_6x4_a","trailer_variant":"trailer.van_trans_id","trailer_definition":"trailer_def.iveco_vans.van_trans_id","units_count":100,"fill_ratio":1,"trailer_place":0}],"libellula.milano":[{"target":"aaa.roma","urgency":1,"shortest_distance_km":605,"ferry_time":0,"ferry_price":0,"cargo":"cargo.scooters","company_truck":"renault_t_4x2h","trailer_variant":"trailer.scs_dry","trailer_definition":"trailer_def.scs.box.single_3.dryvan","units_count":33,"fill_ratio":1,"trailer_place":0},{"target":"tras_med.genova","urgency":0,"shortest_distance_km":202,"ferry_time":0,"ferry_price":0,"cargo":"cargo.motorcycles","company_truck":"daf_xf_euro6_6x2_a","trailer_variant":"trailer.scs_dry_s","trailer_definition":"trailer_def.scs.box.single_3.dryvan","units_count":33,"fill_ratio":1,"trailer_place":0}],"cesare_smar.pescara":[{"target":"tras_med.catania","urgency":0,"shortest_distance_km":840,"ferry_time":20,"ferry_price":347,"cargo":"cargo.used_packag","company_truck":"scania_s_4x2_370","trailer_variant":"trailer.scs_dry_m","trailer_definition":"trailer_def.scs.box.single_3.dryvan_m","units_count":33,"fill_ratio":1,"trailer_place":0},{"target":"cnp.livorno","urgency":2,"shortest_distance_km":534,"ferry_time":0,"ferry_price":0,"cargo":"cargo.empty_palet","company_truck":"mercedes_6x2_b","trailer_variant":"trailer.scs_curt_a","trailer_definition":"trailer_def.scs.box.single_3.curtain","units_count":33,"fill_ratio":1,"trailer_place":0}],"spinelli.milano":[{"target":"te_logistica.parma","urgency":2,"shortest_distance_km":202,"ferry_time":0,"ferry_price":0,"cargo":"cargo.empty_palet","company_truck":"scania_6x2_b","trailer_variant":"trailer.scs_curt_s","trailer_definition":"trailer_def.scs.box.single_3.curtain","units_count":33,"fill_ratio":1,"trailer_place":0},{"target":"tesore_gust.napoli","urgency":1,"shortest_distance_km":858,"ferry_time":0,"ferry_price":0,"cargo":"cargo.forklifts","company_truck":"man_6x4_b","trailer_variant":"trailer.overweight.forklifts","trailer_definition":"trailer_def.forklifts.overweight.forklifts","units_count":100,"fill_ratio":1,"trailer_place":0}],"acc.taranto":[{"target":"piac.napoli","urgency":1,"shortest_distance_km":268,"ferry_time":0,"ferry_price":0,"cargo":"cargo.forklifts","company_truck":"scania_6x4_a","trailer_variant":"trailer.overweight.forklifts","trailer_definition":"trailer_def.forklifts.overweight.forklifts","units_count":100,"fill_ratio":1,"trailer_place":0},{"target":"piac.cassino","urgency":0,"shortest_distance_km":343,"ferry_time":0,"ferry_price":0,"cargo":"cargo.seal_bearing","company_truck":"renault_premium_6x2_a","trailer_variant":"trailer.scs_dry_a","trailer_definition":"trailer_def.scs.box.single_3.dryvan","units_count":33,"fill_ratio":1,"trailer_place":0}],"fui.roma":[{"target":"cesare_smar.pescara","urgency":1,"shortest_distance_km":324,"ferry_time":0,"ferry_price":0,"cargo":"cargo.frsh_herbs","company_truck":"man_tgx_euro6_4x2_xl","trailer_variant":"trailer.scs_ref","trailer_definition":"trailer_def.scs.box.single_3.reefer","units_count":33,"fill_ratio":1,"trailer_place":0}],"quadrelli.catania":[{"target":"costruzi_fla.catanzaro","urgency":1,"shortest_distance_km":346,"ferry_time":20,"ferry_price":347,"cargo":"cargo.stones","company_truck":"man_tgx_euro6_4x2_xxl","trailer_variant":"trailer.s_ki_solid.cover","trailer_definition":"trailer_def.stones.s_ki_solid.cover","units_count":100,"fill_ratio":1,"trailer_place":0},{"target":"fui.catania","urgency":0,"shortest_distance_km":142,"ferry_time":0,"ferry_price":0,"cargo":"cargo.excav_soil","company_truck":"man_6x4_b","trailer_variant":"trailer.s_ki_solid.cover","trailer_definition":"trailer_def.excav_soil.s_ki_solid.cover","units_count":100,"fill_ratio":1,"trailer_place":0}],"itcc.koln":[{"target":"tradeaux.felixstowe","urgency":2,"shortest_distance_km":725,"ferry_time":35,"ferry_price":300,"cargo":"cargo.mtl_coil","company_truck":"daf_xf_euro6_6x4_c","trailer_variant":"trailer.scs_flat_b","trailer_definition":"trailer_def.scs.flatbed.single_3.flatbed_w","units_count":2,"fill_ratio":1,"trailer_place":0}],"eolo_lines.sangiovanni":[{"target":"cnp.catania","urgency":1,"shortest_distance_km":172,"ferry_time":20,"ferry_price":347,"cargo":"cargo.motor_oil","company_truck":"scania_streamline_6x2_b","trailer_variant":"trailer.scs_dry_ms","trailer_definition":"trailer_def.scs.box.single_3.dryvan_m","units_count":33,"fill_ratio":1,"trailer_place":0}],"c_navale.ancona":[{"target":"te_logistica.firenze","urgency":0,"shortest_distance_km":271,"ferry_time":0,"ferry_price":0,"cargo":"cargo.scrap_metals","company_truck":"renault_premium_6x2_a","trailer_variant":"trailer.s_ki_solid.cover","trailer_definition":"trailer_def.scrap_metals.s_ki_solid.cover","units_count":100,"fill_ratio":1,"trailer_place":0}],"bcp.verona":[{"target":"exomar.bologna","urgency":0,"shortest_distance_km":203,"ferry_time":0,"ferry_price":0,"cargo":"cargo.used_packag","company_truck":"mercedes_6x2_b","trailer_variant":"trailer.scs_dry","trailer_definition":"trailer_def.scs.box.single_3.dryvan","units_count":33,"fill_ratio":1,"trailer_place":0}],"wgcc.rotterdam":[{"target":"posped.rotterdam","urgency":1,"shortest_distance_km":1,"ferry_time":0,"ferry_price":0,"cargo":"cargo.carbn_pwdr_c","company_truck":"scania_r_4x2_370","trailer_variant":"trailer.scs_flat_c_r","trailer_definition":"trailer_def.scs.flatbed.single_3.container","units_count":33,"fill_ratio":1,"trailer_place":0}],"cesare_smar.palermo":[{"target":"tras_med.catania","urgency":0,"shortest_distance_km":193,"ferry_time":0,"ferry_price":0,"cargo":"cargo.used_plast","company_truck":"scania_streamline_6x2_b","trailer_variant":"trailer.scs_curt","trailer_definition":"trailer_def.scs.box.single_3.curtain","units_count":33,"fill_ratio":1,"trailer_place":0},{"target":"tras_med.cagliari","urgency":1,"shortest_distance_km":42,"ferry_time":720,"ferry_price":778,"cargo":"cargo.used_plast_c","company_truck":"renault_premium_4x2_a","trailer_variant":"trailer.scs_gosck20","trailer_definition":"trailer_def.scs.gooseneck.singl_3e_20.container","units_count":15,"fill_ratio":1,"trailer_place":0},{"target":"te_logistica.sassari","urgency":0,"shortest_distance_km":219,"ferry_time":720,"ferry_price":778,"cargo":"cargo.used_packag","company_truck":"renault_t_4x2","trailer_variant":"trailer.scs_dry_ms","trailer_definition":"trailer_def.scs.box.single_3.dryvan_m","units_count":33,"fill_ratio":1,"trailer_place":0}],"sellplan.venezia":[{"target":"tras_med.roma","urgency":0,"shortest_distance_km":542,"ferry_time":0,"ferry_price":0,"cargo":"cargo.used_packag","company_truck":"daf_xf_euro6_4x2_a","trailer_variant":"trailer.scs_curt_s","trailer_definition":"trailer_def.scs.box.single_3.curtain","units_count":33,"fill_ratio":1,"trailer_place":0}],"bcp.bratislava":[{"target":"exomar.bologna","urgency":0,"shortest_distance_km":788,"ferry_time":0,"ferry_price":0,"cargo":"cargo.mondeos","company_truck":"mercedes_4x2_c","trailer_variant":"trailer.car_trans2","trailer_definition":"trailer_def.mondeos.car_trans2","units_count":100,"fill_ratio":1,"trailer_place":0}],"cont_port_it.ancona":[{"target":"cargotras.pescara","urgency":1,"shortest_distance_km":248,"ferry_time":0,"ferry_price":0,"cargo":"cargo.carbn_pwdr_c","company_truck":"renault_t_4x2","trailer_variant":"trailer.scs_gosck220","trailer_definition":"trailer_def.scs.gooseneck.singl_3e_220.container","units_count":30,"fill_ratio":1,"trailer_place":0}]}