{"sanbuilders.salzburg":[{"target":"stokes.nurnberg","urgency":0,"shortest_distance_km":307,"ferry_time":0,"ferry_price":0,"cargo":"cargo.roller","company_truck":"man_6x4_b","trailer_variant":"trailer.overweight.roller","trailer_definition":"trailer_def.roller.overweight.roller","units_count":100,"fill_ratio":1,"trailer_place":0}],"renar.stavanger":[{"target":"norrsken.aalborg","urgency":0,"shortest_distance_km":288,"ferry_time":195,"ferry_price":1052,"cargo":"cargo.roller","company_truck":"renault_magnum_6x4_a","trailer_variant":"trailer.overweight.roller","trailer_definition":"trailer_def.roller.overweight.roller","units_count":100,"fill_ratio":1,"trailer_place":0}],"transinet.ostrava":[{"target":"posped.bystrica","urgency":1,"shortest_distance_km":278,"ferry_time":0,"ferry_price":0,"cargo":"cargo.tube","company_truck":"scania_streamline_4x2_a","trailer_variant":"trailer.overweight.tube","trailer_definition":"trailer_def.tube.overweight.tube","units_count":94,"fill_ratio":1,"trailer_place":0}],"trameri.innsbruck":[{"target":"posped.verona","urgency":1,"shortest_distance_km":258,"ferry_time":0,"ferry_price":0,"cargo":"cargo.tube","company_truck":"man_4x2_c","trailer_variant":"trailer.overweight.tube","trailer_definition":"trailer_def.tube.overweight.tube","units_count":100,"fill_ratio":1,"trailer_place":0}],"blt.utena":[{"target":"gnt.panevezys","urgency":0,"shortest_distance_km":190,"ferry_time":0,"ferry_price":0,"cargo":"cargo.roller","company_truck":"man_tgx_euro6_6x4_xlx","trailer_variant":"trailer.overweight.roller","trailer_definition":"trailer_def.roller.overweight.roller","units_count":100,"fill_ratio":1,"trailer_place":0}]}