{"eurogoodies.mannheim":[{"target":"polarislines.gedser","urgency":0,"shortest_distance_km":762,"ferry_time":105,"ferry_price":404,"cargo":"cargo.atl_cod_flt","company_truck":"man_4x2_a","trailer_variant":"trailer.scs_ins_a","trailer_definition":"trailer_def.scs.box.single_3.insulated","units_count":33,"fill_ratio":1,"trailer_place":0}],"bhv.stockholm":[{"target":"drekkar.vaxjo","urgency":0,"shortest_distance_km":397,"ferry_time":0,"ferry_price":0,"cargo":"cargo.volvo_cars","company_truck":"man_6x4_b","trailer_variant":"trailer.car_volvo","trailer_definition":"trailer_def.volvo_cars.car_volvo","units_count":100,"fill_ratio":1,"trailer_place":0}],"renar.vaxjo":[{"target":"gnt.uppsala","urgency":2,"shortest_distance_km":466,"ferry_time":0,"ferry_price":0,"cargo":"cargo.plumb_suppl","company_truck":"double/daf_xf_euro6_4x2_a","trailer_variant":"trailer.scs_dry_2","trailer_definition":"trailer_def.scs.box.double_3_2.dryvan","units_count":53,"fill_ratio":1,"trailer_place":0}],"eurogoodies.plymouth":[{"target":"stokes.aberdeen","urgency":1,"shortest_distance_km":1014,"ferry_time":0,"ferry_price":0,"cargo":"cargo.fresh_fish","company_truck":"scania_r_6x2_450","trailer_variant":"trailer.scs_ref","trailer_definition":"trailer_def.scs.box.single_3.reefer","units_count":33,"fill_ratio":1,"trailer_place":0}],"norrsken.goteborg":[{"target":"renar.kobenhavn","urgency":1,"shortest_distance_km":341,"ferry_time":0,"ferry_price":0,"cargo":"cargo.ore","company_truck":"daf_xf_euro6_4x2_a","trailer_variant":"trailer.s_ki_solid.ore","trailer_definition":"trailer_def.ore.s_ki_solid.ore","units_count":100,"fill_ratio":1,"trailer_place":0}],"lkwlog.felixstowe":[{"target":"eurogoodies.liege","urgency":0,"shortest_distance_km":566,"ferry_time":35,"ferry_price":300,"cargo":"cargo.salm_fillet","company_truck":"iveco_4x2_c","trailer_variant":"trailer.scs_ins_a","trailer_definition":"trailer_def.scs.box.single_3.insulated","units_count":33,"fill_ratio":1,"trailer_place":0}],"drekkar.bergen":[{"target":"gnt.bergen","urgency":0,"shortest_distance_km":13,"ferry_time":0,"ferry_price":0,"cargo":"cargo.sausages","company_truck":"scania_streamline_4x2_c","trailer_variant":"trailer.scs_ins_a","trailer_definition":"trailer_def.scs.box.single_3.insulated","units_count":33,"fill_ratio":1,"trailer_place":0},{"target":"gnt.uppsala","urgency":2,"shortest_distance_km":1027,"ferry_time":0,"ferry_price":0,"cargo":"cargo.liver_paste","company_truck":"mercedes_actros_2014_6x4_b","trailer_variant":"trailer.scs_ref","trailer_definition":"trailer_def.scs.box.single_3.reefer","units_count":33,"fill_ratio":1,"trailer_place":0},{"target":"polarislines.frederikshv","urgency":0,"shortest_distance_km":611,"ferry_time":195,"ferry_price":1052,"cargo":"cargo.atl_cod_flt","company_truck":"double/daf_xf_euro6_4x2_a","trailer_variant":"trailer.scs_ins_2","trailer_definition":"trailer_def.scs.box.double_3_2.insulated","units_count":53,"fill_ratio":1,"trailer_place":0}],"norr_food.vaxjo":[{"target":"drekkar.vaxjo","urgency":0,"shortest_distance_km":1,"ferry_time":0,"ferry_price":0,"cargo":"cargo.used_packag","company_truck":"mercedes_4x2_c","trailer_variant":"trailer.scs_curt","trailer_definition":"trailer_def.scs.box.single_3.curtain","units_count":33,"fill_ratio":1,"trailer_place":0}],"eurogoodies.liverpool":[{"target":"stokes.cardiff","urgency":0,"shortest_distance_km":259,"ferry_time":0,"ferry_price":0,"cargo":"cargo.pears","company_truck":"scania_6x4_a","trailer_variant":"trailer.scs_ref_s","trailer_definition":"trailer_def.scs.box.single_3.reefer","units_count":33,"fill_ratio":1,"trailer_place":0}],"polar_fish.goteborg":[{"target":"gnt.jonkoping","urgency":0,"shortest_distance_km":193,"ferry_time":0,"ferry_price":0,"cargo":"cargo.frozen_hake","company_truck":"double/iveco_4x2_a","trailer_variant":"trailer.scs_ref_b2","trailer_definition":"trailer_def.scs.box.bdouble_3_3.reefer","units_count":53,"fill_ratio":1,"trailer_place":0},{"target":"gnt.jonkoping","urgency":1,"shortest_distance_km":193,"ferry_time":0,"ferry_price":0,"cargo":"cargo.smokd_sprats","company_truck":"daf_xf_euro6_4x2_c","trailer_variant":"trailer.scs_dry_ms","trailer_definition":"trailer_def.scs.box.single_3.dryvan_m","units_count":33,"fill_ratio":1,"trailer_place":0}],"aria_fd_albg.aalborg":[{"target":"drekkar.malmo","urgency":0,"shortest_distance_km":394,"ferry_time":0,"ferry_price":0,"cargo":"cargo.beef_meat","company_truck":"double/daf_4x2_a","trailer_variant":"trailer.scs_ref_2","trailer_definition":"trailer_def.scs.box.double_3_2.reefer","units_count":48,"fill_ratio":1,"trailer_place":0}],"eurogoodies.innsbruck":[{"target":"kaarfor.bern","urgency":0,"shortest_distance_km":350,"ferry_time":0,"ferry_price":0,"cargo":"cargo.salt_spices","company_truck":"mercedes_4x2","trailer_variant":"trailer.scs_curt_a","trailer_definition":"trailer_def.scs.box.single_3.curtain","units_count":33,"fill_ratio":1,"trailer_place":0}],"konstnr_wind.gedser":[{"target":"gnt.uppsala","urgency":2,"shortest_distance_km":787,"ferry_time":0,"ferry_price":0,"cargo":"cargo.empty_palet","company_truck":"man_4x2_a","trailer_variant":"trailer.scs_dry_a","trailer_definition":"trailer_def.scs.box.single_3.dryvan","units_count":33,"fill_ratio":1,"trailer_place":0}],"trameri.strasbourg":[{"target":"stokes.nurnberg","urgency":1,"shortest_distance_km":415,"ferry_time":0,"ferry_price":0,"cargo":"cargo.plast_film_c","company_truck":"daf_xf_euro6_6x2_a","trailer_variant":"trailer.scs_flat_c_r","trailer_definition":"trailer_def.scs.flatbed.single_3.container","units_count":33,"fill_ratio":1,"trailer_place":0}],"stokes.dusseldorf":[{"target":"tradeaux.frankfurt","urgency":0,"shortest_distance_km":312,"ferry_time":0,"ferry_price":0,"cargo":"cargo.salm_fillet","company_truck":"double/man_euro6_4x2_xxl","trailer_variant":"trailer.scs_ins_b2","trailer_definition":"trailer_def.scs.box.bdouble_3_3.insulated","units_count":34,"fill_ratio":1,"trailer_place":0}],"eurogoodies.dover":[{"target":"tradeaux.paris","urgency":1,"shortest_distance_km":266,"ferry_time":35,"ferry_price":300,"cargo":"cargo.barley","company_truck":"scania_4x2_c","trailer_variant":"trailer.s_ki_solid.cover","trailer_definition":"trailer_def.barley.s_ki_solid.cover","units_count":100,"fill_ratio":1,"trailer_place":0}],"polarislines.kristiansand":[{"target":"norrsken.aalborg","urgency":1,"shortest_distance_km":102,"ferry_time":195,"ferry_price":1052,"cargo":"cargo.outdr_flr_tl","company_truck":"man_tgx_euro6_4x2_xl","trailer_variant":"trailer.scs_brick_b","trailer_definition":"trailer_def.scs.flatbed.single_3.brick","units_count":33,"fill_ratio":1,"trailer_place":0},{"target":"cont_port.esbjerg","urgency":0,"shortest_distance_km":316,"ferry_time":195,"ferry_price":1052,"cargo":"cargo.clothes_c","company_truck":"renault_t_6x2","trailer_variant":"trailer.scs_flat_c_g","trailer_definition":"trailer_def.scs.flatbed.single_3.container","units_count":33,"fill_ratio":1,"trailer_place":0},{"target":"gnt.kristiansand","urgency":2,"shortest_distance_km":4,"ferry_time":0,"ferry_price":0,"cargo":"cargo.carrots","company_truck":"double/scania_4x2_a","trailer_variant":"trailer.scs_dry_b2","trailer_definition":"trailer_def.scs.box.bdouble_3_3.dryvan","units_count":53,"fill_ratio":1,"trailer_place":0}],"sanbuilders.newcastle":[{"target":"renar.kobenhavn","urgency":0,"shortest_distance_km":500,"ferry_time":1140,"ferry_price":1314,"cargo":"cargo.diggers","company_truck":"man_tgx_euro6_6x4_xlx","trailer_variant":"trailer.overweight.digger","trailer_definition":"trailer_def.diggers.overweight.digger","units_count":98,"fill_ratio":1,"trailer_place":0}],"wgcc.manchester":[{"target":"ns_chem.kristiansand","urgency":0,"shortest_distance_km":501,"ferry_time":1335,"ferry_price":2366,"cargo":"cargo.cyanide","company_truck":"scania_streamline_6x4_a","trailer_variant":"trailer.scs_gosck20","trailer_definition":"trailer_def.scs.gooseneck.singl_3e_20.container","units_count":40,"fill_ratio":1,"trailer_place":0},{"target":"bjork.kristiansand","urgency":0,"shortest_distance_km":521,"ferry_time":1335,"ferry_price":2366,"cargo":"cargo.pesticide","company_truck":"renault_t_6x2","trailer_variant":"trailer.scs_flat_c_r","trailer_definition":"trailer_def.scs.flatbed.single_3.container","units_count":87,"fill_ratio":1,"trailer_place":0}],"eurogoodies.munchen":[{"target":"stokes.zurich","urgency":2,"shortest_distance_km":319,"ferry_time":0,"ferry_price":0,"cargo":"cargo.canned_tuna","company_truck":"renault_premium_6x2_a","trailer_variant":"trailer.scs_ref_s","trailer_definition":"trailer_def.scs.box.single_3.reefer","units_count":33,"fill_ratio":1,"trailer_place":0}],"norr_food.kobenhavn":[{"target":"gnt.helsingborg","urgency":0,"shortest_distance_km":134,"ferry_time":0,"ferry_price":0,"cargo":"cargo.used_packag","company_truck":"man_6x4_b","trailer_variant":"trailer.scs_curt_b2","trailer_definition":"trailer_def.scs.box.bdouble_3_3.curtain","units_count":53,"fill_ratio":1,"trailer_place":0}],"norr_food.stockholm":[{"target":"norrsken.goteborg","urgency":1,"shortest_distance_km":408,"ferry_time":0,"ferry_price":0,"cargo":"cargo.used_plast_c","company_truck":"man_6x4_b","trailer_variant":"trailer.scs_gosck40","trailer_definition":"trailer_def.scs.gooseneck.singl_3e_40.container","units_count":30,"fill_ratio":1,"trailer_place":0}],"nord_crown.bergen":[{"target":"drekkar.bergen","urgency":1,"shortest_distance_km":1,"ferry_time":0,"ferry_price":0,"cargo":"cargo.pet_food","company_truck":"renault_premium_6x4_a","trailer_variant":"trailer.scs_dry_m","trailer_definition":"trailer_def.scs.box.single_3.dryvan_m","units_count":33,"fill_ratio":1,"trailer_place":0},{"target":"polarislines.bergen","urgency":0,"shortest_distance_km":15,"ferry_time":0,"ferry_price":0,"cargo":"cargo.vinegar_c","company_truck":"scania_streamline_6x2_b","trailer_variant":"trailer.scs_gosck40","trailer_definition":"trailer_def.scs.gooseneck.singl_3e_40.container","units_count":30,"fill_ratio":1,"trailer_place":0}],"bjork.kristiansand":[{"target":"sag_tre.oslo","urgency":0,"shortest_distance_km":286,"ferry_time":0,"ferry_price":0,"cargo":"cargo.logs","company_truck":"iveco_4x2_b","trailer_variant":"trailer.scs_log","trailer_definition":"trailer_def.scs.log.single_3.steel","units_count":2,"fill_ratio":1,"trailer_place":0}],"ns_oil.goteborg":[{"target":"sag_tre.goteborg","urgency":0,"shortest_distance_km":119,"ferry_time":0,"ferry_price":0,"cargo":"cargo.diesel","company_truck":"mercedes_4x2_a","trailer_variant":"trailer.fuel_cistern","trailer_definition":"trailer_def.diesel.fuel_cistern","units_count":100,"fill_ratio":1,"trailer_place":0}],"norrsken.aalborg":[{"target":"polarislines.esbjerg","urgency":2,"shortest_distance_km":221,"ferry_time":0,"ferry_price":0,"cargo":"cargo.peas","company_truck":"renault_t_4x2","trailer_variant":"trailer.scs_curt","trailer_definition":"trailer_def.scs.box.single_3.curtain","units_count":33,"fill_ratio":1,"trailer_place":0}],"polar_fish.aalborg":[{"target":"gnt.kristiansand","urgency":1,"shortest_distance_km":85,"ferry_time":195,"ferry_price":1052,"cargo":"cargo.fresh_fish","company_truck":"man_6x4_b","trailer_variant":"trailer.scs_ref_a","trailer_definition":"trailer_def.scs.box.single_3.reefer","units_count":33,"fill_ratio":1,"trailer_place":0}],"euroacres.groningen":[{"target":"posped.kiel","urgency":1,"shortest_distance_km":414,"ferry_time":0,"ferry_price":0,"cargo":"cargo.cott_cheese","company_truck":"man_6x4_b","trailer_variant":"trailer.scs_ins_s","trailer_definition":"trailer_def.scs.box.single_3.insulated","units_count":33,"fill_ratio":1,"trailer_place":0},{"target":"drekkar.vaxjo","urgency":2,"shortest_distance_km":1035,"ferry_time":0,"ferry_price":0,"cargo":"cargo.watermelons","company_truck":"daf_xf_euro6_4x2_b","trailer_variant":"trailer.scs_ins_s","trailer_definition":"trailer_def.scs.box.single_3.insulated","units_count":33,"fill_ratio":1,"trailer_place":0}],"ika_bohag.oslo":[{"target":"renar.oslo","urgency":0,"shortest_distance_km":123,"ferry_time":0,"ferry_price":0,"cargo":"cargo.used_packag","company_truck":"renault_premium_4x2_a","trailer_variant":"trailer.scs_dry_ms","trailer_definition":"trailer_def.scs.box.single_3.dryvan_m","units_count":33,"fill_ratio":1,"trailer_place":0}],"konstnr_wind.esbjerg":[{"target":"norrsken.aalborg","urgency":2,"shortest_distance_km":235,"ferry_time":0,"ferry_price":0,"cargo":"cargo.empty_palet","company_truck":"mercedes_actros_2014_4x2_a","trailer_variant":"trailer.scs_dry_a","trailer_definition":"trailer_def.scs.box.single_3.dryvan","units_count":33,"fill_ratio":1,"trailer_place":0}],"bhv.paris":[{"target":"tradeaux.kassel","urgency":0,"shortest_distance_km":710,"ferry_time":0,"ferry_price":0,"cargo":"cargo.volvo_cars","company_truck":"iveco_4x2_a","trailer_variant":"trailer.car_volvo","trailer_definition":"trailer_def.volvo_cars.car_volvo","units_count":100,"fill_ratio":1,"trailer_place":0}],"euroacres.erfurt":[{"target":"transinet.szczecin","urgency":0,"shortest_distance_km":457,"ferry_time":0,"ferry_price":0,"cargo":"cargo.pears","company_truck":"renault_t_4x2h","trailer_variant":"trailer.scs_ref_a","trailer_definition":"trailer_def.scs.box.single_3.reefer","units_count":33,"fill_ratio":1,"trailer_place":0}],"transinet.cambridge":[{"target":"kaarfor.cambridge","urgency":0,"shortest_distance_km":1,"ferry_time":0,"ferry_price":0,"cargo":"cargo.sausages","company_truck":"daf_xf_euro6_4x2_b","trailer_variant":"trailer.scs_ins","trailer_definition":"trailer_def.scs.box.single_3.insulated","units_count":33,"fill_ratio":1,"trailer_place":0}],"gnt.uppsala":[{"target":"norr_food.vasteraas","urgency":1,"shortest_distance_km":98,"ferry_time":0,"ferry_price":0,"cargo":"cargo.cott_cheese","company_truck":"iveco_4x2_a","trailer_variant":"trailer.scs_ins_s","trailer_definition":"trailer_def.scs.box.single_3.insulated","units_count":33,"fill_ratio":1,"trailer_place":0}],"eurogoodies.groningen":[{"target":"polarislines.esbjerg","urgency":0,"shortest_distance_km":591,"ferry_time":0,"ferry_price":0,"cargo":"cargo.salt_spices","company_truck":"scania_streamline_6x4_a","trailer_variant":"trailer.scs_dry_ms","trailer_definition":"trailer_def.scs.box.single_3.dryvan_m","units_count":33,"fill_ratio":1,"trailer_place":0}],"sellplan.magdeburg":[{"target":"gnt.helsingborg","urgency":1,"shortest_distance_km":562,"ferry_time":105,"ferry_price":404,"cargo":"cargo.used_plast_c","company_truck":"man_tgx_euro6_4x2_xl","trailer_variant":"trailer.scs_flat_c_r","trailer_definition":"trailer_def.scs.flatbed.single_3.container","units_count":33,"fill_ratio":1,"trailer_place":0}],"nord_crown.odense":[{"target":"gnt.bergen","urgency":0,"shortest_distance_km":849,"ferry_time":195,"ferry_price":1052,"cargo":"cargo.sausages","company_truck":"double/mercedes_actros_2014_4x2_a","trailer_variant":"trailer.scs_ref_b2","trailer_definition":"trailer_def.scs.box.bdouble_3_3.reefer","units_count":53,"fill_ratio":1,"trailer_place":0}],"tree_et.aberdeen":[{"target":"euroacres.brno","urgency":1,"shortest_distance_km":2246,"ferry_time":35,"ferry_price":300,"cargo":"cargo.wooden_beams","company_truck":"scania_6x2_b","trailer_variant":"trailer.scs_flat_r","trailer_definition":"trailer_def.scs.flatbed.single_3.flatbed_w","units_count":33,"fill_ratio":1,"trailer_place":0}],"polar_fish.stavanger":[{"target":"renar.stavanger","urgency":0,"shortest_distance_km":31,"ferry_time":0,"ferry_price":0,"cargo":"cargo.salm_fillet","company_truck":"daf_4x2_a","trailer_variant":"trailer.scs_ins_s","trailer_definition":"trailer_def.scs.box.single_3.insulated","units_count":33,"fill_ratio":1,"trailer_place":0},{"target":"renar.stavanger","urgency":0,"shortest_distance_km":31,"ferry_time":0,"ferry_price":0,"cargo":"cargo.smokd_eel","company_truck":"double/scania_streamline_4x2_a","trailer_variant":"trailer.scs_ref_2","trailer_definition":"trailer_def.scs.box.double_3_2.reefer","units_count":53,"fill_ratio":1,"trailer_place":0}],"eurogoodies.glasgow":[{"target":"stokes.aberdeen","urgency":0,"shortest_distance_km":235,"ferry_time":0,"ferry_price":0,"cargo":"cargo.canned_pork","company_truck":"mercedes_actros_2014_6x2_a","trailer_variant":"trailer.scs_ins","trailer_definition":"trailer_def.scs.box.single_3.insulated","units_count":32,"fill_ratio":1,"trailer_place":0}],"polarislines.frederikshv":[{"target":"norrsken.karlskrona","urgency":1,"shortest_distance_km":357,"ferry_time":195,"ferry_price":677,"cargo":"cargo.mason_jars","company_truck":"double/mercedes_actros_2014_4x2_a","trailer_variant":"trailer.scs_curt_b2","trailer_definition":"trailer_def.scs.box.bdouble_3_3.curtain","units_count":53,"fill_ratio":1,"trailer_place":0}],"volvo_fac.goteborg":[{"target":"drekkar.malmo","urgency":0,"shortest_distance_km":311,"ferry_time":0,"ferry_price":0,"cargo":"cargo.empty_barr","company_truck":"double/scania_streamline_4x2_a","trailer_variant":"trailer.scs_dry_2","trailer_definition":"trailer_def.scs.box.double_3_2.dryvan","units_count":53,"fill_ratio":1,"trailer_place":0},{"target":"norrsken.stockholm","urgency":0,"shortest_distance_km":480,"ferry_time":0,"ferry_price":0,"cargo":"cargo.used_packag","company_truck":"double/scania_s_4x2","trailer_variant":"trailer.scs_curt_b2","trailer_definition":"trailer_def.scs.box.bdouble_3_3.curtain","units_count":53,"fill_ratio":1,"trailer_place":0}],"tradeaux.lille":[{"target":"transinet.rotterdam","urgency":0,"shortest_distance_km":229,"ferry_time":0,"ferry_price":0,"cargo":"cargo.desinfection","company_truck":"mercedes_4x2_a","trailer_variant":"trailer.scs_curt_s","trailer_definition":"trailer_def.scs.box.single_3.curtain","units_count":33,"fill_ratio":1,"trailer_place":0}],"cargotras.milano":[{"target":"posped.rotterdam","urgency":1,"shortest_distance_km":1080,"ferry_time":0,"ferry_price":0,"cargo":"cargo.truck_batt","company_truck":"man_6x4_b","trailer_variant":"trailer.scs_curt","trailer_definition":"trailer_def.scs.box.single_3.curtain","units_count":33,"fill_ratio":1,"trailer_place":0}],"euroacres.osnabruck":[{"target":"posped.bremen","urgency":1,"shortest_distance_km":130,"ferry_time":0,"ferry_price":0,"cargo":"cargo.barley","company_truck":"man_4x2_c","trailer_variant":"trailer.s_ki_solid.cover","trailer_definition":"trailer_def.barley.s_ki_solid.cover","units_count":100,"fill_ratio":1,"trailer_place":0}],"polarislines.hirtshals":[{"target":"norrsken.goteborg","urgency":0,"shortest_distance_km":194,"ferry_time":195,"ferry_price":677,"cargo":"cargo.clothes_c","company_truck":"daf_6x2_a","trailer_variant":"trailer.scs_gosck20","trailer_definition":"trailer_def.scs.gooseneck.singl_3e_20.container","units_count":15,"fill_ratio":1,"trailer_place":0},{"target":"renar.stavanger","urgency":2,"shortest_distance_km":196,"ferry_time":195,"ferry_price":1052,"cargo":"cargo.copp_rf_gutt","company_truck":"iveco_h_4x2_a","trailer_variant":"trailer.scs_curt","trailer_definition":"trailer_def.scs.box.single_3.curtain","units_count":33,"fill_ratio":1,"trailer_place":0},{"target":"renar.stavanger","urgency":1,"shortest_distance_km":196,"ferry_time":195,"ferry_price":1052,"cargo":"cargo.outdr_flr_tl","company_truck":"scania_r_4x2_370","trailer_variant":"trailer.scs_dry_a","trailer_definition":"trailer_def.scs.box.single_3.dryvan","units_count":33,"fill_ratio":1,"trailer_place":0},{"target":"norr_food.vaxjo","urgency":0,"shortest_distance_km":348,"ferry_time":195,"ferry_price":677,"cargo":"cargo.flour","company_truck":"renault_premium_6x4_a","trailer_variant":"trailer.scs_dry_m","trailer_definition":"trailer_def.scs.box.single_3.dryvan_m","units_count":33,"fill_ratio":1,"trailer_place":0}],"polarislines.oslo":[{"target":"norr_food.oslo","urgency":0,"shortest_distance_km":58,"ferry_time":0,"ferry_price":0,"cargo":"cargo.roof_tiles","company_truck":"iveco_4x2_a","trailer_variant":"trailer.scs_dry_a","trailer_definition":"trailer_def.scs.box.single_3.dryvan","units_count":33,"fill_ratio":1,"trailer_place":0},{"target":"norrsken.aalborg","urgency":0,"shortest_distance_km":462,"ferry_time":195,"ferry_price":1052,"cargo":"cargo.salm_fillet","company_truck":"double/scania_4x2_a","trailer_variant":"trailer.scs_ins_2","trailer_definition":"trailer_def.scs.box.double_3_2.insulated","units_count":53,"fill_ratio":1,"trailer_place":0}],"stokes.liege":[{"target":"drekkar.linkoping","urgency":0,"shortest_distance_km":1448,"ferry_time":0,"ferry_price":0,"cargo":"cargo.used_plast","company_truck":"man_tgx_euro6_6x4_xlx","trailer_variant":"trailer.scs_curt_a","trailer_definition":"trailer_def.scs.box.single_3.curtain","units_count":33,"fill_ratio":1,"trailer_place":0}],"ika_bohag.kalmar":[{"target":"renar.vaxjo","urgency":2,"shortest_distance_km":72,"ferry_time":0,"ferry_price":0,"cargo":"cargo.empty_palet","company_truck":"man_tgx_euro6_4x2_xl","trailer_variant":"trailer.scs_dry_ms","trailer_definition":"trailer_def.scs.box.single_3.dryvan_m","units_count":33,"fill_ratio":1,"trailer_place":0},{"target":"norr_food.jonkoping","urgency":2,"shortest_distance_km":195,"ferry_time":0,"ferry_price":0,"cargo":"cargo.pot_flowers","company_truck":"daf_4x2_b","trailer_variant":"trailer.scs_ins","trailer_definition":"trailer_def.scs.box.single_3.insulated","units_count":33,"fill_ratio":1,"trailer_place":0}],"polarislines.bergen":[{"target":"renar.oslo","urgency":0,"shortest_distance_km":581,"ferry_time":0,"ferry_price":0,"cargo":"cargo.beverages_t","company_truck":"renault_premium_6x4_a","trailer_variant":"trailer.scs_fodt","trailer_definition":"trailer_def.scs.foodtank.single_3.paint","units_count":30,"fill_ratio":1,"trailer_place":0},{"target":"gnt.bergen","urgency":1,"shortest_distance_km":3,"ferry_time":0,"ferry_price":0,"cargo":"cargo.potatoes","company_truck":"renault_premium_6x2_a","trailer_variant":"trailer.scs_dry_ms","trailer_definition":"trailer_def.scs.box.single_3.dryvan_m","units_count":33,"fill_ratio":1,"trailer_place":0},{"target":"norrsken.aalborg","urgency":0,"shortest_distance_km":646,"ferry_time":195,"ferry_price":1052,"cargo":"cargo.tableware","company_truck":"scania_s_6x4_730","trailer_variant":"trailer.scs_curt_a","trailer_definition":"trailer_def.scs.box.single_3.curtain","units_count":33,"fill_ratio":1,"trailer_place":0}],"cont_port.esbjerg":[{"target":"volvo_fac.goteborg","urgency":1,"shortest_distance_km":369,"ferry_time":195,"ferry_price":677,"cargo":"cargo.motor_oil_c","company_truck":"mercedes_actros_2014_6x2_a","trailer_variant":"trailer.scs_flat_c_g","trailer_definition":"trailer_def.scs.flatbed.single_3.container","units_count":33,"fill_ratio":1,"trailer_place":0},{"target":"polarislines.goteborg","urgency":2,"shortest_distance_km":312,"ferry_time":195,"ferry_price":677,"cargo":"cargo.truck_batt_c","company_truck":"mercedes_actros_2014_6x2_a","trailer_variant":"trailer.scs_gosck20","trailer_definition":"trailer_def.scs.gooseneck.singl_3e_20.container","units_count":15,"fill_ratio":1,"trailer_place":0}],"tradeaux.frankfurt":[{"target":"norrsken.orebro","urgency":2,"shortest_distance_km":1537,"ferry_time":0,"ferry_price":0,"cargo":"cargo.apples","company_truck":"scania_r_6x2_450","trailer_variant":"trailer.scs_dry_a","trailer_definition":"trailer_def.scs.box.single_3.dryvan","units_count":33,"fill_ratio":1,"trailer_place":0}],"itcc.szczecin":[{"target":"gnt.uppsala","urgency":0,"shortest_distance_km":1012,"ferry_time":105,"ferry_price":404,"cargo":"cargo.overweight","company_truck":"scania_4x2_b","trailer_variant":"trailer.scs_flat_c_g","trailer_definition":"trailer_def.scs.flatbed.single_3.container","units_count":1,"fill_ratio":1,"trailer_place":0}],"gnt.helsingborg":[{"target":"norrsken.goteborg","urgency":1,"shortest_distance_km":206,"ferry_time":0,"ferry_price":0,"cargo":"cargo.chimney_syst","company_truck":"man_6x4_b","trailer_variant":"trailer.scs_curt_2","trailer_definition":"trailer_def.scs.box.double_3_2.curtain","units_count":53,"fill_ratio":1,"trailer_place":0}],"norr_food.vasteraas":[{"target":"gnt.uppsala","urgency":1,"shortest_distance_km":89,"ferry_time":0,"ferry_price":0,"cargo":"cargo.used_plast_c","company_truck":"scania_streamline_4x2_c","trailer_variant":"trailer.scs_flat_c_g","trailer_definition":"trailer_def.scs.flatbed.single_3.container","units_count":33,"fill_ratio":1,"trailer_place":0}],"eurogoodies.lille":[{"target":"transinet.brussel","urgency":0,"shortest_distance_km":103,"ferry_time":0,"ferry_price":0,"cargo":"cargo.salt_spices","company_truck":"man_6x4_b","trailer_variant":"trailer.scs_dry_a","trailer_definition":"trailer_def.scs.box.single_3.dryvan","units_count":33,"fill_ratio":1,"trailer_place":0}],"aria_fd_esbj.esbjerg":[{"target":"norr_food.kobenhavn","urgency":0,"shortest_distance_km":278,"ferry_time":0,"ferry_price":0,"cargo":"cargo.goat_cheese","company_truck":"renault_t_4x2h","trailer_variant":"trailer.scs_ins","trailer_definition":"trailer_def.scs.box.single_3.insulated","units_count":33,"fill_ratio":1,"trailer_place":0}],"konstnr_hs.helsingborg":[{"target":"aria_fd_trbg.trelleborg","urgency":1,"shortest_distance_km":82,"ferry_time":0,"ferry_price":0,"cargo":"cargo.digger1000","company_truck":"daf_xf_euro6_4x2_c","trailer_variant":"trailer.overweight.digger1000","trailer_definition":"trailer_def.digger1000.overweight.digger1000","units_count":100,"fill_ratio":1,"trailer_place":0}],"bcp.munchen":[{"target":"renar.vaxjo","urgency":0,"shortest_distance_km":1135,"ferry_time":105,"ferry_price":404,"cargo":"cargo.used_packag","company_truck":"mercedes_actros_2014_4x2_a","trailer_variant":"trailer.scs_dry_ms","trailer_definition":"trailer_def.scs.box.single_3.dryvan_m","units_count":33,"fill_ratio":1,"trailer_place":0}],"ms_stein.stavanger":[{"target":"konstnr.stockholm","urgency":1,"shortest_distance_km":965,"ferry_time":0,"ferry_price":0,"cargo":"cargo.stones","company_truck":"mercedes_actros_2014_4x2_b","trailer_variant":"trailer.s_ki_solid.cover","trailer_definition":"trailer_def.stones.s_ki_solid.cover","units_count":100,"fill_ratio":1,"trailer_place":0},{"target":"konstnr.oslo","urgency":1,"shortest_distance_km":465,"ferry_time":0,"ferry_price":0,"cargo":"cargo.excavator","company_truck":"mercedes_4x2","trailer_variant":"trailer.overweight.excavator","trailer_definition":"trailer_def.excavator.overweight.excavator","units_count":100,"fill_ratio":1,"trailer_place":0}],"trameri.carlisle":[{"target":"norr_food.oslo","urgency":0,"shortest_distance_km":920,"ferry_time":1335,"ferry_price":2366,"cargo":"cargo.plast_film","company_truck":"scania_r_6x4_650","trailer_variant":"trailer.scs_dry_s","trailer_definition":"trailer_def.scs.box.single_3.dryvan","units_count":33,"fill_ratio":1,"trailer_place":0}],"eurogoodies.dijon":[{"target":"sellplan.groningen","urgency":0,"shortest_distance_km":843,"ferry_time":0,"ferry_price":0,"cargo":"cargo.salt_spice_c","company_truck":"iveco_4x2_b","trailer_variant":"trailer.scs_gosck20","trailer_definition":"trailer_def.scs.gooseneck.singl_3e_20.container","units_count":15,"fill_ratio":1,"trailer_place":0}],"tradeaux.hannover":[{"target":"polarislines.travemunde","urgency":2,"shortest_distance_km":275,"ferry_time":0,"ferry_price":0,"cargo":"cargo.garlic","company_truck":"double/renault_magnum_4x2_a","trailer_variant":"trailer.scs_curt_b2","trailer_definition":"trailer_def.scs.box.bdouble_3_3.curtain","units_count":47,"fill_ratio":1,"trailer_place":0}],"eurogoodies.edinburgh":[{"target":"lkwlog.felixstowe","urgency":0,"shortest_distance_km":674,"ferry_time":0,"ferry_price":0,"cargo":"cargo.salm_fillet","company_truck":"scania_s_4x2_370","trailer_variant":"trailer.scs_ins","trailer_definition":"trailer_def.scs.box.single_3.insulated","units_count":33,"fill_ratio":1,"trailer_place":0}],"gnt.jonkoping":[{"target":"drekkar.malmo","urgency":2,"shortest_distance_km":243,"ferry_time":0,"ferry_price":0,"cargo":"cargo.copp_rf_gutt","company_truck":"scania_s_4x2_580","trailer_variant":"trailer.scs_dry_ms","trailer_definition":"trailer_def.scs.box.single_3.dryvan_m","units_count":33,"fill_ratio":1,"trailer_place":0},{"target":"drekkar.vaxjo","urgency":1,"shortest_distance_km":107,"ferry_time":0,"ferry_price":0,"cargo":"cargo.chimney_syst","company_truck":"mercedes_4x2_a","trailer_variant":"trailer.scs_dry_ms","trailer_definition":"trailer_def.scs.box.single_3.dryvan_m","units_count":33,"fill_ratio":1,"trailer_place":0}],"polarislines.nynashamn":[{"target":"norrsken.stockholm","urgency":0,"shortest_distance_km":26,"ferry_time":0,"ferry_price":0,"cargo":"cargo.onion","company_truck":"double/man_euro6_4x2_xxl","trailer_variant":"trailer.scs_curt_b2","trailer_definition":"trailer_def.scs.box.bdouble_3_3.curtain","units_count":53,"fill_ratio":1,"trailer_place":0}],"stokes.kiel":[{"target":"norr_food.karlskrona","urgency":0,"shortest_distance_km":623,"ferry_time":0,"ferry_price":0,"cargo":"cargo.chewing_gums","company_truck":"man_6x4_b","trailer_variant":"trailer.scs_dry_a","trailer_definition":"trailer_def.scs.box.single_3.dryvan","units_count":31,"fill_ratio":1,"trailer_place":0}],"transinet.mannheim":[{"target":"posped.strasbourg","urgency":2,"shortest_distance_km":129,"ferry_time":0,"ferry_price":0,"cargo":"cargo.liver_paste","company_truck":"man_6x4_b","trailer_variant":"trailer.scs_ins_s","trailer_definition":"trailer_def.scs.box.single_3.insulated","units_count":33,"fill_ratio":1,"trailer_place":0}],"nord_crown.aalborg":[{"target":"drekkar.odense","urgency":0,"shortest_distance_km":247,"ferry_time":0,"ferry_price":0,"cargo":"cargo.beef_meat","company_truck":"scania_4x2_b","trailer_variant":"trailer.scs_ref_s","trailer_definition":"trailer_def.scs.box.single_3.reefer","units_count":33,"fill_ratio":1,"trailer_place":0},{"target":"norr_food.vaxjo","urgency":1,"shortest_distance_km":370,"ferry_time":195,"ferry_price":677,"cargo":"cargo.pet_food","company_truck":"scania_streamline_4x2_b","trailer_variant":"trailer.scs_dry_s","trailer_definition":"trailer_def.scs.box.single_3.dryvan","units_count":33,"fill_ratio":1,"trailer_place":0},{"target":"norr_food.kobenhavn","urgency":0,"shortest_distance_km":372,"ferry_time":0,"ferry_price":0,"cargo":"cargo.canned_pork","company_truck":"man_6x4_b","trailer_variant":"trailer.scs_ref","trailer_definition":"trailer_def.scs.box.single_3.reefer","units_count":33,"fill_ratio":1,"trailer_place":0}],"polar_fish.bergen":[{"target":"drekkar.bergen","urgency":2,"shortest_distance_km":1,"ferry_time":0,"ferry_price":0,"cargo":"cargo.caviar","company_truck":"man_6x4_b","trailer_variant":"trailer.scs_ref_2","trailer_definition":"trailer_def.scs.box.double_3_2.reefer","units_count":53,"fill_ratio":1,"trailer_place":0},{"target":"gnt.bergen","urgency":1,"shortest_distance_km":12,"ferry_time":0,"ferry_price":0,"cargo":"cargo.fresh_fish","company_truck":"scania_4x2_a","trailer_variant":"trailer.scs_ref_s","trailer_definition":"trailer_def.scs.box.single_3.reefer","units_count":33,"fill_ratio":1,"trailer_place":0}],"stokes.cardiff":[{"target":"eurogoodies.szczecin","urgency":0,"shortest_distance_km":1524,"ferry_time":35,"ferry_price":300,"cargo":"cargo.salt_spices","company_truck":"daf_4x2_a","trailer_variant":"trailer.scs_curt_s","trailer_definition":"trailer_def.scs.box.single_3.curtain","units_count":33,"fill_ratio":1,"trailer_place":0}],"polarislines.stavanger":[{"target":"gnt.kristiansand","urgency":1,"shortest_distance_km":172,"ferry_time":0,"ferry_price":0,"cargo":"cargo.stone_wool","company_truck":"double/scania_4x2_a","trailer_variant":"trailer.scs_curt_2","trailer_definition":"trailer_def.scs.box.double_3_2.curtain","units_count":53,"fill_ratio":1,"trailer_place":0},{"target":"renar.oslo","urgency":1,"shortest_distance_km":536,"ferry_time":0,"ferry_price":0,"cargo":"cargo.outdr_flr_tl","company_truck":"double/man_euro6_4x2_xxl","trailer_variant":"trailer.scs_curt_2","trailer_definition":"trailer_def.scs.box.double_3_2.curtain","units_count":53,"fill_ratio":1,"trailer_place":0},{"target":"drekkar.odense","urgency":1,"shortest_distance_km":489,"ferry_time":195,"ferry_price":1052,"cargo":"cargo.refl_posts","company_truck":"double/renault_premium_4x2_a","trailer_variant":"trailer.scs_dry_b2","trailer_definition":"trailer_def.scs.box.bdouble_3_3.dryvan","units_count":53,"fill_ratio":1,"trailer_place":0}],"ns_oil.oslo":[{"target":"scania_fac.sodertalje","urgency":1,"shortest_distance_km":481,"ferry_time":0,"ferry_price":0,"cargo":"cargo.motor_oil_c","company_truck":"man_4x2_a","trailer_variant":"trailer.scs_gosck40","trailer_definition":"trailer_def.scs.gooseneck.singl_3e_40.container","units_count":30,"fill_ratio":1,"trailer_place":0}],"tree_et.graz":[{"target":"stokes.wien","urgency":0,"shortest_distance_km":173,"ferry_time":0,"ferry_price":0,"cargo":"cargo.wood_bark","company_truck":"man_6x4_b","trailer_variant":"trailer.s_ki_solid.cover","trailer_definition":"trailer_def.wood_bark.s_ki_solid.cover","units_count":100,"fill_ratio":1,"trailer_place":0}],"lkwlog.dover":[{"target":"tradeaux.felixstowe","urgency":2,"shortest_distance_km":228,"ferry_time":0,"ferry_price":0,"cargo":"cargo.windml_tube","company_truck":"scania_streamline_6x2_b","trailer_variant":"trailer.overweight.tubeair","trailer_definition":"trailer_def.windml_tube.overweight.tubeair","units_count":100,"fill_ratio":1,"trailer_place":0}],"norrsken.malmo":[{"target":"renar.kobenhavn","urgency":1,"shortest_distance_km":65,"ferry_time":0,"ferry_price":0,"cargo":"cargo.sandwch_pnls","company_truck":"man_6x4_b","trailer_variant":"trailer.scs_curt_b2","trailer_definition":"trailer_def.scs.box.bdouble_3_3.curtain","units_count":53,"fill_ratio":1,"trailer_place":0}],"polarislines.karlskrona":[{"target":"norr_food.karlskrona","urgency":2,"shortest_distance_km":14,"ferry_time":0,"ferry_price":0,"cargo":"cargo.carrots","company_truck":"double/renault_magnum_4x2_a","trailer_variant":"trailer.scs_curt_2","trailer_definition":"trailer_def.scs.box.double_3_2.curtain","units_count":53,"fill_ratio":1,"trailer_place":0},{"target":"renar.kobenhavn","urgency":1,"shortest_distance_km":319,"ferry_time":0,"ferry_price":0,"cargo":"cargo.chimney_syst","company_truck":"man_6x4_b","trailer_variant":"trailer.scs_dry_m","trailer_definition":"trailer_def.scs.box.single_3.dryvan_m","units_count":33,"fill_ratio":1,"trailer_place":0}],"vitas_pwr.aalborg":[{"target":"gnt.kristiansand","urgency":2,"shortest_distance_km":97,"ferry_time":195,"ferry_price":1052,"cargo":"cargo.empty_palet","company_truck":"man_6x4_b","trailer_variant":"trailer.scs_curt_s","trailer_definition":"trailer_def.scs.box.single_3.curtain","units_count":33,"fill_ratio":1,"trailer_place":0},{"target":"norrsken.goteborg","urgency":2,"shortest_distance_km":216,"ferry_time":195,"ferry_price":677,"cargo":"cargo.windml_eng","company_truck":"mercedes_4x2","trailer_variant":"trailer.overweight.windplant","trailer_definition":"trailer_def.windml_eng.overweight.windplant","units_count":100,"fill_ratio":1,"trailer_place":0},{"target":"gnt.kristiansand","urgency":2,"shortest_distance_km":97,"ferry_time":195,"ferry_price":1052,"cargo":"cargo.windml_tube","company_truck":"scania_s_4x2_580","trailer_variant":"trailer.overweight.tubeair","trailer_definition":"trailer_def.windml_tube.overweight.tubeair","units_count":100,"fill_ratio":1,"trailer_place":0}],"nord_crown.orebro":[{"target":"norr_food.uppsala","urgency":0,"shortest_distance_km":188,"ferry_time":0,"ferry_price":0,"cargo":"cargo.vinegar_c","company_truck":"mercedes_4x2_b","trailer_variant":"trailer.scs_gosck20","trailer_definition":"trailer_def.scs.gooseneck.singl_3e_20.container","units_count":15,"fill_ratio":1,"trailer_place":0},{"target":"renar.vasteraas","urgency":0,"shortest_distance_km":98,"ferry_time":0,"ferry_price":0,"cargo":"cargo.sausages","company_truck":"renault_t_4x2","trailer_variant":"trailer.scs_ins","trailer_definition":"trailer_def.scs.box.single_3.insulated","units_count":33,"fill_ratio":1,"trailer_place":0},{"target":"renar.oslo","urgency":2,"shortest_distance_km":336,"ferry_time":0,"ferry_price":0,"cargo":"cargo.liver_paste","company_truck":"double/iveco_4x2_a","trailer_variant":"trailer.scs_ins_2","trailer_definition":"trailer_def.scs.box.double_3_2.insulated","units_count":53,"fill_ratio":1,"trailer_place":0}],"sellplan.sheffield":[{"target":"drekkar.malmo","urgency":0,"shortest_distance_km":499,"ferry_time":1140,"ferry_price":1314,"cargo":"cargo.used_packag","company_truck":"renault_t_4x2","trailer_variant":"trailer.scs_curt","trailer_definition":"trailer_def.scs.box.single_3.curtain","units_count":33,"fill_ratio":1,"trailer_place":0}],"konstnr.stockholm":[{"target":"norr_food.linkoping","urgency":1,"shortest_distance_km":146,"ferry_time":0,"ferry_price":0,"cargo":"cargo.forklifts","company_truck":"man_6x4_b","trailer_variant":"trailer.overweight.forklifts","trailer_definition":"trailer_def.forklifts.overweight.forklifts","units_count":100,"fill_ratio":1,"trailer_place":0}],"renar.kobenhavn":[{"target":"norr_food.kobenhavn","urgency":2,"shortest_distance_km":1,"ferry_time":0,"ferry_price":0,"cargo":"cargo.dryers","company_truck":"man_6x4_b","trailer_variant":"trailer.scs_curt_s","trailer_definition":"trailer_def.scs.box.single_3.curtain","units_count":33,"fill_ratio":1,"trailer_place":0}],"fcp.manchester":[{"target":"aria_fd_albg.aalborg","urgency":1,"shortest_distance_km":425,"ferry_time":1140,"ferry_price":1314,"cargo":"cargo.digger1000","company_truck":"daf_xf_euro6_6x2_a","trailer_variant":"trailer.overweight.digger1000","trailer_definition":"trailer_def.digger1000.overweight.digger1000","units_count":100,"fill_ratio":1,"trailer_place":0}],"ika_bohag.kobenhavn":[{"target":"drekkar.vaxjo","urgency":0,"shortest_distance_km":305,"ferry_time":0,"ferry_price":0,"cargo":"cargo.used_packag","company_truck":"man_tgx_euro6_4x2_xl","trailer_variant":"trailer.scs_curt_a","trailer_definition":"trailer_def.scs.box.single_3.curtain","units_count":33,"fill_ratio":1,"trailer_place":0}],"posped.metz":[{"target":"gnt.kalmar","urgency":2,"shortest_distance_km":1498,"ferry_time":0,"ferry_price":0,"cargo":"cargo.polyst_box","company_truck":"daf_xf_euro6_6x2_a","trailer_variant":"trailer.scs_curt","trailer_definition":"trailer_def.scs.box.single_3.curtain","units_count":33,"fill_ratio":1,"trailer_place":0}],"tradeaux.grimsby":[{"target":"sellplan.groningen","urgency":1,"shortest_distance_km":1056,"ferry_time":35,"ferry_price":300,"cargo":"cargo.fresh_fish","company_truck":"scania_streamline_6x2_b","trailer_variant":"trailer.scs_ref_a","trailer_definition":"trailer_def.scs.box.single_3.reefer","units_count":33,"fill_ratio":1,"trailer_place":0},{"target":"polarislines.esbjerg","urgency":0,"shortest_distance_km":141,"ferry_time":1140,"ferry_price":1314,"cargo":"cargo.salt_spices","company_truck":"scania_streamline_4x2_b","trailer_variant":"trailer.scs_curt_s","trailer_definition":"trailer_def.scs.box.single_3.curtain","units_count":33,"fill_ratio":1,"trailer_place":0}],"eurogoodies.dusseldorf":[{"target":"stokes.cardiff","urgency":1,"shortest_distance_km":891,"ferry_time":35,"ferry_price":300,"cargo":"cargo.cott_cheese","company_truck":"mercedes_4x2_c","trailer_variant":"trailer.scs_ins","trailer_definition":"trailer_def.scs.box.single_3.insulated","units_count":33,"fill_ratio":1,"trailer_place":0}],"euroacres.brno":[{"target":"posped.zurich","urgency":0,"shortest_distance_km":809,"ferry_time":0,"ferry_price":0,"cargo":"cargo.pears","company_truck":"daf_6x2_a","trailer_variant":"trailer.scs_ins","trailer_definition":"trailer_def.scs.box.single_3.insulated","units_count":33,"fill_ratio":1,"trailer_place":0}],"trameri.lyon":[{"target":"transinet.torino","urgency":0,"shortest_distance_km":321,"ferry_time":0,"ferry_price":0,"cargo":"cargo.empty_barr","company_truck":"man_tgx_euro6_4x2_xl","trailer_variant":"trailer.scs_curt_a","trailer_definition":"trailer_def.scs.box.single_3.curtain","units_count":33,"fill_ratio":1,"trailer_place":0}],"ika_bohag.milano":[{"target":"stokes.zurich","urgency":2,"shortest_distance_km":352,"ferry_time":0,"ferry_price":0,"cargo":"cargo.pot_flowers","company_truck":"scania_streamline_6x4_a","trailer_variant":"trailer.scs_ins","trailer_definition":"trailer_def.scs.box.single_3.insulated","units_count":33,"fill_ratio":1,"trailer_place":0}],"sag_tre.oslo":[{"target":"agronord.goteborg","urgency":1,"shortest_distance_km":266,"ferry_time":0,"ferry_price":0,"cargo":"cargo.wooden_beams","company_truck":"man_4x2_c","trailer_variant":"trailer.scs_dry_a","trailer_definition":"trailer_def.scs.box.single_3.dryvan","units_count":33,"fill_ratio":1,"trailer_place":0}],"tradeaux.geneve":[{"target":"stokes.zurich","urgency":0,"shortest_distance_km":236,"ferry_time":0,"ferry_price":0,"cargo":"cargo.canned_beef","company_truck":"scania_4x2_a","trailer_variant":"trailer.scs_ref","trailer_definition":"trailer_def.scs.box.single_3.reefer","units_count":32,"fill_ratio":1,"trailer_place":0}],"nord_sten.linkoping":[{"target":"ms_stein.stavanger","urgency":1,"shortest_distance_km":843,"ferry_time":0,"ferry_price":0,"cargo":"cargo.excavator","company_truck":"renault_magnum_6x2_a","trailer_variant":"trailer.overweight.excavator","trailer_definition":"trailer_def.excavator.overweight.excavator","units_count":100,"fill_ratio":1,"trailer_place":0}],"tree_et.zurich":[{"target":"euroacres.magdeburg","urgency":1,"shortest_distance_km":776,"ferry_time":0,"ferry_price":0,"cargo":"cargo.wooden_beams","company_truck":"renault_t_6x2","trailer_variant":"trailer.scs_curt_a","trailer_definition":"trailer_def.scs.box.single_3.curtain","units_count":33,"fill_ratio":1,"trailer_place":0}],"tree_et.stuttgart":[{"target":"batisse_hs.paris","urgency":1,"shortest_distance_km":685,"ferry_time":0,"ferry_price":0,"cargo":"cargo.wooden_beams","company_truck":"scania_streamline_4x2_a","trailer_variant":"trailer.scs_dry","trailer_definition":"trailer_def.scs.box.single_3.dryvan","units_count":32,"fill_ratio":1,"trailer_place":0},{"target":"gnt.kalmar","urgency":2,"shortest_distance_km":1463,"ferry_time":0,"ferry_price":0,"cargo":"cargo.empty_palet","company_truck":"double/renault_premium_4x2_a","trailer_variant":"trailer.scs_dry_b2","trailer_definition":"trailer_def.scs.box.bdouble_3_3.dryvan","units_count":23,"fill_ratio":1,"trailer_place":0}],"drekkar.odense":[{"target":"ns_oil.aalborg","urgency":2,"shortest_distance_km":246,"ferry_time":0,"ferry_price":0,"cargo":"cargo.empty_palet","company_truck":"mercedes_actros_2014_4x2_b","trailer_variant":"trailer.scs_dry_a","trailer_definition":"trailer_def.scs.box.single_3.dryvan","units_count":33,"fill_ratio":1,"trailer_place":0},{"target":"polarislines.bergen","urgency":1,"shortest_distance_km":851,"ferry_time":195,"ferry_price":1052,"cargo":"cargo.toys","company_truck":"mercedes_actros_2014_4x2_a","trailer_variant":"trailer.scs_dry_ms","trailer_definition":"trailer_def.scs.box.single_3.dryvan_m","units_count":33,"fill_ratio":1,"trailer_place":0}],"tree_et.geneve":[{"target":"sanbuilders.lyon","urgency":1,"shortest_distance_km":209,"ferry_time":0,"ferry_price":0,"cargo":"cargo.wooden_beams","company_truck":"scania_r_6x4_650","trailer_variant":"trailer.scs_dry_a","trailer_definition":"trailer_def.scs.box.single_3.dryvan","units_count":32,"fill_ratio":1,"trailer_place":0}],"lkwlog.hamburg":[{"target":"polarislines.travemunde","urgency":2,"shortest_distance_km":133,"ferry_time":0,"ferry_price":0,"cargo":"cargo.pot_flowers","company_truck":"double/mercedes_actros_2014_4x2_a","trailer_variant":"trailer.scs_ref_2","trailer_definition":"trailer_def.scs.box.double_3_2.reefer","units_count":53,"fill_ratio":1,"trailer_place":0}],"trameri.amsterdam":[{"target":"lkwlog.manchester","urgency":0,"shortest_distance_km":304,"ferry_time":660,"ferry_price":995,"cargo":"cargo.plast_film","company_truck":"renault_t_4x2","trailer_variant":"trailer.scs_dry_ms","trailer_definition":"trailer_def.scs.box.single_3.dryvan_m","units_count":33,"fill_ratio":1,"trailer_place":0}],"posped.graz":[{"target":"eurogoodies.salzburg","urgency":0,"shortest_distance_km":246,"ferry_time":0,"ferry_price":0,"cargo":"cargo.pork_meat","company_truck":"man_6x4_b","trailer_variant":"trailer.scs_ins","trailer_definition":"trailer_def.scs.box.single_3.insulated","units_count":33,"fill_ratio":1,"trailer_place":0}],"gnt.bergen":[{"target":"norrsken.aalborg","urgency":2,"shortest_distance_km":644,"ferry_time":195,"ferry_price":1052,"cargo":"cargo.bottle_water","company_truck":"scania_s_6x2_450","trailer_variant":"trailer.scs_dry_ms","trailer_definition":"trailer_def.scs.box.single_3.dryvan_m","units_count":31,"fill_ratio":1,"trailer_place":0}],"konstnr_br.linkoping":[{"target":"nord_sten.vaxjo","urgency":1,"shortest_distance_km":285,"ferry_time":0,"ferry_price":0,"cargo":"cargo.excavator","company_truck":"mercedes_actros_2014_6x4_b","trailer_variant":"trailer.overweight.excavator","trailer_definition":"trailer_def.excavator.overweight.excavator","units_count":100,"fill_ratio":1,"trailer_place":0}],"trameri.swansea":[{"target":"drekkar.uppsala","urgency":2,"shortest_distance_km":2431,"ferry_time":35,"ferry_price":300,"cargo":"cargo.empty_palet","company_truck":"man_tgx_euro6_4x2_xxl","trailer_variant":"trailer.scs_dry","trailer_definition":"trailer_def.scs.box.single_3.dryvan","units_count":33,"fill_ratio":1,"trailer_place":0}],"eurogoodies.venezia":[{"target":"posped.graz","urgency":0,"shortest_distance_km":454,"ferry_time":0,"ferry_price":0,"cargo":"cargo.frozen_hake","company_truck":"scania_s_4x2_580","trailer_variant":"trailer.scs_ref_s","trailer_definition":"trailer_def.scs.box.single_3.reefer","units_count":33,"fill_ratio":1,"trailer_place":0}],"sag_tre.linkoping":[{"target":"aria_fd_jnpg.jonkoping","urgency":1,"shortest_distance_km":286,"ferry_time":0,"ferry_price":0,"cargo":"cargo.lumber","company_truck":"daf_6x2_a","trailer_variant":"trailer.scs_flat_c_g","trailer_definition":"trailer_def.scs.flatbed.single_3.container","units_count":2,"fill_ratio":1,"trailer_place":0}],"cont_port.oslo":[{"target":"volvo_fac.goteborg","urgency":2,"shortest_distance_km":261,"ferry_time":0,"ferry_price":0,"cargo":"cargo.oil_filt_c","company_truck":"man_tgx_euro6_4x2_xxl","trailer_variant":"trailer.scs_gosck220","trailer_definition":"trailer_def.scs.gooseneck.singl_3e_220.container","units_count":30,"fill_ratio":1,"trailer_place":0},{"target":"polar_fish.goteborg","urgency":0,"shortest_distance_km":259,"ferry_time":0,"ferry_price":0,"cargo":"cargo.vinegar_c","company_truck":"iveco_h_4x2_a","trailer_variant":"trailer.scs_flat_c_r","trailer_definition":"trailer_def.scs.flatbed.single_3.container","units_count":33,"fill_ratio":1,"trailer_place":0}],"stokes.aberdeen":[{"target":"nord_crown.orebro","urgency":0,"shortest_distance_km":1454,"ferry_time":1140,"ferry_price":1314,"cargo":"cargo.cauliflower","company_truck":"mercedes_actros_2014_4x2_b","trailer_variant":"trailer.scs_curt_a","trailer_definition":"trailer_def.scs.box.single_3.curtain","units_count":33,"fill_ratio":1,"trailer_place":0}],"agronord.kalmar":[{"target":"renar.stavanger","urgency":0,"shortest_distance_km":1043,"ferry_time":0,"ferry_price":0,"cargo":"cargo.cont_trees","company_truck":"mercedes_4x2_a","trailer_variant":"trailer.scs_dry_m","trailer_definition":"trailer_def.scs.box.single_3.dryvan_m","units_count":33,"fill_ratio":1,"trailer_place":0}],"aria_fd_trbg.trelleborg":[{"target":"norr_food.odense","urgency":2,"shortest_distance_km":220,"ferry_time":0,"ferry_price":0,"cargo":"cargo.cheese","company_truck":"double/mercedes_4x2_a","trailer_variant":"trailer.scs_ins_b2","trailer_definition":"trailer_def.scs.box.bdouble_3_3.insulated","units_count":53,"fill_ratio":1,"trailer_place":0},{"target":"drekkar.odense","urgency":0,"shortest_distance_km":218,"ferry_time":0,"ferry_price":0,"cargo":"cargo.goat_cheese","company_truck":"double/man_euro6_4x2_xxl","trailer_variant":"trailer.scs_ref_2","trailer_definition":"trailer_def.scs.box.double_3_2.reefer","units_count":53,"fill_ratio":1,"trailer_place":0}],"norr_food.oslo":[{"target":"renar.oslo","urgency":0,"shortest_distance_km":123,"ferry_time":0,"ferry_price":0,"cargo":"cargo.used_plast","company_truck":"scania_s_6x2_450","trailer_variant":"trailer.scs_curt_a","trailer_definition":"trailer_def.scs.box.single_3.curtain","units_count":33,"fill_ratio":1,"trailer_place":0}],"polarislines.gedser":[{"target":"drekkar.malmo","urgency":1,"shortest_distance_km":175,"ferry_time":0,"ferry_price":0,"cargo":"cargo.transmis","company_truck":"scania_s_6x2_450","trailer_variant":"trailer.scs_dry_s","trailer_definition":"trailer_def.scs.box.single_3.dryvan","units_count":33,"fill_ratio":1,"trailer_place":0},{"target":"norrsken.karlskrona","urgency":0,"shortest_distance_km":359,"ferry_time":0,"ferry_price":0,"cargo":"cargo.desinfection","company_truck":"iveco_h_4x2_a","trailer_variant":"trailer.scs_dry_m","trailer_definition":"trailer_def.scs.box.single_3.dryvan_m","units_count":33,"fill_ratio":1,"trailer_place":0}],"norr_food.linkoping":[{"target":"drekkar.malmo","urgency":0,"shortest_distance_km":385,"ferry_time":0,"ferry_price":0,"cargo":"cargo.used_packag","company_truck":"scania_s_6x4_730","trailer_variant":"trailer.scs_dry","trailer_definition":"trailer_def.scs.box.single_3.dryvan","units_count":33,"fill_ratio":1,"trailer_place":0}],"renar.oslo":[{"target":"drekkar.linkoping","urgency":1,"shortest_distance_km":423,"ferry_time":0,"ferry_price":0,"cargo":"cargo.smokd_sprats","company_truck":"double/mercedes_actros_2014_4x2_a","trailer_variant":"trailer.scs_ins_2","trailer_definition":"trailer_def.scs.box.double_3_2.insulated","units_count":53,"fill_ratio":1,"trailer_place":0}],"posped.swansea":[{"target":"tradeaux.lille","urgency":1,"shortest_distance_km":563,"ferry_time":35,"ferry_price":300,"cargo":"cargo.fresh_fish","company_truck":"man_tgx_euro6_4x2_xl","trailer_variant":"trailer.scs_ref_a","trailer_definition":"trailer_def.scs.box.single_3.reefer","units_count":33,"fill_ratio":1,"trailer_place":0}],"norrsken.orebro":[{"target":"polarislines.bergen","urgency":2,"shortest_distance_km":874,"ferry_time":0,"ferry_price":0,"cargo":"cargo.princess","company_truck":"scania_r_6x4_650","trailer_variant":"trailer.overweight.boat","trailer_definition":"trailer_def.princess.overweight.boat","units_count":100,"fill_ratio":1,"trailer_place":0},{"target":"drekkar.linkoping","urgency":1,"shortest_distance_km":159,"ferry_time":0,"ferry_price":0,"cargo":"cargo.pet_food","company_truck":"scania_streamline_4x2_c","trailer_variant":"trailer.scs_dry_ms","trailer_definition":"trailer_def.scs.box.single_3.dryvan_m","units_count":33,"fill_ratio":1,"trailer_place":0},{"target":"nord_sten.jonkoping","urgency":2,"shortest_distance_km":249,"ferry_time":0,"ferry_price":0,"cargo":"cargo.hipresstank","company_truck":"scania_streamline_4x2_c","trailer_variant":"trailer.scs_flat_c_g","trailer_definition":"trailer_def.scs.flatbed.single_3.container","units_count":2,"fill_ratio":1,"trailer_place":0},{"target":"norr_food.vaxjo","urgency":0,"shortest_distance_km":375,"ferry_time":0,"ferry_price":0,"cargo":"cargo.pears","company_truck":"double/scania_r_4x2","trailer_variant":"trailer.scs_ins_b2","trailer_definition":"trailer_def.scs.box.bdouble_3_3.insulated","units_count":53,"fill_ratio":1,"trailer_place":0}],"sellplan.southampton":[{"target":"nord_crown.aalborg","urgency":2,"shortest_distance_km":1494,"ferry_time":35,"ferry_price":300,"cargo":"cargo.empty_palet","company_truck":"iveco_4x2_c","trailer_variant":"trailer.scs_dry","trailer_definition":"trailer_def.scs.box.single_3.dryvan","units_count":33,"fill_ratio":1,"trailer_place":0}],"ika_bohag.odense":[{"target":"nord_crown.odense","urgency":2,"shortest_distance_km":6,"ferry_time":0,"ferry_price":0,"cargo":"cargo.empty_palet","company_truck":"scania_streamline_6x4_a","trailer_variant":"trailer.scs_curt","trailer_definition":"trailer_def.scs.box.single_3.curtain","units_count":33,"fill_ratio":1,"trailer_place":0}],"aria_fd_jnpg.jonkoping":[{"target":"gnt.uppsala","urgency":1,"shortest_distance_km":379,"ferry_time":0,"ferry_price":0,"cargo":"cargo.chicken_meat","company_truck":"scania_s_6x4_730","trailer_variant":"trailer.scs_ref","trailer_definition":"trailer_def.scs.box.single_3.reefer","units_count":33,"fill_ratio":1,"trailer_place":0},{"target":"drekkar.linkoping","urgency":0,"shortest_distance_km":250,"ferry_time":0,"ferry_price":0,"cargo":"cargo.goat_cheese","company_truck":"double/scania_r_4x2","trailer_variant":"trailer.scs_ref_b2","trailer_definition":"trailer_def.scs.box.bdouble_3_3.reefer","units_count":53,"fill_ratio":1,"trailer_place":0},{"target":"gnt.helsingborg","urgency":0,"shortest_distance_km":303,"ferry_time":0,"ferry_price":0,"cargo":"cargo.sheep_wool","company_truck":"man_tgx_euro6_6x4_xlx","trailer_variant":"trailer.scs_dry","trailer_definition":"trailer_def.scs.box.single_3.dryvan","units_count":33,"fill_ratio":1,"trailer_place":0}],"drekkar.vaxjo":[{"target":"gnt.jonkoping","urgency":2,"shortest_distance_km":104,"ferry_time":0,"ferry_price":0,"cargo":"cargo.bottle_water","company_truck":"man_4x2_c","trailer_variant":"trailer.scs_dry","trailer_definition":"trailer_def.scs.box.single_3.dryvan","units_count":33,"fill_ratio":1,"trailer_place":0}],"sellplan.rostock":[{"target":"ns_chem.malmo","urgency":2,"shortest_distance_km":231,"ferry_time":105,"ferry_price":404,"cargo":"cargo.empty_palet","company_truck":"double/renault_premium_4x2_a","trailer_variant":"trailer.scs_dry_b2","trailer_definition":"trailer_def.scs.box.bdouble_3_3.dryvan","units_count":23,"fill_ratio":1,"trailer_place":0}],"drekkar.linkoping":[{"target":"norrsken.orebro","urgency":1,"shortest_distance_km":155,"ferry_time":0,"ferry_price":0,"cargo":"cargo.potatoes","company_truck":"mercedes_actros_2014_6x4_b","trailer_variant":"trailer.scs_dry_ms","trailer_definition":"trailer_def.scs.box.single_3.dryvan_m","units_count":33,"fill_ratio":1,"trailer_place":0}],"drekkar.uppsala":[{"target":"renar.kobenhavn","urgency":0,"shortest_distance_km":696,"ferry_time":0,"ferry_price":0,"cargo":"cargo.limonades","company_truck":"double/scania_s_4x2","trailer_variant":"trailer.scs_curt_b2","trailer_definition":"trailer_def.scs.box.bdouble_3_3.curtain","units_count":46,"fill_ratio":1,"trailer_place":0}],"konstnr.kobenhavn":[{"target":"gnt.helsingborg","urgency":2,"shortest_distance_km":132,"ferry_time":0,"ferry_price":0,"cargo":"cargo.hipresstank","company_truck":"scania_streamline_6x4_a","trailer_variant":"trailer.scs_flat_c_g","trailer_definition":"trailer_def.scs.flatbed.single_3.container","units_count":2,"fill_ratio":1,"trailer_place":0}],"polarislines.trelleborg":[{"target":"gnt.jonkoping","urgency":0,"shortest_distance_km":271,"ferry_time":0,"ferry_price":0,"cargo":"cargo.onion","company_truck":"man_4x2_a","trailer_variant":"trailer.scs_dry","trailer_definition":"trailer_def.scs.box.single_3.dryvan","units_count":33,"fill_ratio":1,"trailer_place":0}],"ika_bohag.orebro":[{"target":"drekkar.linkoping","urgency":2,"shortest_distance_km":118,"ferry_time":0,"ferry_price":0,"cargo":"cargo.empty_palet","company_truck":"daf_xf_euro6_6x4_c","trailer_variant":"trailer.scs_dry_s","trailer_definition":"trailer_def.scs.box.single_3.dryvan","units_count":33,"fill_ratio":1,"trailer_place":0},{"target":"drekkar.karlskrona","urgency":2,"shortest_distance_km":423,"ferry_time":0,"ferry_price":0,"cargo":"cargo.pot_flowers","company_truck":"mercedes_4x2_b","trailer_variant":"trailer.scs_ref_a","trailer_definition":"trailer_def.scs.box.single_3.reefer","units_count":33,"fill_ratio":1,"trailer_place":0}],"ika_bohag.malmo":[{"target":"gnt.jonkoping","urgency":2,"shortest_distance_km":244,"ferry_time":0,"ferry_price":0,"cargo":"cargo.empty_palet","company_truck":"man_6x4_b","trailer_variant":"trailer.scs_dry_a","trailer_definition":"trailer_def.scs.box.single_3.dryvan","units_count":33,"fill_ratio":1,"trailer_place":0},{"target":"drekkar.odense","urgency":0,"shortest_distance_km":173,"ferry_time":0,"ferry_price":0,"cargo":"cargo.used_packag","company_truck":"scania_s_6x2_450","trailer_variant":"trailer.scs_dry","trailer_definition":"trailer_def.scs.box.single_3.dryvan","units_count":33,"fill_ratio":1,"trailer_place":0}],"ika_bohag.stockholm":[{"target":"renar.vaxjo","urgency":2,"shortest_distance_km":390,"ferry_time":0,"ferry_price":0,"cargo":"cargo.empty_palet","company_truck":"daf_4x2_b","trailer_variant":"trailer.scs_dry_ms","trailer_definition":"trailer_def.scs.box.single_3.dryvan_m","units_count":33,"fill_ratio":1,"trailer_place":0},{"target":"gnt.helsingborg","urgency":0,"shortest_distance_km":484,"ferry_time":0,"ferry_price":0,"cargo":"cargo.used_packag","company_truck":"scania_r_4x2_370","trailer_variant":"trailer.scs_curt_s","trailer_definition":"trailer_def.scs.box.single_3.curtain","units_count":33,"fill_ratio":1,"trailer_place":0}],"trameri.hannover":[{"target":"transinet.osnabruck","urgency":0,"shortest_distance_km":142,"ferry_time":0,"ferry_price":0,"cargo":"cargo.empty_barr","company_truck":"scania_r_6x4_650","trailer_variant":"trailer.scs_dry_a","trailer_definition":"trailer_def.scs.box.single_3.dryvan","units_count":33,"fill_ratio":1,"trailer_place":0}],"posped.rotterdam":[{"target":"tradeaux.felixstowe","urgency":0,"shortest_distance_km":136,"ferry_time":480,"ferry_price":960,"cargo":"cargo.pork_meat","company_truck":"renault_magnum_4x2_a","trailer_variant":"trailer.scs_ref","trailer_definition":"trailer_def.scs.box.single_3.reefer","units_count":33,"fill_ratio":1,"trailer_place":0}],"norr_food.jonkoping":[{"target":"gnt.jonkoping","urgency":2,"shortest_distance_km":1,"ferry_time":0,"ferry_price":0,"cargo":"cargo.empty_palet","company_truck":"iveco_4x2_b","trailer_variant":"trailer.scs_dry_s","trailer_definition":"trailer_def.scs.box.single_3.dryvan","units_count":33,"fill_ratio":1,"trailer_place":0}],"agronord.kristiansand":[{"target":"polar_fish.stavanger","urgency":1,"shortest_distance_km":117,"ferry_time":0,"ferry_price":0,"cargo":"cargo.potatoes","company_truck":"daf_xf_euro6_4x2_c","trailer_variant":"trailer.scs_dry_m","trailer_definition":"trailer_def.scs.box.single_3.dryvan_m","units_count":33,"fill_ratio":1,"trailer_place":0},{"target":"gnt.kristiansand","urgency":0,"shortest_distance_km":62,"ferry_time":0,"ferry_price":0,"cargo":"cargo.pears","company_truck":"double/daf_4x2_a","trailer_variant":"trailer.scs_curt_2","trailer_definition":"trailer_def.scs.box.double_3_2.curtain","units_count":53,"fill_ratio":1,"trailer_place":0}],"norr_food.karlskrona":[{"target":"renar.kobenhavn","urgency":0,"shortest_distance_km":304,"ferry_time":0,"ferry_price":0,"cargo":"cargo.used_plast","company_truck":"renault_magnum_6x4_a","trailer_variant":"trailer.scs_curt_a","trailer_definition":"trailer_def.scs.box.single_3.curtain","units_count":33,"fill_ratio":1,"trailer_place":0}],"eurogoodies.grimsby":[{"target":"kaarfor.swansea","urgency":0,"shortest_distance_km":501,"ferry_time":0,"ferry_price":0,"cargo":"cargo.sheep_wool","company_truck":"scania_r_6x4_650","trailer_variant":"trailer.scs_curt_s","trailer_definition":"trailer_def.scs.box.single_3.curtain","units_count":33,"fill_ratio":1,"trailer_place":0}],"polarislines.goteborg":[{"target":"gnt.helsingborg","urgency":0,"shortest_distance_km":243,"ferry_time":0,"ferry_price":0,"cargo":"cargo.empty_barr","company_truck":"double/daf_4x2_a","trailer_variant":"trailer.scs_curt_b2","trailer_definition":"trailer_def.scs.box.bdouble_3_3.curtain","units_count":53,"fill_ratio":1,"trailer_place":0},{"target":"norr_food.jonkoping","urgency":0,"shortest_distance_km":182,"ferry_time":0,"ferry_price":0,"cargo":"cargo.canned_pork","company_truck":"double/man_euro6_4x2_xxl","trailer_variant":"trailer.scs_ref_2","trailer_definition":"trailer_def.scs.box.double_3_2.reefer","units_count":53,"fill_ratio":1,"trailer_place":0}],"eurogoodies.bremen":[{"target":"posped.kiel","urgency":0,"shortest_distance_km":245,"ferry_time":0,"ferry_price":0,"cargo":"cargo.smokd_eel","company_truck":"mercedes_actros_2014_6x4_b","trailer_variant":"trailer.scs_ins_s","trailer_definition":"trailer_def.scs.box.single_3.insulated","units_count":33,"fill_ratio":1,"trailer_place":0}],"ika_bohag.linkoping":[{"target":"ns_chem.stockholm","urgency":2,"shortest_distance_km":175,"ferry_time":0,"ferry_price":0,"cargo":"cargo.empty_palet","company_truck":"renault_magnum_4x2_a","trailer_variant":"trailer.scs_curt_a","trailer_definition":"trailer_def.scs.box.single_3.curtain","units_count":33,"fill_ratio":1,"trailer_place":0}],"nord_crown.stavanger":[{"target":"gnt.jonkoping","urgency":0,"shortest_distance_km":851,"ferry_time":0,"ferry_price":0,"cargo":"cargo.beef_meat","company_truck":"double/scania_4x2_a","trailer_variant":"trailer.scs_ref_2","trailer_definition":"trailer_def.scs.box.double_3_2.reefer","units_count":53,"fill_ratio":1,"trailer_place":0},{"target":"gnt.bergen","urgency":0,"shortest_distance_km":426,"ferry_time":0,"ferry_price":0,"cargo":"cargo.lamb_stom","company_truck":"double/man_euro6_4x2_xxl","trailer_variant":"trailer.scs_ins_2","trailer_definition":"trailer_def.scs.box.double_3_2.insulated","units_count":53,"fill_ratio":1,"trailer_place":0},{"target":"norr_food.vasteraas","urgency":0,"shortest_distance_km":900,"ferry_time":0,"ferry_price":0,"cargo":"cargo.sausages","company_truck":"scania_4x2_c","trailer_variant":"trailer.scs_ref_a","trailer_definition":"trailer_def.scs.box.single_3.reefer","units_count":33,"fill_ratio":1,"trailer_place":0}],"norrsken.stockholm":[{"target":"polarislines.nynashamn","urgency":2,"shortest_distance_km":29,"ferry_time":0,"ferry_price":0,"cargo":"cargo.electronics","company_truck":"renault_t_4x2","trailer_variant":"trailer.scs_dry_ms","trailer_definition":"trailer_def.scs.box.single_3.dryvan_m","units_count":33,"fill_ratio":1,"trailer_place":0}],"bhv.odense":[{"target":"renar.vaxjo","urgency":0,"shortest_distance_km":416,"ferry_time":0,"ferry_price":0,"cargo":"cargo.volvo_cars","company_truck":"mercedes_6x4_a","trailer_variant":"trailer.car_volvo","trailer_definition":"trailer_def.volvo_cars.car_volvo","units_count":100,"fill_ratio":1,"trailer_place":0}],"gnt.kristiansand":[{"target":"sag_tre.oslo","urgency":0,"shortest_distance_km":271,"ferry_time":0,"ferry_price":0,"cargo":"cargo.diggers","company_truck":"renault_premium_4x2_c","trailer_variant":"trailer.overweight.digger","trailer_definition":"trailer_def.diggers.overweight.digger","units_count":100,"fill_ratio":1,"trailer_place":0},{"target":"norrsken.aalborg","urgency":0,"shortest_distance_km":106,"ferry_time":195,"ferry_price":1052,"cargo":"cargo.pears","company_truck":"mercedes_actros_2014_4x2_a","trailer_variant":"trailer.scs_curt","trailer_definition":"trailer_def.scs.box.single_3.curtain","units_count":33,"fill_ratio":1,"trailer_place":0}],"ika_bohag.aalborg":[{"target":"norrsken.goteborg","urgency":0,"shortest_distance_km":225,"ferry_time":195,"ferry_price":677,"cargo":"cargo.used_packag","company_truck":"man_6x4_b","trailer_variant":"trailer.scs_dry_a","trailer_definition":"trailer_def.scs.box.single_3.dryvan","units_count":33,"fill_ratio":1,"trailer_place":0},{"target":"norr_food.helsingborg","urgency":2,"shortest_distance_km":458,"ferry_time":0,"ferry_price":0,"cargo":"cargo.pot_flowers","company_truck":"scania_s_4x2_580","trailer_variant":"trailer.scs_ref_a","trailer_definition":"trailer_def.scs.box.single_3.reefer","units_count":33,"fill_ratio":1,"trailer_place":0}],"norrsken.karlskrona":[{"target":"renar.vaxjo","urgency":0,"shortest_distance_km":69,"ferry_time":0,"ferry_price":0,"cargo":"cargo.mondeos","company_truck":"man_6x4_b","trailer_variant":"trailer.car_trans","trailer_definition":"trailer_def.mondeos.car_trans","units_count":100,"fill_ratio":1,"trailer_place":0}],"eurogoodies.kiel":[{"target":"gnt.kristiansand","urgency":0,"shortest_distance_km":443,"ferry_time":195,"ferry_price":1052,"cargo":"cargo.nuts","company_truck":"double/daf_xf_euro6_4x2_a","trailer_variant":"trailer.scs_dry_b2","trailer_definition":"trailer_def.scs.box.bdouble_3_3.dryvan","units_count":28,"fill_ratio":1,"trailer_place":0}],"konstnr.oslo":[{"target":"norr_food.vaxjo","urgency":1,"shortest_distance_km":547,"ferry_time":0,"ferry_price":0,"cargo":"cargo.forklifts","company_truck":"scania_streamline_4x2_c","trailer_variant":"trailer.overweight.forklifts","trailer_definition":"trailer_def.forklifts.overweight.forklifts","units_count":100,"fill_ratio":1,"trailer_place":0}]}