{"tradeaux.klagenfurt":[{"target":"lkwlog.brno","urgency":0,"shortest_distance_km":344,"ferry_time":0,"ferry_price":0,"cargo":"cargo.driller","company_truck":"scania_s_4x2_580","trailer_variant":"trailer.overweight.driller","trailer_definition":"trailer_def.driller.overweight.driller","units_count":100,"fill_ratio":1,"trailer_place":0}],"transinet.brussel":[{"target":"lkwlog.dover","urgency":0,"shortest_distance_km":235,"ferry_time":91,"ferry_price":384,"cargo":"cargo.yacht","company_truck":"daf_4x2_b","trailer_variant":"trailer.overweight.yacht","trailer_definition":"trailer_def.yacht.overweight.yacht","units_count":100,"fill_ratio":1,"trailer_place":0}],"tree_et.leipzig":[{"target":"transinet.dortmund","urgency":1,"shortest_distance_km":428,"ferry_time":0,"ferry_price":0,"cargo":"cargo.tractor","company_truck":"daf_xf_euro6_4x2_b","trailer_variant":"trailer.overweight.tractor","trailer_definition":"trailer_def.tractor.overweight.tractor","units_count":100,"fill_ratio":1,"trailer_place":0}],"tradeaux.paris":[{"target":"lkwlog.calais","urgency":0,"shortest_distance_km":222,"ferry_time":0,"ferry_price":0,"cargo":"cargo.aircond","company_truck":"renault_t_4x2h","trailer_variant":"trailer.overweight.aircond","trailer_definition":"trailer_def.aircond.overweight.aircond","units_count":100,"fill_ratio":1,"trailer_place":0}],"tree_et.innsbruck":[{"target":"transinet.salzburg","urgency":1,"shortest_distance_km":210,"ferry_time":0,"ferry_price":0,"cargo":"cargo.tractor","company_truck":"scania_streamline_6x2_b","trailer_variant":"trailer.overweight.tractor","trailer_definition":"trailer_def.tractor.overweight.tractor","units_count":100,"fill_ratio":1,"trailer_place":0}],"posped.zurich":[{"target":"euroacres.swansea","urgency":1,"shortest_distance_km":1235,"ferry_time":35,"ferry_price":300,"cargo":"cargo.tractor","company_truck":"man_6x4_b","trailer_variant":"trailer.overweight.tractor","trailer_definition":"trailer_def.tractor.overweight.tractor","units_count":100,"fill_ratio":1,"trailer_place":0}],"sanbuilders.hamburg":[{"target":"transinet.rotterdam","urgency":0,"shortest_distance_km":483,"ferry_time":0,"ferry_price":0,"cargo":"cargo.driller","company_truck":"scania_4x2_a","trailer_variant":"trailer.overweight.driller","trailer_definition":"trailer_def.driller.overweight.driller","units_count":100,"fill_ratio":1,"trailer_place":0}],"tree_et.felixstowe":[{"target":"euroacres.brno","urgency":1,"shortest_distance_km":1477,"ferry_time":35,"ferry_price":300,"cargo":"cargo.tractors","company_truck":"daf_xf_euro6_4x2_c","trailer_variant":"trailer.overweight.tractors","trailer_definition":"trailer_def.tractors.overweight.tractors","units_count":100,"fill_ratio":1,"trailer_place":0}],"quarry.prague":[{"target":"lkwlog.stuttgart","urgency":0,"shortest_distance_km":555,"ferry_time":0,"ferry_price":0,"cargo":"cargo.driller","company_truck":"renault_magnum_6x2_a","trailer_variant":"trailer.overweight.driller","trailer_definition":"trailer_def.driller.overweight.driller","units_count":100,"fill_ratio":1,"trailer_place":0}],"euroacres.swansea":[{"target":"posped.swansea","urgency":1,"shortest_distance_km":3,"ferry_time":0,"ferry_price":0,"cargo":"cargo.tractor","company_truck":"scania_4x2_c","trailer_variant":"trailer.overweight.tractor","trailer_definition":"trailer_def.tractor.overweight.tractor","units_count":100,"fill_ratio":1,"trailer_place":0}],"quarry.sheffield":[{"target":"sanbuilders.edinburgh","urgency":0,"shortest_distance_km":391,"ferry_time":0,"ferry_price":0,"cargo":"cargo.driller","company_truck":"man_6x4_b","trailer_variant":"trailer.overweight.driller","trailer_definition":"trailer_def.driller.overweight.driller","units_count":100,"fill_ratio":1,"trailer_place":0}],"quarry.hannover":[{"target":"transinet.dortmund","urgency":1,"shortest_distance_km":309,"ferry_time":0,"ferry_price":0,"cargo":"cargo.tracks","company_truck":"man_tgx_euro6_4x2_xxl","trailer_variant":"trailer.overweight.tracks","trailer_definition":"trailer_def.tracks.overweight.tracks","units_count":100,"fill_ratio":1,"trailer_place":0}]}