{"kaarfor.amsterdam":[{"target":"balkan_loco.veli_tarnovo","urgency":1,"shortest_distance_km":2369,"ferry_time":0,"ferry_price":0,"cargo":"cargo.used_packag","company_truck":"renault_magnum_6x2_a","trailer_variant":"trailer.scs_dry_a","trailer_definition":"trailer_def.scs.box.single_3.dryvan","units_count":33,"fill_ratio":1,"trailer_place":0}],"eurogoodies.munchen":[{"target":"balkan_loco.craiova","urgency":2,"shortest_distance_km":1278,"ferry_time":0,"ferry_price":0,"cargo":"cargo.rice_c","company_truck":"renault_t_4x2","trailer_variant":"trailer.scs_flat_c_r","trailer_definition":"trailer_def.scs.flatbed.single_3.container","units_count":33,"fill_ratio":1,"trailer_place":0}],"sellplan.sheffield":[{"target":"cont_port.burgas","urgency":1,"shortest_distance_km":3213,"ferry_time":35,"ferry_price":300,"cargo":"cargo.used_plast_c","company_truck":"scania_r_6x4_650","trailer_variant":"trailer.scs_flat_c_r","trailer_definition":"trailer_def.scs.flatbed.single_3.container","units_count":33,"fill_ratio":1,"trailer_place":0}],"kaarfor.edinburgh":[{"target":"tm_istanbul.istanbul","urgency":0,"shortest_distance_km":3743,"ferry_time":35,"ferry_price":300,"cargo":"cargo.used_plast","company_truck":"mercedes_actros_2014_4x2_b","trailer_variant":"trailer.scs_dry_m","trailer_definition":"trailer_def.scs.box.single_3.dryvan_m","units_count":33,"fill_ratio":1,"trailer_place":0}],"eurogoodies.venezia":[{"target":"kaarfor.hunedoara","urgency":0,"shortest_distance_km":1190,"ferry_time":0,"ferry_price":0,"cargo":"cargo.apples_c","company_truck":"scania_6x4_a","trailer_variant":"trailer.scs_gosck20","trailer_definition":"trailer_def.scs.gooseneck.singl_3e_20.container","units_count":15,"fill_ratio":1,"trailer_place":0}],"posped.bratislava":[{"target":"ttk_bg.varna","urgency":2,"shortest_distance_km":1267,"ferry_time":0,"ferry_price":0,"cargo":"cargo.nuts","company_truck":"daf_4x2_a","trailer_variant":"trailer.scs_curt_s","trailer_definition":"trailer_def.scs.box.single_3.curtain","units_count":33,"fill_ratio":1,"trailer_place":0}],"sellplan.venezia":[{"target":"cnp.constanta","urgency":2,"shortest_distance_km":1771,"ferry_time":0,"ferry_price":0,"cargo":"cargo.empty_palet","company_truck":"renault_t_4x2","trailer_variant":"trailer.scs_dry_s","trailer_definition":"trailer_def.scs.box.single_3.dryvan","units_count":33,"fill_ratio":1,"trailer_place":0}],"domdepo.tekirdag":[{"target":"lognstick.istanbul","urgency":1,"shortest_distance_km":141,"ferry_time":0,"ferry_price":0,"cargo":"cargo.outdr_flr_tl","company_truck":"daf_xf_euro6_6x2_a","trailer_variant":"trailer.scs_brick_r","trailer_definition":"trailer_def.scs.flatbed.single_3.brick","units_count":33,"fill_ratio":1,"trailer_place":0},{"target":"fallow.istanbul","urgency":0,"shortest_distance_km":144,"ferry_time":0,"ferry_price":0,"cargo":"cargo.copp_rf_gutt","company_truck":"man_4x2_a","trailer_variant":"trailer.scs_dry_m","trailer_definition":"trailer_def.scs.box.single_3.dryvan_m","units_count":33,"fill_ratio":1,"trailer_place":0}],"fallow.timisoara":[{"target":"cemelt_fla.cluj_napoca","urgency":0,"shortest_distance_km":502,"ferry_time":0,"ferry_price":0,"cargo":"cargo.copp_rf_gutt","company_truck":"scania_s_4x2_370","trailer_variant":"trailer.scs_dry","trailer_definition":"trailer_def.scs.box.single_3.dryvan","units_count":33,"fill_ratio":1,"trailer_place":0},{"target":"domdepo.timisoara","urgency":1,"shortest_distance_km":10,"ferry_time":0,"ferry_price":0,"cargo":"cargo.sawpanels","company_truck":"scania_s_4x2_370","trailer_variant":"trailer.scs_dry_s","trailer_definition":"trailer_def.scs.box.single_3.dryvan","units_count":33,"fill_ratio":1,"trailer_place":0}],"trainfoundry.karlovo":[{"target":"radus_ru.ruse","urgency":1,"shortest_distance_km":212,"ferry_time":0,"ferry_price":0,"cargo":"cargo.scrap_metals","company_truck":"daf_xf_euro6_4x2_b","trailer_variant":"trailer.s_ki_solid.cover","trailer_definition":"trailer_def.scrap_metals.s_ki_solid.cover","units_count":100,"fill_ratio":1,"trailer_place":0},{"target":"imp_otel.galati","urgency":1,"shortest_distance_km":470,"ferry_time":0,"ferry_price":0,"cargo":"cargo.hipresstank","company_truck":"mercedes_6x4_a","trailer_variant":"trailer.scs_flat_r","trailer_definition":"trailer_def.scs.flatbed.single_3.flatbed_w","units_count":2,"fill_ratio":1,"trailer_place":0}],"spinelli.pitesti":[{"target":"balkan_loco.veli_tarnovo","urgency":1,"shortest_distance_km":313,"ferry_time":0,"ferry_price":0,"cargo":"cargo.used_packag","company_truck":"man_tgx_euro6_4x2_xxl","trailer_variant":"trailer.scs_dry_s","trailer_definition":"trailer_def.scs.box.single_3.dryvan","units_count":33,"fill_ratio":1,"trailer_place":0}],"rimaf.tekirdag":[{"target":"baltrak.tekirdag","urgency":0,"shortest_distance_km":69,"ferry_time":0,"ferry_price":0,"cargo":"cargo.beef_meat","company_truck":"mercedes_6x4_a","trailer_variant":"trailer.scs_ref_a","trailer_definition":"trailer_def.scs.box.single_3.reefer","units_count":33,"fill_ratio":1,"trailer_place":0},{"target":"ttk_bg.sofia","urgency":1,"shortest_distance_km":566,"ferry_time":0,"ferry_price":0,"cargo":"cargo.cheese","company_truck":"renault_magnum_6x4_a","trailer_variant":"trailer.scs_ins","trailer_definition":"trailer_def.scs.box.single_3.insulated","units_count":33,"fill_ratio":1,"trailer_place":0},{"target":"lognstick.tekirdag","urgency":2,"shortest_distance_km":68,"ferry_time":0,"ferry_price":0,"cargo":"cargo.milk","company_truck":"scania_4x2_b","trailer_variant":"trailer.scs_dry_m","trailer_definition":"trailer_def.scs.box.single_3.dryvan_m","units_count":33,"fill_ratio":1,"trailer_place":0}],"ttk_bg.plovdiv":[{"target":"ocean_sol.mangalia","urgency":1,"shortest_distance_km":392,"ferry_time":0,"ferry_price":0,"cargo":"cargo.electronics","company_truck":"man_6x4_b","trailer_variant":"trailer.scs_dry","trailer_definition":"trailer_def.scs.box.single_3.dryvan","units_count":33,"fill_ratio":1,"trailer_place":0}],"cemelt_fla.cluj_napoca":[{"target":"fallow.cluj_napoca","urgency":0,"shortest_distance_km":2,"ferry_time":0,"ferry_price":0,"cargo":"cargo.digger1000","company_truck":"mercedes_actros_2014_4x2_a","trailer_variant":"trailer.overweight.digger1000","trailer_definition":"trailer_def.digger1000.overweight.digger1000","units_count":100,"fill_ratio":1,"trailer_place":0}],"domdepo.edirne":[{"target":"tm_istanbul.istanbul","urgency":2,"shortest_distance_km":189,"ferry_time":0,"ferry_price":0,"cargo":"cargo.wallpanels","company_truck":"mercedes_4x2","trailer_variant":"trailer.panel_trans.wall","trailer_definition":"trailer_def.wallpanels.panel_trans.wall","units_count":100,"fill_ratio":1,"trailer_place":0}],"scs_paper.istanbul":[{"target":"subse.sofia","urgency":1,"shortest_distance_km":592,"ferry_time":0,"ferry_price":0,"cargo":"cargo.paper","company_truck":"man_6x4_b","trailer_variant":"trailer.scs_dry_a","trailer_definition":"trailer_def.scs.box.single_3.dryvan","units_count":33,"fill_ratio":1,"trailer_place":0},{"target":"tm_istanbul.istanbul","urgency":1,"shortest_distance_km":7,"ferry_time":0,"ferry_price":0,"cargo":"cargo.used_packag","company_truck":"scania_streamline_6x4_a","trailer_variant":"trailer.scs_dry_a","trailer_definition":"trailer_def.scs.box.single_3.dryvan","units_count":33,"fill_ratio":1,"trailer_place":0}],"kaarfor.constanta":[{"target":"brawen.bucuresti","urgency":0,"shortest_distance_km":201,"ferry_time":0,"ferry_price":0,"cargo":"cargo.used_plast","company_truck":"scania_4x2_a","trailer_variant":"trailer.scs_dry_a","trailer_definition":"trailer_def.scs.box.single_3.dryvan","units_count":33,"fill_ratio":1,"trailer_place":0},{"target":"baltrak.tekirdag","urgency":1,"shortest_distance_km":585,"ferry_time":0,"ferry_price":0,"cargo":"cargo.used_packag","company_truck":"scania_4x2_a","trailer_variant":"trailer.scs_dry_ms","trailer_definition":"trailer_def.scs.box.single_3.dryvan_m","units_count":33,"fill_ratio":1,"trailer_place":0}],"radus_ru.ruse":[{"target":"nucleon.kozloduy","urgency":0,"shortest_distance_km":191,"ferry_time":0,"ferry_price":0,"cargo":"cargo.digger1000","company_truck":"man_tgx_euro6_4x2_xl","trailer_variant":"trailer.overweight.digger1000","trailer_definition":"trailer_def.digger1000.overweight.digger1000","units_count":100,"fill_ratio":1,"trailer_place":0},{"target":"balkan_loco.craiova","urgency":1,"shortest_distance_km":262,"ferry_time":0,"ferry_price":0,"cargo":"cargo.diggers","company_truck":"mercedes_actros_2014_6x4_b","trailer_variant":"trailer.overweight.digger","trailer_definition":"trailer_def.diggers.overweight.digger","units_count":100,"fill_ratio":1,"trailer_place":0}],"balkan_loco.edirne":[{"target":"ttk_bg.varna","urgency":1,"shortest_distance_km":340,"ferry_time":0,"ferry_price":0,"cargo":"cargo.used_packag","company_truck":"iveco_h_4x2_a","trailer_variant":"trailer.scs_dry_m","trailer_definition":"trailer_def.scs.box.single_3.dryvan_m","units_count":33,"fill_ratio":1,"trailer_place":0}],"timberturtle.hunedoara":[{"target":"brawen.bucuresti","urgency":1,"shortest_distance_km":583,"ferry_time":0,"ferry_price":0,"cargo":"cargo.diggers","company_truck":"scania_s_6x2_450","trailer_variant":"trailer.overweight.digger","trailer_definition":"trailer_def.diggers.overweight.digger","units_count":100,"fill_ratio":1,"trailer_place":0},{"target":"fallow.targu_mures","urgency":0,"shortest_distance_km":141,"ferry_time":0,"ferry_price":0,"cargo":"cargo.digger1000","company_truck":"mercedes_4x2_c","trailer_variant":"trailer.overweight.digger1000","trailer_definition":"trailer_def.digger1000.overweight.digger1000","units_count":100,"fill_ratio":1,"trailer_place":0}],"nucleon.cernavoda":[{"target":"balkan_loco.veli_tarnovo","urgency":2,"shortest_distance_km":346,"ferry_time":0,"ferry_price":0,"cargo":"cargo.excav_soil","company_truck":"renault_t_4x2h","trailer_variant":"trailer.s_ki_solid.cover","trailer_definition":"trailer_def.excav_soil.s_ki_solid.cover","units_count":100,"fill_ratio":1,"trailer_place":0},{"target":"fallow.timisoara","urgency":2,"shortest_distance_km":722,"ferry_time":0,"ferry_price":0,"cargo":"cargo.empty_palet","company_truck":"renault_premium_4x2_a","trailer_variant":"trailer.scs_dry_a","trailer_definition":"trailer_def.scs.box.single_3.dryvan","units_count":33,"fill_ratio":1,"trailer_place":0}],"renat.resita":[{"target":"ttk_bg.plovdiv","urgency":1,"shortest_distance_km":711,"ferry_time":0,"ferry_price":0,"cargo":"cargo.forklifts","company_truck":"man_6x4_b","trailer_variant":"trailer.overweight.forklifts","trailer_definition":"trailer_def.forklifts.overweight.forklifts","units_count":100,"fill_ratio":1,"trailer_place":0}],"rock_eater.hunedoara":[{"target":"balkan_loco.craiova","urgency":0,"shortest_distance_km":229,"ferry_time":0,"ferry_price":0,"cargo":"cargo.digger1000","company_truck":"scania_4x2_b","trailer_variant":"trailer.overweight.digger1000","trailer_definition":"trailer_def.digger1000.overweight.digger1000","units_count":100,"fill_ratio":1,"trailer_place":0},{"target":"domdepo.bucuresti","urgency":1,"shortest_distance_km":445,"ferry_time":0,"ferry_price":0,"cargo":"cargo.stone_dust","company_truck":"man_4x2_a","trailer_variant":"trailer.s_ki_solid.cover","trailer_definition":"trailer_def.stone_dust.s_ki_solid.cover","units_count":100,"fill_ratio":1,"trailer_place":0},{"target":"fallow.targu_mures","urgency":2,"shortest_distance_km":203,"ferry_time":0,"ferry_price":0,"cargo":"cargo.excavator","company_truck":"renault_t_6x2","trailer_variant":"trailer.overweight.excavator","trailer_definition":"trailer_def.excavator.overweight.excavator","units_count":100,"fill_ratio":1,"trailer_place":0}],"ocean_sol.ruse":[{"target":"ttk_bg.plovdiv","urgency":1,"shortest_distance_km":281,"ferry_time":0,"ferry_price":0,"cargo":"cargo.scrap_metals","company_truck":"daf_xf_euro6_4x2_c","trailer_variant":"trailer.s_ki_solid.cover","trailer_definition":"trailer_def.scrap_metals.s_ki_solid.cover","units_count":100,"fill_ratio":1,"trailer_place":0}],"domdepo_ru.pleven":[{"target":"lognstick.galati","urgency":0,"shortest_distance_km":383,"ferry_time":0,"ferry_price":0,"cargo":"cargo.glass_packed","company_truck":"scania_streamline_4x2_a","trailer_variant":"trailer.gls_trailer","trailer_definition":"trailer_def.glass_packed.gls_trailer","units_count":100,"fill_ratio":1,"trailer_place":0},{"target":"balkan_loco.pleven","urgency":0,"shortest_distance_km":3,"ferry_time":0,"ferry_price":0,"cargo":"cargo.glass","company_truck":"daf_6x2_a","trailer_variant":"trailer.panel_trans.glass","trailer_definition":"trailer_def.glass.panel_trans.glass","units_count":100,"fill_ratio":1,"trailer_place":0}],"ika_bohag.sofia":[{"target":"cnp.pitesti","urgency":2,"shortest_distance_km":460,"ferry_time":0,"ferry_price":0,"cargo":"cargo.empty_palet","company_truck":"daf_4x2_b","trailer_variant":"trailer.scs_dry_m","trailer_definition":"trailer_def.scs.box.single_3.dryvan_m","units_count":33,"fill_ratio":1,"trailer_place":0}],"baltrak.tekirdag":[{"target":"rimaf.tekirdag","urgency":0,"shortest_distance_km":64,"ferry_time":0,"ferry_price":0,"cargo":"cargo.digger1000","company_truck":"daf_xf_euro6_4x2_b","trailer_variant":"trailer.overweight.digger1000","trailer_definition":"trailer_def.digger1000.overweight.digger1000","units_count":100,"fill_ratio":1,"trailer_place":0}],"cemelt_fla.edirne":[{"target":"spinelli.pitesti","urgency":1,"shortest_distance_km":624,"ferry_time":0,"ferry_price":0,"cargo":"cargo.forklifts","company_truck":"renault_t_4x2","trailer_variant":"trailer.overweight.forklifts","trailer_definition":"trailer_def.forklifts.overweight.forklifts","units_count":100,"fill_ratio":1,"trailer_place":0},{"target":"nucleon.cernavoda","urgency":0,"shortest_distance_km":507,"ferry_time":0,"ferry_price":0,"cargo":"cargo.digger1000","company_truck":"iveco_4x2_a","trailer_variant":"trailer.overweight.digger1000","trailer_definition":"trailer_def.digger1000.overweight.digger1000","units_count":100,"fill_ratio":1,"trailer_place":0}],"rock_eater.galati":[{"target":"domdepo.iasi","urgency":1,"shortest_distance_km":218,"ferry_time":0,"ferry_price":0,"cargo":"cargo.stone_dust","company_truck":"mercedes_4x2","trailer_variant":"trailer.s_ki_solid.cover","trailer_definition":"trailer_def.stone_dust.s_ki_solid.cover","units_count":100,"fill_ratio":1,"trailer_place":0}],"ika_bohag.bucuresti":[{"target":"brawen.bucuresti","urgency":2,"shortest_distance_km":27,"ferry_time":0,"ferry_price":0,"cargo":"cargo.empty_palet","company_truck":"daf_4x2_a","trailer_variant":"trailer.scs_curt_a","trailer_definition":"trailer_def.scs.box.single_3.curtain","units_count":33,"fill_ratio":1,"trailer_place":0},{"target":"balkan_loco.craiova","urgency":1,"shortest_distance_km":222,"ferry_time":0,"ferry_price":0,"cargo":"cargo.used_packag","company_truck":"scania_4x2_b","trailer_variant":"trailer.scs_dry_m","trailer_definition":"trailer_def.scs.box.single_3.dryvan_m","units_count":33,"fill_ratio":1,"trailer_place":0}],"ns_oil.timisoara":[{"target":"st_roza_bg.pernik","urgency":2,"shortest_distance_km":723,"ferry_time":0,"ferry_price":0,"cargo":"cargo.petrol","company_truck":"scania_4x2_c","trailer_variant":"trailer.willig.fuel_cistern","trailer_definition":"trailer_def.petrol.willig.fuel_cistern","units_count":101,"fill_ratio":1,"trailer_place":0},{"target":"rimaf.iasi","urgency":1,"shortest_distance_km":590,"ferry_time":0,"ferry_price":0,"cargo":"cargo.diesel","company_truck":"man_tgx_euro6_4x2_xxl","trailer_variant":"trailer.fuel_cistern","trailer_definition":"trailer_def.diesel.fuel_cistern","units_count":100,"fill_ratio":1,"trailer_place":0}],"radus_ru.sofia":[{"target":"lognstick.hunedoara","urgency":1,"shortest_distance_km":597,"ferry_time":0,"ferry_price":0,"cargo":"cargo.diggers","company_truck":"daf_xf_euro6_6x4_c","trailer_variant":"trailer.overweight.digger","trailer_definition":"trailer_def.diggers.overweight.digger","units_count":100,"fill_ratio":1,"trailer_place":0}],"cemelt_fl_ru.sofia":[{"target":"domdepo.tekirdag","urgency":2,"shortest_distance_km":551,"ferry_time":0,"ferry_price":0,"cargo":"cargo.excav_soil","company_truck":"scania_4x2_a","trailer_variant":"trailer.s_ki_solid.cover","trailer_definition":"trailer_def.excav_soil.s_ki_solid.cover","units_count":100,"fill_ratio":1,"trailer_place":0},{"target":"low_field.edirne","urgency":0,"shortest_distance_km":470,"ferry_time":0,"ferry_price":0,"cargo":"cargo.digger1000","company_truck":"mercedes_6x2_b","trailer_variant":"trailer.overweight.digger1000","trailer_definition":"trailer_def.digger1000.overweight.digger1000","units_count":100,"fill_ratio":1,"trailer_place":0}],"imp_otel.calarasi":[{"target":"nucleon.cernavoda","urgency":0,"shortest_distance_km":92,"ferry_time":0,"ferry_price":0,"cargo":"cargo.vent_tube","company_truck":"scania_4x2_c","trailer_variant":"trailer.scs_flat_c_r","trailer_definition":"trailer_def.scs.flatbed.single_3.container","units_count":2,"fill_ratio":1,"trailer_place":0}],"lognstick.tekirdag":[{"target":"balkan_loco.veli_tarnovo","urgency":0,"shortest_distance_km":457,"ferry_time":0,"ferry_price":0,"cargo":"cargo.med_equip","company_truck":"man_tgx_euro6_4x2_xl","trailer_variant":"trailer.scs_ref_s","trailer_definition":"trailer_def.scs.box.single_3.reefer","units_count":33,"fill_ratio":1,"trailer_place":0},{"target":"kaarfor.edirne","urgency":1,"shortest_distance_km":195,"ferry_time":0,"ferry_price":0,"cargo":"cargo.clothes","company_truck":"mercedes_actros_2014_6x4_b","trailer_variant":"trailer.scs_dry_a","trailer_definition":"trailer_def.scs.box.single_3.dryvan","units_count":33,"fill_ratio":1,"trailer_place":0}],"rock_eater.istanbul":[{"target":"baltrak.istanbul","urgency":0,"shortest_distance_km":59,"ferry_time":0,"ferry_price":0,"cargo":"cargo.gravel","company_truck":"daf_xf_euro6_4x2_a","trailer_variant":"trailer.s_ki_solid.gravel","trailer_definition":"trailer_def.gravel.s_ki_solid.gravel","units_count":100,"fill_ratio":1,"trailer_place":0}],"kaarfor.pitesti":[{"target":"balkan_loco.ruse","urgency":1,"shortest_distance_km":183,"ferry_time":0,"ferry_price":0,"cargo":"cargo.used_packag","company_truck":"scania_streamline_6x2_b","trailer_variant":"trailer.scs_dry","trailer_definition":"trailer_def.scs.box.single_3.dryvan","units_count":33,"fill_ratio":1,"trailer_place":0},{"target":"fallow.timisoara","urgency":1,"shortest_distance_km":443,"ferry_time":0,"ferry_price":0,"cargo":"cargo.used_plast_c","company_truck":"iveco_4x2_b","trailer_variant":"trailer.scs_flat_c_g","trailer_definition":"trailer_def.scs.flatbed.single_3.container","units_count":33,"fill_ratio":1,"trailer_place":0},{"target":"baltrak.edirne","urgency":2,"shortest_distance_km":534,"ferry_time":0,"ferry_price":0,"cargo":"cargo.empty_palet","company_truck":"man_6x4_b","trailer_variant":"trailer.scs_dry_m","trailer_definition":"trailer_def.scs.box.single_3.dryvan_m","units_count":33,"fill_ratio":1,"trailer_place":0}],"st_roza_bg.burgas":[{"target":"dobr_ferm_bg.karlovo","urgency":1,"shortest_distance_km":219,"ferry_time":0,"ferry_price":0,"cargo":"cargo.outdr_flr_tl","company_truck":"mercedes_4x2_b","trailer_variant":"trailer.scs_curt_s","trailer_definition":"trailer_def.scs.box.single_3.curtain","units_count":33,"fill_ratio":1,"trailer_place":0},{"target":"balkan_loco.ruse","urgency":1,"shortest_distance_km":287,"ferry_time":0,"ferry_price":0,"cargo":"cargo.precast_strs","company_truck":"scania_streamline_4x2_c","trailer_variant":"trailer.scs_dry_ms","trailer_definition":"trailer_def.scs.box.single_3.dryvan_m","units_count":33,"fill_ratio":1,"trailer_place":0},{"target":"tm_istanbul.istanbul","urgency":2,"shortest_distance_km":326,"ferry_time":0,"ferry_price":0,"cargo":"cargo.overweight","company_truck":"mercedes_actros_2014_6x2_a","trailer_variant":"trailer.scs_flat_c_g","trailer_definition":"trailer_def.scs.flatbed.single_3.container","units_count":1,"fill_ratio":1,"trailer_place":0}],"kolico.sofia":[{"target":"nucleon.kozloduy","urgency":0,"shortest_distance_km":248,"ferry_time":0,"ferry_price":0,"cargo":"cargo.bottle_water","company_truck":"iveco_h_4x2_a","trailer_variant":"trailer.scs_dry_a","trailer_definition":"trailer_def.scs.box.single_3.dryvan","units_count":33,"fill_ratio":1,"trailer_place":0},{"target":"ttk_bg.sofia","urgency":1,"shortest_distance_km":62,"ferry_time":0,"ferry_price":0,"cargo":"cargo.nonalco_beer","company_truck":"scania_s_6x4_730","trailer_variant":"trailer.scs_dry_ms","trailer_definition":"trailer_def.scs.box.single_3.dryvan_m","units_count":33,"fill_ratio":1,"trailer_place":0},{"target":"ttk_bg.varna","urgency":0,"shortest_distance_km":541,"ferry_time":0,"ferry_price":0,"cargo":"cargo.limonades","company_truck":"mercedes_actros_2014_4x2_a","trailer_variant":"trailer.scs_dry_ms","trailer_definition":"trailer_def.scs.box.single_3.dryvan_m","units_count":33,"fill_ratio":1,"trailer_place":0},{"target":"balkan_loco.pleven","urgency":0,"shortest_distance_km":222,"ferry_time":0,"ferry_price":0,"cargo":"cargo.carb_water","company_truck":"daf_4x2_a","trailer_variant":"trailer.scs_curt_a","trailer_definition":"trailer_def.scs.box.single_3.curtain","units_count":33,"fill_ratio":1,"trailer_place":0}],"domdepo.iasi":[{"target":"balkan_loco.pleven","urgency":2,"shortest_distance_km":571,"ferry_time":0,"ferry_price":0,"cargo":"cargo.stones","company_truck":"man_6x4_b","trailer_variant":"trailer.s_ki_solid.cover","trailer_definition":"trailer_def.stones.s_ki_solid.cover","units_count":100,"fill_ratio":1,"trailer_place":0}],"cont_port.constanta":[{"target":"balkan_loco.craiova","urgency":2,"shortest_distance_km":468,"ferry_time":0,"ferry_price":0,"cargo":"cargo.vinegar_c","company_truck":"man_6x4_b","trailer_variant":"trailer.scs_gosck40","trailer_definition":"trailer_def.scs.gooseneck.singl_3e_40.container","units_count":30,"fill_ratio":1,"trailer_place":0},{"target":"sporklift.plovdiv","urgency":2,"shortest_distance_km":443,"ferry_time":0,"ferry_price":0,"cargo":"cargo.motor_oil_c","company_truck":"renault_premium_4x2_c","trailer_variant":"trailer.scs_flat_c_g","trailer_definition":"trailer_def.scs.flatbed.single_3.container","units_count":33,"fill_ratio":1,"trailer_place":0}],"brawen.bacau":[{"target":"balkan_loco.pleven","urgency":2,"shortest_distance_km":639,"ferry_time":0,"ferry_price":0,"cargo":"cargo.furniture","company_truck":"scania_6x4_a","trailer_variant":"trailer.scs_dry","trailer_definition":"trailer_def.scs.box.single_3.dryvan","units_count":33,"fill_ratio":1,"trailer_place":0}],"kaarfor.hunedoara":[{"target":"cnp.pitesti","urgency":2,"shortest_distance_km":325,"ferry_time":0,"ferry_price":0,"cargo":"cargo.empty_palet","company_truck":"mercedes_4x2","trailer_variant":"trailer.scs_dry_ms","trailer_definition":"trailer_def.scs.box.single_3.dryvan_m","units_count":33,"fill_ratio":1,"trailer_place":0},{"target":"balkan_loco.veli_tarnovo","urgency":1,"shortest_distance_km":561,"ferry_time":0,"ferry_price":0,"cargo":"cargo.used_plast_c","company_truck":"man_6x4_b","trailer_variant":"trailer.scs_flat_c_g","trailer_definition":"trailer_def.scs.flatbed.single_3.container","units_count":33,"fill_ratio":1,"trailer_place":0}],"imp_otel.galati":[{"target":"balkan_loco.ruse","urgency":2,"shortest_distance_km":299,"ferry_time":0,"ferry_price":0,"cargo":"cargo.largetubes","company_truck":"man_6x4_b","trailer_variant":"trailer.scs_flat_r","trailer_definition":"trailer_def.scs.flatbed.single_3.flatbed_w","units_count":2,"fill_ratio":1,"trailer_place":0}],"renat.veli_tarnovo":[{"target":"kaarfor.ruse","urgency":2,"shortest_distance_km":61,"ferry_time":0,"ferry_price":0,"cargo":"cargo.furniture","company_truck":"renault_magnum_6x2_a","trailer_variant":"trailer.scs_curt_s","trailer_definition":"trailer_def.scs.box.single_3.curtain","units_count":33,"fill_ratio":1,"trailer_place":0},{"target":"imp_otel.calarasi","urgency":1,"shortest_distance_km":265,"ferry_time":0,"ferry_price":0,"cargo":"cargo.forklifts","company_truck":"mercedes_actros_2014_4x2_c","trailer_variant":"trailer.overweight.forklifts","trailer_definition":"trailer_def.forklifts.overweight.forklifts","units_count":100,"fill_ratio":1,"trailer_place":0}],"domdepo.bucuresti":[{"target":"cemelt_fla.cluj_napoca","urgency":2,"shortest_distance_km":697,"ferry_time":0,"ferry_price":0,"cargo":"cargo.lumber","company_truck":"iveco_h_4x2_a","trailer_variant":"trailer.scs_flat_c_r","trailer_definition":"trailer_def.scs.flatbed.single_3.container","units_count":2,"fill_ratio":1,"trailer_place":0}],"low_field.galati":[{"target":"kaarfor.iasi","urgency":0,"shortest_distance_km":207,"ferry_time":0,"ferry_price":0,"cargo":"cargo.peas","company_truck":"man_tgx_euro6_4x2_xl","trailer_variant":"trailer.scs_dry_s","trailer_definition":"trailer_def.scs.box.single_3.dryvan","units_count":33,"fill_ratio":1,"trailer_place":0}],"nucleon.kozloduy":[{"target":"lognstick.galati","urgency":2,"shortest_distance_km":481,"ferry_time":0,"ferry_price":0,"cargo":"cargo.empty_palet","company_truck":"renault_premium_6x2_a","trailer_variant":"trailer.scs_dry_a","trailer_definition":"trailer_def.scs.box.single_3.dryvan","units_count":33,"fill_ratio":1,"trailer_place":0}],"cont_port.burgas":[{"target":"fallow.timisoara","urgency":2,"shortest_distance_km":899,"ferry_time":0,"ferry_price":0,"cargo":"cargo.beverages_c","company_truck":"daf_xf_euro6_4x2_b","trailer_variant":"trailer.scs_flat_c_r","trailer_definition":"trailer_def.scs.flatbed.single_3.container","units_count":33,"fill_ratio":1,"trailer_place":0},{"target":"subse.sofia","urgency":2,"shortest_distance_km":444,"ferry_time":0,"ferry_price":0,"cargo":"cargo.vinegar_c","company_truck":"iveco_4x2_b","trailer_variant":"trailer.scs_flat_c_g","trailer_definition":"trailer_def.scs.flatbed.single_3.container","units_count":33,"fill_ratio":1,"trailer_place":0}],"sporklift.cluj_napoca":[{"target":"fallow.targu_mures","urgency":0,"shortest_distance_km":233,"ferry_time":0,"ferry_price":0,"cargo":"cargo.used_plast","company_truck":"scania_streamline_4x2_c","trailer_variant":"trailer.scs_dry_a","trailer_definition":"trailer_def.scs.box.single_3.dryvan","units_count":33,"fill_ratio":1,"trailer_place":0},{"target":"fallow.targu_mures","urgency":1,"shortest_distance_km":233,"ferry_time":0,"ferry_price":0,"cargo":"cargo.used_packag","company_truck":"scania_streamline_4x2_a","trailer_variant":"trailer.scs_curt_s","trailer_definition":"trailer_def.scs.box.single_3.curtain","units_count":33,"fill_ratio":1,"trailer_place":0}],"ns_oil.brasov":[{"target":"timberturtle.brasov","urgency":1,"shortest_distance_km":96,"ferry_time":0,"ferry_price":0,"cargo":"cargo.oil","company_truck":"renault_premium_6x2_a","trailer_variant":"trailer.fuel_cistern","trailer_definition":"trailer_def.oil.fuel_cistern","units_count":100,"fill_ratio":1,"trailer_place":0},{"target":"timberturtle.brasov","urgency":1,"shortest_distance_km":96,"ferry_time":0,"ferry_price":0,"cargo":"cargo.diesel","company_truck":"iveco_4x2_b","trailer_variant":"trailer.fuel_cistern","trailer_definition":"trailer_def.diesel.fuel_cistern","units_count":100,"fill_ratio":1,"trailer_place":0},{"target":"sporklift.bucuresti","urgency":1,"shortest_distance_km":270,"ferry_time":0,"ferry_price":0,"cargo":"cargo.fueltanker","company_truck":"renault_t_4x2h","trailer_variant":"trailer.scs_flat_c_r","trailer_definition":"trailer_def.scs.flatbed.single_3.container","units_count":87,"fill_ratio":1,"trailer_place":0},{"target":"cnp.pitesti","urgency":1,"shortest_distance_km":169,"ferry_time":0,"ferry_price":0,"cargo":"cargo.kerosene","company_truck":"scania_streamline_6x4_a","trailer_variant":"trailer.willig.fuel_cistern","trailer_definition":"trailer_def.kerosene.willig.fuel_cistern","units_count":100,"fill_ratio":1,"trailer_place":0}],"cgla.calarasi":[{"target":"baltrak.edirne","urgency":0,"shortest_distance_km":552,"ferry_time":0,"ferry_price":0,"cargo":"cargo.glass","company_truck":"mercedes_actros_2014_4x2_a","trailer_variant":"trailer.panel_trans.glass","trailer_definition":"trailer_def.glass.panel_trans.glass","units_count":100,"fill_ratio":1,"trailer_place":0},{"target":"domdepo.bucuresti","urgency":0,"shortest_distance_km":114,"ferry_time":0,"ferry_price":0,"cargo":"cargo.glass_packed","company_truck":"iveco_4x2_c","trailer_variant":"trailer.gls_trailer","trailer_definition":"trailer_def.glass_packed.gls_trailer","units_count":100,"fill_ratio":1,"trailer_place":0}],"fle.bucuresti":[{"target":"balkan_loco.ruse","urgency":0,"shortest_distance_km":153,"ferry_time":0,"ferry_price":0,"cargo":"cargo.med_vaccine","company_truck":"man_6x4_b","trailer_variant":"trailer.scs_ref_s","trailer_definition":"trailer_def.scs.box.single_3.reefer","units_count":33,"fill_ratio":1,"trailer_place":0}],"fle.cluj_napoca":[{"target":"ttk_bg.varna","urgency":0,"shortest_distance_km":935,"ferry_time":0,"ferry_price":0,"cargo":"cargo.med_equip","company_truck":"mercedes_actros_2014_4x2_b","trailer_variant":"trailer.scs_ref_s","trailer_definition":"trailer_def.scs.box.single_3.reefer","units_count":33,"fill_ratio":1,"trailer_place":0}],"subse.veli_tarnovo":[{"target":"brawen.bacau","urgency":1,"shortest_distance_km":638,"ferry_time":0,"ferry_price":0,"cargo":"cargo.nonalco_beer","company_truck":"man_tgx_euro6_4x2_xl","trailer_variant":"trailer.scs_dry_m","trailer_definition":"trailer_def.scs.box.single_3.dryvan_m","units_count":33,"fill_ratio":1,"trailer_place":0}],"trainfoundry.resita":[{"target":"rock_eater.hunedoara","urgency":1,"shortest_distance_km":202,"ferry_time":0,"ferry_price":0,"cargo":"cargo.hipresstank","company_truck":"renault_magnum_6x4_a","trailer_variant":"trailer.scs_flat_r","trailer_definition":"trailer_def.scs.flatbed.single_3.flatbed_w","units_count":2,"fill_ratio":1,"trailer_place":0}],"kolico.timisoara":[{"target":"ttk_bg.varna","urgency":1,"shortest_distance_km":799,"ferry_time":0,"ferry_price":0,"cargo":"cargo.beverages_t","company_truck":"mercedes_6x2_b","trailer_variant":"trailer.scs_fodt","trailer_definition":"trailer_def.scs.foodtank.single_3.paint","units_count":30,"fill_ratio":1,"trailer_place":0},{"target":"kaarfor.hunedoara","urgency":2,"shortest_distance_km":228,"ferry_time":0,"ferry_price":0,"cargo":"cargo.beverages_c","company_truck":"scania_4x2_a","trailer_variant":"trailer.scs_flat_c_g","trailer_definition":"trailer_def.scs.flatbed.single_3.container","units_count":33,"fill_ratio":1,"trailer_place":0}],"baltrak.edirne":[{"target":"brawen.bucuresti","urgency":2,"shortest_distance_km":478,"ferry_time":0,"ferry_price":0,"cargo":"cargo.mason_jars","company_truck":"scania_4x2_b","trailer_variant":"trailer.scs_curt","trailer_definition":"trailer_def.scs.box.single_3.curtain","units_count":33,"fill_ratio":1,"trailer_place":0}],"lognstick.galati":[{"target":"kaarfor.bucuresti","urgency":0,"shortest_distance_km":240,"ferry_time":0,"ferry_price":0,"cargo":"cargo.fireworks","company_truck":"mercedes_4x2_b","trailer_variant":"trailer.scs_curt_s","trailer_definition":"trailer_def.scs.box.single_3.curtain","units_count":33,"fill_ratio":1,"trailer_place":0},{"target":"balkan_loco.pleven","urgency":1,"shortest_distance_km":386,"ferry_time":0,"ferry_price":0,"cargo":"cargo.diggers","company_truck":"scania_s_6x4_730","trailer_variant":"trailer.overweight.digger","trailer_definition":"trailer_def.diggers.overweight.digger","units_count":100,"fill_ratio":1,"trailer_place":0}],"renat.pleven":[{"target":"baltrak.istanbul","urgency":2,"shortest_distance_km":485,"ferry_time":0,"ferry_price":0,"cargo":"cargo.furniture","company_truck":"man_6x4_b","trailer_variant":"trailer.scs_curt","trailer_definition":"trailer_def.scs.box.single_3.curtain","units_count":33,"fill_ratio":1,"trailer_place":0},{"target":"subse.veli_tarnovo","urgency":1,"shortest_distance_km":67,"ferry_time":0,"ferry_price":0,"cargo":"cargo.forklifts","company_truck":"daf_xf_euro6_4x2_a","trailer_variant":"trailer.overweight.forklifts","trailer_definition":"trailer_def.forklifts.overweight.forklifts","units_count":100,"fill_ratio":1,"trailer_place":0}],"rump.craiova":[{"target":"brawen.bucuresti","urgency":0,"shortest_distance_km":240,"ferry_time":0,"ferry_price":0,"cargo":"cargo.used_plast","company_truck":"mercedes_actros_2014_4x2_b","trailer_variant":"trailer.scs_curt","trailer_definition":"trailer_def.scs.box.single_3.curtain","units_count":33,"fill_ratio":1,"trailer_place":0},{"target":"balkan_loco.edirne","urgency":1,"shortest_distance_km":635,"ferry_time":0,"ferry_price":0,"cargo":"cargo.used_packag","company_truck":"scania_s_6x2_450","trailer_variant":"trailer.scs_dry_m","trailer_definition":"trailer_def.scs.box.single_3.dryvan_m","units_count":33,"fill_ratio":1,"trailer_place":0},{"target":"radus_ru.sofia","urgency":1,"shortest_distance_km":362,"ferry_time":0,"ferry_price":0,"cargo":"cargo.scrap_metals","company_truck":"iveco_4x2_b","trailer_variant":"trailer.s_ki_solid.cover","trailer_definition":"trailer_def.scrap_metals.s_ki_solid.cover","units_count":100,"fill_ratio":1,"trailer_place":0},{"target":"cont_port.galati","urgency":1,"shortest_distance_km":397,"ferry_time":0,"ferry_price":0,"cargo":"cargo.used_plast_c","company_truck":"iveco_4x2_a","trailer_variant":"trailer.scs_flat_c_g","trailer_definition":"trailer_def.scs.flatbed.single_3.container","units_count":33,"fill_ratio":1,"trailer_place":0}],"low_field.edirne":[{"target":"tm_istanbul.istanbul","urgency":1,"shortest_distance_km":242,"ferry_time":0,"ferry_price":0,"cargo":"cargo.tomatoes","company_truck":"daf_xf_euro6_4x2_a","trailer_variant":"trailer.scs_ref_s","trailer_definition":"trailer_def.scs.box.single_3.reefer","units_count":33,"fill_ratio":1,"trailer_place":0},{"target":"lognstick.tekirdag","urgency":2,"shortest_distance_km":107,"ferry_time":0,"ferry_price":0,"cargo":"cargo.nuts","company_truck":"renault_magnum_6x2_a","trailer_variant":"trailer.scs_curt","trailer_definition":"trailer_def.scs.box.single_3.curtain","units_count":33,"fill_ratio":1,"trailer_place":0},{"target":"baltrak.edirne","urgency":0,"shortest_distance_km":97,"ferry_time":0,"ferry_price":0,"cargo":"cargo.carrots","company_truck":"renault_premium_6x2_a","trailer_variant":"trailer.scs_dry","trailer_definition":"trailer_def.scs.box.single_3.dryvan","units_count":33,"fill_ratio":1,"trailer_place":0}],"renat.brasov":[{"target":"lognstick.bucuresti","urgency":1,"shortest_distance_km":291,"ferry_time":0,"ferry_price":0,"cargo":"cargo.forklifts","company_truck":"daf_xf_euro6_4x2_c","trailer_variant":"trailer.overweight.forklifts","trailer_definition":"trailer_def.forklifts.overweight.forklifts","units_count":100,"fill_ratio":1,"trailer_place":0}],"lognstick.istanbul":[{"target":"fallow.istanbul","urgency":0,"shortest_distance_km":15,"ferry_time":0,"ferry_price":0,"cargo":"cargo.yogurt","company_truck":"man_6x4_b","trailer_variant":"trailer.scs_ins_s","trailer_definition":"trailer_def.scs.box.single_3.insulated","units_count":33,"fill_ratio":1,"trailer_place":0}],"dobr_ferm_bg.pleven":[{"target":"kaarfor.pitesti","urgency":0,"shortest_distance_km":226,"ferry_time":0,"ferry_price":0,"cargo":"cargo.plums","company_truck":"scania_6x2_b","trailer_variant":"trailer.scs_ins_s","trailer_definition":"trailer_def.scs.box.single_3.insulated","units_count":33,"fill_ratio":1,"trailer_place":0}],"domdepo.pitesti":[{"target":"lognstick.bucuresti","urgency":2,"shortest_distance_km":132,"ferry_time":0,"ferry_price":0,"cargo":"cargo.wallpanels","company_truck":"mercedes_4x2_a","trailer_variant":"trailer.panel_trans.wall","trailer_definition":"trailer_def.wallpanels.panel_trans.wall","units_count":100,"fill_ratio":1,"trailer_place":0}],"cnp.burgas":[{"target":"ocean_sol.mangalia","urgency":1,"shortest_distance_km":144,"ferry_time":0,"ferry_price":0,"cargo":"cargo.motor_oil","company_truck":"scania_r_4x2_370","trailer_variant":"trailer.scs_dry_a","trailer_definition":"trailer_def.scs.box.single_3.dryvan","units_count":33,"fill_ratio":1,"trailer_place":0}],"rock_eater.sofia":[{"target":"dobr_ferm_bg.sofia","urgency":2,"shortest_distance_km":178,"ferry_time":0,"ferry_price":0,"cargo":"cargo.excav_soil","company_truck":"mercedes_actros_2014_4x2_b","trailer_variant":"trailer.s_ki_solid.cover","trailer_definition":"trailer_def.excav_soil.s_ki_solid.cover","units_count":100,"fill_ratio":1,"trailer_place":0}],"radus_ru.pleven":[{"target":"domdepo.bucuresti","urgency":2,"shortest_distance_km":176,"ferry_time":0,"ferry_price":0,"cargo":"cargo.bricks","company_truck":"daf_4x2_a","trailer_variant":"trailer.scs_brick_r","trailer_definition":"trailer_def.scs.flatbed.single_3.brick","units_count":33,"fill_ratio":1,"trailer_place":0}],"rock_eater.varna":[{"target":"low_field.edirne","urgency":2,"shortest_distance_km":506,"ferry_time":0,"ferry_price":0,"cargo":"cargo.excav_soil","company_truck":"scania_6x4_a","trailer_variant":"trailer.s_ki_solid.cover","trailer_definition":"trailer_def.excav_soil.s_ki_solid.cover","units_count":100,"fill_ratio":1,"trailer_place":0},{"target":"lognstick.galati","urgency":2,"shortest_distance_km":474,"ferry_time":0,"ferry_price":0,"cargo":"cargo.excavator","company_truck":"scania_4x2_c","trailer_variant":"trailer.overweight.excavator","trailer_definition":"trailer_def.excavator.overweight.excavator","units_count":100,"fill_ratio":1,"trailer_place":0},{"target":"balkan_loco.pleven","urgency":1,"shortest_distance_km":264,"ferry_time":0,"ferry_price":0,"cargo":"cargo.stone_dust","company_truck":"renault_magnum_4x2_a","trailer_variant":"trailer.s_ki_solid.cover","trailer_definition":"trailer_def.stone_dust.s_ki_solid.cover","units_count":100,"fill_ratio":1,"trailer_place":0}],"radus_ru.varna":[{"target":"ttk_bg.plovdiv","urgency":0,"shortest_distance_km":347,"ferry_time":0,"ferry_price":0,"cargo":"cargo.digger1000","company_truck":"mercedes_4x2_c","trailer_variant":"trailer.overweight.digger1000","trailer_definition":"trailer_def.digger1000.overweight.digger1000","units_count":100,"fill_ratio":1,"trailer_place":0},{"target":"balkan_loco.pleven","urgency":2,"shortest_distance_km":257,"ferry_time":0,"ferry_price":0,"cargo":"cargo.bricks","company_truck":"man_6x4_b","trailer_variant":"trailer.scs_brick_b","trailer_definition":"trailer_def.scs.flatbed.single_3.brick","units_count":33,"fill_ratio":1,"trailer_place":0},{"target":"lognstick.hunedoara","urgency":0,"shortest_distance_km":656,"ferry_time":0,"ferry_price":0,"cargo":"cargo.emptytank","company_truck":"daf_4x2_b","trailer_variant":"trailer.scs_flat_r","trailer_definition":"trailer_def.scs.flatbed.single_3.flatbed_w","units_count":2,"fill_ratio":1,"trailer_place":0}],"imp_otel.resita":[{"target":"domdepo.iasi","urgency":2,"shortest_distance_km":615,"ferry_time":0,"ferry_price":0,"cargo":"cargo.wallpanels","company_truck":"scania_streamline_4x2_c","trailer_variant":"trailer.panel_trans.wall","trailer_definition":"trailer_def.wallpanels.panel_trans.wall","units_count":100,"fill_ratio":1,"trailer_place":0},{"target":"ttk_bg.varna","urgency":1,"shortest_distance_km":637,"ferry_time":0,"ferry_price":0,"cargo":"cargo.fueltanker","company_truck":"daf_4x2_a","trailer_variant":"trailer.scs_flat_c_r","trailer_definition":"trailer_def.scs.flatbed.single_3.container","units_count":87,"fill_ratio":1,"trailer_place":0}],"sporklift.plovdiv":[{"target":"brawen.bucuresti","urgency":1,"shortest_distance_km":388,"ferry_time":0,"ferry_price":0,"cargo":"cargo.scrap_metals","company_truck":"mercedes_4x2_b","trailer_variant":"trailer.s_ki_solid.cover","trailer_definition":"trailer_def.scrap_metals.s_ki_solid.cover","units_count":100,"fill_ratio":1,"trailer_place":0},{"target":"lognstick.bucuresti","urgency":1,"shortest_distance_km":390,"ferry_time":0,"ferry_price":0,"cargo":"cargo.used_plast_c","company_truck":"scania_streamline_6x2_b","trailer_variant":"trailer.scs_flat_c_r","trailer_definition":"trailer_def.scs.flatbed.single_3.container","units_count":33,"fill_ratio":1,"trailer_place":0},{"target":"lognstick.istanbul","urgency":2,"shortest_distance_km":404,"ferry_time":0,"ferry_price":0,"cargo":"cargo.used_battery","company_truck":"mercedes_4x2_a","trailer_variant":"trailer.scs_dry_a","trailer_definition":"trailer_def.scs.box.single_3.dryvan","units_count":33,"fill_ratio":1,"trailer_place":0},{"target":"nucleon.cernavoda","urgency":1,"shortest_distance_km":495,"ferry_time":0,"ferry_price":0,"cargo":"cargo.forklifts","company_truck":"iveco_6x2_a","trailer_variant":"trailer.overweight.forklifts","trailer_definition":"trailer_def.forklifts.overweight.forklifts","units_count":100,"fill_ratio":1,"trailer_place":0}],"kaarfor.craiova":[{"target":"lognstick.hunedoara","urgency":1,"shortest_distance_km":224,"ferry_time":0,"ferry_price":0,"cargo":"cargo.used_plast_c","company_truck":"iveco_4x2_c","trailer_variant":"trailer.scs_flat_c_r","trailer_definition":"trailer_def.scs.flatbed.single_3.container","units_count":33,"fill_ratio":1,"trailer_place":0}],"st_roza_bg.pernik":[{"target":"lognstick.bucuresti","urgency":0,"shortest_distance_km":460,"ferry_time":0,"ferry_price":0,"cargo":"cargo.vent_tube","company_truck":"man_6x4_b","trailer_variant":"trailer.scs_flat_b","trailer_definition":"trailer_def.scs.flatbed.single_3.flatbed_w","units_count":2,"fill_ratio":1,"trailer_place":0},{"target":"balkan_loco.veli_tarnovo","urgency":1,"shortest_distance_km":345,"ferry_time":0,"ferry_price":0,"cargo":"cargo.fueltanker","company_truck":"daf_xf_euro6_6x4_c","trailer_variant":"trailer.scs_gosck20","trailer_definition":"trailer_def.scs.gooseneck.singl_3e_20.container","units_count":40,"fill_ratio":1,"trailer_place":0}],"ttk_bg.varna":[{"target":"baltrak.edirne","urgency":2,"shortest_distance_km":349,"ferry_time":0,"ferry_price":0,"cargo":"cargo.milk","company_truck":"scania_streamline_4x2_b","trailer_variant":"trailer.scs_dry_s","trailer_definition":"trailer_def.scs.box.single_3.dryvan","units_count":33,"fill_ratio":1,"trailer_place":0},{"target":"balkan_loco.ruse","urgency":2,"shortest_distance_km":176,"ferry_time":0,"ferry_price":0,"cargo":"cargo.chewing_gums","company_truck":"scania_streamline_6x2_b","trailer_variant":"trailer.scs_dry_ms","trailer_definition":"trailer_def.scs.box.single_3.dryvan_m","units_count":33,"fill_ratio":1,"trailer_place":0},{"target":"ika_bohag.sofia","urgency":1,"shortest_distance_km":469,"ferry_time":0,"ferry_price":0,"cargo":"cargo.forklifts","company_truck":"renault_magnum_6x4_a","trailer_variant":"trailer.overweight.forklifts","trailer_definition":"trailer_def.forklifts.overweight.forklifts","units_count":100,"fill_ratio":1,"trailer_place":0}],"kaarfor.bucuresti":[{"target":"balkan_loco.pleven","urgency":0,"shortest_distance_km":155,"ferry_time":0,"ferry_price":0,"cargo":"cargo.used_plast","company_truck":"scania_s_6x2_450","trailer_variant":"trailer.scs_dry_m","trailer_definition":"trailer_def.scs.box.single_3.dryvan_m","units_count":33,"fill_ratio":1,"trailer_place":0}],"imp_otel.iasi":[{"target":"lognstick.hunedoara","urgency":1,"shortest_distance_km":475,"ferry_time":0,"ferry_price":0,"cargo":"cargo.outdr_flr_tl","company_truck":"scania_streamline_6x2_b","trailer_variant":"trailer.scs_brick_b","trailer_definition":"trailer_def.scs.flatbed.single_3.brick","units_count":33,"fill_ratio":1,"trailer_place":0}],"dobr_ferm_bg.karlovo":[{"target":"kaarfor.pitesti","urgency":0,"shortest_distance_km":338,"ferry_time":0,"ferry_price":0,"cargo":"cargo.carrots","company_truck":"mercedes_actros_2014_6x4_b","trailer_variant":"trailer.scs_dry_m","trailer_definition":"trailer_def.scs.box.single_3.dryvan_m","units_count":33,"fill_ratio":1,"trailer_place":0},{"target":"kaarfor.hunedoara","urgency":2,"shortest_distance_km":654,"ferry_time":0,"ferry_price":0,"cargo":"cargo.beans","company_truck":"scania_streamline_4x2_c","trailer_variant":"trailer.scs_curt","trailer_definition":"trailer_def.scs.box.single_3.curtain","units_count":33,"fill_ratio":1,"trailer_place":0}],"rock_eater.pirdop":[{"target":"ttk_bg.plovdiv","urgency":2,"shortest_distance_km":267,"ferry_time":0,"ferry_price":0,"cargo":"cargo.excavator","company_truck":"daf_6x2_a","trailer_variant":"trailer.overweight.excavator","trailer_definition":"trailer_def.excavator.overweight.excavator","units_count":100,"fill_ratio":1,"trailer_place":0}],"rock_eater.tekirdag":[{"target":"balkan_loco.craiova","urgency":2,"shortest_distance_km":760,"ferry_time":0,"ferry_price":0,"cargo":"cargo.stones","company_truck":"daf_4x2_b","trailer_variant":"trailer.s_ki_solid.cover","trailer_definition":"trailer_def.stones.s_ki_solid.cover","units_count":100,"fill_ratio":1,"trailer_place":0},{"target":"domdepo.edirne","urgency":1,"shortest_distance_km":162,"ferry_time":0,"ferry_price":0,"cargo":"cargo.stone_dust","company_truck":"renault_magnum_6x2_a","trailer_variant":"trailer.s_ki_solid.cover","trailer_definition":"trailer_def.stone_dust.s_ki_solid.cover","units_count":100,"fill_ratio":1,"trailer_place":0}],"domdepo.cluj_napoca":[{"target":"balkan_loco.pleven","urgency":1,"shortest_distance_km":877,"ferry_time":0,"ferry_price":0,"cargo":"cargo.roofing_felt","company_truck":"man_tgx_euro6_4x2_xxl","trailer_variant":"trailer.scs_curt_s","trailer_definition":"trailer_def.scs.box.single_3.curtain","units_count":33,"fill_ratio":1,"trailer_place":0}],"cnp.constanta":[{"target":"ocean_sol.ruse","urgency":2,"shortest_distance_km":333,"ferry_time":0,"ferry_price":0,"cargo":"cargo.motor_oil_c","company_truck":"scania_4x2_c","trailer_variant":"trailer.scs_flat_c_r","trailer_definition":"trailer_def.scs.flatbed.single_3.container","units_count":33,"fill_ratio":1,"trailer_place":0},{"target":"sporklift.plovdiv","urgency":1,"shortest_distance_km":498,"ferry_time":0,"ferry_price":0,"cargo":"cargo.fueltanker","company_truck":"scania_streamline_4x2_c","trailer_variant":"trailer.scs_gosck220","trailer_definition":"trailer_def.scs.gooseneck.singl_3e_220.container","units_count":80,"fill_ratio":1,"trailer_place":0}],"scs_paper.calarasi":[{"target":"lognstick.bucuresti","urgency":2,"shortest_distance_km":89,"ferry_time":0,"ferry_price":0,"cargo":"cargo.empty_palet","company_truck":"scania_s_6x4_730","trailer_variant":"trailer.scs_curt","trailer_definition":"trailer_def.scs.box.single_3.curtain","units_count":33,"fill_ratio":1,"trailer_place":0},{"target":"ttk_bg.plovdiv","urgency":1,"shortest_distance_km":463,"ferry_time":0,"ferry_price":0,"cargo":"cargo.used_packag","company_truck":"renault_magnum_6x2_a","trailer_variant":"trailer.scs_dry_a","trailer_definition":"trailer_def.scs.box.single_3.dryvan","units_count":33,"fill_ratio":1,"trailer_place":0},{"target":"kaarfor.pitesti","urgency":1,"shortest_distance_km":220,"ferry_time":0,"ferry_price":0,"cargo":"cargo.paper","company_truck":"renault_t_6x2","trailer_variant":"trailer.scs_dry_ms","trailer_definition":"trailer_def.scs.box.single_3.dryvan_m","units_count":33,"fill_ratio":1,"trailer_place":0}],"low_field.constanta":[{"target":"kaarfor.ruse","urgency":0,"shortest_distance_km":321,"ferry_time":0,"ferry_price":0,"cargo":"cargo.plums","company_truck":"mercedes_6x2_b","trailer_variant":"trailer.scs_ins_a","trailer_definition":"trailer_def.scs.box.single_3.insulated","units_count":33,"fill_ratio":1,"trailer_place":0}],"rimaf.iasi":[{"target":"kaarfor.ruse","urgency":1,"shortest_distance_km":508,"ferry_time":0,"ferry_price":0,"cargo":"cargo.cheese","company_truck":"man_tgx_euro6_4x2_xl","trailer_variant":"trailer.scs_ins","trailer_definition":"trailer_def.scs.box.single_3.insulated","units_count":33,"fill_ratio":1,"trailer_place":0}],"fle.istanbul":[{"target":"balkan_loco.edirne","urgency":0,"shortest_distance_km":200,"ferry_time":0,"ferry_price":0,"cargo":"cargo.med_vaccine","company_truck":"scania_4x2_c","trailer_variant":"trailer.scs_ref_s","trailer_definition":"trailer_def.scs.box.single_3.reefer","units_count":33,"fill_ratio":1,"trailer_place":0}],"dulcis.pitesti":[{"target":"balkan_loco.ruse","urgency":2,"shortest_distance_km":258,"ferry_time":0,"ferry_price":0,"cargo":"cargo.used_battery","company_truck":"man_6x4_b","trailer_variant":"trailer.scs_curt_a","trailer_definition":"trailer_def.scs.box.single_3.curtain","units_count":33,"fill_ratio":1,"trailer_place":0},{"target":"ttk_bg.varna","urgency":0,"shortest_distance_km":415,"ferry_time":0,"ferry_price":0,"cargo":"cargo.used_plast","company_truck":"man_6x4_b","trailer_variant":"trailer.scs_curt","trailer_definition":"trailer_def.scs.box.single_3.curtain","units_count":33,"fill_ratio":1,"trailer_place":0},{"target":"tm_istanbul.istanbul","urgency":1,"shortest_distance_km":726,"ferry_time":0,"ferry_price":0,"cargo":"cargo.used_plast_c","company_truck":"daf_6x2_a","trailer_variant":"trailer.scs_gosck20","trailer_definition":"trailer_def.scs.gooseneck.singl_3e_20.container","units_count":15,"fill_ratio":1,"trailer_place":0},{"target":"lognstick.bucuresti","urgency":2,"shortest_distance_km":207,"ferry_time":0,"ferry_price":0,"cargo":"cargo.empty_palet","company_truck":"mercedes_6x2_b","trailer_variant":"trailer.scs_dry_a","trailer_definition":"trailer_def.scs.box.single_3.dryvan","units_count":33,"fill_ratio":1,"trailer_place":0}],"kaarfor.iasi":[{"target":"lognstick.galati","urgency":2,"shortest_distance_km":179,"ferry_time":0,"ferry_price":0,"cargo":"cargo.empty_palet","company_truck":"man_4x2_c","trailer_variant":"trailer.scs_dry_s","trailer_definition":"trailer_def.scs.box.single_3.dryvan","units_count":33,"fill_ratio":1,"trailer_place":0},{"target":"fallow.cluj_napoca","urgency":0,"shortest_distance_km":509,"ferry_time":0,"ferry_price":0,"cargo":"cargo.used_plast","company_truck":"mercedes_actros_2014_4x2_c","trailer_variant":"trailer.scs_dry_s","trailer_definition":"trailer_def.scs.box.single_3.dryvan","units_count":33,"fill_ratio":1,"trailer_place":0},{"target":"brawen.bacau","urgency":1,"shortest_distance_km":85,"ferry_time":0,"ferry_price":0,"cargo":"cargo.used_plast_c","company_truck":"scania_4x2_b","trailer_variant":"trailer.scs_flat_c_g","trailer_definition":"trailer_def.scs.flatbed.single_3.container","units_count":33,"fill_ratio":1,"trailer_place":0}],"rock_eater.brasov":[{"target":"fallow.targu_mures","urgency":0,"shortest_distance_km":196,"ferry_time":0,"ferry_price":0,"cargo":"cargo.digger1000","company_truck":"scania_r_4x2_370","trailer_variant":"trailer.overweight.digger1000","trailer_definition":"trailer_def.digger1000.overweight.digger1000","units_count":100,"fill_ratio":1,"trailer_place":0}],"fallow.istanbul":[{"target":"tm_istanbul.istanbul","urgency":0,"shortest_distance_km":2,"ferry_time":0,"ferry_price":0,"cargo":"cargo.limonades","company_truck":"mercedes_actros_2014_6x4_b","trailer_variant":"trailer.scs_curt_s","trailer_definition":"trailer_def.scs.box.single_3.curtain","units_count":33,"fill_ratio":1,"trailer_place":0}],"radus_ru.burgas":[{"target":"lognstick.galati","urgency":1,"shortest_distance_km":405,"ferry_time":30,"ferry_price":65,"cargo":"cargo.diggers","company_truck":"scania_4x2_c","trailer_variant":"trailer.overweight.digger","trailer_definition":"trailer_def.diggers.overweight.digger","units_count":100,"fill_ratio":1,"trailer_place":0}],"timberturtle.brasov":[{"target":"lognstick.tekirdag","urgency":1,"shortest_distance_km":914,"ferry_time":0,"ferry_price":0,"cargo":"cargo.diggers","company_truck":"man_4x2_c","trailer_variant":"trailer.overweight.digger","trailer_definition":"trailer_def.diggers.overweight.digger","units_count":100,"fill_ratio":1,"trailer_place":0},{"target":"renat.pleven","urgency":1,"shortest_distance_km":486,"ferry_time":0,"ferry_price":0,"cargo":"cargo.sawpanels","company_truck":"man_tgx_euro6_4x2_xxl","trailer_variant":"trailer.scs_dry","trailer_definition":"trailer_def.scs.box.single_3.dryvan","units_count":33,"fill_ratio":1,"trailer_place":0}],"balkan_loco.craiova":[{"target":"kaarfor.craiova","urgency":2,"shortest_distance_km":2,"ferry_time":0,"ferry_price":0,"cargo":"cargo.furniture","company_truck":"mercedes_4x2_a","trailer_variant":"trailer.scs_dry_s","trailer_definition":"trailer_def.scs.box.single_3.dryvan","units_count":33,"fill_ratio":1,"trailer_place":0}],"fallow.targu_mures":[{"target":"domdepo.cluj_napoca","urgency":1,"shortest_distance_km":260,"ferry_time":0,"ferry_price":0,"cargo":"cargo.iron_pipes","company_truck":"man_6x4_b","trailer_variant":"trailer.scs_log","trailer_definition":"trailer_def.scs.log.single_3.steel","units_count":2,"fill_ratio":1,"trailer_place":0}],"sporklift.karlovo":[{"target":"baltrak.edirne","urgency":1,"shortest_distance_km":318,"ferry_time":0,"ferry_price":0,"cargo":"cargo.scrap_metals","company_truck":"man_tgx_euro6_6x4_xlx","trailer_variant":"trailer.s_ki_solid.cover","trailer_definition":"trailer_def.scrap_metals.s_ki_solid.cover","units_count":100,"fill_ratio":1,"trailer_place":0},{"target":"ttk_bg.varna","urgency":2,"shortest_distance_km":315,"ferry_time":0,"ferry_price":0,"cargo":"cargo.used_battery","company_truck":"scania_6x4_a","trailer_variant":"trailer.scs_curt_s","trailer_definition":"trailer_def.scs.box.single_3.curtain","units_count":33,"fill_ratio":1,"trailer_place":0},{"target":"brawen.bucuresti","urgency":1,"shortest_distance_km":293,"ferry_time":0,"ferry_price":0,"cargo":"cargo.used_plast_c","company_truck":"iveco_6x2_a","trailer_variant":"trailer.scs_flat_c_g","trailer_definition":"trailer_def.scs.flatbed.single_3.container","units_count":33,"fill_ratio":1,"trailer_place":0},{"target":"cgla.calarasi","urgency":1,"shortest_distance_km":377,"ferry_time":0,"ferry_price":0,"cargo":"cargo.forklifts","company_truck":"scania_s_6x2_450","trailer_variant":"trailer.overweight.forklifts","trailer_definition":"trailer_def.forklifts.overweight.forklifts","units_count":100,"fill_ratio":1,"trailer_place":0}],"kaarfor.ruse":[{"target":"ttk_bg.plovdiv","urgency":1,"shortest_distance_km":264,"ferry_time":0,"ferry_price":0,"cargo":"cargo.used_packag","company_truck":"scania_6x2_b","trailer_variant":"trailer.scs_dry","trailer_definition":"trailer_def.scs.box.single_3.dryvan","units_count":33,"fill_ratio":1,"trailer_place":0},{"target":"fallow.timisoara","urgency":2,"shortest_distance_km":633,"ferry_time":0,"ferry_price":0,"cargo":"cargo.empty_palet","company_truck":"renault_premium_4x2_c","trailer_variant":"trailer.scs_dry_a","trailer_definition":"trailer_def.scs.box.single_3.dryvan","units_count":33,"fill_ratio":1,"trailer_place":0}],"cont_port.galati":[{"target":"brawen.bacau","urgency":0,"shortest_distance_km":298,"ferry_time":0,"ferry_price":0,"cargo":"cargo.chem_sorb_c","company_truck":"daf_xf_euro6_4x2_a","trailer_variant":"trailer.scs_gosck220","trailer_definition":"trailer_def.scs.gooseneck.singl_3e_220.container","units_count":30,"fill_ratio":1,"trailer_place":0}],"marina_fr.tekirdag":[{"target":"balkan_loco.edirne","urgency":2,"shortest_distance_km":181,"ferry_time":0,"ferry_price":0,"cargo":"cargo.princess","company_truck":"daf_xf_euro6_4x2_c","trailer_variant":"trailer.overweight.boat","trailer_definition":"trailer_def.princess.overweight.boat","units_count":100,"fill_ratio":1,"trailer_place":0}],"cemelt_fla.bucuresti":[{"target":"imp_otel.hunedoara","urgency":1,"shortest_distance_km":449,"ferry_time":0,"ferry_price":0,"cargo":"cargo.forklifts","company_truck":"man_4x2_c","trailer_variant":"trailer.overweight.forklifts","trailer_definition":"trailer_def.forklifts.overweight.forklifts","units_count":100,"fill_ratio":1,"trailer_place":0}],"rock_eater.burgas":[{"target":"domdepo.bucuresti","urgency":1,"shortest_distance_km":383,"ferry_time":0,"ferry_price":0,"cargo":"cargo.stone_dust","company_truck":"scania_4x2_b","trailer_variant":"trailer.s_ki_solid.cover","trailer_definition":"trailer_def.stone_dust.s_ki_solid.cover","units_count":100,"fill_ratio":1,"trailer_place":0},{"target":"balkan_loco.ruse","urgency":2,"shortest_distance_km":310,"ferry_time":0,"ferry_price":0,"cargo":"cargo.stones","company_truck":"renault_t_4x2","trailer_variant":"trailer.s_ki_solid.cover","trailer_definition":"trailer_def.stones.s_ki_solid.cover","units_count":100,"fill_ratio":1,"trailer_place":0}],"balkan_loco.veli_tarnovo":[{"target":"brawen.bucuresti","urgency":1,"shortest_distance_km":180,"ferry_time":0,"ferry_price":0,"cargo":"cargo.diggers","company_truck":"renault_t_6x2","trailer_variant":"trailer.overweight.digger","trailer_definition":"trailer_def.diggers.overweight.digger","units_count":100,"fill_ratio":1,"trailer_place":0}],"balkan_loco.pleven":[{"target":"ttk_bg.sofia","urgency":2,"shortest_distance_km":187,"ferry_time":0,"ferry_price":0,"cargo":"cargo.used_battery","company_truck":"daf_4x2_b","trailer_variant":"trailer.scs_dry_a","trailer_definition":"trailer_def.scs.box.single_3.dryvan","units_count":33,"fill_ratio":1,"trailer_place":0}],"sporklift.bucuresti":[{"target":"baltrak.edirne","urgency":0,"shortest_distance_km":442,"ferry_time":0,"ferry_price":0,"cargo":"cargo.used_plast","company_truck":"renault_magnum_6x2_a","trailer_variant":"trailer.scs_dry_s","trailer_definition":"trailer_def.scs.box.single_3.dryvan","units_count":33,"fill_ratio":1,"trailer_place":0},{"target":"balkan_loco.craiova","urgency":2,"shortest_distance_km":229,"ferry_time":0,"ferry_price":0,"cargo":"cargo.used_battery","company_truck":"scania_r_4x2_370","trailer_variant":"trailer.scs_dry_ms","trailer_definition":"trailer_def.scs.box.single_3.dryvan_m","units_count":33,"fill_ratio":1,"trailer_place":0}],"rimaf.galati":[{"target":"brawen.bacau","urgency":2,"shortest_distance_km":319,"ferry_time":0,"ferry_price":0,"cargo":"cargo.milk","company_truck":"scania_streamline_6x4_a","trailer_variant":"trailer.scs_dry_ms","trailer_definition":"trailer_def.scs.box.single_3.dryvan_m","units_count":33,"fill_ratio":1,"trailer_place":0}],"kaarfor.targu_mures":[{"target":"balkan_loco.craiova","urgency":2,"shortest_distance_km":446,"ferry_time":0,"ferry_price":0,"cargo":"cargo.empty_palet","company_truck":"daf_xf_euro6_4x2_b","trailer_variant":"trailer.scs_curt_s","trailer_definition":"trailer_def.scs.box.single_3.curtain","units_count":33,"fill_ratio":1,"trailer_place":0}],"fle.sofia":[{"target":"balkan_loco.craiova","urgency":0,"shortest_distance_km":350,"ferry_time":0,"ferry_price":0,"cargo":"cargo.med_vaccine","company_truck":"man_4x2_c","trailer_variant":"trailer.scs_ins_a","trailer_definition":"trailer_def.scs.box.single_3.insulated","units_count":33,"fill_ratio":1,"trailer_place":0}],"tm_istanbul.istanbul":[{"target":"rimaf.tekirdag","urgency":1,"shortest_distance_km":208,"ferry_time":0,"ferry_price":0,"cargo":"cargo.diesel","company_truck":"daf_xf_euro6_6x4_c","trailer_variant":"trailer.willig.fuel_cistern","trailer_definition":"trailer_def.diesel.willig.fuel_cistern","units_count":100,"fill_ratio":1,"trailer_place":0}],"fallow.cluj_napoca":[{"target":"brawen.bacau","urgency":0,"shortest_distance_km":545,"ferry_time":0,"ferry_price":0,"cargo":"cargo.ore","company_truck":"renault_premium_4x2_c","trailer_variant":"trailer.s_ki_solid.ore","trailer_definition":"trailer_def.ore.s_ki_solid.ore","units_count":100,"fill_ratio":1,"trailer_place":0}],"cemelt_fla.timisoara":[{"target":"radus_ru.sofia","urgency":1,"shortest_distance_km":706,"ferry_time":0,"ferry_price":0,"cargo":"cargo.diggers","company_truck":"scania_6x2_b","trailer_variant":"trailer.overweight.digger","trailer_definition":"trailer_def.diggers.overweight.digger","units_count":100,"fill_ratio":1,"trailer_place":0}],"cgla.ruse":[{"target":"renat.pleven","urgency":0,"shortest_distance_km":132,"ferry_time":0,"ferry_price":0,"cargo":"cargo.glass_packed","company_truck":"man_4x2_a","trailer_variant":"trailer.gls_trailer","trailer_definition":"trailer_def.glass_packed.gls_trailer","units_count":100,"fill_ratio":1,"trailer_place":0},{"target":"ttk_bg.varna","urgency":0,"shortest_distance_km":142,"ferry_time":0,"ferry_price":0,"cargo":"cargo.glass","company_truck":"mercedes_6x4_a","trailer_variant":"trailer.panel_trans.glass","trailer_definition":"trailer_def.glass.panel_trans.glass","units_count":100,"fill_ratio":1,"trailer_place":0}],"st_roza_bg.pirdop":[{"target":"ttk_bg.sofia","urgency":1,"shortest_distance_km":109,"ferry_time":0,"ferry_price":0,"cargo":"cargo.fueltanker","company_truck":"man_4x2_a","trailer_variant":"trailer.scs_flat_c_g","trailer_definition":"trailer_def.scs.flatbed.single_3.container","units_count":87,"fill_ratio":1,"trailer_place":0}],"ttk_bg.sofia":[{"target":"kaarfor.pitesti","urgency":0,"shortest_distance_km":455,"ferry_time":0,"ferry_price":0,"cargo":"cargo.maple_syrup","company_truck":"scania_r_4x2_520","trailer_variant":"trailer.scs_curt_s","trailer_definition":"trailer_def.scs.box.single_3.curtain","units_count":33,"fill_ratio":1,"trailer_place":0}],"ns_oil.istanbul":[{"target":"st_roza_bg.burgas","urgency":2,"shortest_distance_km":322,"ferry_time":0,"ferry_price":0,"cargo":"cargo.motor_oil_c","company_truck":"man_4x2_c","trailer_variant":"trailer.scs_gosck40","trailer_definition":"trailer_def.scs.gooseneck.singl_3e_40.container","units_count":30,"fill_ratio":1,"trailer_place":0},{"target":"cnp.constanta","urgency":1,"shortest_distance_km":611,"ferry_time":0,"ferry_price":0,"cargo":"cargo.oil","company_truck":"renault_premium_4x2_a","trailer_variant":"trailer.willig.fuel_cistern","trailer_definition":"trailer_def.oil.willig.fuel_cistern","units_count":101,"fill_ratio":1,"trailer_place":0},{"target":"st_roza_bg.burgas","urgency":1,"shortest_distance_km":322,"ferry_time":0,"ferry_price":0,"cargo":"cargo.lpg","company_truck":"iveco_h_4x2_a","trailer_variant":"trailer.fuel_cistern","trailer_definition":"trailer_def.lpg.fuel_cistern","units_count":100,"fill_ratio":1,"trailer_place":0},{"target":"st_roza_bg.burgas","urgency":2,"shortest_distance_km":322,"ferry_time":0,"ferry_price":0,"cargo":"cargo.petrol","company_truck":"scania_r_4x2_520","trailer_variant":"trailer.fuel_cistern","trailer_definition":"trailer_def.petrol.fuel_cistern","units_count":100,"fill_ratio":1,"trailer_place":0},{"target":"lognstick.tekirdag","urgency":1,"shortest_distance_km":145,"ferry_time":0,"ferry_price":0,"cargo":"cargo.diesel","company_truck":"scania_4x2_b","trailer_variant":"trailer.willig.fuel_cistern","trailer_definition":"trailer_def.diesel.willig.fuel_cistern","units_count":100,"fill_ratio":1,"trailer_place":0}],"kolico.iasi":[{"target":"brawen.bacau","urgency":2,"shortest_distance_km":85,"ferry_time":0,"ferry_price":0,"cargo":"cargo.beverages_c","company_truck":"daf_xf_euro6_4x2_a","trailer_variant":"trailer.scs_gosck40","trailer_definition":"trailer_def.scs.gooseneck.singl_3e_40.container","units_count":30,"fill_ratio":1,"trailer_place":0}],"ocean_sol.varna":[{"target":"fallow.istanbul","urgency":1,"shortest_distance_km":466,"ferry_time":0,"ferry_price":0,"cargo":"cargo.used_packag","company_truck":"scania_r_6x4_650","trailer_variant":"trailer.scs_dry_a","trailer_definition":"trailer_def.scs.box.single_3.dryvan","units_count":33,"fill_ratio":1,"trailer_place":0}],"kaarfor.edirne":[{"target":"ttk_bg.varna","urgency":1,"shortest_distance_km":339,"ferry_time":0,"ferry_price":0,"cargo":"cargo.used_packag","company_truck":"iveco_4x2_b","trailer_variant":"trailer.scs_dry_s","trailer_definition":"trailer_def.scs.box.single_3.dryvan","units_count":33,"fill_ratio":1,"trailer_place":0},{"target":"balkan_loco.veli_tarnovo","urgency":2,"shortest_distance_km":309,"ferry_time":0,"ferry_price":0,"cargo":"cargo.empty_palet","company_truck":"daf_4x2_a","trailer_variant":"trailer.scs_dry","trailer_definition":"trailer_def.scs.box.single_3.dryvan","units_count":33,"fill_ratio":1,"trailer_place":0},{"target":"baltrak.tekirdag","urgency":0,"shortest_distance_km":205,"ferry_time":0,"ferry_price":0,"cargo":"cargo.used_plast","company_truck":"iveco_4x2_c","trailer_variant":"trailer.scs_dry","trailer_definition":"trailer_def.scs.box.single_3.dryvan","units_count":33,"fill_ratio":1,"trailer_place":0},{"target":"fallow.istanbul","urgency":1,"shortest_distance_km":185,"ferry_time":0,"ferry_price":0,"cargo":"cargo.used_plast_c","company_truck":"mercedes_actros_2014_4x2_c","trailer_variant":"trailer.scs_gosck40","trailer_definition":"trailer_def.scs.gooseneck.singl_3e_40.container","units_count":30,"fill_ratio":1,"trailer_place":0}],"ocean_sol.mangalia":[{"target":"balkan_loco.ruse","urgency":1,"shortest_distance_km":223,"ferry_time":0,"ferry_price":0,"cargo":"cargo.used_packag","company_truck":"daf_xf_euro6_6x2_a","trailer_variant":"trailer.scs_curt","trailer_definition":"trailer_def.scs.box.single_3.curtain","units_count":33,"fill_ratio":1,"trailer_place":0},{"target":"brawen.bacau","urgency":2,"shortest_distance_km":525,"ferry_time":30,"ferry_price":65,"cargo":"cargo.princess","company_truck":"mercedes_6x2_b","trailer_variant":"trailer.overweight.boat","trailer_definition":"trailer_def.princess.overweight.boat","units_count":100,"fill_ratio":1,"trailer_place":0}]}