{"bhv.paris":[{"target":"lisette_log.paris","urgency":0,"shortest_distance_km":98,"ferry_time":0,"ferry_price":0,"cargo":"cargo.car_balt2","company_truck":"scania_streamline_6x4_a","trailer_variant":"trailer.car_trans_b2","trailer_definition":"trailer_def.car_balt2.car_trans_b2","units_count":100,"fill_ratio":1,"trailer_place":0}],"nbfc.liverpool":[{"target":"kivi.kotka","urgency":0,"shortest_distance_km":1581,"ferry_time":1680,"ferry_price":2484,"cargo":"cargo.explosives","company_truck":"mercedes_6x2_b","trailer_variant":"trailer.scs_curt_a","trailer_definition":"trailer_def.scs.box.single_3.curtain","units_count":33,"fill_ratio":1,"trailer_place":0}],"sellplan.klagenfurt":[{"target":"renar.lahti","urgency":2,"shortest_distance_km":2021,"ferry_time":150,"ferry_price":430,"cargo":"cargo.empty_palet","company_truck":"scania_r_4x2_370","trailer_variant":"trailer.scs_dry","trailer_definition":"trailer_def.scs.box.single_3.dryvan","units_count":33,"fill_ratio":1,"trailer_place":0}],"kaarfor.poznan":[{"target":"gnt.ventspils","urgency":0,"shortest_distance_km":834,"ferry_time":0,"ferry_price":0,"cargo":"cargo.used_plast","company_truck":"renault_magnum_6x2_a","trailer_variant":"trailer.scs_dry_a","trailer_definition":"trailer_def.scs.box.single_3.dryvan","units_count":33,"fill_ratio":1,"trailer_place":0},{"target":"blt.paldiski","urgency":2,"shortest_distance_km":1072,"ferry_time":0,"ferry_price":0,"cargo":"cargo.empty_palet","company_truck":"scania_4x2_b","trailer_variant":"trailer.scs_dry_s","trailer_definition":"trailer_def.scs.box.single_3.dryvan","units_count":33,"fill_ratio":1,"trailer_place":0}],"itcc.rostock":[{"target":"ns_oil_ru.kaliningrad","urgency":1,"shortest_distance_km":709,"ferry_time":0,"ferry_price":0,"cargo":"cargo.hipresstank","company_truck":"scania_6x4_a","trailer_variant":"trailer.scs_flat_c_g","trailer_definition":"trailer_def.scs.flatbed.single_3.container","units_count":2,"fill_ratio":1,"trailer_place":0}],"stokes.kiel":[{"target":"sal_fi.helsinki","urgency":0,"shortest_distance_km":1288,"ferry_time":540,"ferry_price":1170,"cargo":"cargo.apples","company_truck":"double/renault_premium_4x2_a","trailer_variant":"trailer.scs_dry_b2","trailer_definition":"trailer_def.scs.box.bdouble_3_3.dryvan","units_count":25,"fill_ratio":1,"trailer_place":0}],"sellplan.prague":[{"target":"nch.turku","urgency":1,"shortest_distance_km":1425,"ferry_time":645,"ferry_price":1574,"cargo":"cargo.used_packag","company_truck":"daf_xf_euro6_4x2_c","trailer_variant":"trailer.scs_dry_s","trailer_definition":"trailer_def.scs.box.single_3.dryvan","units_count":33,"fill_ratio":1,"trailer_place":0}],"wgcc.grimsby":[{"target":"renar.parnu","urgency":2,"shortest_distance_km":2583,"ferry_time":35,"ferry_price":300,"cargo":"cargo.fertilizer","company_truck":"scania_r_6x2_450","trailer_variant":"trailer.scs_curt","trailer_definition":"trailer_def.scs.box.single_3.curtain","units_count":33,"fill_ratio":1,"trailer_place":0}],"posped.kiel":[{"target":"renar.turku","urgency":0,"shortest_distance_km":1127,"ferry_time":540,"ferry_price":1170,"cargo":"cargo.plastic_gra","company_truck":"renault_premium_4x2_a","trailer_variant":"trailer.cement","trailer_definition":"trailer_def.plastic_gra.cement","units_count":100,"fill_ratio":1,"trailer_place":0}],"lkwlog.amsterdam":[{"target":"ladoga_ru.petersburg","urgency":1,"shortest_distance_km":2199,"ferry_time":0,"ferry_price":0,"cargo":"cargo.oil_filt_c","company_truck":"iveco_h_4x2_a","trailer_variant":"trailer.scs_gosck40","trailer_definition":"trailer_def.scs.gooseneck.singl_3e_40.container","units_count":30,"fill_ratio":1,"trailer_place":0}],"itcc.glasgow":[{"target":"posped.carlisle","urgency":1,"shortest_distance_km":179,"ferry_time":0,"ferry_price":0,"cargo":"cargo.train_part2","company_truck":"daf_xf_euro6_4x2_b","trailer_variant":"trailer.scs_flat_c_r","trailer_definition":"trailer_def.scs.flatbed.single_3.container","units_count":2,"fill_ratio":1,"trailer_place":0}],"eurogoodies.erfurt":[{"target":"renar.turku","urgency":0,"shortest_distance_km":1373,"ferry_time":645,"ferry_price":1574,"cargo":"cargo.limonades","company_truck":"man_6x4_b","trailer_variant":"trailer.scs_dry_a","trailer_definition":"trailer_def.scs.box.single_3.dryvan","units_count":30,"fill_ratio":1,"trailer_place":0}],"tree_et.poznan":[{"target":"blt.siauliai","urgency":1,"shortest_distance_km":612,"ferry_time":0,"ferry_price":0,"cargo":"cargo.forklifts","company_truck":"renault_magnum_6x2_a","trailer_variant":"trailer.overweight.forklifts","trailer_definition":"trailer_def.forklifts.overweight.forklifts","units_count":100,"fill_ratio":1,"trailer_place":0}],"quarry.strasbourg":[{"target":"nch_ru.petersburg","urgency":2,"shortest_distance_km":2426,"ferry_time":0,"ferry_price":0,"cargo":"cargo.stones","company_truck":"daf_xf_euro6_4x2_c","trailer_variant":"trailer.s_ki_solid.cover","trailer_definition":"trailer_def.stones.s_ki_solid.cover","units_count":100,"fill_ratio":1,"trailer_place":0}],"tree_et.manchester":[{"target":"blt_ru.petersburg","urgency":2,"shortest_distance_km":3080,"ferry_time":35,"ferry_price":300,"cargo":"cargo.logs","company_truck":"man_6x4_b","trailer_variant":"trailer.scs_log","trailer_definition":"trailer_def.scs.log.single_3.steel","units_count":2,"fill_ratio":1,"trailer_place":0}],"itcc.koln":[{"target":"sanbuilders.brno","urgency":0,"shortest_distance_km":842,"ferry_time":0,"ferry_price":0,"cargo":"cargo.concr_stair","company_truck":"mercedes_6x2_b","trailer_variant":"trailer.scs_flat_c_g","trailer_definition":"trailer_def.scs.flatbed.single_3.container","units_count":2,"fill_ratio":1,"trailer_place":0}],"transinet.hamburg":[{"target":"lkwlog.hamburg","urgency":1,"shortest_distance_km":1,"ferry_time":0,"ferry_price":0,"cargo":"cargo.train_part","company_truck":"scania_streamline_6x2_b","trailer_variant":"trailer.scs_flat_b","trailer_definition":"trailer_def.scs.flatbed.single_3.flatbed_w","units_count":2,"fill_ratio":1,"trailer_place":0}],"renar.turku":[{"target":"sal_fi.pori","urgency":1,"shortest_distance_km":105,"ferry_time":0,"ferry_price":0,"cargo":"cargo.paper","company_truck":"mercedes_4x2_c","trailer_variant":"trailer.scs_dry_s","trailer_definition":"trailer_def.scs.box.single_3.dryvan","units_count":33,"fill_ratio":1,"trailer_place":0}],"radus.kouvola":[{"target":"cemelt_win.liepaja","urgency":2,"shortest_distance_km":787,"ferry_time":150,"ferry_price":430,"cargo":"cargo.concr_beams2","company_truck":"man_tgx_euro6_6x4_xlx","trailer_variant":"trailer.scs_flat_c_r","trailer_definition":"trailer_def.scs.flatbed.single_3.container","units_count":2,"fill_ratio":1,"trailer_place":0},{"target":"rosmark_ru.vyborg","urgency":0,"shortest_distance_km":170,"ferry_time":0,"ferry_price":0,"cargo":"cargo.emptytank","company_truck":"man_6x4_b","trailer_variant":"trailer.scs_flat_r","trailer_definition":"trailer_def.scs.flatbed.single_3.flatbed_w","units_count":2,"fill_ratio":1,"trailer_place":0},{"target":"domdepo_ru.luga","urgency":2,"shortest_distance_km":443,"ferry_time":0,"ferry_price":0,"cargo":"cargo.bricks","company_truck":"scania_4x2_c","trailer_variant":"trailer.scs_brick_b","trailer_definition":"trailer_def.scs.flatbed.single_3.brick","units_count":33,"fill_ratio":1,"trailer_place":0}],"radus.tartu":[{"target":"blt.siauliai","urgency":2,"shortest_distance_km":425,"ferry_time":0,"ferry_price":0,"cargo":"cargo.concr_beams2","company_truck":"man_tgx_euro6_4x2_xl","trailer_variant":"trailer.scs_flat_b","trailer_definition":"trailer_def.scs.flatbed.single_3.flatbed_w","units_count":2,"fill_ratio":1,"trailer_place":0}],"baltomorsk.kaunas":[{"target":"renar.kotka","urgency":2,"shortest_distance_km":772,"ferry_time":150,"ferry_price":430,"cargo":"cargo.lumber","company_truck":"renault_t_6x2","trailer_variant":"trailer.scs_flat_r","trailer_definition":"trailer_def.scs.flatbed.single_3.flatbed_w","units_count":2,"fill_ratio":1,"trailer_place":0}],"renar.tallinn":[{"target":"nch.riga","urgency":1,"shortest_distance_km":277,"ferry_time":0,"ferry_price":0,"cargo":"cargo.oil_filt_c","company_truck":"daf_6x2_a","trailer_variant":"trailer.scs_flat_c_r","trailer_definition":"trailer_def.scs.flatbed.single_3.container","units_count":33,"fill_ratio":1,"trailer_place":0}],"ns_chem.riga":[{"target":"ns_chem_ru.luga","urgency":1,"shortest_distance_km":378,"ferry_time":0,"ferry_price":0,"cargo":"cargo.chemicals","company_truck":"daf_4x2_b","trailer_variant":"trailer.chcistern","trailer_definition":"trailer_def.chemicals.chcistern","units_count":100,"fill_ratio":1,"trailer_place":0},{"target":"nch.turku","urgency":2,"shortest_distance_km":543,"ferry_time":150,"ferry_price":430,"cargo":"cargo.hmetal","company_truck":"renault_premium_6x4_a","trailer_variant":"trailer.scs_flat_c_r","trailer_definition":"trailer_def.scs.flatbed.single_3.container","units_count":87,"fill_ratio":1,"trailer_place":0}],"rosmark_ru.vyborg":[{"target":"lintukainen.kouvola","urgency":1,"shortest_distance_km":179,"ferry_time":0,"ferry_price":0,"cargo":"cargo.diggers","company_truck":"mercedes_actros_2014_4x2_a","trailer_variant":"trailer.overweight.digger","trailer_definition":"trailer_def.diggers.overweight.digger","units_count":98,"fill_ratio":1,"trailer_place":0},{"target":"suprema.parnu","urgency":2,"shortest_distance_km":589,"ferry_time":0,"ferry_price":0,"cargo":"cargo.beverages_c","company_truck":"renault_premium_6x2_a","trailer_variant":"trailer.scs_flat_c_r","trailer_definition":"trailer_def.scs.flatbed.single_3.container","units_count":33,"fill_ratio":1,"trailer_place":0},{"target":"renar.lahti","urgency":2,"shortest_distance_km":254,"ferry_time":0,"ferry_price":0,"cargo":"cargo.chimney_syst","company_truck":"scania_4x2_a","trailer_variant":"trailer.scs_curt_a","trailer_definition":"trailer_def.scs.box.single_3.curtain","units_count":33,"fill_ratio":1,"trailer_place":0}],"ns_chem.pori":[{"target":"nch.kouvola","urgency":1,"shortest_distance_km":342,"ferry_time":0,"ferry_price":0,"cargo":"cargo.mercuric","company_truck":"scania_4x2_c","trailer_variant":"trailer.scs_gosck20","trailer_definition":"trailer_def.scs.gooseneck.singl_3e_20.container","units_count":40,"fill_ratio":1,"trailer_place":0},{"target":"nch.tallinn","urgency":2,"shortest_distance_km":339,"ferry_time":150,"ferry_price":430,"cargo":"cargo.phosphor","company_truck":"scania_s_6x4_730","trailer_variant":"trailer.scs_gosck40","trailer_definition":"trailer_def.scs.gooseneck.singl_3e_40.container","units_count":80,"fill_ratio":1,"trailer_place":0}],"ladoga_ru.kaliningrad":[{"target":"renar.tallinn","urgency":2,"shortest_distance_km":704,"ferry_time":0,"ferry_price":0,"cargo":"cargo.empty_palet","company_truck":"scania_s_4x2_580","trailer_variant":"trailer.scs_dry_ms","trailer_definition":"trailer_def.scs.box.single_3.dryvan_m","units_count":32,"fill_ratio":1,"trailer_place":0},{"target":"gnt.valmiera","urgency":1,"shortest_distance_km":579,"ferry_time":0,"ferry_price":0,"cargo":"cargo.scrap_metals","company_truck":"iveco_4x2_c","trailer_variant":"trailer.s_ki_solid.cover","trailer_definition":"trailer_def.scrap_metals.s_ki_solid.cover","units_count":100,"fill_ratio":1,"trailer_place":0}],"ukko.loviisa":[{"target":"onnelik.narva","urgency":2,"shortest_distance_km":337,"ferry_time":150,"ferry_price":430,"cargo":"cargo.excav_soil","company_truck":"iveco_4x2_b","trailer_variant":"trailer.s_ki_solid.cover","trailer_definition":"trailer_def.excav_soil.s_ki_solid.cover","units_count":99,"fill_ratio":1,"trailer_place":0},{"target":"egres.helsinki","urgency":1,"shortest_distance_km":220,"ferry_time":0,"ferry_price":0,"cargo":"cargo.forklifts","company_truck":"man_4x2_a","trailer_variant":"trailer.overweight.forklifts","trailer_definition":"trailer_def.forklifts.overweight.forklifts","units_count":100,"fill_ratio":1,"trailer_place":0},{"target":"renar.tampere","urgency":2,"shortest_distance_km":281,"ferry_time":0,"ferry_price":0,"cargo":"cargo.empty_palet","company_truck":"renault_magnum_6x4_a","trailer_variant":"trailer.scs_dry_a","trailer_definition":"trailer_def.scs.box.single_3.dryvan","units_count":33,"fill_ratio":1,"trailer_place":0}],"suprema.tampere":[{"target":"nch.kouvola","urgency":1,"shortest_distance_km":188,"ferry_time":0,"ferry_price":0,"cargo":"cargo.used_packag","company_truck":"mercedes_actros_2014_4x2_b","trailer_variant":"trailer.scs_dry_s","trailer_definition":"trailer_def.scs.box.single_3.dryvan","units_count":33,"fill_ratio":1,"trailer_place":0}],"kivi.helsinki":[{"target":"blt.kunda","urgency":0,"shortest_distance_km":264,"ferry_time":150,"ferry_price":430,"cargo":"cargo.gravel","company_truck":"scania_r_6x4_650","trailer_variant":"trailer.s_ki_solid.gravel","trailer_definition":"trailer_def.gravel.s_ki_solid.gravel","units_count":100,"fill_ratio":1,"trailer_place":0},{"target":"nch.kouvola","urgency":2,"shortest_distance_km":153,"ferry_time":0,"ferry_price":0,"cargo":"cargo.stones","company_truck":"iveco_4x2_a","trailer_variant":"trailer.s_ki_solid.cover","trailer_definition":"trailer_def.stones.s_ki_solid.cover","units_count":100,"fill_ratio":1,"trailer_place":0}],"rosmark.rezekne":[{"target":"nch.riga","urgency":1,"shortest_distance_km":241,"ferry_time":0,"ferry_price":0,"cargo":"cargo.used_packag","company_truck":"iveco_4x2_a","trailer_variant":"trailer.scs_dry_ms","trailer_definition":"trailer_def.scs.box.single_3.dryvan_m","units_count":33,"fill_ratio":1,"trailer_place":0}],"blt_ru.petersburg":[{"target":"pk_medved_ru.petersburg","urgency":0,"shortest_distance_km":198,"ferry_time":0,"ferry_price":0,"cargo":"cargo.beef_meat","company_truck":"daf_6x2_a","trailer_variant":"trailer.scs_ref","trailer_definition":"trailer_def.scs.box.single_3.reefer","units_count":33,"fill_ratio":1,"trailer_place":0}],"sal_fi.helsinki":[{"target":"gnt.klaipeda","urgency":1,"shortest_distance_km":698,"ferry_time":150,"ferry_price":430,"cargo":"cargo.almond","company_truck":"scania_r_4x2_520","trailer_variant":"trailer.scs_dry_ms","trailer_definition":"trailer_def.scs.box.single_3.dryvan_m","units_count":33,"fill_ratio":1,"trailer_place":0}],"aerobalt.helsinki":[{"target":"nch.tallinn","urgency":0,"shortest_distance_km":152,"ferry_time":150,"ferry_price":430,"cargo":"cargo.med_equip","company_truck":"iveco_6x2_a","trailer_variant":"trailer.scs_dry_s","trailer_definition":"trailer_def.scs.box.single_3.dryvan","units_count":33,"fill_ratio":1,"trailer_place":0}],"onnelik_a.tartu":[{"target":"blt.kaunas","urgency":2,"shortest_distance_km":548,"ferry_time":0,"ferry_price":0,"cargo":"cargo.milk","company_truck":"mercedes_4x2","trailer_variant":"trailer.scs_dry_m","trailer_definition":"trailer_def.scs.box.single_3.dryvan_m","units_count":33,"fill_ratio":1,"trailer_place":0}],"agrominta_a.utena":[{"target":"rosmark.rezekne","urgency":0,"shortest_distance_km":271,"ferry_time":0,"ferry_price":0,"cargo":"cargo.beef_meat","company_truck":"daf_xf_euro6_6x4_c","trailer_variant":"trailer.scs_ref","trailer_definition":"trailer_def.scs.box.single_3.reefer","units_count":33,"fill_ratio":1,"trailer_place":0}],"ibp.helsinki":[{"target":"lintukainen.tartu","urgency":1,"shortest_distance_km":355,"ferry_time":150,"ferry_price":430,"cargo":"cargo.lpg","company_truck":"daf_4x2_a","trailer_variant":"trailer.fuel_cistern","trailer_definition":"trailer_def.lpg.fuel_cistern","units_count":100,"fill_ratio":1,"trailer_place":0}],"nch_ru.petersburg":[{"target":"renar.lahti","urgency":1,"shortest_distance_km":457,"ferry_time":0,"ferry_price":0,"cargo":"cargo.big_bag_seed","company_truck":"renault_t_6x2","trailer_variant":"trailer.scs_dry_m","trailer_definition":"trailer_def.scs.box.single_3.dryvan_m","units_count":33,"fill_ratio":1,"trailer_place":0},{"target":"ns_chem.riga","urgency":1,"shortest_distance_km":506,"ferry_time":0,"ferry_price":0,"cargo":"cargo.arsenic","company_truck":"man_6x4_b","trailer_variant":"trailer.scs_flat_c_r","trailer_definition":"trailer_def.scs.flatbed.single_3.container","units_count":87,"fill_ratio":1,"trailer_place":0}],"lvr.riga":[{"target":"renar.kotka","urgency":1,"shortest_distance_km":540,"ferry_time":150,"ferry_price":430,"cargo":"cargo.train_part","company_truck":"mercedes_actros_2014_4x2_b","trailer_variant":"trailer.scs_flat_b","trailer_definition":"trailer_def.scs.flatbed.single_3.flatbed_w","units_count":2,"fill_ratio":1,"trailer_place":0},{"target":"gnt.panevezys","urgency":1,"shortest_distance_km":136,"ferry_time":0,"ferry_price":0,"cargo":"cargo.scrap_metals","company_truck":"scania_streamline_4x2_c","trailer_variant":"trailer.s_ki_solid.cover","trailer_definition":"trailer_def.scrap_metals.s_ki_solid.cover","units_count":100,"fill_ratio":1,"trailer_place":0}],"gnt.ventspils":[{"target":"cemelt_fla.valmiera","urgency":0,"shortest_distance_km":310,"ferry_time":0,"ferry_price":0,"cargo":"cargo.metal_beams","company_truck":"renault_premium_4x2_a","trailer_variant":"trailer.scs_flat_r","trailer_definition":"trailer_def.scs.flatbed.single_3.flatbed_w","units_count":10,"fill_ratio":1,"trailer_place":0}],"ateria.helsinki":[{"target":"nch.turku","urgency":0,"shortest_distance_km":263,"ferry_time":0,"ferry_price":0,"cargo":"cargo.bottle_water","company_truck":"renault_magnum_6x2_a","trailer_variant":"trailer.scs_dry_a","trailer_definition":"trailer_def.scs.box.single_3.dryvan","units_count":33,"fill_ratio":1,"trailer_place":0}],"blt_yacht.riga":[{"target":"polarislines.liepaja","urgency":2,"shortest_distance_km":175,"ferry_time":0,"ferry_price":0,"cargo":"cargo.princess","company_truck":"scania_s_6x4_730","trailer_variant":"trailer.overweight.boat","trailer_definition":"trailer_def.princess.overweight.boat","units_count":100,"fill_ratio":1,"trailer_place":0}],"ika_bohag.vilnius":[{"target":"gnt.daugavpils","urgency":2,"shortest_distance_km":192,"ferry_time":0,"ferry_price":0,"cargo":"cargo.empty_palet","company_truck":"renault_premium_6x2_a","trailer_variant":"trailer.scs_dry_ms","trailer_definition":"trailer_def.scs.box.single_3.dryvan_m","units_count":32,"fill_ratio":1,"trailer_place":0}],"nch.kouvola":[{"target":"rosmark.rezekne","urgency":2,"shortest_distance_km":700,"ferry_time":0,"ferry_price":0,"cargo":"cargo.wallpanels","company_truck":"scania_r_4x2_520","trailer_variant":"trailer.panel_trans.wall","trailer_definition":"trailer_def.wallpanels.panel_trans.wall","units_count":85,"fill_ratio":1,"trailer_place":0}],"fintyre.tampere":[{"target":"nch.kouvola","urgency":2,"shortest_distance_km":250,"ferry_time":0,"ferry_price":0,"cargo":"cargo.empty_palet","company_truck":"iveco_4x2_a","trailer_variant":"trailer.scs_dry_a","trailer_definition":"trailer_def.scs.box.single_3.dryvan","units_count":33,"fill_ratio":1,"trailer_place":0}],"baltomorsk.valmiera":[{"target":"gnt.panevezys","urgency":2,"shortest_distance_km":205,"ferry_time":0,"ferry_price":0,"cargo":"cargo.lumber","company_truck":"iveco_4x2_b","trailer_variant":"trailer.scs_flat_c_g","trailer_definition":"trailer_def.scs.flatbed.single_3.container","units_count":2,"fill_ratio":1,"trailer_place":0}],"ns_chem_ru.luga":[{"target":"nch_ru.petersburg","urgency":1,"shortest_distance_km":142,"ferry_time":0,"ferry_price":0,"cargo":"cargo.nitrocel","company_truck":"man_6x4_b","trailer_variant":"trailer.scs_gosck220","trailer_definition":"trailer_def.scs.gooseneck.singl_3e_220.container","units_count":80,"fill_ratio":1,"trailer_place":0},{"target":"nch_ru.petersburg","urgency":1,"shortest_distance_km":142,"ferry_time":0,"ferry_price":0,"cargo":"cargo.mercuric","company_truck":"scania_6x4_a","trailer_variant":"trailer.scs_gosck220","trailer_definition":"trailer_def.scs.gooseneck.singl_3e_220.container","units_count":80,"fill_ratio":1,"trailer_place":0}],"gnt.vilnius":[{"target":"blt.kaunas","urgency":0,"shortest_distance_km":110,"ferry_time":0,"ferry_price":0,"cargo":"cargo.chocolate","company_truck":"iveco_h_4x2_a","trailer_variant":"trailer.scs_curt_a","trailer_definition":"trailer_def.scs.box.single_3.curtain","units_count":32,"fill_ratio":1,"trailer_place":0},{"target":"blt.utena","urgency":0,"shortest_distance_km":80,"ferry_time":0,"ferry_price":0,"cargo":"cargo.carb_water","company_truck":"man_6x4_b","trailer_variant":"trailer.scs_dry_ms","trailer_definition":"trailer_def.scs.box.single_3.dryvan_m","units_count":29,"fill_ratio":1,"trailer_place":0}],"bltmetal.siauliai":[{"target":"rosmark.rezekne","urgency":0,"shortest_distance_km":387,"ferry_time":0,"ferry_price":0,"cargo":"cargo.metal_beams","company_truck":"man_6x4_b","trailer_variant":"trailer.scs_flat_c_g","trailer_definition":"trailer_def.scs.flatbed.single_3.container","units_count":9,"fill_ratio":1,"trailer_place":0},{"target":"blt.utena","urgency":1,"shortest_distance_km":186,"ferry_time":0,"ferry_price":0,"cargo":"cargo.outdr_flr_tl","company_truck":"mercedes_actros_2014_6x4_b","trailer_variant":"trailer.scs_dry_m","trailer_definition":"trailer_def.scs.box.single_3.dryvan_m","units_count":33,"fill_ratio":1,"trailer_place":0}],"suprema.parnu":[{"target":"rosmark.riga","urgency":0,"shortest_distance_km":150,"ferry_time":0,"ferry_price":0,"cargo":"cargo.used_plast","company_truck":"renault_premium_4x2_c","trailer_variant":"trailer.scs_dry","trailer_definition":"trailer_def.scs.box.single_3.dryvan","units_count":33,"fill_ratio":1,"trailer_place":0}],"egres.kouvola":[{"target":"renar.parnu","urgency":2,"shortest_distance_km":399,"ferry_time":150,"ferry_price":430,"cargo":"cargo.cont_trees","company_truck":"daf_xf_euro6_6x2_a","trailer_variant":"trailer.scs_dry","trailer_definition":"trailer_def.scs.box.single_3.dryvan","units_count":33,"fill_ratio":1,"trailer_place":0},{"target":"renar.lahti","urgency":1,"shortest_distance_km":104,"ferry_time":0,"ferry_price":0,"cargo":"cargo.young_seed","company_truck":"double/renault_t_4x2h","trailer_variant":"trailer.scs_ins_2","trailer_definition":"trailer_def.scs.box.double_3_2.insulated","units_count":53,"fill_ratio":1,"trailer_place":0}],"ika_bohag.helsinki":[{"target":"ateria.lahti","urgency":2,"shortest_distance_km":178,"ferry_time":0,"ferry_price":0,"cargo":"cargo.empty_palet","company_truck":"scania_streamline_6x4_a","trailer_variant":"trailer.scs_dry","trailer_definition":"trailer_def.scs.box.single_3.dryvan","units_count":33,"fill_ratio":1,"trailer_place":0}],"egres.helsinki":[{"target":"blt.siauliai","urgency":0,"shortest_distance_km":578,"ferry_time":150,"ferry_price":430,"cargo":"cargo.plums","company_truck":"scania_streamline_6x2_b","trailer_variant":"trailer.scs_ref_s","trailer_definition":"trailer_def.scs.box.single_3.reefer","units_count":33,"fill_ratio":1,"trailer_place":0}],"ns_oil.tallinn":[{"target":"blt.kunda","urgency":2,"shortest_distance_km":75,"ferry_time":0,"ferry_price":0,"cargo":"cargo.petrol","company_truck":"scania_r_6x2_450","trailer_variant":"trailer.fuel_cistern","trailer_definition":"trailer_def.petrol.fuel_cistern","units_count":100,"fill_ratio":1,"trailer_place":0},{"target":"rosmark_ru.luga","urgency":1,"shortest_distance_km":325,"ferry_time":0,"ferry_price":0,"cargo":"cargo.fueltanker","company_truck":"man_4x2_c","trailer_variant":"trailer.scs_flat_c_g","trailer_definition":"trailer_def.scs.flatbed.single_3.container","units_count":87,"fill_ratio":1,"trailer_place":0}],"bltmetal.tallinn":[{"target":"agrominta_a.utena","urgency":0,"shortest_distance_km":543,"ferry_time":0,"ferry_price":0,"cargo":"cargo.vent_tube","company_truck":"man_4x2_a","trailer_variant":"trailer.scs_flat_r","trailer_definition":"trailer_def.scs.flatbed.single_3.flatbed_w","units_count":2,"fill_ratio":1,"trailer_place":0},{"target":"rosmark.riga","urgency":2,"shortest_distance_km":244,"ferry_time":0,"ferry_price":0,"cargo":"cargo.concr_beams2","company_truck":"renault_premium_4x2_c","trailer_variant":"trailer.scs_flat_b","trailer_definition":"trailer_def.scs.flatbed.single_3.flatbed_w","units_count":2,"fill_ratio":1,"trailer_place":0},{"target":"blt.tartu","urgency":2,"shortest_distance_km":199,"ferry_time":0,"ferry_price":0,"cargo":"cargo.wallpanels","company_truck":"renault_magnum_6x4_a","trailer_variant":"trailer.panel_trans.wall","trailer_definition":"trailer_def.wallpanels.panel_trans.wall","units_count":85,"fill_ratio":1,"trailer_place":0}],"cemelt_bas.kaunas":[{"target":"agrominta.utena","urgency":2,"shortest_distance_km":167,"ferry_time":0,"ferry_price":0,"cargo":"cargo.excav_soil","company_truck":"iveco_4x2_a","trailer_variant":"trailer.s_ki_solid.cover","trailer_definition":"trailer_def.excav_soil.s_ki_solid.cover","units_count":99,"fill_ratio":1,"trailer_place":0}],"cont_port.tallinn":[{"target":"nch.riga","urgency":2,"shortest_distance_km":361,"ferry_time":0,"ferry_price":0,"cargo":"cargo.carrots_c","company_truck":"mercedes_actros_2014_6x4_b","trailer_variant":"trailer.scs_gosck220","trailer_definition":"trailer_def.scs.gooseneck.singl_3e_220.container","units_count":30,"fill_ratio":1,"trailer_place":0}],"ukko.olkiluoto":[{"target":"baltomorsk.kaunas","urgency":2,"shortest_distance_km":828,"ferry_time":150,"ferry_price":430,"cargo":"cargo.excavator","company_truck":"man_4x2_c","trailer_variant":"trailer.overweight.excavator","trailer_definition":"trailer_def.excavator.overweight.excavator","units_count":94,"fill_ratio":1,"trailer_place":0}],"baltomors_ru.petersburg":[{"target":"lintukainen.kouvola","urgency":2,"shortest_distance_km":359,"ferry_time":0,"ferry_price":0,"cargo":"cargo.digger500","company_truck":"scania_6x2_b","trailer_variant":"trailer.overweight.digger500","trailer_definition":"trailer_def.digger500.overweight.digger500","units_count":100,"fill_ratio":1,"trailer_place":0},{"target":"rosmark.liepaja","urgency":1,"shortest_distance_km":776,"ferry_time":0,"ferry_price":0,"cargo":"cargo.wshavings","company_truck":"mercedes_6x4_a","trailer_variant":"trailer.s_ki_solid.cover","trailer_definition":"trailer_def.wshavings.s_ki_solid.cover","units_count":100,"fill_ratio":1,"trailer_place":0}],"blt_yacht_ru.petersburg":[{"target":"nch.tallinn","urgency":2,"shortest_distance_km":258,"ferry_time":0,"ferry_price":0,"cargo":"cargo.princess","company_truck":"mercedes_4x2_a","trailer_variant":"trailer.overweight.boat","trailer_definition":"trailer_def.princess.overweight.boat","units_count":100,"fill_ratio":1,"trailer_place":0}],"suprema.panevezys":[{"target":"renar.kotka","urgency":0,"shortest_distance_km":671,"ferry_time":150,"ferry_price":430,"cargo":"cargo.used_plast","company_truck":"scania_r_4x2_520","trailer_variant":"trailer.scs_dry_s","trailer_definition":"trailer_def.scs.box.single_3.dryvan","units_count":33,"fill_ratio":1,"trailer_place":0}],"radus.tampere":[{"target":"blt.kunda","urgency":0,"shortest_distance_km":368,"ferry_time":150,"ferry_price":430,"cargo":"cargo.concr_stair","company_truck":"iveco_4x2_a","trailer_variant":"trailer.scs_flat_r","trailer_definition":"trailer_def.scs.flatbed.single_3.flatbed_w","units_count":2,"fill_ratio":1,"trailer_place":0}],"ns_oil.klaipeda":[{"target":"baltomorsk.kaunas","urgency":1,"shortest_distance_km":182,"ferry_time":0,"ferry_price":0,"cargo":"cargo.lpg","company_truck":"scania_streamline_6x2_b","trailer_variant":"trailer.fuel_cistern","trailer_definition":"trailer_def.lpg.fuel_cistern","units_count":100,"fill_ratio":1,"trailer_place":0},{"target":"cont_port.klaipeda","urgency":2,"shortest_distance_km":5,"ferry_time":0,"ferry_price":0,"cargo":"cargo.motor_oil_c","company_truck":"mercedes_actros_2014_6x2_a","trailer_variant":"trailer.scs_gosck40","trailer_definition":"trailer_def.scs.gooseneck.singl_3e_40.container","units_count":30,"fill_ratio":1,"trailer_place":0},{"target":"ibp.mazeikiai","urgency":1,"shortest_distance_km":188,"ferry_time":0,"ferry_price":0,"cargo":"cargo.oil","company_truck":"scania_s_6x4_730","trailer_variant":"trailer.willig.fuel_cistern","trailer_definition":"trailer_def.oil.willig.fuel_cistern","units_count":101,"fill_ratio":1,"trailer_place":0}],"suprema.tartu":[{"target":"blt_ru.pskov","urgency":1,"shortest_distance_km":151,"ferry_time":0,"ferry_price":0,"cargo":"cargo.used_plast_c","company_truck":"scania_r_4x2_520","trailer_variant":"trailer.scs_gosck20","trailer_definition":"trailer_def.scs.gooseneck.singl_3e_20.container","units_count":15,"fill_ratio":1,"trailer_place":0},{"target":"blt_ru.petersburg","urgency":1,"shortest_distance_km":369,"ferry_time":0,"ferry_price":0,"cargo":"cargo.used_packag","company_truck":"renault_magnum_6x4_a","trailer_variant":"trailer.scs_dry_ms","trailer_definition":"trailer_def.scs.box.single_3.dryvan_m","units_count":33,"fill_ratio":1,"trailer_place":0},{"target":"rosmark.liepaja","urgency":2,"shortest_distance_km":521,"ferry_time":0,"ferry_price":0,"cargo":"cargo.empty_palet","company_truck":"iveco_4x2_c","trailer_variant":"trailer.scs_dry_m","trailer_definition":"trailer_def.scs.box.single_3.dryvan_m","units_count":32,"fill_ratio":1,"trailer_place":0}],"baltomorsk.rezekne":[{"target":"gnt.valmiera","urgency":2,"shortest_distance_km":184,"ferry_time":0,"ferry_price":0,"cargo":"cargo.lumber","company_truck":"renault_premium_4x2_c","trailer_variant":"trailer.scs_flat_r","trailer_definition":"trailer_def.scs.flatbed.single_3.flatbed_w","units_count":2,"fill_ratio":1,"trailer_place":0}],"eviksi.riga":[{"target":"rosmark.riga","urgency":2,"shortest_distance_km":113,"ferry_time":0,"ferry_price":0,"cargo":"cargo.beans","company_truck":"scania_s_4x2_370","trailer_variant":"trailer.scs_curt_s","trailer_definition":"trailer_def.scs.box.single_3.curtain","units_count":33,"fill_ratio":1,"trailer_place":0},{"target":"gnt.ventspils","urgency":0,"shortest_distance_km":192,"ferry_time":0,"ferry_price":0,"cargo":"cargo.potatoes","company_truck":"man_6x4_b","trailer_variant":"trailer.scs_curt_a","trailer_definition":"trailer_def.scs.box.single_3.curtain","units_count":33,"fill_ratio":1,"trailer_place":0},{"target":"renar.tallinn","urgency":0,"shortest_distance_km":332,"ferry_time":0,"ferry_price":0,"cargo":"cargo.carrots","company_truck":"man_4x2_c","trailer_variant":"trailer.scs_dry_a","trailer_definition":"trailer_def.scs.box.single_3.dryvan","units_count":33,"fill_ratio":1,"trailer_place":0}],"cont_port.pori":[{"target":"nch.tallinn","urgency":0,"shortest_distance_km":344,"ferry_time":150,"ferry_price":430,"cargo":"cargo.clothes_c","company_truck":"scania_4x2_b","trailer_variant":"trailer.scs_gosck220","trailer_definition":"trailer_def.scs.gooseneck.singl_3e_220.container","units_count":30,"fill_ratio":1,"trailer_place":0},{"target":"sal_fi.helsinki","urgency":2,"shortest_distance_km":269,"ferry_time":0,"ferry_price":0,"cargo":"cargo.rice_c","company_truck":"man_6x4_b","trailer_variant":"trailer.scs_flat_c_r","trailer_definition":"trailer_def.scs.flatbed.single_3.container","units_count":33,"fill_ratio":1,"trailer_place":0}],"ladoga_ru.petersburg":[{"target":"pk_medved_ru.petersburg","urgency":2,"shortest_distance_km":129,"ferry_time":0,"ferry_price":0,"cargo":"cargo.empty_palet","company_truck":"man_6x4_b","trailer_variant":"trailer.scs_dry_m","trailer_definition":"trailer_def.scs.box.single_3.dryvan_m","units_count":32,"fill_ratio":1,"trailer_place":0},{"target":"gnt.ventspils","urgency":0,"shortest_distance_km":793,"ferry_time":0,"ferry_price":0,"cargo":"cargo.car_balt1","company_truck":"scania_4x2_a","trailer_variant":"trailer.car_trans_b","trailer_definition":"trailer_def.car_balt1.car_trans_b","units_count":100,"fill_ratio":1,"trailer_place":0},{"target":"rosmark_ru.vyborg","urgency":1,"shortest_distance_km":124,"ferry_time":0,"ferry_price":0,"cargo":"cargo.used_packag","company_truck":"scania_streamline_6x2_b","trailer_variant":"trailer.scs_curt_a","trailer_definition":"trailer_def.scs.box.single_3.curtain","units_count":33,"fill_ratio":1,"trailer_place":0}],"rosmark.riga":[{"target":"nch.riga","urgency":0,"shortest_distance_km":5,"ferry_time":0,"ferry_price":0,"cargo":"cargo.cauliflower","company_truck":"iveco_6x2_a","trailer_variant":"trailer.scs_dry","trailer_definition":"trailer_def.scs.box.single_3.dryvan","units_count":33,"fill_ratio":1,"trailer_place":0}],"kivi.kotka":[{"target":"domdepo.utena","urgency":2,"shortest_distance_km":932,"ferry_time":0,"ferry_price":0,"cargo":"cargo.stones","company_truck":"man_tgx_euro6_6x4_xlx","trailer_variant":"trailer.s_ki_solid.cover","trailer_definition":"trailer_def.stones.s_ki_solid.cover","units_count":100,"fill_ratio":1,"trailer_place":0},{"target":"nch.tallinn","urgency":0,"shortest_distance_km":273,"ferry_time":150,"ferry_price":430,"cargo":"cargo.digger1000","company_truck":"man_6x4_b","trailer_variant":"trailer.overweight.digger1000","trailer_definition":"trailer_def.digger1000.overweight.digger1000","units_count":100,"fill_ratio":1,"trailer_place":0}],"ika_bohag.tampere":[{"target":"rosmark.riga","urgency":1,"shortest_distance_km":505,"ferry_time":150,"ferry_price":430,"cargo":"cargo.used_packag","company_truck":"man_6x4_b","trailer_variant":"trailer.scs_dry","trailer_definition":"trailer_def.scs.box.single_3.dryvan","units_count":33,"fill_ratio":1,"trailer_place":0},{"target":"blt.tartu","urgency":2,"shortest_distance_km":381,"ferry_time":150,"ferry_price":430,"cargo":"cargo.empty_palet","company_truck":"man_tgx_euro6_4x2_xxl","trailer_variant":"trailer.scs_curt","trailer_definition":"trailer_def.scs.box.single_3.curtain","units_count":33,"fill_ratio":1,"trailer_place":0}],"nch.turku":[{"target":"bltmetal.tallinn","urgency":0,"shortest_distance_km":296,"ferry_time":150,"ferry_price":430,"cargo":"cargo.acetylene","company_truck":"man_4x2_a","trailer_variant":"trailer.scs_gosck220","trailer_definition":"trailer_def.scs.gooseneck.singl_3e_220.container","units_count":80,"fill_ratio":1,"trailer_place":0}],"baltomors_ru.vyborg":[{"target":"renar.narva","urgency":1,"shortest_distance_km":269,"ferry_time":0,"ferry_price":0,"cargo":"cargo.diggers","company_truck":"scania_4x2_c","trailer_variant":"trailer.overweight.digger","trailer_definition":"trailer_def.diggers.overweight.digger","units_count":98,"fill_ratio":1,"trailer_place":0}],"pk_medved_ru.kaliningrad":[{"target":"cont_port.klaipeda","urgency":2,"shortest_distance_km":297,"ferry_time":0,"ferry_price":0,"cargo":"cargo.vinegar_c","company_truck":"scania_streamline_4x2_b","trailer_variant":"trailer.scs_flat_c_g","trailer_definition":"trailer_def.scs.flatbed.single_3.container","units_count":33,"fill_ratio":1,"trailer_place":0}],"viljo_paper.tampere":[{"target":"renar.lahti","urgency":1,"shortest_distance_km":168,"ferry_time":0,"ferry_price":0,"cargo":"cargo.used_packag","company_truck":"daf_6x2_a","trailer_variant":"trailer.scs_curt_s","trailer_definition":"trailer_def.scs.box.single_3.curtain","units_count":33,"fill_ratio":1,"trailer_place":0},{"target":"renar.kotka","urgency":2,"shortest_distance_km":348,"ferry_time":0,"ferry_price":0,"cargo":"cargo.empty_palet","company_truck":"double/iveco_4x2_a","trailer_variant":"trailer.scs_dry_b2","trailer_definition":"trailer_def.scs.box.bdouble_3_3.dryvan","units_count":53,"fill_ratio":1,"trailer_place":0},{"target":"blt.kunda","urgency":1,"shortest_distance_km":362,"ferry_time":150,"ferry_price":430,"cargo":"cargo.paper","company_truck":"renault_magnum_4x2_a","trailer_variant":"trailer.scs_curt","trailer_definition":"trailer_def.scs.box.single_3.curtain","units_count":33,"fill_ratio":1,"trailer_place":0}],"blt.utena":[{"target":"gnt.daugavpils","urgency":2,"shortest_distance_km":116,"ferry_time":0,"ferry_price":0,"cargo":"cargo.chewing_gums","company_truck":"daf_xf_euro6_6x4_c","trailer_variant":"trailer.scs_dry","trailer_definition":"trailer_def.scs.box.single_3.dryvan","units_count":31,"fill_ratio":1,"trailer_place":0}],"ns_oil.paldiski":[{"target":"kivi.utena","urgency":1,"shortest_distance_km":525,"ferry_time":0,"ferry_price":0,"cargo":"cargo.diesel","company_truck":"man_tgx_euro6_4x2_xl","trailer_variant":"trailer.fuel_cistern","trailer_definition":"trailer_def.diesel.fuel_cistern","units_count":94,"fill_ratio":1,"trailer_place":0},{"target":"baltomors_ru.pskov","urgency":1,"shortest_distance_km":342,"ferry_time":0,"ferry_price":0,"cargo":"cargo.oil","company_truck":"man_tgx_euro6_6x4_xlx","trailer_variant":"trailer.willig.fuel_cistern","trailer_definition":"trailer_def.oil.willig.fuel_cistern","units_count":101,"fill_ratio":1,"trailer_place":0},{"target":"bltmetal_ru.pskov","urgency":1,"shortest_distance_km":339,"ferry_time":0,"ferry_price":0,"cargo":"cargo.motor_oil","company_truck":"scania_r_6x4_650","trailer_variant":"trailer.scs_dry_a","trailer_definition":"trailer_def.scs.box.single_3.dryvan","units_count":33,"fill_ratio":1,"trailer_place":0},{"target":"lintukainen.tallinn","urgency":1,"shortest_distance_km":102,"ferry_time":0,"ferry_price":0,"cargo":"cargo.kerosene","company_truck":"man_4x2_c","trailer_variant":"trailer.willig.fuel_cistern","trailer_definition":"trailer_def.kerosene.willig.fuel_cistern","units_count":100,"fill_ratio":1,"trailer_place":0}],"blt.kunda":[{"target":"ns_oil_ru.pskov","urgency":0,"shortest_distance_km":321,"ferry_time":0,"ferry_price":0,"cargo":"cargo.chem_sorb_c","company_truck":"scania_r_6x2_450","trailer_variant":"trailer.scs_gosck20","trailer_definition":"trailer_def.scs.gooseneck.singl_3e_20.container","units_count":15,"fill_ratio":1,"trailer_place":0}],"lintukainen.pori":[{"target":"rosmark.riga","urgency":2,"shortest_distance_km":583,"ferry_time":150,"ferry_price":430,"cargo":"cargo.logs","company_truck":"daf_xf_euro6_6x2_a","trailer_variant":"trailer.scs_log","trailer_definition":"trailer_def.scs.log.single_3.steel","units_count":2,"fill_ratio":1,"trailer_place":0}],"agrominta.utena":[{"target":"gnt.daugavpils","urgency":2,"shortest_distance_km":120,"ferry_time":0,"ferry_price":0,"cargo":"cargo.nuts","company_truck":"renault_premium_4x2_a","trailer_variant":"trailer.scs_dry_s","trailer_definition":"trailer_def.scs.box.single_3.dryvan","units_count":33,"fill_ratio":1,"trailer_place":0},{"target":"blt.utena","urgency":0,"shortest_distance_km":30,"ferry_time":0,"ferry_price":0,"cargo":"cargo.peas","company_truck":"mercedes_4x2","trailer_variant":"trailer.scs_dry_a","trailer_definition":"trailer_def.scs.box.single_3.dryvan","units_count":33,"fill_ratio":1,"trailer_place":0}],"ee_paper.kunda":[{"target":"ns_chem_ru.luga","urgency":2,"shortest_distance_km":242,"ferry_time":0,"ferry_price":0,"cargo":"cargo.empty_palet","company_truck":"renault_magnum_4x2_a","trailer_variant":"trailer.scs_curt","trailer_definition":"trailer_def.scs.box.single_3.curtain","units_count":33,"fill_ratio":1,"trailer_place":0},{"target":"agrominta_a.utena","urgency":0,"shortest_distance_km":700,"ferry_time":0,"ferry_price":0,"cargo":"cargo.emptytank","company_truck":"renault_magnum_6x2_a","trailer_variant":"trailer.scs_flat_b","trailer_definition":"trailer_def.scs.flatbed.single_3.flatbed_w","units_count":2,"fill_ratio":1,"trailer_place":0}],"baltomors_ru.pskov":[{"target":"kamen_ru.vyborg","urgency":2,"shortest_distance_km":426,"ferry_time":0,"ferry_price":0,"cargo":"cargo.digger500","company_truck":"man_tgx_euro6_4x2_xl","trailer_variant":"trailer.overweight.digger500","trailer_definition":"trailer_def.digger500.overweight.digger500","units_count":100,"fill_ratio":1,"trailer_place":0}],"sal_fi.pori":[{"target":"ateria.lahti","urgency":2,"shortest_distance_km":234,"ferry_time":0,"ferry_price":0,"cargo":"cargo.beans","company_truck":"daf_4x2_b","trailer_variant":"trailer.scs_curt_a","trailer_definition":"trailer_def.scs.box.single_3.curtain","units_count":33,"fill_ratio":1,"trailer_place":0},{"target":"rosmark.liepaja","urgency":1,"shortest_distance_km":802,"ferry_time":150,"ferry_price":430,"cargo":"cargo.cement","company_truck":"mercedes_6x2_b","trailer_variant":"trailer.cement","trailer_definition":"trailer_def.cement.cement","units_count":100,"fill_ratio":1,"trailer_place":0}],"polarislines.paldiski":[{"target":"renar.parnu","urgency":0,"shortest_distance_km":97,"ferry_time":0,"ferry_price":0,"cargo":"cargo.maple_syrup","company_truck":"scania_r_6x4_650","trailer_variant":"trailer.scs_dry_ms","trailer_definition":"trailer_def.scs.box.single_3.dryvan_m","units_count":33,"fill_ratio":1,"trailer_place":0}],"domdepo_ru.vyborg":[{"target":"nch.tallinn","urgency":2,"shortest_distance_km":428,"ferry_time":0,"ferry_price":0,"cargo":"cargo.bricks","company_truck":"mercedes_6x4_a","trailer_variant":"trailer.scs_brick_r","trailer_definition":"trailer_def.scs.flatbed.single_3.brick","units_count":33,"fill_ratio":1,"trailer_place":0}],"ns_oil_ru.pskov":[{"target":"ns_oil.kotka","urgency":2,"shortest_distance_km":573,"ferry_time":0,"ferry_price":0,"cargo":"cargo.motor_oil_c","company_truck":"renault_magnum_6x4_a","trailer_variant":"trailer.scs_flat_c_r","trailer_definition":"trailer_def.scs.flatbed.single_3.container","units_count":33,"fill_ratio":1,"trailer_place":0},{"target":"aerobalt.riga","urgency":1,"shortest_distance_km":357,"ferry_time":0,"ferry_price":0,"cargo":"cargo.kerosene","company_truck":"scania_4x2_a","trailer_variant":"trailer.fuel_cistern","trailer_definition":"trailer_def.kerosene.fuel_cistern","units_count":100,"fill_ratio":1,"trailer_place":0},{"target":"nch.riga","urgency":1,"shortest_distance_km":250,"ferry_time":0,"ferry_price":0,"cargo":"cargo.motor_oil","company_truck":"iveco_6x2_a","trailer_variant":"trailer.scs_dry_s","trailer_definition":"trailer_def.scs.box.single_3.dryvan","units_count":33,"fill_ratio":1,"trailer_place":0}],"viln_paper.vilnius":[{"target":"renat.rezekne","urgency":1,"shortest_distance_km":350,"ferry_time":0,"ferry_price":0,"cargo":"cargo.paper","company_truck":"iveco_h_4x2_a","trailer_variant":"trailer.scs_dry_a","trailer_definition":"trailer_def.scs.box.single_3.dryvan","units_count":33,"fill_ratio":1,"trailer_place":0}],"renar.narva":[{"target":"renat.tartu","urgency":2,"shortest_distance_km":201,"ferry_time":0,"ferry_price":0,"cargo":"cargo.sandwch_pnls","company_truck":"mercedes_actros_2014_4x2_c","trailer_variant":"trailer.scs_dry_ms","trailer_definition":"trailer_def.scs.box.single_3.dryvan_m","units_count":33,"fill_ratio":1,"trailer_place":0}],"blt.siauliai":[{"target":"rosmark.riga","urgency":1,"shortest_distance_km":199,"ferry_time":0,"ferry_price":0,"cargo":"cargo.tomatoes","company_truck":"scania_6x2_b","trailer_variant":"trailer.scs_ref_s","trailer_definition":"trailer_def.scs.box.single_3.reefer","units_count":33,"fill_ratio":1,"trailer_place":0}],"renat.helsinki":[{"target":"ateria.helsinki","urgency":1,"shortest_distance_km":175,"ferry_time":0,"ferry_price":0,"cargo":"cargo.forklifts","company_truck":"mercedes_4x2_b","trailer_variant":"trailer.overweight.forklifts","trailer_definition":"trailer_def.forklifts.overweight.forklifts","units_count":100,"fill_ratio":1,"trailer_place":0}],"suprema_ru.kaliningrad":[{"target":"cont_port.helsinki","urgency":1,"shortest_distance_km":823,"ferry_time":150,"ferry_price":430,"cargo":"cargo.used_plast_c","company_truck":"scania_streamline_4x2_a","trailer_variant":"trailer.scs_gosck40","trailer_definition":"trailer_def.scs.gooseneck.singl_3e_40.container","units_count":30,"fill_ratio":1,"trailer_place":0},{"target":"blt.utena","urgency":0,"shortest_distance_km":402,"ferry_time":0,"ferry_price":0,"cargo":"cargo.used_plast","company_truck":"man_6x4_b","trailer_variant":"trailer.scs_dry_m","trailer_definition":"trailer_def.scs.box.single_3.dryvan_m","units_count":33,"fill_ratio":1,"trailer_place":0}],"sal_fi.kouvola":[{"target":"renar.turku","urgency":0,"shortest_distance_km":315,"ferry_time":0,"ferry_price":0,"cargo":"cargo.tableware","company_truck":"man_6x4_b","trailer_variant":"trailer.scs_dry_s","trailer_definition":"trailer_def.scs.box.single_3.dryvan","units_count":33,"fill_ratio":1,"trailer_place":0}],"ns_chem.kaunas":[{"target":"sal_fi.helsinki","urgency":0,"shortest_distance_km":634,"ferry_time":150,"ferry_price":430,"cargo":"cargo.graph_grease","company_truck":"renault_premium_6x4_a","trailer_variant":"trailer.scs_dry_s","trailer_definition":"trailer_def.scs.box.single_3.dryvan","units_count":33,"fill_ratio":1,"trailer_place":0}],"renar.tampere":[{"target":"nch.kouvola","urgency":1,"shortest_distance_km":239,"ferry_time":0,"ferry_price":0,"cargo":"cargo.used_packag","company_truck":"scania_r_4x2_370","trailer_variant":"trailer.scs_dry_ms","trailer_definition":"trailer_def.scs.box.single_3.dryvan_m","units_count":33,"fill_ratio":1,"trailer_place":0},{"target":"blt.paldiski","urgency":2,"shortest_distance_km":324,"ferry_time":150,"ferry_price":430,"cargo":"cargo.chewing_gums","company_truck":"man_6x4_b","trailer_variant":"trailer.scs_dry_m","trailer_definition":"trailer_def.scs.box.single_3.dryvan_m","units_count":30,"fill_ratio":1,"trailer_place":0}],"ika_ru.petersburg":[{"target":"blt_ru.petersburg","urgency":2,"shortest_distance_km":8,"ferry_time":0,"ferry_price":0,"cargo":"cargo.empty_palet","company_truck":"mercedes_actros_2014_4x2_b","trailer_variant":"trailer.scs_curt_a","trailer_definition":"trailer_def.scs.box.single_3.curtain","units_count":33,"fill_ratio":1,"trailer_place":0},{"target":"gnt.vilnius","urgency":1,"shortest_distance_km":755,"ferry_time":0,"ferry_price":0,"cargo":"cargo.used_packag","company_truck":"scania_6x4_a","trailer_variant":"trailer.scs_curt_a","trailer_definition":"trailer_def.scs.box.single_3.curtain","units_count":33,"fill_ratio":1,"trailer_place":0}],"bhv.lahti":[{"target":"rosmark_ru.kaliningrad","urgency":0,"shortest_distance_km":957,"ferry_time":150,"ferry_price":430,"cargo":"cargo.car_balt1","company_truck":"mercedes_actros_2014_6x2_a","trailer_variant":"trailer.car_trans_b","trailer_definition":"trailer_def.car_balt1.car_trans_b","units_count":100,"fill_ratio":1,"trailer_place":0}],"rosmark_ru.luga":[{"target":"nch.turku","urgency":2,"shortest_distance_km":756,"ferry_time":0,"ferry_price":0,"cargo":"cargo.wallpanels","company_truck":"mercedes_4x2_a","trailer_variant":"trailer.panel_trans.wall","trailer_definition":"trailer_def.wallpanels.panel_trans.wall","units_count":85,"fill_ratio":1,"trailer_place":0}],"zelenye.petersburg":[{"target":"blt_ru.petersburg","urgency":0,"shortest_distance_km":53,"ferry_time":0,"ferry_price":0,"cargo":"cargo.apples_c","company_truck":"iveco_4x2_c","trailer_variant":"trailer.scs_flat_c_g","trailer_definition":"trailer_def.scs.flatbed.single_3.container","units_count":33,"fill_ratio":1,"trailer_place":0},{"target":"sal_fi.pori","urgency":0,"shortest_distance_km":715,"ferry_time":0,"ferry_price":0,"cargo":"cargo.plums","company_truck":"scania_streamline_6x4_a","trailer_variant":"trailer.scs_ins_s","trailer_definition":"trailer_def.scs.box.single_3.insulated","units_count":33,"fill_ratio":1,"trailer_place":0},{"target":"nch_ru.petersburg","urgency":2,"shortest_distance_km":107,"ferry_time":0,"ferry_price":0,"cargo":"cargo.honey","company_truck":"scania_r_6x4_650","trailer_variant":"trailer.scs_dry","trailer_definition":"trailer_def.scs.box.single_3.dryvan","units_count":33,"fill_ratio":1,"trailer_place":0}],"blt_yacht.tallinn":[{"target":"nch.turku","urgency":2,"shortest_distance_km":336,"ferry_time":150,"ferry_price":430,"cargo":"cargo.princess","company_truck":"mercedes_4x2_b","trailer_variant":"trailer.overweight.boat","trailer_definition":"trailer_def.princess.overweight.boat","units_count":100,"fill_ratio":1,"trailer_place":0}],"fintyre_ru.petersburg":[{"target":"renat.siauliai","urgency":1,"shortest_distance_km":755,"ferry_time":0,"ferry_price":0,"cargo":"cargo.forklifts","company_truck":"man_4x2_c","trailer_variant":"trailer.overweight.forklifts","trailer_definition":"trailer_def.forklifts.overweight.forklifts","units_count":100,"fill_ratio":1,"trailer_place":0},{"target":"suprema.rezekne","urgency":0,"shortest_distance_km":578,"ferry_time":0,"ferry_price":0,"cargo":"cargo.tyres","company_truck":"mercedes_actros_2014_4x2_a","trailer_variant":"trailer.scs_curt_a","trailer_definition":"trailer_def.scs.box.single_3.curtain","units_count":33,"fill_ratio":1,"trailer_place":0}],"ns_oil.valmiera":[{"target":"baltomorsk.kaunas","urgency":2,"shortest_distance_km":297,"ferry_time":0,"ferry_price":0,"cargo":"cargo.petrol","company_truck":"iveco_4x2_b","trailer_variant":"trailer.willig.fuel_cistern","trailer_definition":"trailer_def.petrol.willig.fuel_cistern","units_count":101,"fill_ratio":1,"trailer_place":0},{"target":"nch.riga","urgency":1,"shortest_distance_km":59,"ferry_time":0,"ferry_price":0,"cargo":"cargo.lpg","company_truck":"scania_streamline_4x2_c","trailer_variant":"trailer.willig.fuel_cistern","trailer_definition":"trailer_def.lpg.willig.fuel_cistern","units_count":101,"fill_ratio":1,"trailer_place":0},{"target":"nch.riga","urgency":1,"shortest_distance_km":59,"ferry_time":0,"ferry_price":0,"cargo":"cargo.oil","company_truck":"man_4x2_c","trailer_variant":"trailer.willig.fuel_cistern","trailer_definition":"trailer_def.oil.willig.fuel_cistern","units_count":101,"fill_ratio":1,"trailer_place":0},{"target":"nch.tallinn","urgency":1,"shortest_distance_km":348,"ferry_time":0,"ferry_price":0,"cargo":"cargo.motor_oil","company_truck":"man_tgx_euro6_6x4_xlx","trailer_variant":"trailer.scs_dry_s","trailer_definition":"trailer_def.scs.box.single_3.dryvan","units_count":33,"fill_ratio":1,"trailer_place":0},{"target":"bltmetal.siauliai","urgency":1,"shortest_distance_km":232,"ferry_time":0,"ferry_price":0,"cargo":"cargo.fueltanker","company_truck":"daf_xf_euro6_4x2_c","trailer_variant":"trailer.scs_gosck220","trailer_definition":"trailer_def.scs.gooseneck.singl_3e_220.container","units_count":80,"fill_ratio":1,"trailer_place":0}],"onnelik.narva":[{"target":"ateria.tallinn","urgency":0,"shortest_distance_km":239,"ferry_time":0,"ferry_price":0,"cargo":"cargo.peas","company_truck":"man_6x4_b","trailer_variant":"trailer.scs_curt_a","trailer_definition":"trailer_def.scs.box.single_3.curtain","units_count":33,"fill_ratio":1,"trailer_place":0}],"gnt.klaipeda":[{"target":"aerobalt.kaunas","urgency":0,"shortest_distance_km":214,"ferry_time":0,"ferry_price":0,"cargo":"cargo.med_vaccine","company_truck":"man_6x4_b","trailer_variant":"trailer.scs_ref_s","trailer_definition":"trailer_def.scs.box.single_3.reefer","units_count":33,"fill_ratio":1,"trailer_place":0}],"bltmetal.pori":[{"target":"renar.tampere","urgency":1,"shortest_distance_km":83,"ferry_time":0,"ferry_price":0,"cargo":"cargo.train_part","company_truck":"mercedes_actros_2014_6x2_a","trailer_variant":"trailer.scs_flat_c_r","trailer_definition":"trailer_def.scs.flatbed.single_3.container","units_count":2,"fill_ratio":1,"trailer_place":0}],"ibp.naantali":[{"target":"lintukainen.pori","urgency":2,"shortest_distance_km":107,"ferry_time":0,"ferry_price":0,"cargo":"cargo.petrol","company_truck":"man_6x4_b","trailer_variant":"trailer.fuel_cistern","trailer_definition":"trailer_def.petrol.fuel_cistern","units_count":100,"fill_ratio":1,"trailer_place":0},{"target":"nch.tallinn","urgency":1,"shortest_distance_km":280,"ferry_time":150,"ferry_price":430,"cargo":"cargo.motor_oil","company_truck":"scania_s_6x2_450","trailer_variant":"trailer.scs_dry_s","trailer_definition":"trailer_def.scs.box.single_3.dryvan","units_count":33,"fill_ratio":1,"trailer_place":0},{"target":"baltomors_ru.vyborg","urgency":1,"shortest_distance_km":486,"ferry_time":0,"ferry_price":0,"cargo":"cargo.lpg","company_truck":"mercedes_6x4_a","trailer_variant":"trailer.willig.fuel_cistern","trailer_definition":"trailer_def.lpg.willig.fuel_cistern","units_count":101,"fill_ratio":1,"trailer_place":0}],"lintukainen.tartu":[{"target":"blt_ru.petersburg","urgency":2,"shortest_distance_km":368,"ferry_time":0,"ferry_price":0,"cargo":"cargo.excavator","company_truck":"daf_6x2_a","trailer_variant":"trailer.overweight.excavator","trailer_definition":"trailer_def.excavator.overweight.excavator","units_count":94,"fill_ratio":1,"trailer_place":0}],"ns_oil.daugavpils":[{"target":"nch.riga","urgency":2,"shortest_distance_km":215,"ferry_time":0,"ferry_price":0,"cargo":"cargo.motor_oil_c","company_truck":"renault_premium_4x2_a","trailer_variant":"trailer.scs_gosck20","trailer_definition":"trailer_def.scs.gooseneck.singl_3e_20.container","units_count":15,"fill_ratio":1,"trailer_place":0},{"target":"aerobalt.tallinn","urgency":1,"shortest_distance_km":482,"ferry_time":0,"ferry_price":0,"cargo":"cargo.kerosene","company_truck":"renault_magnum_6x2_a","trailer_variant":"trailer.fuel_cistern","trailer_definition":"trailer_def.kerosene.fuel_cistern","units_count":100,"fill_ratio":1,"trailer_place":0},{"target":"rosmark.rezekne","urgency":2,"shortest_distance_km":125,"ferry_time":0,"ferry_price":0,"cargo":"cargo.petrol","company_truck":"mercedes_actros_2014_6x2_a","trailer_variant":"trailer.fuel_cistern","trailer_definition":"trailer_def.petrol.fuel_cistern","units_count":100,"fill_ratio":1,"trailer_place":0},{"target":"ibp.naantali","urgency":1,"shortest_distance_km":739,"ferry_time":150,"ferry_price":430,"cargo":"cargo.motor_oil","company_truck":"scania_s_6x2_450","trailer_variant":"trailer.scs_dry_a","trailer_definition":"trailer_def.scs.box.single_3.dryvan","units_count":33,"fill_ratio":1,"trailer_place":0}],"renat.riga":[{"target":"gnt.ventspils","urgency":2,"shortest_distance_km":224,"ferry_time":0,"ferry_price":0,"cargo":"cargo.furniture","company_truck":"daf_xf_euro6_6x2_a","trailer_variant":"trailer.scs_dry_m","trailer_definition":"trailer_def.scs.box.single_3.dryvan_m","units_count":33,"fill_ratio":1,"trailer_place":0},{"target":"baltomorsk.valmiera","urgency":1,"shortest_distance_km":89,"ferry_time":0,"ferry_price":0,"cargo":"cargo.forklifts","company_truck":"scania_s_6x2_450","trailer_variant":"trailer.overweight.forklifts","trailer_definition":"trailer_def.forklifts.overweight.forklifts","units_count":100,"fill_ratio":1,"trailer_place":0}],"kivi.utena":[{"target":"domdepo.valmiera","urgency":1,"shortest_distance_km":394,"ferry_time":0,"ferry_price":0,"cargo":"cargo.stone_dust","company_truck":"man_6x4_b","trailer_variant":"trailer.s_ki_solid.cover","trailer_definition":"trailer_def.stone_dust.s_ki_solid.cover","units_count":100,"fill_ratio":1,"trailer_place":0},{"target":"cemelt_bas.kaunas","urgency":2,"shortest_distance_km":114,"ferry_time":0,"ferry_price":0,"cargo":"cargo.stones","company_truck":"mercedes_4x2_a","trailer_variant":"trailer.s_ki_solid.cover","trailer_definition":"trailer_def.stones.s_ki_solid.cover","units_count":100,"fill_ratio":1,"trailer_place":0}],"blt.kaunas":[{"target":"rosmark.riga","urgency":0,"shortest_distance_km":319,"ferry_time":0,"ferry_price":0,"cargo":"cargo.apples","company_truck":"man_6x4_b","trailer_variant":"trailer.scs_dry_m","trailer_definition":"trailer_def.scs.box.single_3.dryvan_m","units_count":33,"fill_ratio":1,"trailer_place":0}],"blt_ru.pskov":[{"target":"blt.kunda","urgency":0,"shortest_distance_km":269,"ferry_time":0,"ferry_price":0,"cargo":"cargo.car_balt1","company_truck":"scania_4x2_c","trailer_variant":"trailer.car_trans_b","trailer_definition":"trailer_def.car_balt1.car_trans_b","units_count":100,"fill_ratio":1,"trailer_place":0}],"blt.paldiski":[{"target":"sal_fi.pori","urgency":0,"shortest_distance_km":361,"ferry_time":150,"ferry_price":430,"cargo":"cargo.chocolate","company_truck":"daf_xf_euro6_4x2_a","trailer_variant":"trailer.scs_curt","trailer_definition":"trailer_def.scs.box.single_3.curtain","units_count":32,"fill_ratio":1,"trailer_place":0},{"target":"rosmark.riga","urgency":1,"shortest_distance_km":247,"ferry_time":0,"ferry_price":0,"cargo":"cargo.precast_strs","company_truck":"daf_xf_euro6_4x2_c","trailer_variant":"trailer.scs_dry_m","trailer_definition":"trailer_def.scs.box.single_3.dryvan_m","units_count":32,"fill_ratio":1,"trailer_place":0},{"target":"nch.turku","urgency":0,"shortest_distance_km":315,"ferry_time":150,"ferry_price":430,"cargo":"cargo.used_plast","company_truck":"scania_r_6x2_450","trailer_variant":"trailer.scs_curt_a","trailer_definition":"trailer_def.scs.box.single_3.curtain","units_count":33,"fill_ratio":1,"trailer_place":0}],"baltomors_ru.luga":[{"target":"gnt.ventspils","urgency":0,"shortest_distance_km":612,"ferry_time":0,"ferry_price":0,"cargo":"cargo.digger1000","company_truck":"mercedes_6x2_b","trailer_variant":"trailer.overweight.digger1000","trailer_definition":"trailer_def.digger1000.overweight.digger1000","units_count":100,"fill_ratio":1,"trailer_place":0}],"ateria.tallinn":[{"target":"rosmark.rezekne","urgency":0,"shortest_distance_km":453,"ferry_time":0,"ferry_price":0,"cargo":"cargo.bottle_water","company_truck":"man_tgx_euro6_4x2_xxl","trailer_variant":"trailer.scs_dry_a","trailer_definition":"trailer_def.scs.box.single_3.dryvan","units_count":29,"fill_ratio":1,"trailer_place":0}],"lvr.daugavpils":[{"target":"nch.tallinn","urgency":1,"shortest_distance_km":526,"ferry_time":0,"ferry_price":0,"cargo":"cargo.train_part","company_truck":"scania_streamline_4x2_c","trailer_variant":"trailer.scs_flat_r","trailer_definition":"trailer_def.scs.flatbed.single_3.flatbed_w","units_count":2,"fill_ratio":1,"trailer_place":0}],"suprema_ru.pskov":[{"target":"gnt.valmiera","urgency":1,"shortest_distance_km":164,"ferry_time":0,"ferry_price":0,"cargo":"cargo.used_packag","company_truck":"mercedes_4x2_c","trailer_variant":"trailer.scs_dry_a","trailer_definition":"trailer_def.scs.box.single_3.dryvan","units_count":33,"fill_ratio":1,"trailer_place":0},{"target":"gnt.ventspils","urgency":0,"shortest_distance_km":450,"ferry_time":0,"ferry_price":0,"cargo":"cargo.used_plast","company_truck":"iveco_h_4x2_a","trailer_variant":"trailer.scs_curt","trailer_definition":"trailer_def.scs.box.single_3.curtain","units_count":33,"fill_ratio":1,"trailer_place":0}],"cemelt_fla.valmiera":[{"target":"bltmetal_ru.pskov","urgency":1,"shortest_distance_km":210,"ferry_time":0,"ferry_price":0,"cargo":"cargo.forklifts","company_truck":"mercedes_6x4_a","trailer_variant":"trailer.overweight.forklifts","trailer_definition":"trailer_def.forklifts.overweight.forklifts","units_count":100,"fill_ratio":1,"trailer_place":0}],"bltmetal.liepaja":[{"target":"rosmark.riga","urgency":2,"shortest_distance_km":253,"ferry_time":0,"ferry_price":0,"cargo":"cargo.wallpanels","company_truck":"iveco_4x2_a","trailer_variant":"trailer.panel_trans.wall","trailer_definition":"trailer_def.wallpanels.panel_trans.wall","units_count":85,"fill_ratio":1,"trailer_place":0}],"nch.vilnius":[{"target":"rosmark.rezekne","urgency":0,"shortest_distance_km":302,"ferry_time":0,"ferry_price":0,"cargo":"cargo.re_bars","company_truck":"daf_xf_euro6_4x2_b","trailer_variant":"trailer.scs_flat_c_r","trailer_definition":"trailer_def.scs.flatbed.single_3.container","units_count":9,"fill_ratio":1,"trailer_place":0}],"rosmark.liepaja":[{"target":"suprema.tartu","urgency":1,"shortest_distance_km":513,"ferry_time":0,"ferry_price":0,"cargo":"cargo.cheese","company_truck":"iveco_6x2_a","trailer_variant":"trailer.scs_ins","trailer_definition":"trailer_def.scs.box.single_3.insulated","units_count":33,"fill_ratio":1,"trailer_place":0},{"target":"cemelt_hal.panevezys","urgency":1,"shortest_distance_km":256,"ferry_time":0,"ferry_price":0,"cargo":"cargo.sawpanels","company_truck":"renault_t_6x2","trailer_variant":"trailer.scs_dry_m","trailer_definition":"trailer_def.scs.box.single_3.dryvan_m","units_count":33,"fill_ratio":1,"trailer_place":0}],"cont_port.klaipeda":[{"target":"nch.vilnius","urgency":0,"shortest_distance_km":291,"ferry_time":0,"ferry_price":0,"cargo":"cargo.chem_sorb_c","company_truck":"renault_premium_6x2_a","trailer_variant":"trailer.scs_gosck220","trailer_definition":"trailer_def.scs.gooseneck.singl_3e_220.container","units_count":30,"fill_ratio":1,"trailer_place":0},{"target":"ns_oil_ru.pskov","urgency":2,"shortest_distance_km":566,"ferry_time":0,"ferry_price":0,"cargo":"cargo.motor_oil_c","company_truck":"renault_premium_4x2_c","trailer_variant":"trailer.scs_flat_c_g","trailer_definition":"trailer_def.scs.flatbed.single_3.container","units_count":33,"fill_ratio":1,"trailer_place":0}],"eviksi.liepaja":[{"target":"polarislines.paldiski","urgency":0,"shortest_distance_km":497,"ferry_time":0,"ferry_price":0,"cargo":"cargo.peas","company_truck":"daf_xf_euro6_6x2_a","trailer_variant":"trailer.scs_curt","trailer_definition":"trailer_def.scs.box.single_3.curtain","units_count":33,"fill_ratio":1,"trailer_place":0}],"zelenye_a.kaliningrad":[{"target":"nch.vilnius","urgency":0,"shortest_distance_km":220,"ferry_time":0,"ferry_price":0,"cargo":"cargo.beef_meat","company_truck":"daf_xf_euro6_4x2_b","trailer_variant":"trailer.scs_ref_a","trailer_definition":"trailer_def.scs.box.single_3.reefer","units_count":33,"fill_ratio":1,"trailer_place":0},{"target":"blt.siauliai","urgency":1,"shortest_distance_km":310,"ferry_time":0,"ferry_price":0,"cargo":"cargo.cheese","company_truck":"mercedes_4x2_b","trailer_variant":"trailer.scs_ref_s","trailer_definition":"trailer_def.scs.box.single_3.reefer","units_count":33,"fill_ratio":1,"trailer_place":0}],"cont_port.helsinki":[{"target":"renar.lahti","urgency":1,"shortest_distance_km":141,"ferry_time":0,"ferry_price":0,"cargo":"cargo.used_plast_c","company_truck":"mercedes_4x2_a","trailer_variant":"trailer.scs_gosck220","trailer_definition":"trailer_def.scs.gooseneck.singl_3e_220.container","units_count":30,"fill_ratio":1,"trailer_place":0}],"onnelik_a.parnu":[{"target":"nch.kouvola","urgency":2,"shortest_distance_km":449,"ferry_time":150,"ferry_price":430,"cargo":"cargo.milk","company_truck":"renault_magnum_6x2_a","trailer_variant":"trailer.scs_dry","trailer_definition":"trailer_def.scs.box.single_3.dryvan","units_count":33,"fill_ratio":1,"trailer_place":0},{"target":"suprema.rezekne","urgency":1,"shortest_distance_km":423,"ferry_time":0,"ferry_price":0,"cargo":"cargo.cheese","company_truck":"daf_xf_euro6_4x2_a","trailer_variant":"trailer.scs_ins","trailer_definition":"trailer_def.scs.box.single_3.insulated","units_count":33,"fill_ratio":1,"trailer_place":0}],"severoatm_ru.sosnovy_bor":[{"target":"nch.tallinn","urgency":2,"shortest_distance_km":223,"ferry_time":0,"ferry_price":0,"cargo":"cargo.excavator","company_truck":"iveco_4x2_c","trailer_variant":"trailer.overweight.excavator","trailer_definition":"trailer_def.excavator.overweight.excavator","units_count":94,"fill_ratio":1,"trailer_place":0},{"target":"nch_ru.petersburg","urgency":0,"shortest_distance_km":172,"ferry_time":0,"ferry_price":0,"cargo":"cargo.digger1000","company_truck":"man_6x4_b","trailer_variant":"trailer.overweight.digger1000","trailer_definition":"trailer_def.digger1000.overweight.digger1000","units_count":100,"fill_ratio":1,"trailer_place":0}],"polarislines.naantali":[{"target":"renar.kotka","urgency":1,"shortest_distance_km":358,"ferry_time":0,"ferry_price":0,"cargo":"cargo.clothes","company_truck":"man_6x4_b","trailer_variant":"trailer.scs_curt","trailer_definition":"trailer_def.scs.box.single_3.curtain","units_count":33,"fill_ratio":1,"trailer_place":0}],"renar.lahti":[{"target":"polarislines.helsinki","urgency":2,"shortest_distance_km":210,"ferry_time":0,"ferry_price":0,"cargo":"cargo.oil_filters","company_truck":"double/daf_4x2_a","trailer_variant":"trailer.scs_curt_b2","trailer_definition":"trailer_def.scs.box.bdouble_3_3.curtain","units_count":53,"fill_ratio":1,"trailer_place":0}],"viljo_paper.kouvola":[{"target":"blt.kunda","urgency":2,"shortest_distance_km":487,"ferry_time":0,"ferry_price":0,"cargo":"cargo.empty_palet","company_truck":"daf_xf_euro6_4x2_c","trailer_variant":"trailer.scs_dry_a","trailer_definition":"trailer_def.scs.box.single_3.dryvan","units_count":33,"fill_ratio":1,"trailer_place":0},{"target":"renar.tallinn","urgency":0,"shortest_distance_km":316,"ferry_time":150,"ferry_price":430,"cargo":"cargo.emptytank","company_truck":"scania_s_6x4_730","trailer_variant":"trailer.scs_flat_c_r","trailer_definition":"trailer_def.scs.flatbed.single_3.container","units_count":2,"fill_ratio":1,"trailer_place":0}],"renat.rezekne":[{"target":"lateds.valmiera","urgency":1,"shortest_distance_km":193,"ferry_time":0,"ferry_price":0,"cargo":"cargo.forklifts","company_truck":"mercedes_actros_2014_6x2_a","trailer_variant":"trailer.overweight.forklifts","trailer_definition":"trailer_def.forklifts.overweight.forklifts","units_count":100,"fill_ratio":1,"trailer_place":0},{"target":"blt.tartu","urgency":2,"shortest_distance_km":282,"ferry_time":0,"ferry_price":0,"cargo":"cargo.furniture","company_truck":"mercedes_actros_2014_4x2_c","trailer_variant":"trailer.scs_curt","trailer_definition":"trailer_def.scs.box.single_3.curtain","units_count":33,"fill_ratio":1,"trailer_place":0}],"radus_ru.petersburg":[{"target":"kamen_ru.vyborg","urgency":0,"shortest_distance_km":234,"ferry_time":0,"ferry_price":0,"cargo":"cargo.emptytank","company_truck":"mercedes_4x2_b","trailer_variant":"trailer.scs_flat_r","trailer_definition":"trailer_def.scs.flatbed.single_3.flatbed_w","units_count":2,"fill_ratio":1,"trailer_place":0},{"target":"rosmark.rezekne","urgency":0,"shortest_distance_km":484,"ferry_time":0,"ferry_price":0,"cargo":"cargo.digger1000","company_truck":"renault_premium_4x2_a","trailer_variant":"trailer.overweight.digger1000","trailer_definition":"trailer_def.digger1000.overweight.digger1000","units_count":100,"fill_ratio":1,"trailer_place":0},{"target":"blt.siauliai","urgency":0,"shortest_distance_km":760,"ferry_time":0,"ferry_price":0,"cargo":"cargo.concr_stair","company_truck":"daf_xf_euro6_6x2_a","trailer_variant":"trailer.scs_flat_b","trailer_definition":"trailer_def.scs.flatbed.single_3.flatbed_w","units_count":2,"fill_ratio":1,"trailer_place":0}],"kamen_ru.vyborg":[{"target":"bltmetal.pori","urgency":0,"shortest_distance_km":476,"ferry_time":0,"ferry_price":0,"cargo":"cargo.gravel","company_truck":"mercedes_4x2_c","trailer_variant":"trailer.s_ki_solid.gravel","trailer_definition":"trailer_def.gravel.s_ki_solid.gravel","units_count":100,"fill_ratio":1,"trailer_place":0},{"target":"domdepo.valmiera","urgency":1,"shortest_distance_km":614,"ferry_time":0,"ferry_price":0,"cargo":"cargo.stone_dust","company_truck":"mercedes_6x4_a","trailer_variant":"trailer.s_ki_solid.cover","trailer_definition":"trailer_def.stone_dust.s_ki_solid.cover","units_count":100,"fill_ratio":1,"trailer_place":0},{"target":"onnelik_a.tartu","urgency":0,"shortest_distance_km":508,"ferry_time":0,"ferry_price":0,"cargo":"cargo.digger1000","company_truck":"scania_4x2_a","trailer_variant":"trailer.overweight.digger1000","trailer_definition":"trailer_def.digger1000.overweight.digger1000","units_count":100,"fill_ratio":1,"trailer_place":0}],"aerobalt.vilnius":[{"target":"nch.vilnius","urgency":0,"shortest_distance_km":9,"ferry_time":0,"ferry_price":0,"cargo":"cargo.med_equip","company_truck":"daf_4x2_b","trailer_variant":"trailer.scs_ins_a","trailer_definition":"trailer_def.scs.box.single_3.insulated","units_count":33,"fill_ratio":1,"trailer_place":0}],"cont_port.kotka":[{"target":"suprema.parnu","urgency":2,"shortest_distance_km":382,"ferry_time":150,"ferry_price":430,"cargo":"cargo.carrots_c","company_truck":"mercedes_actros_2014_6x2_a","trailer_variant":"trailer.scs_gosck20","trailer_definition":"trailer_def.scs.gooseneck.singl_3e_20.container","units_count":15,"fill_ratio":1,"trailer_place":0},{"target":"gnt.klaipeda","urgency":1,"shortest_distance_km":849,"ferry_time":150,"ferry_price":430,"cargo":"cargo.used_plast_c","company_truck":"man_tgx_euro6_4x2_xxl","trailer_variant":"trailer.scs_gosck220","trailer_definition":"trailer_def.scs.gooseneck.singl_3e_220.container","units_count":30,"fill_ratio":1,"trailer_place":0}],"bltmetal_ru.pskov":[{"target":"domdepo_ru.vyborg","urgency":1,"shortest_distance_km":412,"ferry_time":0,"ferry_price":0,"cargo":"cargo.precast_strs","company_truck":"mercedes_6x4_a","trailer_variant":"trailer.scs_dry_ms","trailer_definition":"trailer_def.scs.box.single_3.dryvan_m","units_count":32,"fill_ratio":1,"trailer_place":0},{"target":"bltmetal.pori","urgency":1,"shortest_distance_km":591,"ferry_time":150,"ferry_price":430,"cargo":"cargo.cement","company_truck":"renault_premium_4x2_c","trailer_variant":"trailer.cement","trailer_definition":"trailer_def.cement.cement","units_count":100,"fill_ratio":1,"trailer_place":0},{"target":"nch.riga","urgency":0,"shortest_distance_km":244,"ferry_time":0,"ferry_price":0,"cargo":"cargo.metal_beams","company_truck":"man_6x4_b","trailer_variant":"trailer.scs_flat_c_r","trailer_definition":"trailer_def.scs.flatbed.single_3.container","units_count":9,"fill_ratio":1,"trailer_place":0}],"renat.daugavpils":[{"target":"gnt.daugavpils","urgency":2,"shortest_distance_km":1,"ferry_time":0,"ferry_price":0,"cargo":"cargo.furniture","company_truck":"mercedes_6x4_a","trailer_variant":"trailer.scs_dry_m","trailer_definition":"trailer_def.scs.box.single_3.dryvan_m","units_count":33,"fill_ratio":1,"trailer_place":0},{"target":"ika_bohag.vilnius","urgency":1,"shortest_distance_km":199,"ferry_time":0,"ferry_price":0,"cargo":"cargo.forklifts","company_truck":"mercedes_4x2_a","trailer_variant":"trailer.overweight.forklifts","trailer_definition":"trailer_def.forklifts.overweight.forklifts","units_count":100,"fill_ratio":1,"trailer_place":0}],"suprema.rezekne":[{"target":"gnt.daugavpils","urgency":1,"shortest_distance_km":69,"ferry_time":0,"ferry_price":0,"cargo":"cargo.used_packag","company_truck":"daf_6x2_a","trailer_variant":"trailer.scs_dry_ms","trailer_definition":"trailer_def.scs.box.single_3.dryvan_m","units_count":33,"fill_ratio":1,"trailer_place":0},{"target":"gnt.valmiera","urgency":0,"shortest_distance_km":214,"ferry_time":0,"ferry_price":0,"cargo":"cargo.used_plast","company_truck":"mercedes_actros_2014_4x2_c","trailer_variant":"trailer.scs_dry_ms","trailer_definition":"trailer_def.scs.box.single_3.dryvan_m","units_count":33,"fill_ratio":1,"trailer_place":0}],"renat.siauliai":[{"target":"gnt.panevezys","urgency":2,"shortest_distance_km":103,"ferry_time":0,"ferry_price":0,"cargo":"cargo.furniture","company_truck":"scania_r_6x4_650","trailer_variant":"trailer.scs_dry_s","trailer_definition":"trailer_def.scs.box.single_3.dryvan","units_count":33,"fill_ratio":1,"trailer_place":0},{"target":"ateria.lahti","urgency":1,"shortest_distance_km":648,"ferry_time":150,"ferry_price":430,"cargo":"cargo.forklifts","company_truck":"mercedes_6x2_b","trailer_variant":"trailer.overweight.forklifts","trailer_definition":"trailer_def.forklifts.overweight.forklifts","units_count":100,"fill_ratio":1,"trailer_place":0}],"ns_oil_ru.kaliningrad":[{"target":"bltmetal.tallinn","urgency":1,"shortest_distance_km":703,"ferry_time":0,"ferry_price":0,"cargo":"cargo.fueltanker","company_truck":"renault_premium_6x2_a","trailer_variant":"trailer.scs_flat_c_r","trailer_definition":"trailer_def.scs.flatbed.single_3.container","units_count":87,"fill_ratio":1,"trailer_place":0}],"gnt.panevezys":[{"target":"blt.utena","urgency":0,"shortest_distance_km":195,"ferry_time":0,"ferry_price":0,"cargo":"cargo.icecream","company_truck":"scania_6x4_a","trailer_variant":"trailer.scs_ref","trailer_definition":"trailer_def.scs.box.single_3.reefer","units_count":33,"fill_ratio":1,"trailer_place":0}],"domdepo.utena":[{"target":"gnt.daugavpils","urgency":0,"shortest_distance_km":121,"ferry_time":0,"ferry_price":0,"cargo":"cargo.copp_rf_gutt","company_truck":"daf_4x2_b","trailer_variant":"trailer.scs_dry_m","trailer_definition":"trailer_def.scs.box.single_3.dryvan_m","units_count":33,"fill_ratio":1,"trailer_place":0},{"target":"cemelt_bas.kaunas","urgency":0,"shortest_distance_km":119,"ferry_time":0,"ferry_price":0,"cargo":"cargo.concr_stair","company_truck":"scania_r_6x2_450","trailer_variant":"trailer.scs_flat_c_g","trailer_definition":"trailer_def.scs.flatbed.single_3.container","units_count":2,"fill_ratio":1,"trailer_place":0},{"target":"blt.kaunas","urgency":1,"shortest_distance_km":118,"ferry_time":0,"ferry_price":0,"cargo":"cargo.precast_strs","company_truck":"man_tgx_euro6_6x4_xlx","trailer_variant":"trailer.scs_dry","trailer_definition":"trailer_def.scs.box.single_3.dryvan","units_count":33,"fill_ratio":1,"trailer_place":0}],"cemelt_fl_ru.kaliningrad":[{"target":"rosmark.rezekne","urgency":1,"shortest_distance_km":669,"ferry_time":0,"ferry_price":0,"cargo":"cargo.diggers","company_truck":"daf_4x2_b","trailer_variant":"trailer.overweight.digger","trailer_definition":"trailer_def.diggers.overweight.digger","units_count":98,"fill_ratio":1,"trailer_place":0}],"polarislines.tallinn":[{"target":"sal_fi.kouvola","urgency":0,"shortest_distance_km":254,"ferry_time":150,"ferry_price":430,"cargo":"cargo.potatoes","company_truck":"mercedes_6x2_b","trailer_variant":"trailer.scs_dry","trailer_definition":"trailer_def.scs.box.single_3.dryvan","units_count":33,"fill_ratio":1,"trailer_place":0}],"polarislines.helsinki":[{"target":"agrominta_a.utena","urgency":0,"shortest_distance_km":589,"ferry_time":150,"ferry_price":430,"cargo":"cargo.copp_rf_gutt","company_truck":"man_4x2_c","trailer_variant":"trailer.scs_dry_a","trailer_definition":"trailer_def.scs.box.single_3.dryvan","units_count":33,"fill_ratio":1,"trailer_place":0},{"target":"blt_ru.petersburg","urgency":0,"shortest_distance_km":542,"ferry_time":0,"ferry_price":0,"cargo":"cargo.potatoes","company_truck":"scania_streamline_4x2_b","trailer_variant":"trailer.scs_curt_s","trailer_definition":"trailer_def.scs.box.single_3.curtain","units_count":33,"fill_ratio":1,"trailer_place":0},{"target":"lateds.valmiera","urgency":2,"shortest_distance_km":326,"ferry_time":150,"ferry_price":430,"cargo":"cargo.flour","company_truck":"mercedes_actros_2014_4x2_b","trailer_variant":"trailer.scs_dry_m","trailer_definition":"trailer_def.scs.box.single_3.dryvan_m","units_count":33,"fill_ratio":1,"trailer_place":0}],"domdepo_ru.luga":[{"target":"nch.turku","urgency":1,"shortest_distance_km":756,"ferry_time":0,"ferry_price":0,"cargo":"cargo.stone_dust","company_truck":"man_tgx_euro6_4x2_xl","trailer_variant":"trailer.s_ki_solid.cover","trailer_definition":"trailer_def.stone_dust.s_ki_solid.cover","units_count":100,"fill_ratio":1,"trailer_place":0},{"target":"domdepo.valmiera","urgency":2,"shortest_distance_km":298,"ferry_time":0,"ferry_price":0,"cargo":"cargo.concr_beams2","company_truck":"renault_magnum_4x2_a","trailer_variant":"trailer.scs_flat_c_g","trailer_definition":"trailer_def.scs.flatbed.single_3.container","units_count":2,"fill_ratio":1,"trailer_place":0},{"target":"blt_ru.pskov","urgency":0,"shortest_distance_km":172,"ferry_time":0,"ferry_price":0,"cargo":"cargo.copp_rf_gutt","company_truck":"scania_streamline_6x4_a","trailer_variant":"trailer.scs_dry","trailer_definition":"trailer_def.scs.box.single_3.dryvan","units_count":33,"fill_ratio":1,"trailer_place":0}],"ladoga.turku":[{"target":"sal_fi.helsinki","urgency":2,"shortest_distance_km":232,"ferry_time":0,"ferry_price":0,"cargo":"cargo.empty_palet","company_truck":"mercedes_6x2_b","trailer_variant":"trailer.scs_curt_a","trailer_definition":"trailer_def.scs.box.single_3.curtain","units_count":33,"fill_ratio":1,"trailer_place":0},{"target":"gnt.daugavpils","urgency":0,"shortest_distance_km":802,"ferry_time":150,"ferry_price":430,"cargo":"cargo.car_balt2","company_truck":"renault_premium_4x2_a","trailer_variant":"trailer.car_trans_b2","trailer_definition":"trailer_def.car_balt2.car_trans_b2","units_count":100,"fill_ratio":1,"trailer_place":0}],"pk_medved_ru.petersburg":[{"target":"blt.kunda","urgency":0,"shortest_distance_km":172,"ferry_time":0,"ferry_price":0,"cargo":"cargo.carb_water","company_truck":"scania_4x2_b","trailer_variant":"trailer.scs_dry_ms","trailer_definition":"trailer_def.scs.box.single_3.dryvan_m","units_count":29,"fill_ratio":1,"trailer_place":0}],"ns_oil.ventspils":[{"target":"bltmetal.liepaja","urgency":1,"shortest_distance_km":143,"ferry_time":0,"ferry_price":0,"cargo":"cargo.lpg","company_truck":"renault_t_4x2h","trailer_variant":"trailer.fuel_cistern","trailer_definition":"trailer_def.lpg.fuel_cistern","units_count":100,"fill_ratio":1,"trailer_place":0},{"target":"marina_it.klaipeda","urgency":1,"shortest_distance_km":232,"ferry_time":0,"ferry_price":0,"cargo":"cargo.diesel","company_truck":"daf_xf_euro6_6x4_c","trailer_variant":"trailer.willig.fuel_cistern","trailer_definition":"trailer_def.diesel.willig.fuel_cistern","units_count":95,"fill_ratio":1,"trailer_place":0}],"ns_oil.kotka":[{"target":"kamen_ru.vyborg","urgency":1,"shortest_distance_km":194,"ferry_time":0,"ferry_price":0,"cargo":"cargo.fueltanker","company_truck":"man_6x4_b","trailer_variant":"trailer.scs_gosck40","trailer_definition":"trailer_def.scs.gooseneck.singl_3e_40.container","units_count":80,"fill_ratio":1,"trailer_place":0},{"target":"ibp.helsinki","urgency":2,"shortest_distance_km":115,"ferry_time":0,"ferry_price":0,"cargo":"cargo.motor_oil_c","company_truck":"mercedes_actros_2014_6x4_b","trailer_variant":"trailer.scs_flat_c_r","trailer_definition":"trailer_def.scs.flatbed.single_3.container","units_count":33,"fill_ratio":1,"trailer_place":0},{"target":"nch.kouvola","urgency":1,"shortest_distance_km":105,"ferry_time":0,"ferry_price":0,"cargo":"cargo.motor_oil","company_truck":"renault_premium_4x2_a","trailer_variant":"trailer.scs_curt","trailer_definition":"trailer_def.scs.box.single_3.curtain","units_count":33,"fill_ratio":1,"trailer_place":0}],"kivi.turku":[{"target":"radus.kouvola","urgency":0,"shortest_distance_km":306,"ferry_time":0,"ferry_price":0,"cargo":"cargo.gravel","company_truck":"scania_streamline_4x2_b","trailer_variant":"trailer.s_ki_solid.gravel","trailer_definition":"trailer_def.gravel.s_ki_solid.gravel","units_count":100,"fill_ratio":1,"trailer_place":0},{"target":"sal_fi.pori","urgency":2,"shortest_distance_km":148,"ferry_time":0,"ferry_price":0,"cargo":"cargo.excavator","company_truck":"man_tgx_euro6_4x2_xl","trailer_variant":"trailer.overweight.excavator","trailer_definition":"trailer_def.excavator.overweight.excavator","units_count":100,"fill_ratio":1,"trailer_place":0}],"ibp.mazeikiai":[{"target":"baltomorsk.kaunas","urgency":2,"shortest_distance_km":220,"ferry_time":0,"ferry_price":0,"cargo":"cargo.petrol","company_truck":"renault_premium_4x2_a","trailer_variant":"trailer.fuel_cistern","trailer_definition":"trailer_def.petrol.fuel_cistern","units_count":100,"fill_ratio":1,"trailer_place":0}],"cont_port_ru.petersburg":[{"target":"blt.kunda","urgency":0,"shortest_distance_km":175,"ferry_time":0,"ferry_price":0,"cargo":"cargo.chem_sorb_c","company_truck":"man_6x4_b","trailer_variant":"trailer.scs_flat_c_r","trailer_definition":"trailer_def.scs.flatbed.single_3.container","units_count":33,"fill_ratio":1,"trailer_place":0},{"target":"suprema.tampere","urgency":2,"shortest_distance_km":519,"ferry_time":0,"ferry_price":0,"cargo":"cargo.carrots_c","company_truck":"renault_t_6x2","trailer_variant":"trailer.scs_flat_c_g","trailer_definition":"trailer_def.scs.flatbed.single_3.container","units_count":33,"fill_ratio":1,"trailer_place":0}],"suprema.lahti":[{"target":"rosmark_ru.vyborg","urgency":2,"shortest_distance_km":241,"ferry_time":0,"ferry_price":0,"cargo":"cargo.empty_palet","company_truck":"mercedes_actros_2014_4x2_c","trailer_variant":"trailer.scs_curt","trailer_definition":"trailer_def.scs.box.single_3.curtain","units_count":33,"fill_ratio":1,"trailer_place":0},{"target":"blt.kunda","urgency":1,"shortest_distance_km":300,"ferry_time":150,"ferry_price":430,"cargo":"cargo.used_packag","company_truck":"mercedes_4x2","trailer_variant":"trailer.scs_dry_ms","trailer_definition":"trailer_def.scs.box.single_3.dryvan_m","units_count":33,"fill_ratio":1,"trailer_place":0},{"target":"blt.paldiski","urgency":1,"shortest_distance_km":274,"ferry_time":150,"ferry_price":430,"cargo":"cargo.used_plast_c","company_truck":"renault_premium_4x2_c","trailer_variant":"trailer.scs_flat_c_g","trailer_definition":"trailer_def.scs.flatbed.single_3.container","units_count":33,"fill_ratio":1,"trailer_place":0}],"lintukainen.kotka":[{"target":"nch.kouvola","urgency":2,"shortest_distance_km":76,"ferry_time":0,"ferry_price":0,"cargo":"cargo.lumber","company_truck":"mercedes_4x2_a","trailer_variant":"trailer.scs_flat_b","trailer_definition":"trailer_def.scs.flatbed.single_3.flatbed_w","units_count":2,"fill_ratio":1,"trailer_place":0},{"target":"baltomors_ru.pskov","urgency":2,"shortest_distance_km":544,"ferry_time":0,"ferry_price":0,"cargo":"cargo.excavator","company_truck":"daf_xf_euro6_4x2_a","trailer_variant":"trailer.overweight.excavator","trailer_definition":"trailer_def.excavator.overweight.excavator","units_count":94,"fill_ratio":1,"trailer_place":0}],"bhv.kaunas":[{"target":"gnt.vilnius","urgency":0,"shortest_distance_km":93,"ferry_time":0,"ferry_price":0,"cargo":"cargo.car_balt1","company_truck":"scania_s_4x2_370","trailer_variant":"trailer.car_trans_b","trailer_definition":"trailer_def.car_balt1.car_trans_b","units_count":100,"fill_ratio":1,"trailer_place":0}],"renat.tartu":[{"target":"nch.riga","urgency":1,"shortest_distance_km":301,"ferry_time":0,"ferry_price":0,"cargo":"cargo.forklifts","company_truck":"scania_s_4x2_580","trailer_variant":"trailer.overweight.forklifts","trailer_definition":"trailer_def.forklifts.overweight.forklifts","units_count":100,"fill_ratio":1,"trailer_place":0}]}