{"euroacres.verona":[{"target":"lkwlog.venezia","urgency":2,"shortest_distance_km":189,"ferry_time":0,"ferry_price":0,"cargo":"cargo.carrots_c","company_truck":"scania_streamline_4x2_b","trailer_variant":"trailer.scs_gosck40","trailer_definition":"trailer_def.scs.gooseneck.singl_3e_40.container","units_count":30,"fill_ratio":1,"trailer_place":0}],"tesore_gust.milano":[{"target":"lkwlog.venezia","urgency":0,"shortest_distance_km":318,"ferry_time":0,"ferry_price":0,"cargo":"cargo.vinegar","company_truck":"renault_premium_6x2_a","trailer_variant":"trailer.scs_dry","trailer_definition":"trailer_def.scs.box.single_3.dryvan","units_count":33,"fill_ratio":1,"trailer_place":0}],"bcp.kassel":[{"target":"posped.koln","urgency":0,"shortest_distance_km":228,"ferry_time":0,"ferry_price":0,"cargo":"cargo.used_plast","company_truck":"iveco_4x2_b","trailer_variant":"trailer.scs_dry","trailer_definition":"trailer_def.scs.box.single_3.dryvan","units_count":33,"fill_ratio":1,"trailer_place":0}],"posped.birmingham":[{"target":"transinet.sheffield","urgency":1,"shortest_distance_km":148,"ferry_time":0,"ferry_price":0,"cargo":"cargo.nonalco_beer","company_truck":"man_6x4_b","trailer_variant":"trailer.scs_dry_ms","trailer_definition":"trailer_def.scs.box.single_3.dryvan_m","units_count":32,"fill_ratio":1,"trailer_place":0}],"wgcc.frankfurt":[{"target":"sanbuilders.nurnberg","urgency":1,"shortest_distance_km":222,"ferry_time":0,"ferry_price":0,"cargo":"cargo.oil","company_truck":"renault_t_4x2","trailer_variant":"trailer.fuel_cistern","trailer_definition":"trailer_def.oil.fuel_cistern","units_count":100,"fill_ratio":1,"trailer_place":0},{"target":"nbfc.duisburg","urgency":1,"shortest_distance_km":327,"ferry_time":0,"ferry_price":0,"cargo":"cargo.mercuric","company_truck":"man_4x2_c","trailer_variant":"trailer.scs_gosck40","trailer_definition":"trailer_def.scs.gooseneck.singl_3e_40.container","units_count":80,"fill_ratio":1,"trailer_place":0}],"tree_et.birmingham":[{"target":"euroacres.swansea","urgency":2,"shortest_distance_km":326,"ferry_time":0,"ferry_price":0,"cargo":"cargo.logs","company_truck":"scania_r_6x4_650","trailer_variant":"trailer.scs_log","trailer_definition":"trailer_def.scs.log.single_3.steel","units_count":2,"fill_ratio":1,"trailer_place":0}],"eurogoodies.reims":[{"target":"stokes.cardiff","urgency":0,"shortest_distance_km":709,"ferry_time":35,"ferry_price":300,"cargo":"cargo.potatoes","company_truck":"renault_magnum_6x2_a","trailer_variant":"trailer.scs_dry_s","trailer_definition":"trailer_def.scs.box.single_3.dryvan","units_count":33,"fill_ratio":1,"trailer_place":0},{"target":"lkwlog.calais","urgency":2,"shortest_distance_km":269,"ferry_time":0,"ferry_price":0,"cargo":"cargo.pnut_butter","company_truck":"man_6x4_b","trailer_variant":"trailer.scs_dry_a","trailer_definition":"trailer_def.scs.box.single_3.dryvan","units_count":33,"fill_ratio":1,"trailer_place":0}],"tradeaux.klagenfurt":[{"target":"posped.bratislava","urgency":0,"shortest_distance_km":293,"ferry_time":0,"ferry_price":0,"cargo":"cargo.gravel","company_truck":"iveco_h_4x2_a","trailer_variant":"trailer.s_ki_solid.gravel","trailer_definition":"trailer_def.gravel.s_ki_solid.gravel","units_count":100,"fill_ratio":1,"trailer_place":0}],"nbfc.london":[{"target":"quarry.wroclaw","urgency":0,"shortest_distance_km":1437,"ferry_time":35,"ferry_price":300,"cargo":"cargo.dynamite","company_truck":"scania_r_4x2_520","trailer_variant":"trailer.scs_curt_s","trailer_definition":"trailer_def.scs.box.single_3.curtain","units_count":33,"fill_ratio":1,"trailer_place":0},{"target":"trameri.liverpool","urgency":1,"shortest_distance_km":341,"ferry_time":0,"ferry_price":0,"cargo":"cargo.fueltanker","company_truck":"renault_premium_6x4_a","trailer_variant":"trailer.scs_gosck40","trailer_definition":"trailer_def.scs.gooseneck.singl_3e_40.container","units_count":80,"fill_ratio":1,"trailer_place":0},{"target":"wgcc.grimsby","urgency":2,"shortest_distance_km":289,"ferry_time":0,"ferry_price":0,"cargo":"cargo.ammunition","company_truck":"scania_4x2_c","trailer_variant":"trailer.scs_curt_s","trailer_definition":"trailer_def.scs.box.single_3.curtain","units_count":33,"fill_ratio":1,"trailer_place":0}],"tree_et.dortmund":[{"target":"euroacres.bremen","urgency":2,"shortest_distance_km":236,"ferry_time":0,"ferry_price":0,"cargo":"cargo.lumber","company_truck":"mercedes_4x2_a","trailer_variant":"trailer.scs_flat_c_r","trailer_definition":"trailer_def.scs.flatbed.single_3.container","units_count":2,"fill_ratio":1,"trailer_place":0},{"target":"stokes.dusseldorf","urgency":2,"shortest_distance_km":120,"ferry_time":0,"ferry_price":0,"cargo":"cargo.empty_palet","company_truck":"man_6x4_b","trailer_variant":"trailer.scs_dry_ms","trailer_definition":"trailer_def.scs.box.single_3.dryvan_m","units_count":32,"fill_ratio":1,"trailer_place":0}],"eurogoodies.liverpool":[{"target":"lkwlog.felixstowe","urgency":2,"shortest_distance_km":402,"ferry_time":0,"ferry_price":0,"cargo":"cargo.milk_t","company_truck":"mercedes_4x2_b","trailer_variant":"trailer.scs_fodt","trailer_definition":"trailer_def.scs.foodtank.single_3.paint","units_count":23,"fill_ratio":1,"trailer_place":0}],"eurogoodies.innsbruck":[{"target":"kaarfor.strasbourg","urgency":0,"shortest_distance_km":439,"ferry_time":0,"ferry_price":0,"cargo":"cargo.carrots","company_truck":"renault_t_4x2h","trailer_variant":"trailer.scs_dry_s","trailer_definition":"trailer_def.scs.box.single_3.dryvan","units_count":33,"fill_ratio":1,"trailer_place":0},{"target":"posped.linz","urgency":2,"shortest_distance_km":311,"ferry_time":0,"ferry_price":0,"cargo":"cargo.grapes","company_truck":"renault_magnum_6x4_a","trailer_variant":"trailer.scs_ref_s","trailer_definition":"trailer_def.scs.box.single_3.reefer","units_count":33,"fill_ratio":1,"trailer_place":0}],"trameri.strasbourg":[{"target":"posped.strasbourg","urgency":2,"shortest_distance_km":1,"ferry_time":0,"ferry_price":0,"cargo":"cargo.sandwch_pnls","company_truck":"renault_magnum_4x2_a","trailer_variant":"trailer.scs_dry_a","trailer_definition":"trailer_def.scs.box.single_3.dryvan","units_count":33,"fill_ratio":1,"trailer_place":0},{"target":"lkwlog.stuttgart","urgency":0,"shortest_distance_km":175,"ferry_time":0,"ferry_price":0,"cargo":"cargo.copp_rf_gutt","company_truck":"renault_t_4x2h","trailer_variant":"trailer.scs_dry_m","trailer_definition":"trailer_def.scs.box.single_3.dryvan_m","units_count":33,"fill_ratio":1,"trailer_place":0},{"target":"lkwlog.calais","urgency":2,"shortest_distance_km":601,"ferry_time":0,"ferry_price":0,"cargo":"cargo.overweight","company_truck":"mercedes_actros_2014_6x4_b","trailer_variant":"trailer.scs_flat_b","trailer_definition":"trailer_def.scs.flatbed.single_3.flatbed_w","units_count":1,"fill_ratio":1,"trailer_place":0}],"transinet.brussel":[{"target":"kaarfor.amsterdam","urgency":0,"shortest_distance_km":211,"ferry_time":0,"ferry_price":0,"cargo":"cargo.apples_c","company_truck":"man_6x4_b","trailer_variant":"trailer.scs_gosck220","trailer_definition":"trailer_def.scs.gooseneck.singl_3e_220.container","units_count":30,"fill_ratio":1,"trailer_place":0}],"eurogoodies.dover":[{"target":"lkwlog.calais","urgency":0,"shortest_distance_km":10,"ferry_time":91,"ferry_price":384,"cargo":"cargo.beef_meat","company_truck":"renault_premium_4x2_c","trailer_variant":"trailer.scs_ref_a","trailer_definition":"trailer_def.scs.box.single_3.reefer","units_count":33,"fill_ratio":1,"trailer_place":0}],"quarry.stuttgart":[{"target":"bcp.stuttgart","urgency":0,"shortest_distance_km":154,"ferry_time":0,"ferry_price":0,"cargo":"cargo.emptytank","company_truck":"mercedes_4x2","trailer_variant":"trailer.scs_flat_r","trailer_definition":"trailer_def.scs.flatbed.single_3.flatbed_w","units_count":2,"fill_ratio":1,"trailer_place":0},{"target":"transinet.osnabruck","urgency":0,"shortest_distance_km":452,"ferry_time":0,"ferry_price":0,"cargo":"cargo.sand","company_truck":"man_6x4_b","trailer_variant":"trailer.s_ki_solid.sand","trailer_definition":"trailer_def.sand.s_ki_solid.sand","units_count":100,"fill_ratio":1,"trailer_place":0},{"target":"itcc.koln","urgency":0,"shortest_distance_km":359,"ferry_time":0,"ferry_price":0,"cargo":"cargo.gravel","company_truck":"scania_4x2_c","trailer_variant":"trailer.s_ki_solid.gravel","trailer_definition":"trailer_def.gravel.s_ki_solid.gravel","units_count":100,"fill_ratio":1,"trailer_place":0}],"sanbuilders.newcastle":[{"target":"transinet.osnabruck","urgency":2,"shortest_distance_km":538,"ferry_time":660,"ferry_price":995,"cargo":"cargo.empty_palet","company_truck":"man_6x4_b","trailer_variant":"trailer.scs_curt","trailer_definition":"trailer_def.scs.box.single_3.curtain","units_count":33,"fill_ratio":1,"trailer_place":0},{"target":"posped.zurich","urgency":2,"shortest_distance_km":1422,"ferry_time":35,"ferry_price":300,"cargo":"cargo.digger500","company_truck":"daf_xf_euro6_4x2_a","trailer_variant":"trailer.overweight.digger500","trailer_definition":"trailer_def.digger500.overweight.digger500","units_count":100,"fill_ratio":1,"trailer_place":0},{"target":"euroacres.carlisle","urgency":0,"shortest_distance_km":85,"ferry_time":0,"ferry_price":0,"cargo":"cargo.emptytank","company_truck":"man_6x4_b","trailer_variant":"trailer.scs_flat_c_g","trailer_definition":"trailer_def.scs.flatbed.single_3.container","units_count":2,"fill_ratio":1,"trailer_place":0}],"wgcc.manchester":[{"target":"nbfc.london","urgency":2,"shortest_distance_km":363,"ferry_time":0,"ferry_price":0,"cargo":"cargo.neon","company_truck":"mercedes_actros_2014_6x2_a","trailer_variant":"trailer.scs_flat_c_g","trailer_definition":"trailer_def.scs.flatbed.single_3.container","units_count":87,"fill_ratio":1,"trailer_place":0},{"target":"nbfc.liverpool","urgency":2,"shortest_distance_km":64,"ferry_time":0,"ferry_price":0,"cargo":"cargo.potassium","company_truck":"scania_streamline_4x2_a","trailer_variant":"trailer.scs_flat_c_r","trailer_definition":"trailer_def.scs.flatbed.single_3.container","units_count":87,"fill_ratio":1,"trailer_place":0}],"nbfc.duisburg":[{"target":"wgcc.rotterdam","urgency":0,"shortest_distance_km":331,"ferry_time":0,"ferry_price":0,"cargo":"cargo.contamin","company_truck":"scania_4x2_a","trailer_variant":"trailer.scs_gosck40","trailer_definition":"trailer_def.scs.gooseneck.singl_3e_40.container","units_count":80,"fill_ratio":1,"trailer_place":0},{"target":"wgcc.frankfurt","urgency":2,"shortest_distance_km":323,"ferry_time":0,"ferry_price":0,"cargo":"cargo.phosphor","company_truck":"mercedes_6x2_b","trailer_variant":"trailer.scs_flat_c_g","trailer_definition":"trailer_def.scs.flatbed.single_3.container","units_count":87,"fill_ratio":1,"trailer_place":0},{"target":"wgcc.frankfurt","urgency":0,"shortest_distance_km":323,"ferry_time":0,"ferry_price":0,"cargo":"cargo.lead","company_truck":"iveco_4x2_c","trailer_variant":"trailer.scs_gosck220","trailer_definition":"trailer_def.scs.gooseneck.singl_3e_220.container","units_count":80,"fill_ratio":1,"trailer_place":0},{"target":"sanbuilders.hamburg","urgency":1,"shortest_distance_km":353,"ferry_time":0,"ferry_price":0,"cargo":"cargo.lpg","company_truck":"renault_premium_6x4_a","trailer_variant":"trailer.willig.fuel_cistern","trailer_definition":"trailer_def.lpg.willig.fuel_cistern","units_count":101,"fill_ratio":1,"trailer_place":0}],"lkwlog.brno":[{"target":"euroacres.torino","urgency":0,"shortest_distance_km":1052,"ferry_time":0,"ferry_price":0,"cargo":"cargo.emptytank","company_truck":"man_4x2_a","trailer_variant":"trailer.scs_flat_b","trailer_definition":"trailer_def.scs.flatbed.single_3.flatbed_w","units_count":2,"fill_ratio":1,"trailer_place":0},{"target":"sellplan.prague","urgency":0,"shortest_distance_km":182,"ferry_time":0,"ferry_price":0,"cargo":"cargo.ketchup","company_truck":"man_4x2_a","trailer_variant":"trailer.scs_dry_a","trailer_definition":"trailer_def.scs.box.single_3.dryvan","units_count":33,"fill_ratio":1,"trailer_place":0}],"eurogoodies.munchen":[{"target":"transinet.salzburg","urgency":2,"shortest_distance_km":161,"ferry_time":0,"ferry_price":0,"cargo":"cargo.grapes","company_truck":"mercedes_actros_2014_6x2_a","trailer_variant":"trailer.scs_ins_s","trailer_definition":"trailer_def.scs.box.single_3.insulated","units_count":33,"fill_ratio":1,"trailer_place":0}],"tree_et.metz":[{"target":"sanbuilders.birmingham","urgency":1,"shortest_distance_km":796,"ferry_time":35,"ferry_price":300,"cargo":"cargo.sawpanels","company_truck":"renault_magnum_6x4_a","trailer_variant":"trailer.scs_curt_a","trailer_definition":"trailer_def.scs.box.single_3.curtain","units_count":33,"fill_ratio":1,"trailer_place":0}],"sanbuilders.salzburg":[{"target":"tree_et.liege","urgency":1,"shortest_distance_km":855,"ferry_time":0,"ferry_price":0,"cargo":"cargo.forklifts","company_truck":"daf_4x2_b","trailer_variant":"trailer.overweight.forklifts","trailer_definition":"trailer_def.forklifts.overweight.forklifts","units_count":100,"fill_ratio":1,"trailer_place":0}],"kaarfor.lyon":[{"target":"tradeaux.lyon","urgency":0,"shortest_distance_km":1,"ferry_time":0,"ferry_price":0,"cargo":"cargo.used_plast","company_truck":"renault_t_6x2","trailer_variant":"trailer.scs_dry_a","trailer_definition":"trailer_def.scs.box.single_3.dryvan","units_count":33,"fill_ratio":1,"trailer_place":0},{"target":"transinet.salzburg","urgency":2,"shortest_distance_km":860,"ferry_time":0,"ferry_price":0,"cargo":"cargo.empty_palet","company_truck":"renault_t_4x2","trailer_variant":"trailer.scs_dry_s","trailer_definition":"trailer_def.scs.box.single_3.dryvan","units_count":33,"fill_ratio":1,"trailer_place":0}],"euroacres.dresden":[{"target":"eurogoodies.wien","urgency":2,"shortest_distance_km":418,"ferry_time":0,"ferry_price":0,"cargo":"cargo.beans","company_truck":"iveco_4x2_c","trailer_variant":"trailer.scs_dry_m","trailer_definition":"trailer_def.scs.box.single_3.dryvan_m","units_count":33,"fill_ratio":1,"trailer_place":0}],"stokes.dijon":[{"target":"posped.bratislava","urgency":0,"shortest_distance_km":1106,"ferry_time":0,"ferry_price":0,"cargo":"cargo.apples","company_truck":"man_6x4_b","trailer_variant":"trailer.scs_dry_m","trailer_definition":"trailer_def.scs.box.single_3.dryvan_m","units_count":33,"fill_ratio":1,"trailer_place":0}],"euroacres.wroclaw":[{"target":"sellplan.prague","urgency":0,"shortest_distance_km":211,"ferry_time":0,"ferry_price":0,"cargo":"cargo.potatoes","company_truck":"scania_s_6x4_730","trailer_variant":"trailer.scs_curt","trailer_definition":"trailer_def.scs.box.single_3.curtain","units_count":33,"fill_ratio":1,"trailer_place":0}],"euroacres.brussel":[{"target":"eurogoodies.liege","urgency":2,"shortest_distance_km":160,"ferry_time":0,"ferry_price":0,"cargo":"cargo.milk_t","company_truck":"mercedes_actros_2014_4x2_b","trailer_variant":"trailer.scs_fodt","trailer_definition":"trailer_def.scs.foodtank.single_3.paint","units_count":27,"fill_ratio":1,"trailer_place":0},{"target":"lkwlog.luxembourg","urgency":0,"shortest_distance_km":222,"ferry_time":0,"ferry_price":0,"cargo":"cargo.cauliflower","company_truck":"iveco_h_4x2_a","trailer_variant":"trailer.scs_ref_a","trailer_definition":"trailer_def.scs.box.single_3.reefer","units_count":33,"fill_ratio":1,"trailer_place":0}],"nbfc.liverpool":[{"target":"wgcc.manchester","urgency":1,"shortest_distance_km":70,"ferry_time":0,"ferry_price":0,"cargo":"cargo.nitrocel","company_truck":"man_tgx_euro6_4x2_xxl","trailer_variant":"trailer.scs_gosck20","trailer_definition":"trailer_def.scs.gooseneck.singl_3e_20.container","units_count":40,"fill_ratio":1,"trailer_place":0}],"euroacres.erfurt":[{"target":"stokes.zurich","urgency":0,"shortest_distance_km":622,"ferry_time":0,"ferry_price":0,"cargo":"cargo.peas","company_truck":"man_6x4_b","trailer_variant":"trailer.scs_dry_ms","trailer_definition":"trailer_def.scs.box.single_3.dryvan_m","units_count":33,"fill_ratio":1,"trailer_place":0}],"eurogoodies.groningen":[{"target":"lkwlog.stuttgart","urgency":0,"shortest_distance_km":690,"ferry_time":0,"ferry_price":0,"cargo":"cargo.watermelons","company_truck":"scania_6x2_b","trailer_variant":"trailer.scs_ref_a","trailer_definition":"trailer_def.scs.box.single_3.reefer","units_count":33,"fill_ratio":1,"trailer_place":0}],"stokes.plymouth":[{"target":"posped.london","urgency":0,"shortest_distance_km":398,"ferry_time":0,"ferry_price":0,"cargo":"cargo.glass","company_truck":"mercedes_6x2_b","trailer_variant":"trailer.panel_trans.glass","trailer_definition":"trailer_def.glass.panel_trans.glass","units_count":99,"fill_ratio":1,"trailer_place":0},{"target":"posped.swansea","urgency":0,"shortest_distance_km":306,"ferry_time":0,"ferry_price":0,"cargo":"cargo.peas","company_truck":"iveco_4x2_c","trailer_variant":"trailer.scs_dry","trailer_definition":"trailer_def.scs.box.single_3.dryvan","units_count":33,"fill_ratio":1,"trailer_place":0}],"quarry.reims":[{"target":"lkwlog.duisburg","urgency":0,"shortest_distance_km":425,"ferry_time":0,"ferry_price":0,"cargo":"cargo.sand","company_truck":"daf_4x2_a","trailer_variant":"trailer.s_ki_solid.sand","trailer_definition":"trailer_def.sand.s_ki_solid.sand","units_count":100,"fill_ratio":1,"trailer_place":0}],"nbfc.linz":[{"target":"wgcc.munchen","urgency":2,"shortest_distance_km":293,"ferry_time":0,"ferry_price":0,"cargo":"cargo.ammunition","company_truck":"mercedes_6x4_a","trailer_variant":"trailer.scs_curt_a","trailer_definition":"trailer_def.scs.box.single_3.curtain","units_count":33,"fill_ratio":1,"trailer_place":0},{"target":"itcc.rostock","urgency":0,"shortest_distance_km":841,"ferry_time":0,"ferry_price":0,"cargo":"cargo.graph_grease","company_truck":"iveco_4x2_c","trailer_variant":"trailer.scs_dry_a","trailer_definition":"trailer_def.scs.box.single_3.dryvan","units_count":33,"fill_ratio":1,"trailer_place":0},{"target":"euroacres.wien","urgency":1,"shortest_distance_km":164,"ferry_time":0,"ferry_price":0,"cargo":"cargo.pesticide","company_truck":"man_6x4_b","trailer_variant":"trailer.scs_flat_c_r","trailer_definition":"trailer_def.scs.flatbed.single_3.container","units_count":87,"fill_ratio":1,"trailer_place":0},{"target":"wgcc.frankfurt","urgency":2,"shortest_distance_km":540,"ferry_time":0,"ferry_price":0,"cargo":"cargo.potassium","company_truck":"daf_xf_euro6_4x2_c","trailer_variant":"trailer.scs_flat_c_r","trailer_definition":"trailer_def.scs.flatbed.single_3.container","units_count":87,"fill_ratio":1,"trailer_place":0}],"lkwlog.manchester":[{"target":"tradeaux.paris","urgency":2,"shortest_distance_km":750,"ferry_time":35,"ferry_price":300,"cargo":"cargo.mondeos","company_truck":"scania_4x2_b","trailer_variant":"trailer.car_trans3","trailer_definition":"trailer_def.mondeos.car_trans3","units_count":100,"fill_ratio":1,"trailer_place":0},{"target":"posped.carlisle","urgency":1,"shortest_distance_km":205,"ferry_time":0,"ferry_price":0,"cargo":"cargo.precast_strs","company_truck":"daf_6x2_a","trailer_variant":"trailer.scs_dry_ms","trailer_definition":"trailer_def.scs.box.single_3.dryvan_m","units_count":32,"fill_ratio":1,"trailer_place":0}],"lkwlog.duisburg":[{"target":"posped.bremen","urgency":0,"shortest_distance_km":250,"ferry_time":0,"ferry_price":0,"cargo":"cargo.tableware","company_truck":"scania_6x2_b","trailer_variant":"trailer.scs_curt_a","trailer_definition":"trailer_def.scs.box.single_3.curtain","units_count":33,"fill_ratio":1,"trailer_place":0},{"target":"stokes.poznan","urgency":2,"shortest_distance_km":742,"ferry_time":0,"ferry_price":0,"cargo":"cargo.beverages_c","company_truck":"man_tgx_euro6_4x2_xxl","trailer_variant":"trailer.scs_gosck220","trailer_definition":"trailer_def.scs.gooseneck.singl_3e_220.container","units_count":30,"fill_ratio":1,"trailer_place":0}],"sellplan.newcastle":[{"target":"posped.rotterdam","urgency":0,"shortest_distance_km":264,"ferry_time":660,"ferry_price":995,"cargo":"cargo.used_plast","company_truck":"renault_magnum_4x2_a","trailer_variant":"trailer.scs_dry","trailer_definition":"trailer_def.scs.box.single_3.dryvan","units_count":33,"fill_ratio":1,"trailer_place":0},{"target":"posped.geneve","urgency":1,"shortest_distance_km":1448,"ferry_time":35,"ferry_price":300,"cargo":"cargo.used_packag","company_truck":"daf_xf_euro6_4x2_c","trailer_variant":"trailer.scs_dry","trailer_definition":"trailer_def.scs.box.single_3.dryvan","units_count":33,"fill_ratio":1,"trailer_place":0}],"tradeaux.lille":[{"target":"lkwlog.luxembourg","urgency":0,"shortest_distance_km":264,"ferry_time":0,"ferry_price":0,"cargo":"cargo.watermelons","company_truck":"scania_r_6x2_450","trailer_variant":"trailer.scs_ins_a","trailer_definition":"trailer_def.scs.box.single_3.insulated","units_count":33,"fill_ratio":1,"trailer_place":0},{"target":"posped.swansea","urgency":2,"shortest_distance_km":561,"ferry_time":35,"ferry_price":300,"cargo":"cargo.milk","company_truck":"scania_s_6x4_730","trailer_variant":"trailer.scs_dry_s","trailer_definition":"trailer_def.scs.box.single_3.dryvan","units_count":33,"fill_ratio":1,"trailer_place":0}],"cargotras.milano":[{"target":"kaarfor.amsterdam","urgency":2,"shortest_distance_km":1096,"ferry_time":0,"ferry_price":0,"cargo":"cargo.goat_cheese","company_truck":"man_4x2_c","trailer_variant":"trailer.scs_ins_s","trailer_definition":"trailer_def.scs.box.single_3.insulated","units_count":33,"fill_ratio":1,"trailer_place":0}],"quarry.lyon":[{"target":"tradeaux.geneve","urgency":2,"shortest_distance_km":121,"ferry_time":0,"ferry_price":0,"cargo":"cargo.largetubes","company_truck":"man_6x4_b","trailer_variant":"trailer.scs_flat_c_g","trailer_definition":"trailer_def.scs.flatbed.single_3.container","units_count":2,"fill_ratio":1,"trailer_place":0}],"quarry.wroclaw":[{"target":"stokes.poznan","urgency":1,"shortest_distance_km":209,"ferry_time":0,"ferry_price":0,"cargo":"cargo.fueltanker","company_truck":"renault_premium_6x4_a","trailer_variant":"trailer.scs_gosck40","trailer_definition":"trailer_def.scs.gooseneck.singl_3e_40.container","units_count":80,"fill_ratio":1,"trailer_place":0}],"eurogoodies.lille":[{"target":"posped.rotterdam","urgency":1,"shortest_distance_km":230,"ferry_time":0,"ferry_price":0,"cargo":"cargo.tomatoes","company_truck":"daf_xf_euro6_4x2_c","trailer_variant":"trailer.scs_ref","trailer_definition":"trailer_def.scs.box.single_3.reefer","units_count":33,"fill_ratio":1,"trailer_place":0}],"trameri.brno":[{"target":"lkwlog.graz","urgency":2,"shortest_distance_km":272,"ferry_time":0,"ferry_price":0,"cargo":"cargo.empty_palet","company_truck":"scania_6x4_a","trailer_variant":"trailer.scs_dry_a","trailer_definition":"trailer_def.scs.box.single_3.dryvan","units_count":33,"fill_ratio":1,"trailer_place":0},{"target":"posped.bratislava","urgency":1,"shortest_distance_km":142,"ferry_time":0,"ferry_price":0,"cargo":"cargo.roofing_felt","company_truck":"man_6x4_b","trailer_variant":"trailer.scs_dry_a","trailer_definition":"trailer_def.scs.box.single_3.dryvan","units_count":33,"fill_ratio":1,"trailer_place":0}],"itcc.liege":[{"target":"sanbuilders.london","urgency":1,"shortest_distance_km":482,"ferry_time":35,"ferry_price":300,"cargo":"cargo.outdr_flr_tl","company_truck":"scania_s_6x4_730","trailer_variant":"trailer.scs_curt","trailer_definition":"trailer_def.scs.box.single_3.curtain","units_count":33,"fill_ratio":1,"trailer_place":0}],"stokes.zurich":[{"target":"tradeaux.geneve","urgency":2,"shortest_distance_km":250,"ferry_time":0,"ferry_price":0,"cargo":"cargo.toys","company_truck":"renault_t_4x2h","trailer_variant":"trailer.scs_dry_s","trailer_definition":"trailer_def.scs.box.single_3.dryvan","units_count":33,"fill_ratio":1,"trailer_place":0}],"quarry.cardiff":[{"target":"posped.carlisle","urgency":1,"shortest_distance_km":435,"ferry_time":0,"ferry_price":0,"cargo":"cargo.hipresstank","company_truck":"mercedes_actros_2014_6x2_a","trailer_variant":"trailer.scs_flat_b","trailer_definition":"trailer_def.scs.flatbed.single_3.flatbed_w","units_count":2,"fill_ratio":1,"trailer_place":0},{"target":"tree_et.southampton","urgency":0,"shortest_distance_km":218,"ferry_time":0,"ferry_price":0,"cargo":"cargo.digger1000","company_truck":"renault_t_4x2","trailer_variant":"trailer.overweight.digger1000","trailer_definition":"trailer_def.digger1000.overweight.digger1000","units_count":100,"fill_ratio":1,"trailer_place":0},{"target":"stokes.plymouth","urgency":0,"shortest_distance_km":253,"ferry_time":0,"ferry_price":0,"cargo":"cargo.sand","company_truck":"iveco_4x2_b","trailer_variant":"trailer.s_ki_solid.sand","trailer_definition":"trailer_def.sand.s_ki_solid.sand","units_count":100,"fill_ratio":1,"trailer_place":0}],"ika_bohag.paris":[{"target":"lkwlog.graz","urgency":2,"shortest_distance_km":1261,"ferry_time":0,"ferry_price":0,"cargo":"cargo.empty_palet","company_truck":"mercedes_actros_2014_6x4_b","trailer_variant":"trailer.scs_dry_ms","trailer_definition":"trailer_def.scs.box.single_3.dryvan_m","units_count":33,"fill_ratio":1,"trailer_place":0},{"target":"tradeaux.paris","urgency":1,"shortest_distance_km":8,"ferry_time":0,"ferry_price":0,"cargo":"cargo.used_packag","company_truck":"mercedes_4x2_a","trailer_variant":"trailer.scs_dry_s","trailer_definition":"trailer_def.scs.box.single_3.dryvan","units_count":33,"fill_ratio":1,"trailer_place":0}],"eurogoodies.salzburg":[{"target":"tradeaux.klagenfurt","urgency":0,"shortest_distance_km":340,"ferry_time":0,"ferry_price":0,"cargo":"cargo.vinegar","company_truck":"scania_r_6x2_450","trailer_variant":"trailer.scs_curt_s","trailer_definition":"trailer_def.scs.box.single_3.curtain","units_count":33,"fill_ratio":1,"trailer_place":0}],"bcp.munchen":[{"target":"transinet.salzburg","urgency":1,"shortest_distance_km":161,"ferry_time":0,"ferry_price":0,"cargo":"cargo.used_packag","company_truck":"daf_xf_euro6_4x2_a","trailer_variant":"trailer.scs_dry_m","trailer_definition":"trailer_def.scs.box.single_3.dryvan_m","units_count":33,"fill_ratio":1,"trailer_place":0}],"trameri.carlisle":[{"target":"posped.kiel","urgency":1,"shortest_distance_km":934,"ferry_time":660,"ferry_price":995,"cargo":"cargo.forklifts","company_truck":"man_6x4_b","trailer_variant":"trailer.overweight.forklifts","trailer_definition":"trailer_def.forklifts.overweight.forklifts","units_count":100,"fill_ratio":1,"trailer_place":0},{"target":"posped.swansea","urgency":2,"shortest_distance_km":459,"ferry_time":0,"ferry_price":0,"cargo":"cargo.sandwch_pnls","company_truck":"renault_t_6x2","trailer_variant":"trailer.scs_curt","trailer_definition":"trailer_def.scs.box.single_3.curtain","units_count":33,"fill_ratio":1,"trailer_place":0},{"target":"transinet.rotterdam","urgency":1,"shortest_distance_km":326,"ferry_time":660,"ferry_price":995,"cargo":"cargo.roofing_felt","company_truck":"mercedes_4x2_a","trailer_variant":"trailer.scs_curt_a","trailer_definition":"trailer_def.scs.box.single_3.curtain","units_count":33,"fill_ratio":1,"trailer_place":0}],"kaarfor.poznan":[{"target":"tradeaux.prague","urgency":1,"shortest_distance_km":355,"ferry_time":0,"ferry_price":0,"cargo":"cargo.used_packag","company_truck":"mercedes_actros_2014_6x2_a","trailer_variant":"trailer.scs_curt_s","trailer_definition":"trailer_def.scs.box.single_3.curtain","units_count":33,"fill_ratio":1,"trailer_place":0}],"eurogoodies.dijon":[{"target":"sellplan.geneve","urgency":2,"shortest_distance_km":197,"ferry_time":0,"ferry_price":0,"cargo":"cargo.milk","company_truck":"mercedes_6x4_a","trailer_variant":"trailer.scs_dry_m","trailer_definition":"trailer_def.scs.box.single_3.dryvan_m","units_count":33,"fill_ratio":1,"trailer_place":0},{"target":"stokes.dusseldorf","urgency":2,"shortest_distance_km":588,"ferry_time":0,"ferry_price":0,"cargo":"cargo.pnut_butter","company_truck":"man_6x4_b","trailer_variant":"trailer.scs_ins_a","trailer_definition":"trailer_def.scs.box.single_3.insulated","units_count":33,"fill_ratio":1,"trailer_place":0}],"tradeaux.hannover":[{"target":"stokes.poznan","urgency":2,"shortest_distance_km":476,"ferry_time":0,"ferry_price":0,"cargo":"cargo.wallpanels","company_truck":"mercedes_4x2_c","trailer_variant":"trailer.panel_trans.wall","trailer_definition":"trailer_def.wallpanels.panel_trans.wall","units_count":85,"fill_ratio":1,"trailer_place":0}],"tree_et.hannover":[{"target":"skoda.prague","urgency":1,"shortest_distance_km":602,"ferry_time":0,"ferry_price":0,"cargo":"cargo.forklifts","company_truck":"iveco_h_4x2_a","trailer_variant":"trailer.overweight.forklifts","trailer_definition":"trailer_def.forklifts.overweight.forklifts","units_count":100,"fill_ratio":1,"trailer_place":0},{"target":"sanbuilders.hamburg","urgency":2,"shortest_distance_km":179,"ferry_time":0,"ferry_price":0,"cargo":"cargo.lumber","company_truck":"man_6x4_b","trailer_variant":"trailer.scs_flat_b","trailer_definition":"trailer_def.scs.flatbed.single_3.flatbed_w","units_count":2,"fill_ratio":1,"trailer_place":0}],"tree_et.frankfurt":[{"target":"transinet.mannheim","urgency":2,"shortest_distance_km":101,"ferry_time":0,"ferry_price":0,"cargo":"cargo.logs","company_truck":"scania_streamline_4x2_b","trailer_variant":"trailer.scs_log","trailer_definition":"trailer_def.scs.log.single_3.steel","units_count":2,"fill_ratio":1,"trailer_place":0}],"trameri.dresden":[{"target":"itcc.szczecin","urgency":1,"shortest_distance_km":347,"ferry_time":0,"ferry_price":0,"cargo":"cargo.electronics","company_truck":"daf_xf_euro6_4x2_c","trailer_variant":"trailer.scs_dry_a","trailer_definition":"trailer_def.scs.box.single_3.dryvan","units_count":33,"fill_ratio":1,"trailer_place":0}],"eurogoodies.metz":[{"target":"transinet.mannheim","urgency":2,"shortest_distance_km":238,"ferry_time":0,"ferry_price":0,"cargo":"cargo.rice_c","company_truck":"mercedes_actros_2014_4x2_b","trailer_variant":"trailer.scs_gosck20","trailer_definition":"trailer_def.scs.gooseneck.singl_3e_20.container","units_count":15,"fill_ratio":1,"trailer_place":0},{"target":"posped.london","urgency":1,"shortest_distance_km":617,"ferry_time":35,"ferry_price":300,"cargo":"cargo.cheese","company_truck":"daf_xf_euro6_6x4_c","trailer_variant":"trailer.scs_ins_s","trailer_definition":"trailer_def.scs.box.single_3.insulated","units_count":33,"fill_ratio":1,"trailer_place":0}],"transinet.szczecin":[{"target":"eurogoodies.szczecin","urgency":2,"shortest_distance_km":1,"ferry_time":0,"ferry_price":0,"cargo":"cargo.goat_cheese","company_truck":"renault_magnum_6x4_a","trailer_variant":"trailer.scs_ins_s","trailer_definition":"trailer_def.scs.box.single_3.insulated","units_count":33,"fill_ratio":1,"trailer_place":0}],"eurogoodies.prague":[{"target":"kaarfor.verona","urgency":2,"shortest_distance_km":774,"ferry_time":0,"ferry_price":0,"cargo":"cargo.rice_c","company_truck":"scania_streamline_4x2_c","trailer_variant":"trailer.scs_flat_c_g","trailer_definition":"trailer_def.scs.flatbed.single_3.container","units_count":33,"fill_ratio":1,"trailer_place":0},{"target":"tradeaux.kassel","urgency":0,"shortest_distance_km":478,"ferry_time":0,"ferry_price":0,"cargo":"cargo.icecream","company_truck":"renault_t_4x2","trailer_variant":"trailer.scs_ref","trailer_definition":"trailer_def.scs.box.single_3.reefer","units_count":33,"fill_ratio":1,"trailer_place":0}],"transinet.osnabruck":[{"target":"tradeaux.kassel","urgency":0,"shortest_distance_km":231,"ferry_time":0,"ferry_price":0,"cargo":"cargo.rooflights","company_truck":"man_6x4_b","trailer_variant":"trailer.scs_dry_2","trailer_definition":"trailer_def.scs.box.double_3_2.dryvan","units_count":53,"fill_ratio":1,"trailer_place":0}],"fcp.torino":[{"target":"tradeaux.lyon","urgency":2,"shortest_distance_km":336,"ferry_time":0,"ferry_price":0,"cargo":"cargo.mondeos","company_truck":"scania_r_6x4_650","trailer_variant":"trailer.car_trans","trailer_definition":"trailer_def.mondeos.car_trans","units_count":100,"fill_ratio":1,"trailer_place":0}],"lkwlog.calais":[{"target":"stokes.amsterdam","urgency":0,"shortest_distance_km":454,"ferry_time":0,"ferry_price":0,"cargo":"cargo.coal","company_truck":"scania_4x2_b","trailer_variant":"trailer.s_ki_solid.coal","trailer_definition":"trailer_def.coal.s_ki_solid.coal","units_count":100,"fill_ratio":1,"trailer_place":0}],"sellplan.prague":[{"target":"stokes.nurnberg","urgency":1,"shortest_distance_km":261,"ferry_time":0,"ferry_price":0,"cargo":"cargo.used_plast_c","company_truck":"iveco_4x2_b","trailer_variant":"trailer.scs_gosck20","trailer_definition":"trailer_def.scs.gooseneck.singl_3e_20.container","units_count":15,"fill_ratio":1,"trailer_place":0}],"tree_et.graz":[{"target":"sanbuilders.brno","urgency":1,"shortest_distance_km":273,"ferry_time":0,"ferry_price":0,"cargo":"cargo.sawpanels","company_truck":"renault_t_4x2","trailer_variant":"trailer.scs_dry_a","trailer_definition":"trailer_def.scs.box.single_3.dryvan","units_count":33,"fill_ratio":1,"trailer_place":0}],"trameri.wroclaw":[{"target":"sanbuilders.hamburg","urgency":2,"shortest_distance_km":629,"ferry_time":0,"ferry_price":0,"cargo":"cargo.chimney_syst","company_truck":"scania_streamline_6x2_b","trailer_variant":"trailer.scs_curt_s","trailer_definition":"trailer_def.scs.box.single_3.curtain","units_count":33,"fill_ratio":1,"trailer_place":0}],"euroacres.nurnberg":[{"target":"kaarfor.poznan","urgency":0,"shortest_distance_km":631,"ferry_time":0,"ferry_price":0,"cargo":"cargo.cauliflower","company_truck":"man_6x4_b","trailer_variant":"trailer.scs_ins_s","trailer_definition":"trailer_def.scs.box.single_3.insulated","units_count":33,"fill_ratio":1,"trailer_place":0},{"target":"posped.verona","urgency":0,"shortest_distance_km":621,"ferry_time":0,"ferry_price":0,"cargo":"cargo.carrots","company_truck":"iveco_4x2_b","trailer_variant":"trailer.scs_curt_s","trailer_definition":"trailer_def.scs.box.single_3.curtain","units_count":33,"fill_ratio":1,"trailer_place":0}],"eurogoodies.osnabruck":[{"target":"sellplan.groningen","urgency":2,"shortest_distance_km":208,"ferry_time":0,"ferry_price":0,"cargo":"cargo.vinegar_c","company_truck":"man_6x4_b","trailer_variant":"trailer.scs_flat_c_r","trailer_definition":"trailer_def.scs.flatbed.single_3.container","units_count":33,"fill_ratio":1,"trailer_place":0},{"target":"lkwlog.duisburg","urgency":0,"shortest_distance_km":142,"ferry_time":0,"ferry_price":0,"cargo":"cargo.yogurt","company_truck":"double/daf_xf_euro6_4x2_a","trailer_variant":"trailer.scs_ins_b2","trailer_definition":"trailer_def.scs.box.bdouble_3_3.insulated","units_count":29,"fill_ratio":1,"trailer_place":0}],"trameri.liverpool":[{"target":"posped.koln","urgency":1,"shortest_distance_km":974,"ferry_time":35,"ferry_price":300,"cargo":"cargo.fueltanker","company_truck":"daf_6x2_a","trailer_variant":"trailer.scs_gosck220","trailer_definition":"trailer_def.scs.gooseneck.singl_3e_220.container","units_count":80,"fill_ratio":1,"trailer_place":0},{"target":"wgcc.rotterdam","urgency":1,"shortest_distance_km":896,"ferry_time":35,"ferry_price":300,"cargo":"cargo.hipresstank","company_truck":"renault_premium_6x2_a","trailer_variant":"trailer.scs_flat_c_g","trailer_definition":"trailer_def.scs.flatbed.single_3.container","units_count":2,"fill_ratio":1,"trailer_place":0}],"sanbuilders.luxembourg":[{"target":"lkwlog.dover","urgency":0,"shortest_distance_km":394,"ferry_time":91,"ferry_price":384,"cargo":"cargo.digger1000","company_truck":"scania_streamline_4x2_c","trailer_variant":"trailer.overweight.digger1000","trailer_definition":"trailer_def.digger1000.overweight.digger1000","units_count":100,"fill_ratio":1,"trailer_place":0}],"trameri.plymouth":[{"target":"sellplan.southampton","urgency":1,"shortest_distance_km":268,"ferry_time":0,"ferry_price":0,"cargo":"cargo.electronics","company_truck":"scania_s_6x4_730","trailer_variant":"trailer.scs_dry_ms","trailer_definition":"trailer_def.scs.box.single_3.dryvan_m","units_count":33,"fill_ratio":1,"trailer_place":0},{"target":"sanbuilders.newcastle","urgency":1,"shortest_distance_km":663,"ferry_time":0,"ferry_price":0,"cargo":"cargo.roof_tiles","company_truck":"man_6x4_b","trailer_variant":"trailer.scs_curt","trailer_definition":"trailer_def.scs.box.single_3.curtain","units_count":33,"fill_ratio":1,"trailer_place":0}],"tree_et.zurich":[{"target":"tradeaux.kassel","urgency":2,"shortest_distance_km":579,"ferry_time":0,"ferry_price":0,"cargo":"cargo.empty_palet","company_truck":"daf_xf_euro6_6x2_a","trailer_variant":"trailer.scs_dry_ms","trailer_definition":"trailer_def.scs.box.single_3.dryvan_m","units_count":32,"fill_ratio":1,"trailer_place":0},{"target":"euroacres.salzburg","urgency":1,"shortest_distance_km":450,"ferry_time":0,"ferry_price":0,"cargo":"cargo.sawpanels","company_truck":"iveco_4x2_a","trailer_variant":"trailer.scs_dry","trailer_definition":"trailer_def.scs.box.single_3.dryvan","units_count":33,"fill_ratio":1,"trailer_place":0}],"posped.carlisle":[{"target":"eurogoodies.liverpool","urgency":2,"shortest_distance_km":214,"ferry_time":0,"ferry_price":0,"cargo":"cargo.beverages_c","company_truck":"scania_streamline_4x2_a","trailer_variant":"trailer.scs_gosck220","trailer_definition":"trailer_def.scs.gooseneck.singl_3e_220.container","units_count":30,"fill_ratio":1,"trailer_place":0}],"euroacres.dijon":[{"target":"lkwlog.stuttgart","urgency":0,"shortest_distance_km":504,"ferry_time":0,"ferry_price":0,"cargo":"cargo.plums","company_truck":"scania_4x2_c","trailer_variant":"trailer.scs_ins_a","trailer_definition":"trailer_def.scs.box.single_3.insulated","units_count":33,"fill_ratio":1,"trailer_place":0}],"transinet.dresden":[{"target":"eurogoodies.szczecin","urgency":0,"shortest_distance_km":349,"ferry_time":0,"ferry_price":0,"cargo":"cargo.chocolate","company_truck":"renault_magnum_6x4_a","trailer_variant":"trailer.scs_dry","trailer_definition":"trailer_def.scs.box.single_3.dryvan","units_count":30,"fill_ratio":1,"trailer_place":0}],"tree_et.geneve":[{"target":"transinet.cambridge","urgency":2,"shortest_distance_km":1016,"ferry_time":35,"ferry_price":300,"cargo":"cargo.digger500","company_truck":"renault_magnum_6x2_a","trailer_variant":"trailer.overweight.digger500","trailer_definition":"trailer_def.digger500.overweight.digger500","units_count":100,"fill_ratio":1,"trailer_place":0}],"bcp.berlin":[{"target":"tree_et.hannover","urgency":2,"shortest_distance_km":274,"ferry_time":0,"ferry_price":0,"cargo":"cargo.digger500","company_truck":"scania_streamline_6x4_a","trailer_variant":"trailer.overweight.digger500","trailer_definition":"trailer_def.digger500.overweight.digger500","units_count":100,"fill_ratio":1,"trailer_place":0}],"nbfc.berlin":[{"target":"trameri.hannover","urgency":2,"shortest_distance_km":266,"ferry_time":0,"ferry_price":0,"cargo":"cargo.fluorine","company_truck":"man_6x4_b","trailer_variant":"trailer.scs_flat_c_g","trailer_definition":"trailer_def.scs.flatbed.single_3.container","units_count":87,"fill_ratio":1,"trailer_place":0}],"kaarfor.edinburgh":[{"target":"posped.carlisle","urgency":2,"shortest_distance_km":161,"ferry_time":0,"ferry_price":0,"cargo":"cargo.empty_palet","company_truck":"renault_magnum_6x2_a","trailer_variant":"trailer.scs_dry_m","trailer_definition":"trailer_def.scs.box.single_3.dryvan_m","units_count":32,"fill_ratio":1,"trailer_place":0}],"itcc.glasgow":[{"target":"sanbuilders.birmingham","urgency":1,"shortest_distance_km":502,"ferry_time":0,"ferry_price":0,"cargo":"cargo.cement","company_truck":"iveco_4x2_c","trailer_variant":"trailer.cement","trailer_definition":"trailer_def.cement.cement","units_count":100,"fill_ratio":1,"trailer_place":0}],"fcp.poznan":[{"target":"lkwlog.hamburg","urgency":2,"shortest_distance_km":503,"ferry_time":0,"ferry_price":0,"cargo":"cargo.empty_palet","company_truck":"daf_xf_euro6_4x2_a","trailer_variant":"trailer.scs_dry_s","trailer_definition":"trailer_def.scs.box.single_3.dryvan","units_count":33,"fill_ratio":1,"trailer_place":0}],"quarry.salzburg":[{"target":"euroacres.salzburg","urgency":1,"shortest_distance_km":60,"ferry_time":0,"ferry_price":0,"cargo":"cargo.fueltanker","company_truck":"renault_magnum_6x4_a","trailer_variant":"trailer.scs_gosck220","trailer_definition":"trailer_def.scs.gooseneck.singl_3e_220.container","units_count":80,"fill_ratio":1,"trailer_place":0},{"target":"transinet.cambridge","urgency":0,"shortest_distance_km":1441,"ferry_time":35,"ferry_price":300,"cargo":"cargo.gravel","company_truck":"scania_streamline_4x2_c","trailer_variant":"trailer.s_ki_solid.gravel","trailer_definition":"trailer_def.gravel.s_ki_solid.gravel","units_count":100,"fill_ratio":1,"trailer_place":0},{"target":"sanbuilders.salzburg","urgency":2,"shortest_distance_km":77,"ferry_time":0,"ferry_price":0,"cargo":"cargo.stones","company_truck":"renault_premium_4x2_c","trailer_variant":"trailer.s_ki_solid.cover","trailer_definition":"trailer_def.stones.s_ki_solid.cover","units_count":100,"fill_ratio":1,"trailer_place":0},{"target":"lkwlog.venezia","urgency":0,"shortest_distance_km":415,"ferry_time":0,"ferry_price":0,"cargo":"cargo.digger1000","company_truck":"scania_streamline_4x2_b","trailer_variant":"trailer.overweight.digger1000","trailer_definition":"trailer_def.digger1000.overweight.digger1000","units_count":100,"fill_ratio":1,"trailer_place":0}],"trameri.swansea":[{"target":"tradeaux.rostock","urgency":0,"shortest_distance_km":1470,"ferry_time":35,"ferry_price":300,"cargo":"cargo.used_plast","company_truck":"scania_streamline_4x2_a","trailer_variant":"trailer.scs_dry_a","trailer_definition":"trailer_def.scs.box.single_3.dryvan","units_count":33,"fill_ratio":1,"trailer_place":0},{"target":"euroacres.liverpool","urgency":0,"shortest_distance_km":246,"ferry_time":0,"ferry_price":0,"cargo":"cargo.emptytank","company_truck":"iveco_h_4x2_a","trailer_variant":"trailer.scs_flat_r","trailer_definition":"trailer_def.scs.flatbed.single_3.flatbed_w","units_count":2,"fill_ratio":1,"trailer_place":0},{"target":"posped.koln","urgency":1,"shortest_distance_km":902,"ferry_time":35,"ferry_price":300,"cargo":"cargo.scrap_metals","company_truck":"mercedes_4x2_a","trailer_variant":"trailer.s_ki_solid.cover","trailer_definition":"trailer_def.scrap_metals.s_ki_solid.cover","units_count":100,"fill_ratio":1,"trailer_place":0}],"sanbuilders.london":[{"target":"tree_et.southampton","urgency":2,"shortest_distance_km":167,"ferry_time":0,"ferry_price":0,"cargo":"cargo.digger500","company_truck":"daf_4x2_a","trailer_variant":"trailer.overweight.digger500","trailer_definition":"trailer_def.digger500.overweight.digger500","units_count":100,"fill_ratio":1,"trailer_place":0},{"target":"lisette_log.paris","urgency":0,"shortest_distance_km":346,"ferry_time":35,"ferry_price":300,"cargo":"cargo.emptytank","company_truck":"scania_s_4x2_580","trailer_variant":"trailer.scs_flat_c_g","trailer_definition":"trailer_def.scs.flatbed.single_3.container","units_count":2,"fill_ratio":1,"trailer_place":0},{"target":"posped.london","urgency":2,"shortest_distance_km":2,"ferry_time":0,"ferry_price":0,"cargo":"cargo.excavator","company_truck":"mercedes_actros_2014_6x2_a","trailer_variant":"trailer.overweight.excavator","trailer_definition":"trailer_def.excavator.overweight.excavator","units_count":94,"fill_ratio":1,"trailer_place":0}],"stokes.aberdeen":[{"target":"posped.london","urgency":0,"shortest_distance_km":841,"ferry_time":0,"ferry_price":0,"cargo":"cargo.limonades","company_truck":"scania_streamline_6x4_a","trailer_variant":"trailer.scs_curt","trailer_definition":"trailer_def.scs.box.single_3.curtain","units_count":32,"fill_ratio":1,"trailer_place":0}],"euroacres.swansea":[{"target":"eurogoodies.liege","urgency":2,"shortest_distance_km":759,"ferry_time":35,"ferry_price":300,"cargo":"cargo.milk_t","company_truck":"man_4x2_c","trailer_variant":"trailer.scs_fodt","trailer_definition":"trailer_def.scs.foodtank.single_3.paint","units_count":23,"fill_ratio":1,"trailer_place":0}],"posped.swansea":[{"target":"stokes.cardiff","urgency":0,"shortest_distance_km":82,"ferry_time":0,"ferry_price":0,"cargo":"cargo.sand","company_truck":"scania_streamline_4x2_b","trailer_variant":"trailer.s_ki_solid.sand","trailer_definition":"trailer_def.sand.s_ki_solid.sand","units_count":100,"fill_ratio":1,"trailer_place":0}],"fcp.dusseldorf":[{"target":"tradeaux.hannover","urgency":2,"shortest_distance_km":286,"ferry_time":0,"ferry_price":0,"cargo":"cargo.used_battery","company_truck":"mercedes_actros_2014_4x2_a","trailer_variant":"trailer.scs_dry_ms","trailer_definition":"trailer_def.scs.box.single_3.dryvan_m","units_count":33,"fill_ratio":1,"trailer_place":0}],"euroacres.torino":[{"target":"kaarfor.lyon","urgency":0,"shortest_distance_km":346,"ferry_time":0,"ferry_price":0,"cargo":"cargo.plums","company_truck":"scania_streamline_6x4_a","trailer_variant":"trailer.scs_ins","trailer_definition":"trailer_def.scs.box.single_3.insulated","units_count":33,"fill_ratio":1,"trailer_place":0}],"lkwlog.stuttgart":[{"target":"quarry.strasbourg","urgency":1,"shortest_distance_km":306,"ferry_time":0,"ferry_price":0,"cargo":"cargo.oil","company_truck":"man_tgx_euro6_4x2_xl","trailer_variant":"trailer.fuel_cistern","trailer_definition":"trailer_def.oil.fuel_cistern","units_count":100,"fill_ratio":1,"trailer_place":0}],"stokes.wien":[{"target":"tradeaux.kassel","urgency":0,"shortest_distance_km":828,"ferry_time":0,"ferry_price":0,"cargo":"cargo.watermelons","company_truck":"scania_s_4x2_580","trailer_variant":"trailer.scs_ref_a","trailer_definition":"trailer_def.scs.box.single_3.reefer","units_count":33,"fill_ratio":1,"trailer_place":0},{"target":"sellplan.wien","urgency":2,"shortest_distance_km":1,"ferry_time":0,"ferry_price":0,"cargo":"cargo.plant_substr","company_truck":"daf_xf_euro6_4x2_a","trailer_variant":"trailer.scs_curt_s","trailer_definition":"trailer_def.scs.box.single_3.curtain","units_count":33,"fill_ratio":1,"trailer_place":0}],"tree_et.manchester":[{"target":"euroacres.carlisle","urgency":2,"shortest_distance_km":200,"ferry_time":0,"ferry_price":0,"cargo":"cargo.lumber","company_truck":"mercedes_4x2_b","trailer_variant":"trailer.scs_flat_r","trailer_definition":"trailer_def.scs.flatbed.single_3.flatbed_w","units_count":2,"fill_ratio":1,"trailer_place":0}],"quarry.sheffield":[{"target":"posped.birmingham","urgency":2,"shortest_distance_km":141,"ferry_time":0,"ferry_price":0,"cargo":"cargo.excavator","company_truck":"mercedes_6x2_b","trailer_variant":"trailer.overweight.excavator","trailer_definition":"trailer_def.excavator.overweight.excavator","units_count":94,"fill_ratio":1,"trailer_place":0},{"target":"lisette_log.paris","urgency":1,"shortest_distance_km":656,"ferry_time":35,"ferry_price":300,"cargo":"cargo.hipresstank","company_truck":"iveco_4x2_a","trailer_variant":"trailer.scs_flat_r","trailer_definition":"trailer_def.scs.flatbed.single_3.flatbed_w","units_count":2,"fill_ratio":1,"trailer_place":0},{"target":"transinet.sheffield","urgency":0,"shortest_distance_km":19,"ferry_time":0,"ferry_price":0,"cargo":"cargo.sand","company_truck":"iveco_h_4x2_a","trailer_variant":"trailer.s_ki_solid.sand","trailer_definition":"trailer_def.sand.s_ki_solid.sand","units_count":100,"fill_ratio":1,"trailer_place":0},{"target":"stokes.calais","urgency":0,"shortest_distance_km":432,"ferry_time":91,"ferry_price":384,"cargo":"cargo.ore","company_truck":"mercedes_4x2_b","trailer_variant":"trailer.s_ki_solid.ore","trailer_definition":"trailer_def.ore.s_ki_solid.ore","units_count":100,"fill_ratio":1,"trailer_place":0}],"posped.koln":[{"target":"stokes.dusseldorf","urgency":0,"shortest_distance_km":42,"ferry_time":0,"ferry_price":0,"cargo":"cargo.glass_packed","company_truck":"daf_4x2_a","trailer_variant":"trailer.gls_trailer","trailer_definition":"trailer_def.glass_packed.gls_trailer","units_count":100,"fill_ratio":1,"trailer_place":0},{"target":"transinet.hamburg","urgency":1,"shortest_distance_km":420,"ferry_time":0,"ferry_price":0,"cargo":"cargo.roof_tiles","company_truck":"renault_magnum_6x4_a","trailer_variant":"trailer.scs_dry","trailer_definition":"trailer_def.scs.box.single_3.dryvan","units_count":33,"fill_ratio":1,"trailer_place":0}],"sellplan.torino":[{"target":"tradeaux.lyon","urgency":1,"shortest_distance_km":331,"ferry_time":0,"ferry_price":0,"cargo":"cargo.used_plast_c","company_truck":"renault_premium_4x2_a","trailer_variant":"trailer.scs_flat_c_g","trailer_definition":"trailer_def.scs.flatbed.single_3.container","units_count":33,"fill_ratio":1,"trailer_place":0}],"sellplan.rostock":[{"target":"tradeaux.rostock","urgency":1,"shortest_distance_km":1,"ferry_time":0,"ferry_price":0,"cargo":"cargo.used_plast_c","company_truck":"man_6x4_b","trailer_variant":"trailer.scs_gosck40","trailer_definition":"trailer_def.scs.gooseneck.singl_3e_40.container","units_count":30,"fill_ratio":1,"trailer_place":0},{"target":"lkwlog.graz","urgency":0,"shortest_distance_km":967,"ferry_time":0,"ferry_price":0,"cargo":"cargo.used_plast","company_truck":"scania_s_6x4_730","trailer_variant":"trailer.scs_dry_a","trailer_definition":"trailer_def.scs.box.single_3.dryvan","units_count":33,"fill_ratio":1,"trailer_place":0},{"target":"tradeaux.rostock","urgency":2,"shortest_distance_km":1,"ferry_time":0,"ferry_price":0,"cargo":"cargo.empty_palet","company_truck":"man_tgx_euro6_4x2_xxl","trailer_variant":"trailer.scs_dry_ms","trailer_definition":"trailer_def.scs.box.single_3.dryvan_m","units_count":32,"fill_ratio":1,"trailer_place":0}],"itcc.sheffield":[{"target":"lkwlog.felixstowe","urgency":2,"shortest_distance_km":327,"ferry_time":0,"ferry_price":0,"cargo":"cargo.wallpanels","company_truck":"scania_r_6x4_650","trailer_variant":"trailer.panel_trans.wall","trailer_definition":"trailer_def.wallpanels.panel_trans.wall","units_count":93,"fill_ratio":1,"trailer_place":0},{"target":"quarry.sheffield","urgency":1,"shortest_distance_km":19,"ferry_time":0,"ferry_price":0,"cargo":"cargo.iron_pipes","company_truck":"iveco_6x2_a","trailer_variant":"trailer.scs_log","trailer_definition":"trailer_def.scs.log.single_3.steel","units_count":2,"fill_ratio":1,"trailer_place":0}],"sellplan.london":[{"target":"transinet.sheffield","urgency":1,"shortest_distance_km":278,"ferry_time":0,"ferry_price":0,"cargo":"cargo.used_plast_c","company_truck":"scania_4x2_a","trailer_variant":"trailer.scs_gosck220","trailer_definition":"trailer_def.scs.gooseneck.singl_3e_220.container","units_count":30,"fill_ratio":1,"trailer_place":0},{"target":"posped.geneve","urgency":0,"shortest_distance_km":968,"ferry_time":35,"ferry_price":300,"cargo":"cargo.used_plast","company_truck":"scania_streamline_4x2_b","trailer_variant":"trailer.scs_curt_a","trailer_definition":"trailer_def.scs.box.single_3.curtain","units_count":33,"fill_ratio":1,"trailer_place":0},{"target":"posped.birmingham","urgency":1,"shortest_distance_km":196,"ferry_time":0,"ferry_price":0,"cargo":"cargo.used_packag","company_truck":"renault_magnum_6x2_a","trailer_variant":"trailer.scs_curt_a","trailer_definition":"trailer_def.scs.box.single_3.curtain","units_count":33,"fill_ratio":1,"trailer_place":0}],"sanbuilders.birmingham":[{"target":"itcc.liege","urgency":0,"shortest_distance_km":694,"ferry_time":35,"ferry_price":300,"cargo":"cargo.emptytank","company_truck":"scania_s_6x2_450","trailer_variant":"trailer.scs_flat_r","trailer_definition":"trailer_def.scs.flatbed.single_3.flatbed_w","units_count":2,"fill_ratio":1,"trailer_place":0}],"kaarfor.dortmund":[{"target":"lkwlog.amsterdam","urgency":2,"shortest_distance_km":286,"ferry_time":0,"ferry_price":0,"cargo":"cargo.empty_palet","company_truck":"double/iveco_h_4x2_a","trailer_variant":"trailer.scs_dry_b2","trailer_definition":"trailer_def.scs.box.bdouble_3_3.dryvan","units_count":23,"fill_ratio":1,"trailer_place":0},{"target":"lkwlog.stuttgart","urgency":1,"shortest_distance_km":453,"ferry_time":0,"ferry_price":0,"cargo":"cargo.used_plast_c","company_truck":"scania_s_4x2_580","trailer_variant":"trailer.scs_gosck220","trailer_definition":"trailer_def.scs.gooseneck.singl_3e_220.container","units_count":30,"fill_ratio":1,"trailer_place":0},{"target":"stokes.poznan","urgency":0,"shortest_distance_km":664,"ferry_time":0,"ferry_price":0,"cargo":"cargo.used_plast","company_truck":"renault_premium_4x2_a","trailer_variant":"trailer.scs_curt_s","trailer_definition":"trailer_def.scs.box.single_3.curtain","units_count":33,"fill_ratio":1,"trailer_place":0}],"kaarfor.frankfurt":[{"target":"stokes.amsterdam","urgency":2,"shortest_distance_km":532,"ferry_time":0,"ferry_price":0,"cargo":"cargo.empty_palet","company_truck":"scania_streamline_6x4_a","trailer_variant":"trailer.scs_dry_ms","trailer_definition":"trailer_def.scs.box.single_3.dryvan_m","units_count":32,"fill_ratio":1,"trailer_place":0},{"target":"stokes.dusseldorf","urgency":0,"shortest_distance_km":316,"ferry_time":0,"ferry_price":0,"cargo":"cargo.used_plast","company_truck":"double/daf_xf_euro6_4x2_a","trailer_variant":"trailer.scs_curt_2","trailer_definition":"trailer_def.scs.box.double_3_2.curtain","units_count":53,"fill_ratio":1,"trailer_place":0}],"trameri.hannover":[{"target":"lkwlog.felixstowe","urgency":2,"shortest_distance_km":1013,"ferry_time":35,"ferry_price":300,"cargo":"cargo.chimney_syst","company_truck":"man_6x4_b","trailer_variant":"trailer.scs_dry_ms","trailer_definition":"trailer_def.scs.box.single_3.dryvan_m","units_count":33,"fill_ratio":1,"trailer_place":0},{"target":"transinet.hamburg","urgency":0,"shortest_distance_km":173,"ferry_time":0,"ferry_price":0,"cargo":"cargo.copp_rf_gutt","company_truck":"daf_4x2_b","trailer_variant":"trailer.scs_dry","trailer_definition":"trailer_def.scs.box.single_3.dryvan","units_count":33,"fill_ratio":1,"trailer_place":0}],"stokes.nurnberg":[{"target":"eurogoodies.kiel","urgency":0,"shortest_distance_km":687,"ferry_time":0,"ferry_price":0,"cargo":"cargo.beverages","company_truck":"man_6x4_b","trailer_variant":"trailer.scs_ref_a","trailer_definition":"trailer_def.scs.box.single_3.reefer","units_count":30,"fill_ratio":1,"trailer_place":0}],"posped.rotterdam":[{"target":"lkwlog.manchester","urgency":0,"shortest_distance_km":225,"ferry_time":660,"ferry_price":995,"cargo":"cargo.med_equip","company_truck":"mercedes_6x4_a","trailer_variant":"trailer.scs_ins_s","trailer_definition":"trailer_def.scs.box.single_3.insulated","units_count":33,"fill_ratio":1,"trailer_place":0}],"bcp.verona":[{"target":"skoda.prague","urgency":1,"shortest_distance_km":817,"ferry_time":0,"ferry_price":0,"cargo":"cargo.forklifts","company_truck":"man_6x4_b","trailer_variant":"trailer.overweight.forklifts","trailer_definition":"trailer_def.forklifts.overweight.forklifts","units_count":100,"fill_ratio":1,"trailer_place":0}],"trameri.nurnberg":[{"target":"stokes.nurnberg","urgency":1,"shortest_distance_km":1,"ferry_time":0,"ferry_price":0,"cargo":"cargo.used_plast_c","company_truck":"renault_t_4x2h","trailer_variant":"trailer.scs_gosck40","trailer_definition":"trailer_def.scs.gooseneck.singl_3e_40.container","units_count":30,"fill_ratio":1,"trailer_place":0},{"target":"tradeaux.frankfurt","urgency":1,"shortest_distance_km":214,"ferry_time":0,"ferry_price":0,"cargo":"cargo.hipresstank","company_truck":"scania_r_6x4_650","trailer_variant":"trailer.scs_flat_b","trailer_definition":"trailer_def.scs.flatbed.single_3.flatbed_w","units_count":2,"fill_ratio":1,"trailer_place":0},{"target":"bcp.kassel","urgency":0,"shortest_distance_km":353,"ferry_time":0,"ferry_price":0,"cargo":"cargo.emptytank","company_truck":"renault_premium_6x4_a","trailer_variant":"trailer.scs_flat_b","trailer_definition":"trailer_def.scs.flatbed.single_3.flatbed_w","units_count":2,"fill_ratio":1,"trailer_place":0}],"tree_et.southampton":[{"target":"lkwlog.calais","urgency":2,"shortest_distance_km":256,"ferry_time":35,"ferry_price":300,"cargo":"cargo.empty_palet","company_truck":"scania_streamline_4x2_b","trailer_variant":"trailer.scs_curt","trailer_definition":"trailer_def.scs.box.single_3.curtain","units_count":33,"fill_ratio":1,"trailer_place":0},{"target":"euroacres.dijon","urgency":1,"shortest_distance_km":863,"ferry_time":35,"ferry_price":300,"cargo":"cargo.wshavings","company_truck":"mercedes_actros_2014_4x2_a","trailer_variant":"trailer.s_ki_solid.cover","trailer_definition":"trailer_def.wshavings.s_ki_solid.cover","units_count":100,"fill_ratio":1,"trailer_place":0},{"target":"euroacres.cambridge","urgency":1,"shortest_distance_km":277,"ferry_time":0,"ferry_price":0,"cargo":"cargo.forklifts","company_truck":"iveco_4x2_b","trailer_variant":"trailer.overweight.forklifts","trailer_definition":"trailer_def.forklifts.overweight.forklifts","units_count":100,"fill_ratio":1,"trailer_place":0}],"sanbuilders.lyon":[{"target":"tradeaux.geneve","urgency":1,"shortest_distance_km":163,"ferry_time":0,"ferry_price":0,"cargo":"cargo.diggers","company_truck":"daf_xf_euro6_4x2_a","trailer_variant":"trailer.overweight.digger","trailer_definition":"trailer_def.diggers.overweight.digger","units_count":98,"fill_ratio":1,"trailer_place":0}],"kaarfor.cambridge":[{"target":"tradeaux.geneve","urgency":1,"shortest_distance_km":1043,"ferry_time":35,"ferry_price":300,"cargo":"cargo.used_plast_c","company_truck":"man_6x4_b","trailer_variant":"trailer.scs_gosck40","trailer_definition":"trailer_def.scs.gooseneck.singl_3e_40.container","units_count":30,"fill_ratio":1,"trailer_place":0},{"target":"posped.birmingham","urgency":2,"shortest_distance_km":196,"ferry_time":0,"ferry_price":0,"cargo":"cargo.empty_palet","company_truck":"iveco_4x2_a","trailer_variant":"trailer.scs_curt_a","trailer_definition":"trailer_def.scs.box.single_3.curtain","units_count":33,"fill_ratio":1,"trailer_place":0}],"posped.london":[{"target":"lkwlog.manchester","urgency":2,"shortest_distance_km":371,"ferry_time":0,"ferry_price":0,"cargo":"cargo.carrots_c","company_truck":"renault_magnum_6x4_a","trailer_variant":"trailer.scs_flat_c_g","trailer_definition":"trailer_def.scs.flatbed.single_3.container","units_count":33,"fill_ratio":1,"trailer_place":0}],"wgcc.rotterdam":[{"target":"nbfc.duisburg","urgency":1,"shortest_distance_km":330,"ferry_time":0,"ferry_price":0,"cargo":"cargo.lpg","company_truck":"iveco_6x2_a","trailer_variant":"trailer.willig.fuel_cistern","trailer_definition":"trailer_def.lpg.willig.fuel_cistern","units_count":101,"fill_ratio":1,"trailer_place":0},{"target":"nbfc.duisburg","urgency":2,"shortest_distance_km":330,"ferry_time":0,"ferry_price":0,"cargo":"cargo.cyanide","company_truck":"renault_magnum_6x4_a","trailer_variant":"trailer.scs_gosck220","trailer_definition":"trailer_def.scs.gooseneck.singl_3e_220.container","units_count":80,"fill_ratio":1,"trailer_place":0}],"eurogoodies.wroclaw":[{"target":"posped.graz","urgency":1,"shortest_distance_km":567,"ferry_time":0,"ferry_price":0,"cargo":"cargo.sugar","company_truck":"man_tgx_euro6_4x2_xl","trailer_variant":"trailer.scs_curt","trailer_definition":"trailer_def.scs.box.single_3.curtain","units_count":33,"fill_ratio":1,"trailer_place":0},{"target":"kaarfor.bern","urgency":0,"shortest_distance_km":958,"ferry_time":0,"ferry_price":0,"cargo":"cargo.icecream","company_truck":"daf_xf_euro6_6x2_a","trailer_variant":"trailer.scs_ref","trailer_definition":"trailer_def.scs.box.single_3.reefer","units_count":33,"fill_ratio":1,"trailer_place":0}],"kaarfor.reims":[{"target":"lkwlog.duisburg","urgency":0,"shortest_distance_km":499,"ferry_time":0,"ferry_price":0,"cargo":"cargo.used_plast","company_truck":"scania_streamline_4x2_c","trailer_variant":"trailer.scs_dry","trailer_definition":"trailer_def.scs.box.single_3.dryvan","units_count":33,"fill_ratio":1,"trailer_place":0},{"target":"stokes.liege","urgency":2,"shortest_distance_km":271,"ferry_time":0,"ferry_price":0,"cargo":"cargo.empty_palet","company_truck":"mercedes_actros_2014_4x2_b","trailer_variant":"trailer.scs_dry_s","trailer_definition":"trailer_def.scs.box.single_3.dryvan","units_count":33,"fill_ratio":1,"trailer_place":0},{"target":"tradeaux.paris","urgency":1,"shortest_distance_km":151,"ferry_time":0,"ferry_price":0,"cargo":"cargo.used_packag","company_truck":"man_4x2_c","trailer_variant":"trailer.scs_curt_a","trailer_definition":"trailer_def.scs.box.single_3.curtain","units_count":33,"fill_ratio":1,"trailer_place":0}],"sellplan.venezia":[{"target":"lkwlog.venezia","urgency":0,"shortest_distance_km":1,"ferry_time":0,"ferry_price":0,"cargo":"cargo.used_plast","company_truck":"iveco_4x2_b","trailer_variant":"trailer.scs_dry_m","trailer_definition":"trailer_def.scs.box.single_3.dryvan_m","units_count":33,"fill_ratio":1,"trailer_place":0}],"transinet.hamburg":[{"target":"tradeaux.kassel","urgency":2,"shortest_distance_km":335,"ferry_time":0,"ferry_price":0,"cargo":"cargo.chewing_gums","company_truck":"renault_magnum_6x2_a","trailer_variant":"trailer.scs_dry_ms","trailer_definition":"trailer_def.scs.box.single_3.dryvan_m","units_count":30,"fill_ratio":1,"trailer_place":0}],"sellplan.groningen":[{"target":"posped.geneve","urgency":2,"shortest_distance_km":1003,"ferry_time":0,"ferry_price":0,"cargo":"cargo.empty_palet","company_truck":"scania_r_6x2_450","trailer_variant":"trailer.scs_dry","trailer_definition":"trailer_def.scs.box.single_3.dryvan","units_count":33,"fill_ratio":1,"trailer_place":0},{"target":"stokes.amsterdam","urgency":1,"shortest_distance_km":179,"ferry_time":0,"ferry_price":0,"cargo":"cargo.used_packag","company_truck":"scania_4x2_b","trailer_variant":"trailer.scs_dry","trailer_definition":"trailer_def.scs.box.single_3.dryvan","units_count":33,"fill_ratio":1,"trailer_place":0}],"bcp.bratislava":[{"target":"stokes.wien","urgency":1,"shortest_distance_km":67,"ferry_time":0,"ferry_price":0,"cargo":"cargo.used_packag","company_truck":"renault_magnum_6x2_a","trailer_variant":"trailer.scs_curt","trailer_definition":"trailer_def.scs.box.single_3.curtain","units_count":33,"fill_ratio":1,"trailer_place":0}]}