{"sellplan.wien":[{"target":"lkwlog.lodz","urgency":1,"shortest_distance_km":513,"ferry_time":0,"ferry_price":0,"cargo":"cargo.used_plast_c","company_truck":"man_tgx_euro6_6x4_xlx","trailer_variant":"trailer.scs_flat_c_r","trailer_definition":"trailer_def.scs.flatbed.single_3.container","units_count":33,"fill_ratio":1,"trailer_place":0}],"sellplan.dresden":[{"target":"tradeaux.budapest","urgency":1,"shortest_distance_km":674,"ferry_time":0,"ferry_price":0,"cargo":"cargo.used_packag","company_truck":"man_6x4_b","trailer_variant":"trailer.scs_dry_a","trailer_definition":"trailer_def.scs.box.single_3.dryvan","units_count":33,"fill_ratio":1,"trailer_place":0}],"kaarfor.lublin":[{"target":"stokes.warszawa","urgency":1,"shortest_distance_km":134,"ferry_time":0,"ferry_price":0,"cargo":"cargo.used_packag","company_truck":"man_4x2_a","trailer_variant":"trailer.scs_curt","trailer_definition":"trailer_def.scs.box.single_3.curtain","units_count":33,"fill_ratio":1,"trailer_place":0},{"target":"transinet.debrecen","urgency":1,"shortest_distance_km":488,"ferry_time":0,"ferry_price":0,"cargo":"cargo.used_plast_c","company_truck":"scania_4x2_b","trailer_variant":"trailer.scs_gosck40","trailer_definition":"trailer_def.scs.gooseneck.singl_3e_40.container","units_count":30,"fill_ratio":1,"trailer_place":0},{"target":"posped.katowice","urgency":2,"shortest_distance_km":310,"ferry_time":0,"ferry_price":0,"cargo":"cargo.empty_palet","company_truck":"mercedes_actros_2014_4x2_c","trailer_variant":"trailer.scs_dry_m","trailer_definition":"trailer_def.scs.box.single_3.dryvan_m","units_count":32,"fill_ratio":1,"trailer_place":0}],"wgcc.bratislava":[{"target":"nbfc.ostrava","urgency":2,"shortest_distance_km":255,"ferry_time":0,"ferry_price":0,"cargo":"cargo.chlorine","company_truck":"scania_s_4x2_580","trailer_variant":"trailer.scs_flat_c_r","trailer_definition":"trailer_def.scs.flatbed.single_3.container","units_count":87,"fill_ratio":1,"trailer_place":0}],"tree_et.bialystok":[{"target":"transinet.bialystok","urgency":2,"shortest_distance_km":18,"ferry_time":0,"ferry_price":0,"cargo":"cargo.empty_palet","company_truck":"iveco_4x2_a","trailer_variant":"trailer.scs_curt_s","trailer_definition":"trailer_def.scs.box.single_3.curtain","units_count":33,"fill_ratio":1,"trailer_place":0},{"target":"posped.lublin","urgency":1,"shortest_distance_km":229,"ferry_time":0,"ferry_price":0,"cargo":"cargo.diggers","company_truck":"man_6x4_b","trailer_variant":"trailer.overweight.digger","trailer_definition":"trailer_def.diggers.overweight.digger","units_count":98,"fill_ratio":1,"trailer_place":0}],"sanbuilders.nurnberg":[{"target":"transinet.ostrava","urgency":2,"shortest_distance_km":613,"ferry_time":0,"ferry_price":0,"cargo":"cargo.excavator","company_truck":"scania_streamline_4x2_a","trailer_variant":"trailer.overweight.excavator","trailer_definition":"trailer_def.excavator.overweight.excavator","units_count":94,"fill_ratio":1,"trailer_place":0}],"lkwlog.graz":[{"target":"kaarfor.ostrava","urgency":2,"shortest_distance_km":432,"ferry_time":0,"ferry_price":0,"cargo":"cargo.toys","company_truck":"man_6x4_b","trailer_variant":"trailer.scs_curt","trailer_definition":"trailer_def.scs.box.single_3.curtain","units_count":33,"fill_ratio":1,"trailer_place":0},{"target":"eurogoodies.lublin","urgency":0,"shortest_distance_km":882,"ferry_time":0,"ferry_price":0,"cargo":"cargo.peas","company_truck":"daf_xf_euro6_6x4_c","trailer_variant":"trailer.scs_dry","trailer_definition":"trailer_def.scs.box.single_3.dryvan","units_count":33,"fill_ratio":1,"trailer_place":0}],"tradeaux.kassel":[{"target":"stokes.bystrica","urgency":0,"shortest_distance_km":980,"ferry_time":0,"ferry_price":0,"cargo":"cargo.chem_sorb_c","company_truck":"daf_xf_euro6_6x2_a","trailer_variant":"trailer.scs_gosck220","trailer_definition":"trailer_def.scs.gooseneck.singl_3e_220.container","units_count":30,"fill_ratio":1,"trailer_place":0}],"tree_et.olsztyn":[{"target":"nbfc.budapest","urgency":1,"shortest_distance_km":813,"ferry_time":0,"ferry_price":0,"cargo":"cargo.forklifts","company_truck":"man_tgx_euro6_6x4_xlx","trailer_variant":"trailer.overweight.forklifts","trailer_definition":"trailer_def.forklifts.overweight.forklifts","units_count":100,"fill_ratio":1,"trailer_place":0},{"target":"euroacres.bialystok","urgency":1,"shortest_distance_km":265,"ferry_time":0,"ferry_price":0,"cargo":"cargo.wshavings","company_truck":"scania_s_6x2_450","trailer_variant":"trailer.s_ki_solid.cover","trailer_definition":"trailer_def.wshavings.s_ki_solid.cover","units_count":100,"fill_ratio":1,"trailer_place":0}],"tree_et.metz":[{"target":"stokes.bystrica","urgency":2,"shortest_distance_km":1243,"ferry_time":0,"ferry_price":0,"cargo":"cargo.logs","company_truck":"man_6x4_b","trailer_variant":"trailer.scs_log","trailer_definition":"trailer_def.scs.log.single_3.steel","units_count":2,"fill_ratio":1,"trailer_place":0}],"itcc.kosice":[{"target":"lkwlog.kosice","urgency":2,"shortest_distance_km":9,"ferry_time":0,"ferry_price":0,"cargo":"cargo.wallpanels","company_truck":"scania_6x2_b","trailer_variant":"trailer.panel_trans.wall","trailer_definition":"trailer_def.wallpanels.panel_trans.wall","units_count":85,"fill_ratio":1,"trailer_place":0}],"tree_et.katowice":[{"target":"quarry.katowice","urgency":1,"shortest_distance_km":39,"ferry_time":0,"ferry_price":0,"cargo":"cargo.sawpanels","company_truck":"daf_xf_euro6_6x4_c","trailer_variant":"trailer.scs_dry_m","trailer_definition":"trailer_def.scs.box.single_3.dryvan_m","units_count":33,"fill_ratio":1,"trailer_place":0},{"target":"lkwlog.gdansk","urgency":2,"shortest_distance_km":474,"ferry_time":0,"ferry_price":0,"cargo":"cargo.digger500","company_truck":"scania_s_6x2_450","trailer_variant":"trailer.overweight.digger500","trailer_definition":"trailer_def.digger500.overweight.digger500","units_count":100,"fill_ratio":1,"trailer_place":0}],"euroacres.wroclaw":[{"target":"tradeaux.krakow","urgency":2,"shortest_distance_km":232,"ferry_time":0,"ferry_price":0,"cargo":"cargo.goat_cheese","company_truck":"scania_6x4_a","trailer_variant":"trailer.scs_ref_a","trailer_definition":"trailer_def.scs.box.single_3.reefer","units_count":33,"fill_ratio":1,"trailer_place":0}],"tradeaux.olsztyn":[{"target":"lkwlog.lodz","urgency":0,"shortest_distance_km":282,"ferry_time":0,"ferry_price":0,"cargo":"cargo.copp_rf_gutt","company_truck":"daf_xf_euro6_4x2_a","trailer_variant":"trailer.scs_curt_s","trailer_definition":"trailer_def.scs.box.single_3.curtain","units_count":33,"fill_ratio":1,"trailer_place":0}],"lkwlog.kosice":[{"target":"posped.bystrica","urgency":1,"shortest_distance_km":248,"ferry_time":0,"ferry_price":0,"cargo":"cargo.paper","company_truck":"scania_s_6x2_450","trailer_variant":"trailer.scs_dry_ms","trailer_definition":"trailer_def.scs.box.single_3.dryvan_m","units_count":33,"fill_ratio":1,"trailer_place":0},{"target":"tradeaux.krakow","urgency":1,"shortest_distance_km":355,"ferry_time":0,"ferry_price":0,"cargo":"cargo.grass_rolls","company_truck":"scania_streamline_4x2_b","trailer_variant":"trailer.scs_dry_a","trailer_definition":"trailer_def.scs.box.single_3.dryvan","units_count":33,"fill_ratio":1,"trailer_place":0}],"eurogoodies.szczecin":[{"target":"transinet.debrecen","urgency":0,"shortest_distance_km":1099,"ferry_time":0,"ferry_price":0,"cargo":"cargo.watermelons","company_truck":"mercedes_6x4_a","trailer_variant":"trailer.scs_ref_a","trailer_definition":"trailer_def.scs.box.single_3.reefer","units_count":33,"fill_ratio":1,"trailer_place":0}],"stokes.bystrica":[{"target":"tradeaux.krakow","urgency":2,"shortest_distance_km":205,"ferry_time":0,"ferry_price":0,"cargo":"cargo.rice_c","company_truck":"renault_premium_4x2_c","trailer_variant":"trailer.scs_gosck20","trailer_definition":"trailer_def.scs.gooseneck.singl_3e_20.container","units_count":15,"fill_ratio":1,"trailer_place":0}],"kaarfor.ostrava":[{"target":"posped.katowice","urgency":2,"shortest_distance_km":98,"ferry_time":0,"ferry_price":0,"cargo":"cargo.empty_palet","company_truck":"renault_premium_4x2_a","trailer_variant":"trailer.scs_curt","trailer_definition":"trailer_def.scs.box.single_3.curtain","units_count":33,"fill_ratio":1,"trailer_place":0},{"target":"lkwlog.lublin","urgency":1,"shortest_distance_km":409,"ferry_time":0,"ferry_price":0,"cargo":"cargo.used_packag","company_truck":"man_tgx_euro6_4x2_xxl","trailer_variant":"trailer.scs_curt","trailer_definition":"trailer_def.scs.box.single_3.curtain","units_count":33,"fill_ratio":1,"trailer_place":0}],"eurogoodies.olsztyn":[{"target":"sellplan.lodz","urgency":0,"shortest_distance_km":283,"ferry_time":0,"ferry_price":0,"cargo":"cargo.beef_meat","company_truck":"renault_magnum_6x2_a","trailer_variant":"trailer.scs_ref_a","trailer_definition":"trailer_def.scs.box.single_3.reefer","units_count":33,"fill_ratio":1,"trailer_place":0}],"kaarfor.bern":[{"target":"stokes.bystrica","urgency":2,"shortest_distance_km":1033,"ferry_time":0,"ferry_price":0,"cargo":"cargo.empty_palet","company_truck":"mercedes_4x2_c","trailer_variant":"trailer.scs_dry_ms","trailer_definition":"trailer_def.scs.box.single_3.dryvan_m","units_count":32,"fill_ratio":1,"trailer_place":0}],"tree_et.hannover":[{"target":"transinet.ostrava","urgency":2,"shortest_distance_km":805,"ferry_time":0,"ferry_price":0,"cargo":"cargo.digger500","company_truck":"daf_xf_euro6_6x4_c","trailer_variant":"trailer.overweight.digger500","trailer_definition":"trailer_def.digger500.overweight.digger500","units_count":100,"fill_ratio":1,"trailer_place":0},{"target":"posped.katowice","urgency":1,"shortest_distance_km":747,"ferry_time":0,"ferry_price":0,"cargo":"cargo.diggers","company_truck":"scania_s_4x2_370","trailer_variant":"trailer.overweight.digger","trailer_definition":"trailer_def.diggers.overweight.digger","units_count":98,"fill_ratio":1,"trailer_place":0}],"tree_et.frankfurt":[{"target":"transinet.debrecen","urgency":1,"shortest_distance_km":1171,"ferry_time":0,"ferry_price":0,"cargo":"cargo.wshavings","company_truck":"scania_4x2_c","trailer_variant":"trailer.s_ki_solid.cover","trailer_definition":"trailer_def.wshavings.s_ki_solid.cover","units_count":100,"fill_ratio":1,"trailer_place":0}],"nbfc.budapest":[{"target":"itcc.kosice","urgency":0,"shortest_distance_km":233,"ferry_time":0,"ferry_price":0,"cargo":"cargo.acetylene","company_truck":"scania_streamline_6x2_b","trailer_variant":"trailer.scs_flat_c_r","trailer_definition":"trailer_def.scs.flatbed.single_3.container","units_count":87,"fill_ratio":1,"trailer_place":0}],"posped.warszawa":[{"target":"kaarfor.ostrava","urgency":0,"shortest_distance_km":343,"ferry_time":0,"ferry_price":0,"cargo":"cargo.beverages","company_truck":"scania_4x2_b","trailer_variant":"trailer.scs_dry_m","trailer_definition":"trailer_def.scs.box.single_3.dryvan_m","units_count":30,"fill_ratio":1,"trailer_place":0}],"sellplan.lodz":[{"target":"transinet.bialystok","urgency":1,"shortest_distance_km":253,"ferry_time":0,"ferry_price":0,"cargo":"cargo.used_packag","company_truck":"mercedes_6x2_b","trailer_variant":"trailer.scs_dry_m","trailer_definition":"trailer_def.scs.box.single_3.dryvan_m","units_count":33,"fill_ratio":1,"trailer_place":0},{"target":"posped.lodz","urgency":1,"shortest_distance_km":3,"ferry_time":0,"ferry_price":0,"cargo":"cargo.used_plast_c","company_truck":"man_tgx_euro6_6x4_xlx","trailer_variant":"trailer.scs_flat_c_r","trailer_definition":"trailer_def.scs.flatbed.single_3.container","units_count":33,"fill_ratio":1,"trailer_place":0}],"trameri.mannheim":[{"target":"transinet.ostrava","urgency":1,"shortest_distance_km":864,"ferry_time":0,"ferry_price":0,"cargo":"cargo.used_packag","company_truck":"daf_xf_euro6_4x2_c","trailer_variant":"trailer.scs_dry_ms","trailer_definition":"trailer_def.scs.box.single_3.dryvan_m","units_count":33,"fill_ratio":1,"trailer_place":0}],"kaarfor.munchen":[{"target":"tradeaux.pecs","urgency":0,"shortest_distance_km":745,"ferry_time":0,"ferry_price":0,"cargo":"cargo.used_plast","company_truck":"daf_xf_euro6_4x2_c","trailer_variant":"trailer.scs_curt","trailer_definition":"trailer_def.scs.box.single_3.curtain","units_count":33,"fill_ratio":1,"trailer_place":0}],"transinet.mannheim":[{"target":"eurogoodies.lodz","urgency":0,"shortest_distance_km":969,"ferry_time":0,"ferry_price":0,"cargo":"cargo.apples","company_truck":"renault_magnum_6x2_a","trailer_variant":"trailer.scs_dry_a","trailer_definition":"trailer_def.scs.box.single_3.dryvan","units_count":33,"fill_ratio":1,"trailer_place":0}],"sanbuilders.hamburg":[{"target":"posped.lodz","urgency":1,"shortest_distance_km":667,"ferry_time":0,"ferry_price":0,"cargo":"cargo.diggers","company_truck":"scania_6x2_b","trailer_variant":"trailer.overweight.digger","trailer_definition":"trailer_def.diggers.overweight.digger","units_count":98,"fill_ratio":1,"trailer_place":0}],"tree_et.bratislava":[{"target":"sanbuilders.warszawa","urgency":2,"shortest_distance_km":532,"ferry_time":0,"ferry_price":0,"cargo":"cargo.excavator","company_truck":"iveco_h_4x2_a","trailer_variant":"trailer.overweight.excavator","trailer_definition":"trailer_def.excavator.overweight.excavator","units_count":94,"fill_ratio":1,"trailer_place":0},{"target":"posped.katowice","urgency":2,"shortest_distance_km":284,"ferry_time":0,"ferry_price":0,"cargo":"cargo.logs","company_truck":"scania_s_6x4_730","trailer_variant":"trailer.scs_log","trailer_definition":"trailer_def.scs.log.single_3.steel","units_count":2,"fill_ratio":1,"trailer_place":0}],"stokes.katowice":[{"target":"transinet.bialystok","urgency":2,"shortest_distance_km":411,"ferry_time":0,"ferry_price":0,"cargo":"cargo.vinegar_c","company_truck":"daf_6x2_a","trailer_variant":"trailer.scs_flat_c_g","trailer_definition":"trailer_def.scs.flatbed.single_3.container","units_count":33,"fill_ratio":1,"trailer_place":0},{"target":"posped.katowice","urgency":0,"shortest_distance_km":1,"ferry_time":0,"ferry_price":0,"cargo":"cargo.med_equip","company_truck":"mercedes_actros_2014_4x2_c","trailer_variant":"trailer.scs_ins_s","trailer_definition":"trailer_def.scs.box.single_3.insulated","units_count":33,"fill_ratio":1,"trailer_place":0},{"target":"tradeaux.krakow","urgency":1,"shortest_distance_km":80,"ferry_time":0,"ferry_price":0,"cargo":"cargo.paper","company_truck":"renault_magnum_6x2_a","trailer_variant":"trailer.scs_curt","trailer_definition":"trailer_def.scs.box.single_3.curtain","units_count":33,"fill_ratio":1,"trailer_place":0}],"transinet.bialystok":[{"target":"posped.warszawa","urgency":0,"shortest_distance_km":163,"ferry_time":0,"ferry_price":0,"cargo":"cargo.chem_sorb_c","company_truck":"scania_4x2_c","trailer_variant":"trailer.scs_gosck40","trailer_definition":"trailer_def.scs.gooseneck.singl_3e_40.container","units_count":30,"fill_ratio":1,"trailer_place":0}],"lkwlog.lublin":[{"target":"stokes.katowice","urgency":2,"shortest_distance_km":310,"ferry_time":0,"ferry_price":0,"cargo":"cargo.digger500","company_truck":"scania_streamline_6x2_b","trailer_variant":"trailer.overweight.digger500","trailer_definition":"trailer_def.digger500.overweight.digger500","units_count":100,"fill_ratio":1,"trailer_place":0}],"trameri.krakow":[{"target":"tree_et.katowice","urgency":1,"shortest_distance_km":71,"ferry_time":0,"ferry_price":0,"cargo":"cargo.fueltanker","company_truck":"mercedes_4x2_c","trailer_variant":"trailer.scs_gosck220","trailer_definition":"trailer_def.scs.gooseneck.singl_3e_220.container","units_count":80,"fill_ratio":1,"trailer_place":0}],"eurogoodies.lublin":[{"target":"transinet.debrecen","urgency":0,"shortest_distance_km":487,"ferry_time":0,"ferry_price":0,"cargo":"cargo.potatoes","company_truck":"man_6x4_b","trailer_variant":"trailer.scs_dry_m","trailer_definition":"trailer_def.scs.box.single_3.dryvan_m","units_count":32,"fill_ratio":1,"trailer_place":0}],"sellplan.kosice":[{"target":"stokes.bystrica","urgency":2,"shortest_distance_km":248,"ferry_time":0,"ferry_price":0,"cargo":"cargo.empty_palet","company_truck":"scania_4x2_c","trailer_variant":"trailer.scs_curt","trailer_definition":"trailer_def.scs.box.single_3.curtain","units_count":33,"fill_ratio":1,"trailer_place":0},{"target":"posped.szeged","urgency":1,"shortest_distance_km":364,"ferry_time":0,"ferry_price":0,"cargo":"cargo.used_packag","company_truck":"mercedes_actros_2014_6x2_a","trailer_variant":"trailer.scs_curt","trailer_definition":"trailer_def.scs.box.single_3.curtain","units_count":33,"fill_ratio":1,"trailer_place":0},{"target":"stokes.bystrica","urgency":0,"shortest_distance_km":248,"ferry_time":0,"ferry_price":0,"cargo":"cargo.used_plast","company_truck":"scania_r_6x4_650","trailer_variant":"trailer.scs_dry_a","trailer_definition":"trailer_def.scs.box.single_3.dryvan","units_count":33,"fill_ratio":1,"trailer_place":0}],"euroacres.bremen":[{"target":"transinet.debrecen","urgency":2,"shortest_distance_km":1423,"ferry_time":0,"ferry_price":0,"cargo":"cargo.carrots_c","company_truck":"mercedes_4x2_c","trailer_variant":"trailer.scs_gosck40","trailer_definition":"trailer_def.scs.gooseneck.singl_3e_40.container","units_count":30,"fill_ratio":1,"trailer_place":0}],"tradeaux.budapest":[{"target":"lkwlog.szeged","urgency":2,"shortest_distance_km":138,"ferry_time":0,"ferry_price":0,"cargo":"cargo.beans","company_truck":"man_6x4_b","trailer_variant":"trailer.scs_dry_s","trailer_definition":"trailer_def.scs.box.single_3.dryvan","units_count":33,"fill_ratio":1,"trailer_place":0}],"quarry.katowice":[{"target":"lkwlog.lodz","urgency":2,"shortest_distance_km":189,"ferry_time":0,"ferry_price":0,"cargo":"cargo.digger500","company_truck":"man_tgx_euro6_6x4_xlx","trailer_variant":"trailer.overweight.digger500","trailer_definition":"trailer_def.digger500.overweight.digger500","units_count":100,"fill_ratio":1,"trailer_place":0},{"target":"sanbuilders.krakow","urgency":0,"shortest_distance_km":118,"ferry_time":0,"ferry_price":0,"cargo":"cargo.gravel","company_truck":"renault_premium_6x4_a","trailer_variant":"trailer.s_ki_solid.gravel","trailer_definition":"trailer_def.gravel.s_ki_solid.gravel","units_count":100,"fill_ratio":1,"trailer_place":0}],"stokes.warszawa":[{"target":"posped.katowice","urgency":0,"shortest_distance_km":248,"ferry_time":0,"ferry_price":0,"cargo":"cargo.ore","company_truck":"scania_r_6x4_650","trailer_variant":"trailer.s_ki_solid.ore","trailer_definition":"trailer_def.ore.s_ki_solid.ore","units_count":100,"fill_ratio":1,"trailer_place":0}],"posped.bystrica":[{"target":"lkwlog.szeged","urgency":0,"shortest_distance_km":318,"ferry_time":0,"ferry_price":0,"cargo":"cargo.digger1000","company_truck":"scania_4x2_c","trailer_variant":"trailer.overweight.digger1000","trailer_definition":"trailer_def.digger1000.overweight.digger1000","units_count":100,"fill_ratio":1,"trailer_place":0},{"target":"kaarfor.budapest","urgency":0,"shortest_distance_km":178,"ferry_time":0,"ferry_price":0,"cargo":"cargo.carrots","company_truck":"scania_r_6x2_450","trailer_variant":"trailer.scs_curt_a","trailer_definition":"trailer_def.scs.box.single_3.curtain","units_count":33,"fill_ratio":1,"trailer_place":0}],"stokes.wien":[{"target":"tradeaux.budapest","urgency":0,"shortest_distance_km":304,"ferry_time":0,"ferry_price":0,"cargo":"cargo.apples_c","company_truck":"scania_4x2_b","trailer_variant":"trailer.scs_gosck220","trailer_definition":"trailer_def.scs.gooseneck.singl_3e_220.container","units_count":30,"fill_ratio":1,"trailer_place":0},{"target":"transinet.ostrava","urgency":0,"shortest_distance_km":284,"ferry_time":0,"ferry_price":0,"cargo":"cargo.carrots","company_truck":"daf_xf_euro6_4x2_a","trailer_variant":"trailer.scs_curt","trailer_definition":"trailer_def.scs.box.single_3.curtain","units_count":33,"fill_ratio":1,"trailer_place":0}],"sellplan.olsztyn":[{"target":"lkwlog.lublin","urgency":2,"shortest_distance_km":318,"ferry_time":0,"ferry_price":0,"cargo":"cargo.empty_palet","company_truck":"iveco_4x2_c","trailer_variant":"trailer.scs_dry_a","trailer_definition":"trailer_def.scs.box.single_3.dryvan","units_count":33,"fill_ratio":1,"trailer_place":0},{"target":"lkwlog.lublin","urgency":1,"shortest_distance_km":318,"ferry_time":0,"ferry_price":0,"cargo":"cargo.used_plast_c","company_truck":"mercedes_actros_2014_4x2_b","trailer_variant":"trailer.scs_flat_c_g","trailer_definition":"trailer_def.scs.flatbed.single_3.container","units_count":33,"fill_ratio":1,"trailer_place":0}],"sanbuilders.warszawa":[{"target":"stokes.bystrica","urgency":1,"shortest_distance_km":463,"ferry_time":0,"ferry_price":0,"cargo":"cargo.diggers","company_truck":"renault_t_4x2h","trailer_variant":"trailer.overweight.digger","trailer_definition":"trailer_def.diggers.overweight.digger","units_count":98,"fill_ratio":1,"trailer_place":0}],"euroacres.debrecen":[{"target":"tradeaux.krakow","urgency":2,"shortest_distance_km":525,"ferry_time":0,"ferry_price":0,"cargo":"cargo.grapes","company_truck":"mercedes_actros_2014_6x4_b","trailer_variant":"trailer.scs_ref_s","trailer_definition":"trailer_def.scs.box.single_3.reefer","units_count":33,"fill_ratio":1,"trailer_place":0},{"target":"kaarfor.lublin","urgency":0,"shortest_distance_km":481,"ferry_time":0,"ferry_price":0,"cargo":"cargo.apples_c","company_truck":"iveco_4x2_c","trailer_variant":"trailer.scs_gosck220","trailer_definition":"trailer_def.scs.gooseneck.singl_3e_220.container","units_count":30,"fill_ratio":1,"trailer_place":0}],"eurogoodies.debrecen":[{"target":"sellplan.kosice","urgency":2,"shortest_distance_km":169,"ferry_time":0,"ferry_price":0,"cargo":"cargo.honey","company_truck":"mercedes_6x4_a","trailer_variant":"trailer.scs_dry","trailer_definition":"trailer_def.scs.box.single_3.dryvan","units_count":33,"fill_ratio":1,"trailer_place":0}],"posped.szeged":[{"target":"lkwlog.szeged","urgency":1,"shortest_distance_km":1,"ferry_time":0,"ferry_price":0,"cargo":"cargo.scrap_metals","company_truck":"daf_xf_euro6_6x4_c","trailer_variant":"trailer.s_ki_solid.cover","trailer_definition":"trailer_def.scrap_metals.s_ki_solid.cover","units_count":100,"fill_ratio":1,"trailer_place":0}],"trameri.szeged":[{"target":"lkwlog.gdansk","urgency":0,"shortest_distance_km":1048,"ferry_time":0,"ferry_price":0,"cargo":"cargo.rooflights","company_truck":"scania_4x2_c","trailer_variant":"trailer.scs_dry_a","trailer_definition":"trailer_def.scs.box.single_3.dryvan","units_count":33,"fill_ratio":1,"trailer_place":0},{"target":"transinet.debrecen","urgency":1,"shortest_distance_km":192,"ferry_time":0,"ferry_price":0,"cargo":"cargo.hipresstank","company_truck":"man_6x4_b","trailer_variant":"trailer.scs_flat_c_r","trailer_definition":"trailer_def.scs.flatbed.single_3.container","units_count":2,"fill_ratio":1,"trailer_place":0}]}