{"eurogoodies.mannheim":[{"target":"globeur.montpellier","urgency":0,"shortest_distance_km":886,"ferry_time":0,"ferry_price":0,"cargo":"cargo.vinegar","company_truck":"mercedes_actros_2014_4x2_a","trailer_variant":"trailer.scs_dry_a","trailer_definition":"trailer_def.scs.box.single_3.dryvan","units_count":33,"fill_ratio":1,"trailer_place":0}],"fle.paris":[{"target":"globeur.bordeaux","urgency":0,"shortest_distance_km":757,"ferry_time":0,"ferry_price":0,"cargo":"cargo.med_vaccine","company_truck":"renault_premium_4x2_c","trailer_variant":"trailer.scs_ins","trailer_definition":"trailer_def.scs.box.single_3.insulated","units_count":33,"fill_ratio":1,"trailer_place":0},{"target":"wilnet_trans.toulouse","urgency":0,"shortest_distance_km":810,"ferry_time":0,"ferry_price":0,"cargo":"cargo.post_packag","company_truck":"scania_s_6x2_450","trailer_variant":"trailer.scs_curt_a","trailer_definition":"trailer_def.scs.box.single_3.curtain","units_count":33,"fill_ratio":1,"trailer_place":0},{"target":"lisette_log.roscoff","urgency":1,"shortest_distance_km":608,"ferry_time":0,"ferry_price":0,"cargo":"cargo.comp_process","company_truck":"scania_streamline_6x4_a","trailer_variant":"trailer.scs_dry_s","trailer_definition":"trailer_def.scs.box.single_3.dryvan","units_count":33,"fill_ratio":1,"trailer_place":0}],"posped.birmingham":[{"target":"lisette_log.roscoff","urgency":1,"shortest_distance_km":352,"ferry_time":420,"ferry_price":910,"cargo":"cargo.electronics","company_truck":"man_6x4_b","trailer_variant":"trailer.scs_curt_a","trailer_definition":"trailer_def.scs.box.single_3.curtain","units_count":33,"fill_ratio":1,"trailer_place":0}],"wgcc.frankfurt":[{"target":"chimi.larochelle","urgency":2,"shortest_distance_km":1172,"ferry_time":0,"ferry_price":0,"cargo":"cargo.hchemicals","company_truck":"iveco_h_4x2_a","trailer_variant":"trailer.chcistern","trailer_definition":"trailer_def.hchemicals.chcistern","units_count":100,"fill_ratio":1,"trailer_place":0}],"eurogoodies.plymouth":[{"target":"lisette_log.bordeaux","urgency":0,"shortest_distance_km":745,"ferry_time":420,"ferry_price":910,"cargo":"cargo.maple_syrup","company_truck":"iveco_4x2_b","trailer_variant":"trailer.scs_dry","trailer_definition":"trailer_def.scs.box.single_3.dryvan","units_count":33,"fill_ratio":1,"trailer_place":0}],"batisse_base.clermont":[{"target":"dans_jardin.porto_vecchi","urgency":2,"shortest_distance_km":430,"ferry_time":840,"ferry_price":1193,"cargo":"cargo.excav_soil","company_truck":"man_tgx_euro6_4x2_xxl","trailer_variant":"trailer.s_ki_solid.cover","trailer_definition":"trailer_def.excav_soil.s_ki_solid.cover","units_count":100,"fill_ratio":1,"trailer_place":0}],"gnt.bastia":[{"target":"eolo_lines.marseille","urgency":0,"shortest_distance_km":147,"ferry_time":840,"ferry_price":1193,"cargo":"cargo.olives","company_truck":"scania_s_4x2_370","trailer_variant":"trailer.scs_dry_s","trailer_definition":"trailer_def.scs.box.single_3.dryvan","units_count":33,"fill_ratio":1,"trailer_place":0}],"lkwlog.felixstowe":[{"target":"globeur.lehavre","urgency":1,"shortest_distance_km":500,"ferry_time":35,"ferry_price":300,"cargo":"cargo.wshavings","company_truck":"man_4x2_c","trailer_variant":"trailer.s_ki_solid.cover","trailer_definition":"trailer_def.wshavings.s_ki_solid.cover","units_count":100,"fill_ratio":1,"trailer_place":0}],"batisse_wind.larochelle":[{"target":"dans_jardin.nantes","urgency":1,"shortest_distance_km":178,"ferry_time":0,"ferry_price":0,"cargo":"cargo.forklifts","company_truck":"iveco_4x2_b","trailer_variant":"trailer.overweight.forklifts","trailer_definition":"trailer_def.forklifts.overweight.forklifts","units_count":100,"fill_ratio":1,"trailer_place":0},{"target":"lisette_log.roscoff","urgency":2,"shortest_distance_km":417,"ferry_time":0,"ferry_price":0,"cargo":"cargo.empty_palet","company_truck":"renault_t_4x2","trailer_variant":"trailer.scs_curt_a","trailer_definition":"trailer_def.scs.box.single_3.curtain","units_count":33,"fill_ratio":1,"trailer_place":0}],"posped.geneve":[{"target":"wilnet_trans.marseille","urgency":1,"shortest_distance_km":418,"ferry_time":0,"ferry_price":0,"cargo":"cargo.almond","company_truck":"mercedes_4x2_b","trailer_variant":"trailer.scs_curt_a","trailer_definition":"trailer_def.scs.box.single_3.curtain","units_count":33,"fill_ratio":1,"trailer_place":0}],"nos_pat_cf.clermont":[{"target":"wilnet_trans.limoges","urgency":2,"shortest_distance_km":294,"ferry_time":0,"ferry_price":0,"cargo":"cargo.drymilk","company_truck":"renault_premium_6x4_a","trailer_variant":"trailer.scs_dry","trailer_definition":"trailer_def.scs.box.single_3.dryvan","units_count":33,"fill_ratio":1,"trailer_place":0}],"mvm_carriere.bordeaux":[{"target":"dans_jardin.lemans","urgency":2,"shortest_distance_km":523,"ferry_time":0,"ferry_price":0,"cargo":"cargo.excav_soil","company_truck":"daf_4x2_b","trailer_variant":"trailer.s_ki_solid.cover","trailer_definition":"trailer_def.excav_soil.s_ki_solid.cover","units_count":100,"fill_ratio":1,"trailer_place":0},{"target":"batisse_road.bordeaux","urgency":0,"shortest_distance_km":80,"ferry_time":0,"ferry_price":0,"cargo":"cargo.gravel","company_truck":"scania_s_6x4_730","trailer_variant":"trailer.s_ki_solid.gravel","trailer_definition":"trailer_def.gravel.s_ki_solid.gravel","units_count":100,"fill_ratio":1,"trailer_place":0}],"wgcc.munchen":[{"target":"transinet.hamburg","urgency":2,"shortest_distance_km":767,"ferry_time":0,"ferry_price":0,"cargo":"cargo.boric_acid","company_truck":"scania_6x2_b","trailer_variant":"trailer.scs_dry_a","trailer_definition":"trailer_def.scs.box.single_3.dryvan","units_count":33,"fill_ratio":1,"trailer_place":0}],"transinet.brussel":[{"target":"posped.metz","urgency":0,"shortest_distance_km":298,"ferry_time":0,"ferry_price":0,"cargo":"cargo.post_packag","company_truck":"renault_magnum_4x2_a","trailer_variant":"trailer.scs_curt_s","trailer_definition":"trailer_def.scs.box.single_3.curtain","units_count":33,"fill_ratio":1,"trailer_place":0}],"tree_et.leipzig":[{"target":"lisette_log.roscoff","urgency":2,"shortest_distance_km":1504,"ferry_time":0,"ferry_price":0,"cargo":"cargo.empty_palet","company_truck":"daf_xf_euro6_4x2_c","trailer_variant":"trailer.scs_dry","trailer_definition":"trailer_def.scs.box.single_3.dryvan","units_count":33,"fill_ratio":1,"trailer_place":0}],"wgcc.manchester":[{"target":"nbfc.liverpool","urgency":0,"shortest_distance_km":64,"ferry_time":0,"ferry_price":0,"cargo":"cargo.fuel_oil","company_truck":"scania_6x2_b","trailer_variant":"trailer.fuel_cistern","trailer_definition":"trailer_def.fuel_oil.fuel_cistern","units_count":100,"fill_ratio":1,"trailer_place":0}],"mvm_carriere.lemans":[{"target":"dans_jardin.lemans","urgency":2,"shortest_distance_km":223,"ferry_time":0,"ferry_price":0,"cargo":"cargo.excav_soil","company_truck":"mercedes_6x2_b","trailer_variant":"trailer.s_ki_solid.cover","trailer_definition":"trailer_def.excav_soil.s_ki_solid.cover","units_count":100,"fill_ratio":1,"trailer_place":0},{"target":"batisse_base.rennes","urgency":0,"shortest_distance_km":206,"ferry_time":0,"ferry_price":0,"cargo":"cargo.gravel","company_truck":"scania_streamline_4x2_b","trailer_variant":"trailer.s_ki_solid.gravel","trailer_definition":"trailer_def.gravel.s_ki_solid.gravel","units_count":100,"fill_ratio":1,"trailer_place":0}],"kaarfor.ajaccio":[{"target":"gnt.bastia","urgency":1,"shortest_distance_km":131,"ferry_time":0,"ferry_price":0,"cargo":"cargo.used_plast_c","company_truck":"scania_streamline_4x2_a","trailer_variant":"trailer.scs_flat_c_g","trailer_definition":"trailer_def.scs.flatbed.single_3.container","units_count":33,"fill_ratio":1,"trailer_place":0},{"target":"lisette_log.lemans","urgency":0,"shortest_distance_km":1029,"ferry_time":840,"ferry_price":1193,"cargo":"cargo.used_plast","company_truck":"renault_premium_4x2_c","trailer_variant":"trailer.scs_dry","trailer_definition":"trailer_def.scs.box.single_3.dryvan","units_count":33,"fill_ratio":1,"trailer_place":0}],"globeur.lehavre":[{"target":"nos_pat_lhv.lehavre","urgency":2,"shortest_distance_km":188,"ferry_time":0,"ferry_price":0,"cargo":"cargo.straw_bales","company_truck":"man_6x4_b","trailer_variant":"trailer.scs_curt_s","trailer_definition":"trailer_def.scs.box.single_3.curtain","units_count":33,"fill_ratio":1,"trailer_place":0}],"kaarfor.nice":[{"target":"tradeaux.nice","urgency":0,"shortest_distance_km":6,"ferry_time":0,"ferry_price":0,"cargo":"cargo.used_plast","company_truck":"renault_magnum_6x4_a","trailer_variant":"trailer.scs_curt","trailer_definition":"trailer_def.scs.box.single_3.curtain","units_count":33,"fill_ratio":1,"trailer_place":0}],"fle.toulouse":[{"target":"globeur.rennes","urgency":0,"shortest_distance_km":713,"ferry_time":0,"ferry_price":0,"cargo":"cargo.post_packag","company_truck":"man_6x4_b","trailer_variant":"trailer.scs_dry_m","trailer_definition":"trailer_def.scs.box.single_3.dryvan_m","units_count":33,"fill_ratio":1,"trailer_place":0},{"target":"tradeaux.toulouse","urgency":1,"shortest_distance_km":12,"ferry_time":0,"ferry_price":0,"cargo":"cargo.comp_process","company_truck":"mercedes_4x2","trailer_variant":"trailer.scs_curt_a","trailer_definition":"trailer_def.scs.box.single_3.curtain","units_count":33,"fill_ratio":1,"trailer_place":0}],"wilnet_trans.toulouse":[{"target":"globeur.montpellier","urgency":2,"shortest_distance_km":272,"ferry_time":0,"ferry_price":0,"cargo":"cargo.nylon_cord","company_truck":"scania_streamline_6x4_a","trailer_variant":"trailer.scs_dry_ms","trailer_definition":"trailer_def.scs.box.single_3.dryvan_m","units_count":33,"fill_ratio":1,"trailer_place":0}],"gomme_monde.bourges":[{"target":"tradeaux.clermont","urgency":0,"shortest_distance_km":178,"ferry_time":0,"ferry_price":0,"cargo":"cargo.tyres","company_truck":"iveco_4x2_b","trailer_variant":"trailer.scs_dry_a","trailer_definition":"trailer_def.scs.box.single_3.dryvan","units_count":33,"fill_ratio":1,"trailer_place":0},{"target":"tradeaux.clermont","urgency":1,"shortest_distance_km":178,"ferry_time":0,"ferry_price":0,"cargo":"cargo.used_packag","company_truck":"scania_streamline_4x2_a","trailer_variant":"trailer.scs_dry_a","trailer_definition":"trailer_def.scs.box.single_3.dryvan","units_count":33,"fill_ratio":1,"trailer_place":0},{"target":"globeur.lehavre","urgency":2,"shortest_distance_km":481,"ferry_time":0,"ferry_price":0,"cargo":"cargo.empty_palet","company_truck":"renault_magnum_6x4_a","trailer_variant":"trailer.scs_dry_m","trailer_definition":"trailer_def.scs.box.single_3.dryvan_m","units_count":33,"fill_ratio":1,"trailer_place":0}],"lisette_log.roscoff":[{"target":"globeur.bourges","urgency":1,"shortest_distance_km":701,"ferry_time":0,"ferry_price":0,"cargo":"cargo.emp_wine_bar","company_truck":"man_6x4_b","trailer_variant":"trailer.scs_dry_m","trailer_definition":"trailer_def.scs.box.single_3.dryvan_m","units_count":33,"fill_ratio":1,"trailer_place":0}],"gallia_ferry.roscoff":[{"target":"tradeaux.brest","urgency":0,"shortest_distance_km":81,"ferry_time":0,"ferry_price":0,"cargo":"cargo.gummy_bears","company_truck":"scania_streamline_6x2_b","trailer_variant":"trailer.scs_dry","trailer_definition":"trailer_def.scs.box.single_3.dryvan","units_count":33,"fill_ratio":1,"trailer_place":0}],"stokes.dijon":[{"target":"wilnet_trans.lemans","urgency":1,"shortest_distance_km":543,"ferry_time":0,"ferry_price":0,"cargo":"cargo.used_packag","company_truck":"scania_4x2_a","trailer_variant":"trailer.scs_curt","trailer_definition":"trailer_def.scs.box.single_3.curtain","units_count":33,"fill_ratio":1,"trailer_place":0}],"wilnet_trans.nantes":[{"target":"gallia_ferry.roscoff","urgency":1,"shortest_distance_km":276,"ferry_time":0,"ferry_price":0,"cargo":"cargo.steel_cord","company_truck":"mercedes_actros_2014_6x4_b","trailer_variant":"trailer.scs_dry_s","trailer_definition":"trailer_def.scs.box.single_3.dryvan","units_count":33,"fill_ratio":1,"trailer_place":0},{"target":"tradeaux.clermont","urgency":0,"shortest_distance_km":683,"ferry_time":0,"ferry_price":0,"cargo":"cargo.chem_sorb_c","company_truck":"man_6x4_b","trailer_variant":"trailer.scs_gosck20","trailer_definition":"trailer_def.scs.gooseneck.singl_3e_20.container","units_count":15,"fill_ratio":1,"trailer_place":0},{"target":"lisette_log.lemans","urgency":1,"shortest_distance_km":249,"ferry_time":0,"ferry_price":0,"cargo":"cargo.sugar","company_truck":"mercedes_4x2","trailer_variant":"trailer.scs_curt_s","trailer_definition":"trailer_def.scs.box.single_3.curtain","units_count":33,"fill_ratio":1,"trailer_place":0},{"target":"eco.nantes","urgency":1,"shortest_distance_km":104,"ferry_time":0,"ferry_price":0,"cargo":"cargo.lpg","company_truck":"renault_magnum_6x4_a","trailer_variant":"trailer.willig.fuel_cistern","trailer_definition":"trailer_def.lpg.willig.fuel_cistern","units_count":101,"fill_ratio":1,"trailer_place":0}],"posped.bremen":[{"target":"eurogoodies.osnabruck","urgency":0,"shortest_distance_km":135,"ferry_time":0,"ferry_price":0,"cargo":"cargo.basil","company_truck":"double/mercedes_actros_2014_4x2_a","trailer_variant":"trailer.scs_dry_2","trailer_definition":"trailer_def.scs.box.double_3_2.dryvan","units_count":22,"fill_ratio":1,"trailer_place":0}],"tradeaux.brest":[{"target":"batisse_base.rennes","urgency":0,"shortest_distance_km":204,"ferry_time":0,"ferry_price":0,"cargo":"cargo.gravel","company_truck":"scania_6x2_b","trailer_variant":"trailer.s_ki_solid.gravel","trailer_definition":"trailer_def.gravel.s_ki_solid.gravel","units_count":100,"fill_ratio":1,"trailer_place":0},{"target":"gallia_ferry.roscoff","urgency":1,"shortest_distance_km":82,"ferry_time":0,"ferry_price":0,"cargo":"cargo.steel_cord","company_truck":"renault_premium_6x4_a","trailer_variant":"trailer.scs_curt","trailer_definition":"trailer_def.scs.box.single_3.curtain","units_count":33,"fill_ratio":1,"trailer_place":0}],"transinet.cambridge":[{"target":"tradeaux.grimsby","urgency":2,"shortest_distance_km":231,"ferry_time":0,"ferry_price":0,"cargo":"cargo.coconut_oil","company_truck":"iveco_6x2_a","trailer_variant":"trailer.scs_dry_s","trailer_definition":"trailer_def.scs.box.single_3.dryvan","units_count":31,"fill_ratio":1,"trailer_place":0}],"wilnet_trans.limoges":[{"target":"tradeaux.clermont","urgency":0,"shortest_distance_km":226,"ferry_time":0,"ferry_price":0,"cargo":"cargo.graph_grease","company_truck":"iveco_4x2_c","trailer_variant":"trailer.scs_curt_a","trailer_definition":"trailer_def.scs.box.single_3.curtain","units_count":33,"fill_ratio":1,"trailer_place":0}],"huilant.ajaccio":[{"target":"wilnet_trans.porto_vecchi","urgency":0,"shortest_distance_km":155,"ferry_time":0,"ferry_price":0,"cargo":"cargo.fuel_oil","company_truck":"man_6x4_b","trailer_variant":"trailer.willig.fuel_cistern","trailer_definition":"trailer_def.fuel_oil.willig.fuel_cistern","units_count":100,"fill_ratio":1,"trailer_place":0}],"dans_jardin.montpellier":[{"target":"tradeaux.clermont","urgency":1,"shortest_distance_km":311,"ferry_time":0,"ferry_price":0,"cargo":"cargo.cut_flowers","company_truck":"daf_4x2_a","trailer_variant":"trailer.scs_ref_a","trailer_definition":"trailer_def.scs.box.single_3.reefer","units_count":33,"fill_ratio":1,"trailer_place":0}],"mvm_carriere.limoges":[{"target":"batisse_road.lemans","urgency":2,"shortest_distance_km":453,"ferry_time":0,"ferry_price":0,"cargo":"cargo.stones","company_truck":"iveco_4x2_c","trailer_variant":"trailer.s_ki_solid.cover","trailer_definition":"trailer_def.stones.s_ki_solid.cover","units_count":100,"fill_ratio":1,"trailer_place":0},{"target":"nucleon.civaux","urgency":0,"shortest_distance_km":149,"ferry_time":0,"ferry_price":0,"cargo":"cargo.digger1000","company_truck":"mercedes_actros_2014_4x2_a","trailer_variant":"trailer.overweight.digger1000","trailer_definition":"trailer_def.digger1000.overweight.digger1000","units_count":100,"fill_ratio":1,"trailer_place":0}],"bhb_raffin.marseille":[{"target":"wilnet_trans.marseille","urgency":0,"shortest_distance_km":86,"ferry_time":0,"ferry_price":0,"cargo":"cargo.fuel_oil","company_truck":"scania_streamline_4x2_a","trailer_variant":"trailer.willig.fuel_cistern","trailer_definition":"trailer_def.fuel_oil.willig.fuel_cistern","units_count":100,"fill_ratio":1,"trailer_place":0}],"wilnet_trans.lemans":[{"target":"globeur.montpellier","urgency":2,"shortest_distance_km":747,"ferry_time":0,"ferry_price":0,"cargo":"cargo.nylon_cord","company_truck":"scania_streamline_4x2_a","trailer_variant":"trailer.scs_dry_a","trailer_definition":"trailer_def.scs.box.single_3.dryvan","units_count":33,"fill_ratio":1,"trailer_place":0},{"target":"lisette_log.lemans","urgency":2,"shortest_distance_km":2,"ferry_time":0,"ferry_price":0,"cargo":"cargo.digger500","company_truck":"mercedes_actros_2014_6x4_b","trailer_variant":"trailer.overweight.digger500","trailer_definition":"trailer_def.digger500.overweight.digger500","units_count":100,"fill_ratio":1,"trailer_place":0}],"lkwlog.duisburg":[{"target":"gomme_monde.bourges","urgency":2,"shortest_distance_km":835,"ferry_time":0,"ferry_price":0,"cargo":"cargo.nylon_cord","company_truck":"renault_premium_6x4_a","trailer_variant":"trailer.scs_dry","trailer_definition":"trailer_def.scs.box.single_3.dryvan","units_count":30,"fill_ratio":1,"trailer_place":0}],"stokes.amsterdam":[{"target":"globeur.rennes","urgency":2,"shortest_distance_km":866,"ferry_time":0,"ferry_price":0,"cargo":"cargo.nylon_cord","company_truck":"scania_r_6x2_450","trailer_variant":"trailer.scs_curt_s","trailer_definition":"trailer_def.scs.box.single_3.curtain","units_count":33,"fill_ratio":1,"trailer_place":0}],"euroacres.plymouth":[{"target":"lisette_log.roscoff","urgency":2,"shortest_distance_km":7,"ferry_time":420,"ferry_price":910,"cargo":"cargo.honey","company_truck":"mercedes_6x2_b","trailer_variant":"trailer.scs_dry_ms","trailer_definition":"trailer_def.scs.box.single_3.dryvan_m","units_count":33,"fill_ratio":1,"trailer_place":0}],"kaarfor.verona":[{"target":"lisette_log.larochelle","urgency":0,"shortest_distance_km":1403,"ferry_time":0,"ferry_price":0,"cargo":"cargo.used_plast","company_truck":"scania_s_4x2_370","trailer_variant":"trailer.scs_dry","trailer_definition":"trailer_def.scs.box.single_3.dryvan","units_count":33,"fill_ratio":1,"trailer_place":0}],"tradeaux.frankfurt":[{"target":"gomme_monde.bourges","urgency":2,"shortest_distance_km":847,"ferry_time":0,"ferry_price":0,"cargo":"cargo.nylon_cord","company_truck":"man_4x2_a","trailer_variant":"trailer.scs_curt","trailer_definition":"trailer_def.scs.box.single_3.curtain","units_count":32,"fill_ratio":1,"trailer_place":0}],"subse.clermont":[{"target":"wilnet_trans.porto_vecchi","urgency":2,"shortest_distance_km":343,"ferry_time":840,"ferry_price":1193,"cargo":"cargo.soy_milk","company_truck":"iveco_4x2_a","trailer_variant":"trailer.scs_dry_ms","trailer_definition":"trailer_def.scs.box.single_3.dryvan_m","units_count":33,"fill_ratio":1,"trailer_place":0},{"target":"kaarfor.limoges","urgency":2,"shortest_distance_km":304,"ferry_time":0,"ferry_price":0,"cargo":"cargo.vinegar_c","company_truck":"mercedes_actros_2014_4x2_c","trailer_variant":"trailer.scs_gosck20","trailer_definition":"trailer_def.scs.gooseneck.singl_3e_20.container","units_count":15,"fill_ratio":1,"trailer_place":0}],"batisse_hs.montpellier":[{"target":"dans_jardin.bastia","urgency":2,"shortest_distance_km":329,"ferry_time":840,"ferry_price":1193,"cargo":"cargo.excav_soil","company_truck":"man_tgx_euro6_6x4_xlx","trailer_variant":"trailer.s_ki_solid.cover","trailer_definition":"trailer_def.excav_soil.s_ki_solid.cover","units_count":100,"fill_ratio":1,"trailer_place":0}],"batisse_road.lemans":[{"target":"lisette_log.roscoff","urgency":1,"shortest_distance_km":380,"ferry_time":0,"ferry_price":0,"cargo":"cargo.hipresstank","company_truck":"man_tgx_euro6_4x2_xxl","trailer_variant":"trailer.scs_flat_b","trailer_definition":"trailer_def.scs.flatbed.single_3.flatbed_w","units_count":2,"fill_ratio":1,"trailer_place":0}],"nucleon.golfech":[{"target":"tradeaux.ajaccio","urgency":2,"shortest_distance_km":730,"ferry_time":840,"ferry_price":1193,"cargo":"cargo.excavator","company_truck":"man_4x2_c","trailer_variant":"trailer.overweight.excavator","trailer_definition":"trailer_def.excavator.overweight.excavator","units_count":100,"fill_ratio":1,"trailer_place":0},{"target":"dans_jardin.lemans","urgency":2,"shortest_distance_km":600,"ferry_time":0,"ferry_price":0,"cargo":"cargo.excav_soil","company_truck":"daf_xf_euro6_4x2_b","trailer_variant":"trailer.s_ki_solid.cover","trailer_definition":"trailer_def.excav_soil.s_ki_solid.cover","units_count":100,"fill_ratio":1,"trailer_place":0}],"euroacres.carlisle":[{"target":"tradeaux.clermont","urgency":2,"shortest_distance_km":1351,"ferry_time":35,"ferry_price":300,"cargo":"cargo.straw_bales","company_truck":"mercedes_4x2_b","trailer_variant":"trailer.scs_flat_b","trailer_definition":"trailer_def.scs.flatbed.single_3.flatbed_w","units_count":33,"fill_ratio":1,"trailer_place":0}],"batisse_hs.paris":[{"target":"tradeaux.clermont","urgency":1,"shortest_distance_km":545,"ferry_time":0,"ferry_price":0,"cargo":"cargo.diggers","company_truck":"scania_streamline_4x2_a","trailer_variant":"trailer.overweight.digger","trailer_definition":"trailer_def.diggers.overweight.digger","units_count":100,"fill_ratio":1,"trailer_place":0},{"target":"dans_jardin.lemans","urgency":2,"shortest_distance_km":451,"ferry_time":0,"ferry_price":0,"cargo":"cargo.excav_soil","company_truck":"iveco_h_4x2_a","trailer_variant":"trailer.s_ki_solid.cover","trailer_definition":"trailer_def.excav_soil.s_ki_solid.cover","units_count":100,"fill_ratio":1,"trailer_place":0}],"nucleon.civaux":[{"target":"dans_jardin.lemans","urgency":2,"shortest_distance_km":178,"ferry_time":0,"ferry_price":0,"cargo":"cargo.excav_soil","company_truck":"renault_magnum_6x4_a","trailer_variant":"trailer.s_ki_solid.cover","trailer_definition":"trailer_def.excav_soil.s_ki_solid.cover","units_count":100,"fill_ratio":1,"trailer_place":0},{"target":"mvm_carriere.limoges","urgency":2,"shortest_distance_km":153,"ferry_time":0,"ferry_price":0,"cargo":"cargo.excavator","company_truck":"scania_6x4_a","trailer_variant":"trailer.overweight.excavator","trailer_definition":"trailer_def.excavator.overweight.excavator","units_count":100,"fill_ratio":1,"trailer_place":0}],"kaarfor.swansea":[{"target":"tradeaux.brest","urgency":1,"shortest_distance_km":397,"ferry_time":420,"ferry_price":910,"cargo":"cargo.used_plast_c","company_truck":"man_6x4_b","trailer_variant":"trailer.scs_gosck20","trailer_definition":"trailer_def.scs.gooseneck.singl_3e_20.container","units_count":15,"fill_ratio":1,"trailer_place":0},{"target":"globeur.bourges","urgency":2,"shortest_distance_km":983,"ferry_time":35,"ferry_price":300,"cargo":"cargo.empty_palet","company_truck":"scania_s_4x2_370","trailer_variant":"trailer.scs_dry_s","trailer_definition":"trailer_def.scs.box.single_3.dryvan","units_count":33,"fill_ratio":1,"trailer_place":0}],"kaarfor.larochelle":[{"target":"globeur.bordeaux","urgency":2,"shortest_distance_km":210,"ferry_time":0,"ferry_price":0,"cargo":"cargo.empty_palet","company_truck":"scania_r_4x2_520","trailer_variant":"trailer.scs_curt_a","trailer_definition":"trailer_def.scs.box.single_3.curtain","units_count":33,"fill_ratio":1,"trailer_place":0},{"target":"tradeaux.clermont","urgency":0,"shortest_distance_km":447,"ferry_time":0,"ferry_price":0,"cargo":"cargo.used_plast","company_truck":"daf_xf_euro6_6x2_a","trailer_variant":"trailer.scs_curt_s","trailer_definition":"trailer_def.scs.box.single_3.curtain","units_count":33,"fill_ratio":1,"trailer_place":0}],"cont_port_fr.marseille":[{"target":"kaarfor.bastia","urgency":2,"shortest_distance_km":152,"ferry_time":840,"ferry_price":1193,"cargo":"cargo.carrots_c","company_truck":"man_6x4_b","trailer_variant":"trailer.scs_gosck40","trailer_definition":"trailer_def.scs.gooseneck.singl_3e_40.container","units_count":30,"fill_ratio":1,"trailer_place":0}],"fle.brest":[{"target":"wilnet_trans.marseille","urgency":0,"shortest_distance_km":1242,"ferry_time":0,"ferry_price":0,"cargo":"cargo.post_packag","company_truck":"renault_magnum_4x2_a","trailer_variant":"trailer.scs_curt_a","trailer_definition":"trailer_def.scs.box.single_3.curtain","units_count":33,"fill_ratio":1,"trailer_place":0}],"dans_jardin.bordeaux":[{"target":"tradeaux.toulouse","urgency":1,"shortest_distance_km":323,"ferry_time":0,"ferry_price":0,"cargo":"cargo.cut_flowers","company_truck":"mercedes_6x2_b","trailer_variant":"trailer.scs_ref_a","trailer_definition":"trailer_def.scs.box.single_3.reefer","units_count":33,"fill_ratio":1,"trailer_place":0},{"target":"globeur.bordeaux","urgency":0,"shortest_distance_km":17,"ferry_time":0,"ferry_price":0,"cargo":"cargo.apples","company_truck":"renault_premium_4x2_a","trailer_variant":"trailer.scs_curt","trailer_definition":"trailer_def.scs.box.single_3.curtain","units_count":33,"fill_ratio":1,"trailer_place":0}],"tradeaux.toulouse":[{"target":"lisette_log.bordeaux","urgency":2,"shortest_distance_km":205,"ferry_time":0,"ferry_price":0,"cargo":"cargo.coconut_milk","company_truck":"man_4x2_c","trailer_variant":"trailer.scs_dry","trailer_definition":"trailer_def.scs.box.single_3.dryvan","units_count":33,"fill_ratio":1,"trailer_place":0}],"voitureux.lehavre":[{"target":"bhb_raffin.lehavre","urgency":2,"shortest_distance_km":11,"ferry_time":0,"ferry_price":0,"cargo":"cargo.empty_palet","company_truck":"scania_r_4x2_520","trailer_variant":"trailer.scs_curt_a","trailer_definition":"trailer_def.scs.box.single_3.curtain","units_count":33,"fill_ratio":1,"trailer_place":0},{"target":"lisette_log.rennes","urgency":1,"shortest_distance_km":374,"ferry_time":0,"ferry_price":0,"cargo":"cargo.used_packag","company_truck":"scania_6x2_b","trailer_variant":"trailer.scs_dry_m","trailer_definition":"trailer_def.scs.box.single_3.dryvan_m","units_count":33,"fill_ratio":1,"trailer_place":0}],"lisette_log.rennes":[{"target":"wilnet_trans.nantes","urgency":1,"shortest_distance_km":137,"ferry_time":0,"ferry_price":0,"cargo":"cargo.cheese","company_truck":"mercedes_actros_2014_4x2_c","trailer_variant":"trailer.scs_ins_s","trailer_definition":"trailer_def.scs.box.single_3.insulated","units_count":33,"fill_ratio":1,"trailer_place":0}],"nos_pat_lhv.lehavre":[{"target":"wilnet_trans.marseille","urgency":0,"shortest_distance_km":914,"ferry_time":0,"ferry_price":0,"cargo":"cargo.beef_meat","company_truck":"iveco_4x2_c","trailer_variant":"trailer.scs_ref","trailer_definition":"trailer_def.scs.box.single_3.reefer","units_count":33,"fill_ratio":1,"trailer_place":0}],"globeur.bordeaux":[{"target":"kaarfor.limoges","urgency":0,"shortest_distance_km":336,"ferry_time":0,"ferry_price":0,"cargo":"cargo.rice","company_truck":"mercedes_4x2_b","trailer_variant":"trailer.scs_curt","trailer_definition":"trailer_def.scs.box.single_3.curtain","units_count":33,"fill_ratio":1,"trailer_place":0},{"target":"nucleon.golfech","urgency":1,"shortest_distance_km":310,"ferry_time":0,"ferry_price":0,"cargo":"cargo.pumps","company_truck":"mercedes_actros_2014_4x2_a","trailer_variant":"trailer.scs_dry","trailer_definition":"trailer_def.scs.box.single_3.dryvan","units_count":33,"fill_ratio":1,"trailer_place":0}],"marina_fr.ajaccio":[{"target":"renar.calvi","urgency":2,"shortest_distance_km":61,"ferry_time":0,"ferry_price":0,"cargo":"cargo.princess","company_truck":"iveco_6x2_a","trailer_variant":"trailer.overweight.boat","trailer_definition":"trailer_def.princess.overweight.boat","units_count":100,"fill_ratio":1,"trailer_place":0}],"transinet.osnabruck":[{"target":"batisse_hs.montpellier","urgency":2,"shortest_distance_km":1226,"ferry_time":0,"ferry_price":0,"cargo":"cargo.chimney_syst","company_truck":"renault_magnum_6x4_a","trailer_variant":"trailer.scs_dry","trailer_definition":"trailer_def.scs.box.single_3.dryvan","units_count":33,"fill_ratio":1,"trailer_place":0}],"huilant.bordeaux":[{"target":"marina_fr.marseille","urgency":1,"shortest_distance_km":734,"ferry_time":0,"ferry_price":0,"cargo":"cargo.diesel","company_truck":"iveco_4x2_b","trailer_variant":"trailer.willig.fuel_cistern","trailer_definition":"trailer_def.diesel.willig.fuel_cistern","units_count":100,"fill_ratio":1,"trailer_place":0},{"target":"nucleon.alban","urgency":0,"shortest_distance_km":621,"ferry_time":0,"ferry_price":0,"cargo":"cargo.fuel_oil","company_truck":"iveco_h_4x2_a","trailer_variant":"trailer.fuel_cistern","trailer_definition":"trailer_def.fuel_oil.fuel_cistern","units_count":100,"fill_ratio":1,"trailer_place":0}],"fle.calvi":[{"target":"gnt.bastia","urgency":0,"shortest_distance_km":125,"ferry_time":0,"ferry_price":0,"cargo":"cargo.med_vaccine","company_truck":"scania_streamline_6x4_a","trailer_variant":"trailer.scs_ins_s","trailer_definition":"trailer_def.scs.box.single_3.insulated","units_count":33,"fill_ratio":1,"trailer_place":0}],"kaarfor.montpellier":[{"target":"lisette_log.lemans","urgency":1,"shortest_distance_km":801,"ferry_time":0,"ferry_price":0,"cargo":"cargo.used_plast_c","company_truck":"daf_6x2_a","trailer_variant":"trailer.scs_flat_c_g","trailer_definition":"trailer_def.scs.flatbed.single_3.container","units_count":33,"fill_ratio":1,"trailer_place":0}],"globeur.rennes":[{"target":"gallia_ferry.roscoff","urgency":1,"shortest_distance_km":268,"ferry_time":0,"ferry_price":0,"cargo":"cargo.paper","company_truck":"man_4x2_a","trailer_variant":"trailer.scs_curt_a","trailer_definition":"trailer_def.scs.box.single_3.curtain","units_count":33,"fill_ratio":1,"trailer_place":0},{"target":"nucleon.alban","urgency":1,"shortest_distance_km":809,"ferry_time":0,"ferry_price":0,"cargo":"cargo.spher_valves","company_truck":"mercedes_4x2_c","trailer_variant":"trailer.scs_curt_a","trailer_definition":"trailer_def.scs.box.single_3.curtain","units_count":33,"fill_ratio":1,"trailer_place":0}],"fle.montpellier":[{"target":"wilnet_trans.limoges","urgency":0,"shortest_distance_km":548,"ferry_time":0,"ferry_price":0,"cargo":"cargo.post_packag","company_truck":"daf_xf_euro6_6x2_a","trailer_variant":"trailer.scs_dry_m","trailer_definition":"trailer_def.scs.box.single_3.dryvan_m","units_count":33,"fill_ratio":1,"trailer_place":0},{"target":"tradeaux.nice","urgency":1,"shortest_distance_km":339,"ferry_time":0,"ferry_price":0,"cargo":"cargo.comp_process","company_truck":"mercedes_actros_2014_4x2_a","trailer_variant":"trailer.scs_curt","trailer_definition":"trailer_def.scs.box.single_3.curtain","units_count":33,"fill_ratio":1,"trailer_place":0}],"tradeaux.prague":[{"target":"stokes.wien","urgency":2,"shortest_distance_km":297,"ferry_time":0,"ferry_price":0,"cargo":"cargo.soy_milk_t","company_truck":"scania_streamline_4x2_a","trailer_variant":"trailer.scs_fodt","trailer_definition":"trailer_def.scs.foodtank.single_3.paint","units_count":26,"fill_ratio":1,"trailer_place":0}],"fle.nantes":[{"target":"globeur.rennes","urgency":0,"shortest_distance_km":172,"ferry_time":0,"ferry_price":0,"cargo":"cargo.post_packag","company_truck":"mercedes_actros_2014_4x2_a","trailer_variant":"trailer.scs_curt","trailer_definition":"trailer_def.scs.box.single_3.curtain","units_count":33,"fill_ratio":1,"trailer_place":0}],"voitureux.rennes":[{"target":"globeur.rennes","urgency":0,"shortest_distance_km":70,"ferry_time":0,"ferry_price":0,"cargo":"cargo.used_plast","company_truck":"mercedes_4x2_b","trailer_variant":"trailer.scs_curt_a","trailer_definition":"trailer_def.scs.box.single_3.curtain","units_count":33,"fill_ratio":1,"trailer_place":0},{"target":"bhv.bordeaux","urgency":2,"shortest_distance_km":488,"ferry_time":0,"ferry_price":0,"cargo":"cargo.cars_fr","company_truck":"renault_premium_4x2_c","trailer_variant":"trailer.car_fr","trailer_definition":"trailer_def.cars_fr.car_fr","units_count":100,"fill_ratio":1,"trailer_place":0},{"target":"wilnet_trans.porto_vecchi","urgency":2,"shortest_distance_km":1040,"ferry_time":840,"ferry_price":1193,"cargo":"cargo.empty_palet","company_truck":"mercedes_4x2_b","trailer_variant":"trailer.scs_dry_m","trailer_definition":"trailer_def.scs.box.single_3.dryvan_m","units_count":33,"fill_ratio":1,"trailer_place":0}],"nos_pat_brg.bourges":[{"target":"globeur.bourges","urgency":2,"shortest_distance_km":77,"ferry_time":0,"ferry_price":0,"cargo":"cargo.milk","company_truck":"scania_s_6x4_730","trailer_variant":"trailer.scs_curt","trailer_definition":"trailer_def.scs.box.single_3.curtain","units_count":33,"fill_ratio":1,"trailer_place":0},{"target":"wilnet_trans.limoges","urgency":2,"shortest_distance_km":184,"ferry_time":0,"ferry_price":0,"cargo":"cargo.drymilk","company_truck":"renault_t_6x2","trailer_variant":"trailer.scs_curt_s","trailer_definition":"trailer_def.scs.box.single_3.curtain","units_count":33,"fill_ratio":1,"trailer_place":0},{"target":"wilnet_trans.porto_vecchi","urgency":2,"shortest_distance_km":621,"ferry_time":840,"ferry_price":1193,"cargo":"cargo.milk_t","company_truck":"man_6x4_b","trailer_variant":"trailer.scs_fodt","trailer_definition":"trailer_def.scs.foodtank.single_3.paint","units_count":27,"fill_ratio":1,"trailer_place":0}],"lisette_log.bordeaux":[{"target":"chimi.larochelle","urgency":2,"shortest_distance_km":317,"ferry_time":0,"ferry_price":0,"cargo":"cargo.hchemicals","company_truck":"renault_t_4x2","trailer_variant":"trailer.chcistern","trailer_definition":"trailer_def.hchemicals.chcistern","units_count":100,"fill_ratio":1,"trailer_place":0}],"globeur.bourges":[{"target":"wilnet_trans.limoges","urgency":1,"shortest_distance_km":232,"ferry_time":0,"ferry_price":0,"cargo":"cargo.diggers","company_truck":"scania_s_4x2_370","trailer_variant":"trailer.overweight.digger","trailer_definition":"trailer_def.diggers.overweight.digger","units_count":100,"fill_ratio":1,"trailer_place":0}],"dans_jardin.porto_vecchi":[{"target":"kaarfor.montpellier","urgency":0,"shortest_distance_km":219,"ferry_time":840,"ferry_price":1193,"cargo":"cargo.apples","company_truck":"scania_s_6x2_450","trailer_variant":"trailer.scs_curt_s","trailer_definition":"trailer_def.scs.box.single_3.curtain","units_count":33,"fill_ratio":1,"trailer_place":0}],"batisse_wind.montpellier":[{"target":"tradeaux.toulouse","urgency":2,"shortest_distance_km":292,"ferry_time":0,"ferry_price":0,"cargo":"cargo.empty_palet","company_truck":"scania_r_6x4_650","trailer_variant":"trailer.scs_dry_a","trailer_definition":"trailer_def.scs.box.single_3.dryvan","units_count":33,"fill_ratio":1,"trailer_place":0}],"gomme_monde.clermont":[{"target":"globeur.bourges","urgency":1,"shortest_distance_km":183,"ferry_time":0,"ferry_price":0,"cargo":"cargo.scrap_metals","company_truck":"man_4x2_c","trailer_variant":"trailer.s_ki_solid.cover","trailer_definition":"trailer_def.scrap_metals.s_ki_solid.cover","units_count":100,"fill_ratio":1,"trailer_place":0}],"tree_et.zurich":[{"target":"lisette_log.nice","urgency":2,"shortest_distance_km":685,"ferry_time":0,"ferry_price":0,"cargo":"cargo.lumber","company_truck":"scania_streamline_6x4_a","trailer_variant":"trailer.scs_flat_c_g","trailer_definition":"trailer_def.scs.flatbed.single_3.container","units_count":2,"fill_ratio":1,"trailer_place":0},{"target":"gnt.bastia","urgency":1,"shortest_distance_km":840,"ferry_time":840,"ferry_price":1193,"cargo":"cargo.diggers","company_truck":"scania_r_6x4_650","trailer_variant":"trailer.overweight.digger","trailer_definition":"trailer_def.diggers.overweight.digger","units_count":98,"fill_ratio":1,"trailer_place":0}],"batisse_base.rennes":[{"target":"subse.brest","urgency":1,"shortest_distance_km":174,"ferry_time":0,"ferry_price":0,"cargo":"cargo.forklifts","company_truck":"renault_magnum_6x2_a","trailer_variant":"trailer.overweight.forklifts","trailer_definition":"trailer_def.forklifts.overweight.forklifts","units_count":100,"fill_ratio":1,"trailer_place":0},{"target":"globeur.bordeaux","urgency":1,"shortest_distance_km":594,"ferry_time":0,"ferry_price":0,"cargo":"cargo.diggers","company_truck":"mercedes_6x4_a","trailer_variant":"trailer.overweight.digger","trailer_definition":"trailer_def.diggers.overweight.digger","units_count":100,"fill_ratio":1,"trailer_place":0}],"wilnet_trans.marseille":[{"target":"batisse_hs.montpellier","urgency":2,"shortest_distance_km":241,"ferry_time":0,"ferry_price":0,"cargo":"cargo.lumber","company_truck":"scania_streamline_6x4_a","trailer_variant":"trailer.scs_flat_c_r","trailer_definition":"trailer_def.scs.flatbed.single_3.container","units_count":2,"fill_ratio":1,"trailer_place":0},{"target":"gomme_monde.clermont","urgency":2,"shortest_distance_km":425,"ferry_time":0,"ferry_price":0,"cargo":"cargo.nylon_cord","company_truck":"daf_4x2_b","trailer_variant":"trailer.scs_curt_s","trailer_definition":"trailer_def.scs.box.single_3.curtain","units_count":33,"fill_ratio":1,"trailer_place":0}],"sellplan.geneve":[{"target":"wilnet_trans.marseille","urgency":2,"shortest_distance_km":419,"ferry_time":0,"ferry_price":0,"cargo":"cargo.empty_palet","company_truck":"scania_6x4_a","trailer_variant":"trailer.scs_dry","trailer_definition":"trailer_def.scs.box.single_3.dryvan","units_count":33,"fill_ratio":1,"trailer_place":0},{"target":"wilnet_trans.porto_vecchi","urgency":1,"shortest_distance_km":424,"ferry_time":840,"ferry_price":1193,"cargo":"cargo.used_packag","company_truck":"mercedes_6x4_a","trailer_variant":"trailer.scs_dry","trailer_definition":"trailer_def.scs.box.single_3.dryvan","units_count":33,"fill_ratio":1,"trailer_place":0}],"fle.bastia":[{"target":"renar.calvi","urgency":0,"shortest_distance_km":126,"ferry_time":0,"ferry_price":0,"cargo":"cargo.post_packag","company_truck":"iveco_6x2_a","trailer_variant":"trailer.scs_dry_s","trailer_definition":"trailer_def.scs.box.single_3.dryvan","units_count":33,"fill_ratio":1,"trailer_place":0}],"tradeaux.nice":[{"target":"lisette_log.nice","urgency":1,"shortest_distance_km":1,"ferry_time":0,"ferry_price":0,"cargo":"cargo.cheese","company_truck":"man_6x4_b","trailer_variant":"trailer.scs_ins","trailer_definition":"trailer_def.scs.box.single_3.insulated","units_count":33,"fill_ratio":1,"trailer_place":0}],"lisette_log.larochelle":[{"target":"fle.nantes","urgency":1,"shortest_distance_km":176,"ferry_time":0,"ferry_price":0,"cargo":"cargo.comp_process","company_truck":"scania_r_4x2_370","trailer_variant":"trailer.scs_curt_a","trailer_definition":"trailer_def.scs.box.single_3.curtain","units_count":33,"fill_ratio":1,"trailer_place":0}],"huilant.larochelle":[{"target":"fle.nantes","urgency":1,"shortest_distance_km":176,"ferry_time":0,"ferry_price":0,"cargo":"cargo.kerosene","company_truck":"man_tgx_euro6_4x2_xxl","trailer_variant":"trailer.willig.fuel_cistern","trailer_definition":"trailer_def.kerosene.willig.fuel_cistern","units_count":100,"fill_ratio":1,"trailer_place":0}],"dans_jardin.lemans":[{"target":"wilnet_trans.toulouse","urgency":1,"shortest_distance_km":533,"ferry_time":0,"ferry_price":0,"cargo":"cargo.cut_flowers","company_truck":"man_4x2_a","trailer_variant":"trailer.scs_ref","trailer_definition":"trailer_def.scs.box.single_3.reefer","units_count":33,"fill_ratio":1,"trailer_place":0},{"target":"globeur.bordeaux","urgency":0,"shortest_distance_km":443,"ferry_time":0,"ferry_price":0,"cargo":"cargo.apples","company_truck":"scania_r_6x2_450","trailer_variant":"trailer.scs_dry","trailer_definition":"trailer_def.scs.box.single_3.dryvan","units_count":33,"fill_ratio":1,"trailer_place":0},{"target":"wilnet_trans.limoges","urgency":1,"shortest_distance_km":270,"ferry_time":0,"ferry_price":0,"cargo":"cargo.tomatoes","company_truck":"mercedes_4x2_a","trailer_variant":"trailer.scs_ins_a","trailer_definition":"trailer_def.scs.box.single_3.insulated","units_count":33,"fill_ratio":1,"trailer_place":0}],"dans_jardin.bourges":[{"target":"globeur.rennes","urgency":1,"shortest_distance_km":395,"ferry_time":0,"ferry_price":0,"cargo":"cargo.cut_flowers","company_truck":"scania_streamline_4x2_c","trailer_variant":"trailer.scs_ref_s","trailer_definition":"trailer_def.scs.box.single_3.reefer","units_count":33,"fill_ratio":1,"trailer_place":0},{"target":"globeur.bourges","urgency":0,"shortest_distance_km":129,"ferry_time":0,"ferry_price":0,"cargo":"cargo.peas","company_truck":"scania_streamline_6x2_b","trailer_variant":"trailer.scs_curt_a","trailer_definition":"trailer_def.scs.box.single_3.curtain","units_count":33,"fill_ratio":1,"trailer_place":0}],"tradeaux.ajaccio":[{"target":"wilnet_trans.porto_vecchi","urgency":0,"shortest_distance_km":153,"ferry_time":0,"ferry_price":0,"cargo":"cargo.post_packag","company_truck":"man_6x4_b","trailer_variant":"trailer.scs_curt","trailer_definition":"trailer_def.scs.box.single_3.curtain","units_count":33,"fill_ratio":1,"trailer_place":0}],"mvm_carriere.bastia":[{"target":"wilnet_trans.limoges","urgency":1,"shortest_distance_km":773,"ferry_time":840,"ferry_price":1193,"cargo":"cargo.stone_dust","company_truck":"mercedes_actros_2014_6x2_a","trailer_variant":"trailer.s_ki_solid.cover","trailer_definition":"trailer_def.stone_dust.s_ki_solid.cover","units_count":100,"fill_ratio":1,"trailer_place":0}],"dans_jardin.nantes":[{"target":"wilnet_trans.lemans","urgency":1,"shortest_distance_km":315,"ferry_time":0,"ferry_price":0,"cargo":"cargo.cut_flowers","company_truck":"mercedes_actros_2014_4x2_c","trailer_variant":"trailer.scs_ref_a","trailer_definition":"trailer_def.scs.box.single_3.reefer","units_count":33,"fill_ratio":1,"trailer_place":0},{"target":"globeur.rennes","urgency":1,"shortest_distance_km":204,"ferry_time":0,"ferry_price":0,"cargo":"cargo.lavender","company_truck":"man_tgx_euro6_6x4_xlx","trailer_variant":"trailer.scs_dry_s","trailer_definition":"trailer_def.scs.box.single_3.dryvan","units_count":33,"fill_ratio":1,"trailer_place":0}],"ika_bohag.montpellier":[{"target":"tradeaux.clermont","urgency":2,"shortest_distance_km":352,"ferry_time":0,"ferry_price":0,"cargo":"cargo.empty_palet","company_truck":"man_6x4_b","trailer_variant":"trailer.scs_curt_s","trailer_definition":"trailer_def.scs.box.single_3.curtain","units_count":33,"fill_ratio":1,"trailer_place":0}],"nucleon.laurent":[{"target":"gomme_monde.bourges","urgency":1,"shortest_distance_km":136,"ferry_time":0,"ferry_price":0,"cargo":"cargo.forklifts","company_truck":"man_4x2_a","trailer_variant":"trailer.overweight.forklifts","trailer_definition":"trailer_def.forklifts.overweight.forklifts","units_count":100,"fill_ratio":1,"trailer_place":0},{"target":"wilnet_trans.lemans","urgency":2,"shortest_distance_km":294,"ferry_time":0,"ferry_price":0,"cargo":"cargo.empty_palet","company_truck":"iveco_6x2_a","trailer_variant":"trailer.scs_curt_a","trailer_definition":"trailer_def.scs.box.single_3.curtain","units_count":33,"fill_ratio":1,"trailer_place":0}],"sellplan.osnabruck":[{"target":"globeur.rennes","urgency":0,"shortest_distance_km":1065,"ferry_time":0,"ferry_price":0,"cargo":"cargo.used_plast","company_truck":"scania_r_4x2_520","trailer_variant":"trailer.scs_dry_m","trailer_definition":"trailer_def.scs.box.single_3.dryvan_m","units_count":33,"fill_ratio":1,"trailer_place":0}],"ika_bohag.brest":[{"target":"subse.brest","urgency":2,"shortest_distance_km":81,"ferry_time":0,"ferry_price":0,"cargo":"cargo.empty_palet","company_truck":"mercedes_actros_2014_4x2_a","trailer_variant":"trailer.scs_dry_m","trailer_definition":"trailer_def.scs.box.single_3.dryvan_m","units_count":33,"fill_ratio":1,"trailer_place":0}],"globeur.montpellier":[{"target":"wilnet_trans.marseille","urgency":0,"shortest_distance_km":234,"ferry_time":0,"ferry_price":0,"cargo":"cargo.tyres","company_truck":"man_tgx_euro6_4x2_xxl","trailer_variant":"trailer.scs_dry_a","trailer_definition":"trailer_def.scs.box.single_3.dryvan","units_count":33,"fill_ratio":1,"trailer_place":0}],"posped.swansea":[{"target":"stokes.cardiff","urgency":2,"shortest_distance_km":82,"ferry_time":0,"ferry_price":0,"cargo":"cargo.coconut_oil","company_truck":"mercedes_6x2_b","trailer_variant":"trailer.scs_curt","trailer_definition":"trailer_def.scs.box.single_3.curtain","units_count":33,"fill_ratio":1,"trailer_place":0}],"kaarfor.nantes":[{"target":"globeur.bourges","urgency":1,"shortest_distance_km":485,"ferry_time":0,"ferry_price":0,"cargo":"cargo.used_plast_c","company_truck":"scania_r_6x4_650","trailer_variant":"trailer.scs_gosck20","trailer_definition":"trailer_def.scs.gooseneck.singl_3e_20.container","units_count":15,"fill_ratio":1,"trailer_place":0},{"target":"lisette_log.nice","urgency":2,"shortest_distance_km":1211,"ferry_time":0,"ferry_price":0,"cargo":"cargo.empty_palet","company_truck":"mercedes_6x2_b","trailer_variant":"trailer.scs_dry","trailer_definition":"trailer_def.scs.box.single_3.dryvan","units_count":33,"fill_ratio":1,"trailer_place":0}],"mvm_carriere.ajaccio":[{"target":"dans_jardin.porto_vecchi","urgency":2,"shortest_distance_km":100,"ferry_time":0,"ferry_price":0,"cargo":"cargo.excav_soil","company_truck":"scania_r_6x4_650","trailer_variant":"trailer.s_ki_solid.cover","trailer_definition":"trailer_def.excav_soil.s_ki_solid.cover","units_count":100,"fill_ratio":1,"trailer_place":0}],"ika_bohag.rennes":[{"target":"tradeaux.brest","urgency":1,"shortest_distance_km":189,"ferry_time":0,"ferry_price":0,"cargo":"cargo.used_packag","company_truck":"renault_premium_4x2_c","trailer_variant":"trailer.scs_dry_m","trailer_definition":"trailer_def.scs.box.single_3.dryvan_m","units_count":33,"fill_ratio":1,"trailer_place":0}],"sellplan.southampton":[{"target":"globeur.bordeaux","urgency":0,"shortest_distance_km":1054,"ferry_time":35,"ferry_price":300,"cargo":"cargo.used_plast","company_truck":"scania_s_4x2_370","trailer_variant":"trailer.scs_dry_ms","trailer_definition":"trailer_def.scs.box.single_3.dryvan_m","units_count":33,"fill_ratio":1,"trailer_place":0}],"mvm_carriere.nice":[{"target":"dans_jardin.bastia","urgency":2,"shortest_distance_km":408,"ferry_time":840,"ferry_price":1193,"cargo":"cargo.excav_soil","company_truck":"man_6x4_b","trailer_variant":"trailer.s_ki_solid.cover","trailer_definition":"trailer_def.excav_soil.s_ki_solid.cover","units_count":100,"fill_ratio":1,"trailer_place":0}],"wilnet_trans.porto_vecchi":[{"target":"lisette_log.lemans","urgency":2,"shortest_distance_km":876,"ferry_time":840,"ferry_price":1193,"cargo":"cargo.princess","company_truck":"renault_magnum_6x4_a","trailer_variant":"trailer.overweight.boat","trailer_definition":"trailer_def.princess.overweight.boat","units_count":100,"fill_ratio":1,"trailer_place":0},{"target":"eolo_lines.porto_vecchi","urgency":1,"shortest_distance_km":1,"ferry_time":0,"ferry_price":0,"cargo":"cargo.radiators","company_truck":"daf_4x2_a","trailer_variant":"trailer.scs_curt","trailer_definition":"trailer_def.scs.box.single_3.curtain","units_count":33,"fill_ratio":1,"trailer_place":0}],"eolo_lines.porto_vecchi":[{"target":"huilant.ajaccio","urgency":1,"shortest_distance_km":155,"ferry_time":0,"ferry_price":0,"cargo":"cargo.motor_oil","company_truck":"man_6x4_b","trailer_variant":"trailer.scs_dry_s","trailer_definition":"trailer_def.scs.box.single_3.dryvan","units_count":33,"fill_ratio":1,"trailer_place":0}],"dans_jardin.bastia":[{"target":"wilnet_trans.porto_vecchi","urgency":1,"shortest_distance_km":91,"ferry_time":0,"ferry_price":0,"cargo":"cargo.lavender","company_truck":"man_6x4_b","trailer_variant":"trailer.scs_curt_s","trailer_definition":"trailer_def.scs.box.single_3.curtain","units_count":33,"fill_ratio":1,"trailer_place":0},{"target":"wilnet_trans.porto_vecchi","urgency":0,"shortest_distance_km":91,"ferry_time":0,"ferry_price":0,"cargo":"cargo.basil","company_truck":"mercedes_4x2_a","trailer_variant":"trailer.scs_curt","trailer_definition":"trailer_def.scs.box.single_3.curtain","units_count":33,"fill_ratio":1,"trailer_place":0},{"target":"kaarfor.larochelle","urgency":0,"shortest_distance_km":956,"ferry_time":840,"ferry_price":1193,"cargo":"cargo.apples","company_truck":"renault_magnum_6x4_a","trailer_variant":"trailer.scs_dry_a","trailer_definition":"trailer_def.scs.box.single_3.dryvan","units_count":33,"fill_ratio":1,"trailer_place":0}],"spinelli.milano":[{"target":"batisse_wind.montpellier","urgency":1,"shortest_distance_km":763,"ferry_time":0,"ferry_price":0,"cargo":"cargo.forklifts","company_truck":"mercedes_4x2_b","trailer_variant":"trailer.overweight.forklifts","trailer_definition":"trailer_def.forklifts.overweight.forklifts","units_count":100,"fill_ratio":1,"trailer_place":0}],"kaarfor.frankfurt":[{"target":"globeur.bourges","urgency":1,"shortest_distance_km":858,"ferry_time":0,"ferry_price":0,"cargo":"cargo.used_packag","company_truck":"scania_4x2_b","trailer_variant":"trailer.scs_curt_s","trailer_definition":"trailer_def.scs.box.single_3.curtain","units_count":33,"fill_ratio":1,"trailer_place":0}],"tradeaux.clermont":[{"target":"wilnet_trans.lemans","urgency":2,"shortest_distance_km":486,"ferry_time":0,"ferry_price":0,"cargo":"cargo.natur_rubber","company_truck":"renault_t_4x2","trailer_variant":"trailer.scs_curt_a","trailer_definition":"trailer_def.scs.box.single_3.curtain","units_count":33,"fill_ratio":1,"trailer_place":0},{"target":"nucleon.alban","urgency":0,"shortest_distance_km":232,"ferry_time":0,"ferry_price":0,"cargo":"cargo.protec_cloth","company_truck":"man_6x4_b","trailer_variant":"trailer.scs_dry_s","trailer_definition":"trailer_def.scs.box.single_3.dryvan","units_count":33,"fill_ratio":1,"trailer_place":0}],"posped.strasbourg":[{"target":"eurogoodies.kiel","urgency":0,"shortest_distance_km":784,"ferry_time":0,"ferry_price":0,"cargo":"cargo.conc_juice_t","company_truck":"scania_6x2_b","trailer_variant":"trailer.scs_fodt","trailer_definition":"trailer_def.scs.foodtank.single_3.paint","units_count":18,"fill_ratio":1,"trailer_place":0}],"euroacres.dover":[{"target":"wilnet_trans.marseille","urgency":2,"shortest_distance_km":1037,"ferry_time":35,"ferry_price":300,"cargo":"cargo.cont_trees","company_truck":"mercedes_actros_2014_4x2_a","trailer_variant":"trailer.scs_dry_ms","trailer_definition":"trailer_def.scs.box.single_3.dryvan_m","units_count":33,"fill_ratio":1,"trailer_place":0}],"trameri.innsbruck":[{"target":"lisette_log.roscoff","urgency":1,"shortest_distance_km":1398,"ferry_time":0,"ferry_price":0,"cargo":"cargo.hipresstank","company_truck":"iveco_6x2_a","trailer_variant":"trailer.scs_flat_b","trailer_definition":"trailer_def.scs.flatbed.single_3.flatbed_w","units_count":2,"fill_ratio":1,"trailer_place":0}],"wgcc.rotterdam":[{"target":"mvm_carriere.bastia","urgency":0,"shortest_distance_km":1217,"ferry_time":840,"ferry_price":1193,"cargo":"cargo.fuel_oil","company_truck":"renault_premium_6x4_a","trailer_variant":"trailer.willig.fuel_cistern","trailer_definition":"trailer_def.fuel_oil.willig.fuel_cistern","units_count":100,"fill_ratio":1,"trailer_place":0}],"subse.brest":[{"target":"tradeaux.ajaccio","urgency":0,"shortest_distance_km":1389,"ferry_time":840,"ferry_price":1193,"cargo":"cargo.vinegar","company_truck":"scania_streamline_4x2_c","trailer_variant":"trailer.scs_curt_a","trailer_definition":"trailer_def.scs.box.single_3.curtain","units_count":33,"fill_ratio":1,"trailer_place":0}],"renar.calvi":[{"target":"mvm_carriere.ajaccio","urgency":0,"shortest_distance_km":132,"ferry_time":0,"ferry_price":0,"cargo":"cargo.digger1000","company_truck":"scania_s_6x2_450","trailer_variant":"trailer.overweight.digger1000","trailer_definition":"trailer_def.digger1000.overweight.digger1000","units_count":100,"fill_ratio":1,"trailer_place":0}],"ika_bohag.bordeaux":[{"target":"globeur.bordeaux","urgency":1,"shortest_distance_km":17,"ferry_time":0,"ferry_price":0,"cargo":"cargo.used_packag","company_truck":"mercedes_actros_2014_6x4_b","trailer_variant":"trailer.scs_dry_a","trailer_definition":"trailer_def.scs.box.single_3.dryvan","units_count":33,"fill_ratio":1,"trailer_place":0},{"target":"globeur.bordeaux","urgency":2,"shortest_distance_km":17,"ferry_time":0,"ferry_price":0,"cargo":"cargo.empty_palet","company_truck":"renault_premium_6x4_a","trailer_variant":"trailer.scs_curt_a","trailer_definition":"trailer_def.scs.box.single_3.curtain","units_count":33,"fill_ratio":1,"trailer_place":0}],"kaarfor.limoges":[{"target":"tradeaux.toulouse","urgency":2,"shortest_distance_km":265,"ferry_time":0,"ferry_price":0,"cargo":"cargo.empty_palet","company_truck":"renault_magnum_6x4_a","trailer_variant":"trailer.scs_curt_a","trailer_definition":"trailer_def.scs.box.single_3.curtain","units_count":33,"fill_ratio":1,"trailer_place":0}],"nucleon.paluel":[{"target":"mvm_carriere.porto_vecchi","urgency":2,"shortest_distance_km":962,"ferry_time":840,"ferry_price":1193,"cargo":"cargo.excavator","company_truck":"daf_xf_euro6_6x4_c","trailer_variant":"trailer.overweight.excavator","trailer_definition":"trailer_def.excavator.overweight.excavator","units_count":100,"fill_ratio":1,"trailer_place":0}],"mvm_carriere.porto_vecchi":[{"target":"batisse_road.bordeaux","urgency":0,"shortest_distance_km":796,"ferry_time":840,"ferry_price":1193,"cargo":"cargo.granite_cube","company_truck":"mercedes_actros_2014_6x4_b","trailer_variant":"trailer.s_ki_solid.cover","trailer_definition":"trailer_def.granite_cube.s_ki_solid.cover","units_count":100,"fill_ratio":1,"trailer_place":0}],"cont_port_fr.lehavre":[{"target":"bhb_raffin.lehavre","urgency":0,"shortest_distance_km":5,"ferry_time":0,"ferry_price":0,"cargo":"cargo.chem_sorb_c","company_truck":"renault_t_6x2","trailer_variant":"trailer.scs_gosck40","trailer_definition":"trailer_def.scs.gooseneck.singl_3e_40.container","units_count":30,"fill_ratio":1,"trailer_place":0}],"lisette_log.paris":[{"target":"nucleon.alban","urgency":0,"shortest_distance_km":610,"ferry_time":0,"ferry_price":0,"cargo":"cargo.hi_volt_cabl","company_truck":"man_6x4_b","trailer_variant":"trailer.scs_curt","trailer_definition":"trailer_def.scs.box.single_3.curtain","units_count":33,"fill_ratio":1,"trailer_place":0},{"target":"nucleon.alban","urgency":1,"shortest_distance_km":610,"ferry_time":0,"ferry_price":0,"cargo":"cargo.spher_valves","company_truck":"scania_s_6x2_450","trailer_variant":"trailer.scs_dry_m","trailer_definition":"trailer_def.scs.box.single_3.dryvan_m","units_count":33,"fill_ratio":1,"trailer_place":0}],"nucleon.alban":[{"target":"wilnet_trans.marseille","urgency":2,"shortest_distance_km":246,"ferry_time":0,"ferry_price":0,"cargo":"cargo.empty_palet","company_truck":"man_tgx_euro6_6x4_xlx","trailer_variant":"trailer.scs_curt_s","trailer_definition":"trailer_def.scs.box.single_3.curtain","units_count":33,"fill_ratio":1,"trailer_place":0},{"target":"tradeaux.clermont","urgency":2,"shortest_distance_km":245,"ferry_time":0,"ferry_price":0,"cargo":"cargo.excavator","company_truck":"scania_s_6x4_730","trailer_variant":"trailer.overweight.excavator","trailer_definition":"trailer_def.excavator.overweight.excavator","units_count":100,"fill_ratio":1,"trailer_place":0},{"target":"dans_jardin.porto_vecchi","urgency":2,"shortest_distance_km":265,"ferry_time":840,"ferry_price":1193,"cargo":"cargo.excav_soil","company_truck":"renault_t_4x2","trailer_variant":"trailer.s_ki_solid.cover","trailer_definition":"trailer_def.excav_soil.s_ki_solid.cover","units_count":100,"fill_ratio":1,"trailer_place":0}]}