{"voitureux.paris":[{"target":"stokes.amsterdam","urgency":1,"shortest_distance_km":520,"ferry_time":0,"ferry_price":0,"cargo":"cargo.mobile_crane","company_truck":"heavy/daf_6x4","trailer_variant":"trailer.goldhofer.mpa_k_flat14.t_c_3160","trailer_definition":"trailer_def.mobile_crane.goldhofer.mpa_k_flat14.t_c_3160","units_count":100,"fill_ratio":1,"trailer_place":0}],"itcc.luxembourg":[{"target":"quarry.lyon","urgency":1,"shortest_distance_km":586,"ferry_time":0,"ferry_price":0,"cargo":"cargo.mobile_crane","company_truck":"man_6x4_b","trailer_variant":"trailer.goldhofer.mpa_k_flat14.t_c_3160","trailer_definition":"trailer_def.mobile_crane.goldhofer.mpa_k_flat14.t_c_3160","units_count":100,"fill_ratio":1,"trailer_place":0}],"tree_et.innsbruck":[{"target":"posped.zurich","urgency":1,"shortest_distance_km":245,"ferry_time":0,"ferry_price":0,"cargo":"cargo.mobile_crane","company_truck":"heavy/daf_6x4","trailer_variant":"trailer.goldhofer.mpa_k_flat14.t_c_3160","trailer_definition":"trailer_def.mobile_crane.goldhofer.mpa_k_flat14.t_c_3160","units_count":100,"fill_ratio":1,"trailer_place":0}],"stokes.plymouth":[{"target":"lkwlog.felixstowe","urgency":0,"shortest_distance_km":522,"ferry_time":0,"ferry_price":0,"cargo":"cargo.cable_reel","company_truck":"heavy/scania_6x4","trailer_variant":"trailer.goldhofer.stz_vl.coil","trailer_definition":"trailer_def.cable_reel.goldhofer.stz_vl.coil","units_count":100,"fill_ratio":1,"trailer_place":0}],"tradeaux.lille":[{"target":"posped.rotterdam","urgency":0,"shortest_distance_km":230,"ferry_time":0,"ferry_price":0,"cargo":"cargo.locomotive","company_truck":"heavy/scania_s_6x4","trailer_variant":"trailer.goldhofer.mpa_k_flat14.vossloh_g6","trailer_definition":"trailer_def.locomotive.goldhofer.mpa_k_flat14.vossloh_g6","units_count":100,"fill_ratio":1,"trailer_place":0}],"tradeaux.rostock":[{"target":"transinet.hamburg","urgency":2,"shortest_distance_km":187,"ferry_time":0,"ferry_price":0,"cargo":"cargo.metal_center","company_truck":"heavy/renault_6x4","trailer_variant":"trailer.goldhofer.stz_vl.m_centering","trailer_definition":"trailer_def.metal_center.goldhofer.stz_vl.m_centering","units_count":100,"fill_ratio":1,"trailer_place":0}],"tree_et.liege":[{"target":"quarry.stuttgart","urgency":1,"shortest_distance_km":434,"ferry_time":0,"ferry_price":0,"cargo":"cargo.mobile_crane","company_truck":"heavy/mercedes_6x4","trailer_variant":"trailer.goldhofer.mpa_k_flat14.t_c_3160","trailer_definition":"trailer_def.mobile_crane.goldhofer.mpa_k_flat14.t_c_3160","units_count":100,"fill_ratio":1,"trailer_place":0}],"posped.carlisle":[{"target":"lkwlog.manchester","urgency":2,"shortest_distance_km":208,"ferry_time":0,"ferry_price":0,"cargo":"cargo.metal_center","company_truck":"heavy/renault_6x4","trailer_variant":"trailer.goldhofer.stz_vl.m_centering","trailer_definition":"trailer_def.metal_center.goldhofer.stz_vl.m_centering","units_count":100,"fill_ratio":1,"trailer_place":0}],"posped.graz":[{"target":"transinet.salzburg","urgency":2,"shortest_distance_km":266,"ferry_time":0,"ferry_price":0,"cargo":"cargo.transformat","company_truck":"heavy/renault_6x4","trailer_variant":"trailer.goldhofer.stz_vl.transformer","trailer_definition":"trailer_def.transformat.goldhofer.stz_vl.transformer","units_count":100,"fill_ratio":1,"trailer_place":0}],"tree_et.southampton":[{"target":"transinet.southampton","urgency":1,"shortest_distance_km":7,"ferry_time":0,"ferry_price":0,"cargo":"cargo.mobile_crane","company_truck":"heavy/scania_streamline_8x4","trailer_variant":"trailer.goldhofer.mpa_k_flat14.t_c_3160","trailer_definition":"trailer_def.mobile_crane.goldhofer.mpa_k_flat14.t_c_3160","units_count":100,"fill_ratio":1,"trailer_place":0}],"sanbuilders.lyon":[{"target":"lkwlog.stuttgart","urgency":1,"shortest_distance_km":623,"ferry_time":0,"ferry_price":0,"cargo":"cargo.dozer","company_truck":"man_6x4_b","trailer_variant":"trailer.goldhofer.mpa_k_flat14.k_d155ax_5","trailer_definition":"trailer_def.dozer.goldhofer.mpa_k_flat14.k_d155ax_5","units_count":100,"fill_ratio":1,"trailer_place":0}],"sanbuilders.rotterdam":[{"target":"transinet.rotterdam","urgency":0,"shortest_distance_km":1,"ferry_time":0,"ferry_price":0,"cargo":"cargo.asph_miller","company_truck":"heavy/renault_6x4","trailer_variant":"trailer.goldhofer.mpa_k_flat14.wirtgenw250i","trailer_definition":"trailer_def.asph_miller.goldhofer.mpa_k_flat14.wirtgenw250i","units_count":100,"fill_ratio":1,"trailer_place":0}]}