{"euroacres.verona":[{"target":"cesare_smar.pescara","urgency":2,"shortest_distance_km":606,"ferry_time":0,"ferry_price":0,"cargo":"cargo.cont_trees","company_truck":"iveco_h_4x2_a","trailer_variant":"trailer.scs_dry_ms","trailer_definition":"trailer_def.scs.box.single_3.dryvan_m","units_count":33,"fill_ratio":1,"trailer_place":0}],"tesore_gust.milano":[{"target":"exomar.bologna","urgency":0,"shortest_distance_km":313,"ferry_time":0,"ferry_price":0,"cargo":"cargo.olive_oil","company_truck":"scania_6x2_b","trailer_variant":"trailer.scs_dry_s","trailer_definition":"trailer_def.scs.box.single_3.dryvan","units_count":33,"fill_ratio":1,"trailer_place":0}],"cargotras.sassari":[{"target":"tras_med.cagliari","urgency":1,"shortest_distance_km":217,"ferry_time":0,"ferry_price":0,"cargo":"cargo.pesto","company_truck":"scania_r_6x2_450","trailer_variant":"trailer.scs_dry_a","trailer_definition":"trailer_def.scs.box.single_3.dryvan","units_count":33,"fill_ratio":1,"trailer_place":0},{"target":"costruzi_win.palermo","urgency":0,"shortest_distance_km":313,"ferry_time":720,"ferry_price":778,"cargo":"cargo.vent_tube","company_truck":"mercedes_6x4_a","trailer_variant":"trailer.scs_flat_c_r","trailer_definition":"trailer_def.scs.flatbed.single_3.container","units_count":2,"fill_ratio":1,"trailer_place":0}],"tradeaux.klagenfurt":[{"target":"posped.graz","urgency":0,"shortest_distance_km":116,"ferry_time":0,"ferry_price":0,"cargo":"cargo.sq_tub","company_truck":"scania_s_4x2_580","trailer_variant":"trailer.scs_flat_c_g","trailer_definition":"trailer_def.scs.flatbed.single_3.container","units_count":2,"fill_ratio":1,"trailer_place":0}],"c_navale.olbia":[{"target":"te_logistica.napoli","urgency":1,"shortest_distance_km":282,"ferry_time":840,"ferry_price":879,"cargo":"cargo.scrap_metals","company_truck":"daf_4x2_b","trailer_variant":"trailer.s_ki_solid.cover","trailer_definition":"trailer_def.scrap_metals.s_ki_solid.cover","units_count":100,"fill_ratio":1,"trailer_place":0}],"costruzi_win.palermo":[{"target":"pp_chimica.roma","urgency":1,"shortest_distance_km":892,"ferry_time":20,"ferry_price":347,"cargo":"cargo.forklifts","company_truck":"man_tgx_euro6_6x4_xlx","trailer_variant":"trailer.overweight.forklifts","trailer_definition":"trailer_def.forklifts.overweight.forklifts","units_count":100,"fill_ratio":1,"trailer_place":0}],"marmo.firenze":[{"target":"costruzi_bas.firenze","urgency":2,"shortest_distance_km":154,"ferry_time":0,"ferry_price":0,"cargo":"cargo.excavator","company_truck":"daf_xf_euro6_4x2_b","trailer_variant":"trailer.overweight.excavator","trailer_definition":"trailer_def.excavator.overweight.excavator","units_count":100,"fill_ratio":1,"trailer_place":0}],"ika_bohag.pescara":[{"target":"cnp.livorno","urgency":2,"shortest_distance_km":517,"ferry_time":0,"ferry_price":0,"cargo":"cargo.empty_palet","company_truck":"renault_premium_6x4_a","trailer_variant":"trailer.scs_curt","trailer_definition":"trailer_def.scs.box.single_3.curtain","units_count":33,"fill_ratio":1,"trailer_place":0},{"target":"exomar.bologna","urgency":1,"shortest_distance_km":365,"ferry_time":0,"ferry_price":0,"cargo":"cargo.used_packag","company_truck":"daf_xf_euro6_4x2_a","trailer_variant":"trailer.scs_dry_m","trailer_definition":"trailer_def.scs.box.single_3.dryvan_m","units_count":33,"fill_ratio":1,"trailer_place":0}],"cesare_smar.sassari":[{"target":"exomar.roma","urgency":1,"shortest_distance_km":483,"ferry_time":840,"ferry_price":879,"cargo":"cargo.used_packag","company_truck":"scania_s_6x2_450","trailer_variant":"trailer.scs_curt","trailer_definition":"trailer_def.scs.box.single_3.curtain","units_count":33,"fill_ratio":1,"trailer_place":0},{"target":"exomar.bologna","urgency":0,"shortest_distance_km":891,"ferry_time":840,"ferry_price":879,"cargo":"cargo.used_plast","company_truck":"daf_xf_euro6_4x2_b","trailer_variant":"trailer.scs_dry","trailer_definition":"trailer_def.scs.box.single_3.dryvan","units_count":33,"fill_ratio":1,"trailer_place":0}],"costruzi_hal.sassari":[{"target":"tras_med.cagliari","urgency":2,"shortest_distance_km":220,"ferry_time":0,"ferry_price":0,"cargo":"cargo.excavator","company_truck":"renault_t_4x2h","trailer_variant":"trailer.overweight.excavator","trailer_definition":"trailer_def.excavator.overweight.excavator","units_count":100,"fill_ratio":1,"trailer_place":0}],"aci.genova":[{"target":"cargotras.livorno","urgency":0,"shortest_distance_km":232,"ferry_time":0,"ferry_price":0,"cargo":"cargo.med_equip","company_truck":"mercedes_actros_2014_6x4_b","trailer_variant":"trailer.scs_ref_s","trailer_definition":"trailer_def.scs.box.single_3.reefer","units_count":33,"fill_ratio":1,"trailer_place":0}],"costruzi_fla.catanzaro":[{"target":"vitas_pwr.taranto","urgency":1,"shortest_distance_km":309,"ferry_time":0,"ferry_price":0,"cargo":"cargo.forklifts","company_truck":"scania_streamline_6x2_b","trailer_variant":"trailer.overweight.forklifts","trailer_definition":"trailer_def.forklifts.overweight.forklifts","units_count":100,"fill_ratio":1,"trailer_place":0}],"sal.sassari":[{"target":"te_logistica.napoli","urgency":1,"shortest_distance_km":187,"ferry_time":840,"ferry_price":879,"cargo":"cargo.diggers","company_truck":"man_6x4_b","trailer_variant":"trailer.overweight.digger","trailer_definition":"trailer_def.diggers.overweight.digger","units_count":100,"fill_ratio":1,"trailer_place":0},{"target":"cargotras.palermo","urgency":1,"shortest_distance_km":170,"ferry_time":720,"ferry_price":778,"cargo":"cargo.sawpanels","company_truck":"renault_premium_4x2_a","trailer_variant":"trailer.scs_dry_ms","trailer_definition":"trailer_def.scs.box.single_3.dryvan_m","units_count":33,"fill_ratio":1,"trailer_place":0},{"target":"cargotras.sassari","urgency":2,"shortest_distance_km":73,"ferry_time":0,"ferry_price":0,"cargo":"cargo.excavator","company_truck":"renault_t_6x2","trailer_variant":"trailer.overweight.excavator","trailer_definition":"trailer_def.excavator.overweight.excavator","units_count":100,"fill_ratio":1,"trailer_place":0}],"cesare_smar.milano":[{"target":"te_logistica.firenze","urgency":1,"shortest_distance_km":291,"ferry_time":0,"ferry_price":0,"cargo":"cargo.used_packag","company_truck":"scania_r_6x4_650","trailer_variant":"trailer.scs_curt_a","trailer_definition":"trailer_def.scs.box.single_3.curtain","units_count":33,"fill_ratio":1,"trailer_place":0}],"costruzi_win.pescara":[{"target":"acc.taranto","urgency":1,"shortest_distance_km":329,"ferry_time":0,"ferry_price":0,"cargo":"cargo.forklifts","company_truck":"mercedes_actros_2014_4x2_c","trailer_variant":"trailer.overweight.forklifts","trailer_definition":"trailer_def.forklifts.overweight.forklifts","units_count":100,"fill_ratio":1,"trailer_place":0}],"tras_med.catania":[{"target":"te_logistica.cagliari","urgency":1,"shortest_distance_km":217,"ferry_time":720,"ferry_price":778,"cargo":"cargo.brake_pads","company_truck":"daf_4x2_a","trailer_variant":"trailer.scs_dry_s","trailer_definition":"trailer_def.scs.box.single_3.dryvan","units_count":33,"fill_ratio":1,"trailer_place":0}],"te_logistica.parma":[{"target":"tras_med.roma","urgency":0,"shortest_distance_km":443,"ferry_time":0,"ferry_price":0,"cargo":"cargo.copp_rf_gutt","company_truck":"iveco_6x2_a","trailer_variant":"trailer.scs_curt","trailer_definition":"trailer_def.scs.box.single_3.curtain","units_count":33,"fill_ratio":1,"trailer_place":0}],"pp_chimica.terni":[{"target":"marmo.palermo","urgency":0,"shortest_distance_km":1015,"ferry_time":20,"ferry_price":347,"cargo":"cargo.emptytank","company_truck":"mercedes_actros_2014_4x2_c","trailer_variant":"trailer.scs_flat_c_r","trailer_definition":"trailer_def.scs.flatbed.single_3.container","units_count":2,"fill_ratio":1,"trailer_place":0}],"euroacres.erfurt":[{"target":"te_logistica.firenze","urgency":0,"shortest_distance_km":1062,"ferry_time":0,"ferry_price":0,"cargo":"cargo.plums","company_truck":"scania_4x2_c","trailer_variant":"trailer.scs_ins","trailer_definition":"trailer_def.scs.box.single_3.insulated","units_count":33,"fill_ratio":1,"trailer_place":0}],"fui.catanzaro":[{"target":"te_logistica.messina","urgency":0,"shortest_distance_km":255,"ferry_time":20,"ferry_price":347,"cargo":"cargo.carrots","company_truck":"mercedes_6x4_a","trailer_variant":"trailer.scs_curt_s","trailer_definition":"trailer_def.scs.box.single_3.curtain","units_count":33,"fill_ratio":1,"trailer_place":0}],"tras_med.cagliari":[{"target":"te_logistica.sassari","urgency":1,"shortest_distance_km":205,"ferry_time":0,"ferry_price":0,"cargo":"cargo.mozzarela","company_truck":"man_4x2_a","trailer_variant":"trailer.scs_ref_s","trailer_definition":"trailer_def.scs.box.single_3.reefer","units_count":33,"fill_ratio":1,"trailer_place":0},{"target":"costruzi_hal.genova","urgency":1,"shortest_distance_km":816,"ferry_time":840,"ferry_price":879,"cargo":"cargo.sawpanels","company_truck":"scania_s_6x4_730","trailer_variant":"trailer.scs_dry_a","trailer_definition":"trailer_def.scs.box.single_3.dryvan","units_count":33,"fill_ratio":1,"trailer_place":0}],"cont_port_it.bari":[{"target":"tras_med.bari","urgency":1,"shortest_distance_km":21,"ferry_time":0,"ferry_price":0,"cargo":"cargo.oil_filt_c","company_truck":"scania_6x4_a","trailer_variant":"trailer.scs_gosck40","trailer_definition":"trailer_def.scs.gooseneck.singl_3e_40.container","units_count":30,"fill_ratio":1,"trailer_place":0}],"posped.zurich":[{"target":"tras_med.genova","urgency":2,"shortest_distance_km":512,"ferry_time":0,"ferry_price":0,"cargo":"cargo.wallpanels","company_truck":"scania_streamline_6x4_a","trailer_variant":"trailer.panel_trans.wall","trailer_definition":"trailer_def.wallpanels.panel_trans.wall","units_count":85,"fill_ratio":1,"trailer_place":0}],"quarry.reims":[{"target":"costruzi_bas.firenze","urgency":2,"shortest_distance_km":1087,"ferry_time":0,"ferry_price":0,"cargo":"cargo.excavator","company_truck":"iveco_4x2_c","trailer_variant":"trailer.overweight.excavator","trailer_definition":"trailer_def.excavator.overweight.excavator","units_count":100,"fill_ratio":1,"trailer_place":0}],"ika_bohag.ancona":[{"target":"tesore_gust.parma","urgency":2,"shortest_distance_km":338,"ferry_time":0,"ferry_price":0,"cargo":"cargo.empty_palet","company_truck":"iveco_6x2_a","trailer_variant":"trailer.scs_dry_m","trailer_definition":"trailer_def.scs.box.single_3.dryvan_m","units_count":33,"fill_ratio":1,"trailer_place":0}],"aci.catanzaro":[{"target":"tras_med.cagliari","urgency":0,"shortest_distance_km":424,"ferry_time":740,"ferry_price":1125,"cargo":"cargo.med_equip","company_truck":"renault_magnum_6x2_a","trailer_variant":"trailer.scs_dry_a","trailer_definition":"trailer_def.scs.box.single_3.dryvan","units_count":33,"fill_ratio":1,"trailer_place":0}],"cargotras.milano":[{"target":"exomar.bologna","urgency":1,"shortest_distance_km":263,"ferry_time":0,"ferry_price":0,"cargo":"cargo.diggers","company_truck":"scania_r_4x2_370","trailer_variant":"trailer.overweight.digger","trailer_definition":"trailer_def.diggers.overweight.digger","units_count":100,"fill_ratio":1,"trailer_place":0},{"target":"te_logistica.parma","urgency":0,"shortest_distance_km":118,"ferry_time":0,"ferry_price":0,"cargo":"cargo.chocolate","company_truck":"daf_4x2_a","trailer_variant":"trailer.scs_curt_a","trailer_definition":"trailer_def.scs.box.single_3.curtain","units_count":33,"fill_ratio":1,"trailer_place":0}],"quarry.lyon":[{"target":"tras_med.cagliari","urgency":1,"shortest_distance_km":727,"ferry_time":1050,"ferry_price":1548,"cargo":"cargo.diggers","company_truck":"iveco_h_4x2_a","trailer_variant":"trailer.overweight.digger","trailer_definition":"trailer_def.diggers.overweight.digger","units_count":100,"fill_ratio":1,"trailer_place":0}],"acc.terni":[{"target":"cargotras.livorno","urgency":0,"shortest_distance_km":317,"ferry_time":0,"ferry_price":0,"cargo":"cargo.emptytank","company_truck":"scania_streamline_6x2_b","trailer_variant":"trailer.scs_flat_b","trailer_definition":"trailer_def.scs.flatbed.single_3.flatbed_w","units_count":2,"fill_ratio":1,"trailer_place":0},{"target":"tras_med.roma","urgency":1,"shortest_distance_km":115,"ferry_time":0,"ferry_price":0,"cargo":"cargo.fueltanker","company_truck":"daf_xf_euro6_4x2_c","trailer_variant":"trailer.scs_gosck40","trailer_definition":"trailer_def.scs.gooseneck.singl_3e_40.container","units_count":80,"fill_ratio":1,"trailer_place":0},{"target":"te_logistica.napoli","urgency":1,"shortest_distance_km":346,"ferry_time":0,"ferry_price":0,"cargo":"cargo.brake_pads","company_truck":"iveco_6x2_a","trailer_variant":"trailer.scs_dry_s","trailer_definition":"trailer_def.scs.box.single_3.dryvan","units_count":33,"fill_ratio":1,"trailer_place":0}],"stokes.liege":[{"target":"itcc.szczecin","urgency":2,"shortest_distance_km":811,"ferry_time":0,"ferry_price":0,"cargo":"cargo.mtl_coil","company_truck":"daf_xf_euro6_4x2_a","trailer_variant":"trailer.scs_flat_r","trailer_definition":"trailer_def.scs.flatbed.single_3.flatbed_w","units_count":2,"fill_ratio":1,"trailer_place":0}],"ika_bohag.roma":[{"target":"te_logistica.sassari","urgency":1,"shortest_distance_km":490,"ferry_time":840,"ferry_price":879,"cargo":"cargo.used_packag","company_truck":"iveco_4x2_b","trailer_variant":"trailer.scs_dry","trailer_definition":"trailer_def.scs.box.single_3.dryvan","units_count":33,"fill_ratio":1,"trailer_place":0}],"cont_port_it.napoli":[{"target":"tras_med.cagliari","urgency":1,"shortest_distance_km":38,"ferry_time":840,"ferry_price":879,"cargo":"cargo.carbn_pwdr_c","company_truck":"daf_xf_euro6_6x2_a","trailer_variant":"trailer.scs_flat_c_g","trailer_definition":"trailer_def.scs.flatbed.single_3.container","units_count":33,"fill_ratio":1,"trailer_place":0}],"tras_med.bari":[{"target":"exomar.ancona","urgency":1,"shortest_distance_km":441,"ferry_time":0,"ferry_price":0,"cargo":"cargo.cement","company_truck":"renault_premium_4x2_a","trailer_variant":"trailer.cement","trailer_definition":"trailer_def.cement.cement","units_count":100,"fill_ratio":1,"trailer_place":0},{"target":"te_logistica.messina","urgency":0,"shortest_distance_km":427,"ferry_time":20,"ferry_price":347,"cargo":"cargo.maple_syrup","company_truck":"scania_s_6x4_730","trailer_variant":"trailer.scs_dry","trailer_definition":"trailer_def.scs.box.single_3.dryvan","units_count":33,"fill_ratio":1,"trailer_place":0}],"itcc.szczecin":[{"target":"quarry.salzburg","urgency":0,"shortest_distance_km":866,"ferry_time":0,"ferry_price":0,"cargo":"cargo.sq_tub","company_truck":"man_6x4_b","trailer_variant":"trailer.scs_flat_c_r","trailer_definition":"trailer_def.scs.flatbed.single_3.container","units_count":1,"fill_ratio":1,"trailer_place":0}],"acc.catania":[{"target":"cargotras.catanzaro","urgency":1,"shortest_distance_km":303,"ferry_time":20,"ferry_price":347,"cargo":"cargo.outdr_flr_tl","company_truck":"renault_t_4x2","trailer_variant":"trailer.scs_dry_s","trailer_definition":"trailer_def.scs.box.single_3.dryvan","units_count":33,"fill_ratio":1,"trailer_place":0},{"target":"costruzi_bas.firenze","urgency":1,"shortest_distance_km":1063,"ferry_time":20,"ferry_price":347,"cargo":"cargo.iron_pipes","company_truck":"scania_r_6x2_450","trailer_variant":"trailer.scs_log","trailer_definition":"trailer_def.scs.log.single_3.steel","units_count":2,"fill_ratio":1,"trailer_place":0}],"itcc.linz":[{"target":"transinet.salzburg","urgency":2,"shortest_distance_km":142,"ferry_time":0,"ferry_price":0,"cargo":"cargo.mtl_coil","company_truck":"scania_r_6x2_450","trailer_variant":"trailer.scs_flat_c_g","trailer_definition":"trailer_def.scs.flatbed.single_3.container","units_count":2,"fill_ratio":1,"trailer_place":0}],"stokes.zurich":[{"target":"fattoria_f.napoli","urgency":1,"shortest_distance_km":1306,"ferry_time":0,"ferry_price":0,"cargo":"cargo.diesel","company_truck":"daf_xf_euro6_6x4_c","trailer_variant":"trailer.fuel_cistern","trailer_definition":"trailer_def.diesel.fuel_cistern","units_count":94,"fill_ratio":1,"trailer_place":0}],"aaa.pescara":[{"target":"exomar.ancona","urgency":1,"shortest_distance_km":182,"ferry_time":0,"ferry_price":0,"cargo":"cargo.iveco_vans","company_truck":"mercedes_actros_2014_4x2_c","trailer_variant":"trailer.van_trans_id","trailer_definition":"trailer_def.iveco_vans.van_trans_id","units_count":100,"fill_ratio":1,"trailer_place":0},{"target":"tras_med.roma","urgency":0,"shortest_distance_km":240,"ferry_time":0,"ferry_price":0,"cargo":"cargo.scooters","company_truck":"scania_4x2_c","trailer_variant":"trailer.scs_curt","trailer_definition":"trailer_def.scs.box.single_3.curtain","units_count":33,"fill_ratio":1,"trailer_place":0}],"fattoria_f.napoli":[{"target":"exomar.bologna","urgency":0,"shortest_distance_km":788,"ferry_time":0,"ferry_price":0,"cargo":"cargo.beef_meat","company_truck":"man_4x2_c","trailer_variant":"trailer.scs_ref_s","trailer_definition":"trailer_def.scs.box.single_3.reefer","units_count":33,"fill_ratio":1,"trailer_place":0}],"cnp.catania":[{"target":"acc.taranto","urgency":2,"shortest_distance_km":541,"ferry_time":20,"ferry_price":347,"cargo":"cargo.motor_oil_c","company_truck":"renault_t_6x2","trailer_variant":"trailer.scs_flat_c_r","trailer_definition":"trailer_def.scs.flatbed.single_3.container","units_count":33,"fill_ratio":1,"trailer_place":0}],"te_logistica.firenze":[{"target":"tras_med.bari","urgency":1,"shortest_distance_km":759,"ferry_time":0,"ferry_price":0,"cargo":"cargo.wshavings","company_truck":"iveco_4x2_a","trailer_variant":"trailer.s_ki_solid.cover","trailer_definition":"trailer_def.wshavings.s_ki_solid.cover","units_count":100,"fill_ratio":1,"trailer_place":0}],"libellula.ancona":[{"target":"cargotras.pescara","urgency":1,"shortest_distance_km":268,"ferry_time":0,"ferry_price":0,"cargo":"cargo.motorcycles","company_truck":"iveco_h_4x2_a","trailer_variant":"trailer.scs_dry_ms","trailer_definition":"trailer_def.scs.box.single_3.dryvan_m","units_count":33,"fill_ratio":1,"trailer_place":0},{"target":"te_logistica.napoli","urgency":1,"shortest_distance_km":513,"ferry_time":0,"ferry_price":0,"cargo":"cargo.used_packag","company_truck":"daf_xf_euro6_6x2_a","trailer_variant":"trailer.scs_dry","trailer_definition":"trailer_def.scs.box.single_3.dryvan","units_count":33,"fill_ratio":1,"trailer_place":0}],"fui.firenze":[{"target":"te_logistica.napoli","urgency":0,"shortest_distance_km":510,"ferry_time":0,"ferry_price":0,"cargo":"cargo.carrots","company_truck":"man_6x4_b","trailer_variant":"trailer.scs_curt","trailer_definition":"trailer_def.scs.box.single_3.curtain","units_count":33,"fill_ratio":1,"trailer_place":0}],"sal.terni":[{"target":"cargotras.catanzaro","urgency":2,"shortest_distance_km":739,"ferry_time":0,"ferry_price":0,"cargo":"cargo.digger500","company_truck":"renault_t_4x2","trailer_variant":"trailer.overweight.digger500","trailer_definition":"trailer_def.digger500.overweight.digger500","units_count":100,"fill_ratio":1,"trailer_place":0}],"costruzi_win.taranto":[{"target":"tras_med.bari","urgency":2,"shortest_distance_km":68,"ferry_time":0,"ferry_price":0,"cargo":"cargo.empty_palet","company_truck":"man_6x4_b","trailer_variant":"trailer.scs_curt_a","trailer_definition":"trailer_def.scs.box.single_3.curtain","units_count":33,"fill_ratio":1,"trailer_place":0}],"te_logistica.cagliari":[{"target":"exomar.olbia","urgency":0,"shortest_distance_km":243,"ferry_time":0,"ferry_price":0,"cargo":"cargo.vinegar","company_truck":"man_6x4_b","trailer_variant":"trailer.scs_curt_a","trailer_definition":"trailer_def.scs.box.single_3.curtain","units_count":33,"fill_ratio":1,"trailer_place":0},{"target":"eolo_lines.messina","urgency":0,"shortest_distance_km":223,"ferry_time":720,"ferry_price":778,"cargo":"cargo.olive_oil_t","company_truck":"man_6x4_b","trailer_variant":"trailer.scs_fodt","trailer_definition":"trailer_def.scs.foodtank.single_3.paint","units_count":30,"fill_ratio":1,"trailer_place":0},{"target":"c_navale.olbia","urgency":1,"shortest_distance_km":242,"ferry_time":0,"ferry_price":0,"cargo":"cargo.radiators","company_truck":"mercedes_4x2","trailer_variant":"trailer.scs_dry_s","trailer_definition":"trailer_def.scs.box.single_3.dryvan","units_count":33,"fill_ratio":1,"trailer_place":0}],"costruzi_bas.firenze":[{"target":"fui.firenze","urgency":2,"shortest_distance_km":106,"ferry_time":0,"ferry_price":0,"cargo":"cargo.excav_soil","company_truck":"iveco_6x2_a","trailer_variant":"trailer.s_ki_solid.cover","trailer_definition":"trailer_def.excav_soil.s_ki_solid.cover","units_count":100,"fill_ratio":1,"trailer_place":0},{"target":"pp_chimica.terni","urgency":1,"shortest_distance_km":261,"ferry_time":0,"ferry_price":0,"cargo":"cargo.hipresstank","company_truck":"mercedes_actros_2014_4x2_c","trailer_variant":"trailer.scs_flat_c_g","trailer_definition":"trailer_def.scs.flatbed.single_3.container","units_count":2,"fill_ratio":1,"trailer_place":0}],"lkwlog.venezia":[{"target":"exomar.bologna","urgency":0,"shortest_distance_km":182,"ferry_time":0,"ferry_price":0,"cargo":"cargo.sand","company_truck":"daf_6x2_a","trailer_variant":"trailer.s_ki_solid.sand","trailer_definition":"trailer_def.sand.s_ki_solid.sand","units_count":100,"fill_ratio":1,"trailer_place":0},{"target":"libellula.bologna","urgency":0,"shortest_distance_km":152,"ferry_time":0,"ferry_price":0,"cargo":"cargo.vent_tube","company_truck":"scania_s_4x2_580","trailer_variant":"trailer.scs_flat_c_r","trailer_definition":"trailer_def.scs.flatbed.single_3.container","units_count":2,"fill_ratio":1,"trailer_place":0}],"aaa.taranto":[{"target":"exomar.ancona","urgency":1,"shortest_distance_km":481,"ferry_time":0,"ferry_price":0,"cargo":"cargo.car_it","company_truck":"man_tgx_euro6_6x4_xlx","trailer_variant":"trailer.car_it","trailer_definition":"trailer_def.car_it.car_it","units_count":100,"fill_ratio":1,"trailer_place":0}],"pp_chimica.roma":[{"target":"acc.terni","urgency":2,"shortest_distance_km":206,"ferry_time":0,"ferry_price":0,"cargo":"cargo.neon","company_truck":"scania_6x2_b","trailer_variant":"trailer.scs_gosck20","trailer_definition":"trailer_def.scs.gooseneck.singl_3e_20.container","units_count":40,"fill_ratio":1,"trailer_place":0}],"sal.livorno":[{"target":"tras_med.genova","urgency":2,"shortest_distance_km":258,"ferry_time":0,"ferry_price":0,"cargo":"cargo.logs","company_truck":"daf_4x2_a","trailer_variant":"trailer.scs_log","trailer_definition":"trailer_def.scs.log.single_3.steel","units_count":2,"fill_ratio":1,"trailer_place":0}],"cnp.napoli":[{"target":"pp_chimica.roma","urgency":1,"shortest_distance_km":223,"ferry_time":0,"ferry_price":0,"cargo":"cargo.carbn_pwdr_c","company_truck":"daf_4x2_b","trailer_variant":"trailer.scs_flat_c_r","trailer_definition":"trailer_def.scs.flatbed.single_3.container","units_count":33,"fill_ratio":1,"trailer_place":0},{"target":"pp_chimica.terni","urgency":1,"shortest_distance_km":336,"ferry_time":0,"ferry_price":0,"cargo":"cargo.kerosene","company_truck":"man_6x4_b","trailer_variant":"trailer.fuel_cistern","trailer_definition":"trailer_def.kerosene.fuel_cistern","units_count":100,"fill_ratio":1,"trailer_place":0},{"target":"cargotras.sassari","urgency":2,"shortest_distance_km":218,"ferry_time":840,"ferry_price":879,"cargo":"cargo.petrol","company_truck":"daf_xf_euro6_4x2_c","trailer_variant":"trailer.fuel_cistern","trailer_definition":"trailer_def.petrol.fuel_cistern","units_count":100,"fill_ratio":1,"trailer_place":0},{"target":"acc.taranto","urgency":1,"shortest_distance_km":267,"ferry_time":0,"ferry_price":0,"cargo":"cargo.oil","company_truck":"scania_6x4_a","trailer_variant":"trailer.fuel_cistern","trailer_definition":"trailer_def.oil.fuel_cistern","units_count":100,"fill_ratio":1,"trailer_place":0}],"spinelli.cassino":[{"target":"cargotras.pescara","urgency":1,"shortest_distance_km":198,"ferry_time":0,"ferry_price":0,"cargo":"cargo.scrap_metals","company_truck":"man_tgx_euro6_4x2_xxl","trailer_variant":"trailer.s_ki_solid.cover","trailer_definition":"trailer_def.scrap_metals.s_ki_solid.cover","units_count":100,"fill_ratio":1,"trailer_place":0},{"target":"ika_bohag.roma","urgency":1,"shortest_distance_km":156,"ferry_time":0,"ferry_price":0,"cargo":"cargo.forklifts","company_truck":"man_6x4_b","trailer_variant":"trailer.overweight.forklifts","trailer_definition":"trailer_def.forklifts.overweight.forklifts","units_count":100,"fill_ratio":1,"trailer_place":0}],"eolo_lines.palermo":[{"target":"te_logistica.cagliari","urgency":0,"shortest_distance_km":12,"ferry_time":720,"ferry_price":778,"cargo":"cargo.clothes_c","company_truck":"scania_s_6x2_450","trailer_variant":"trailer.scs_gosck40","trailer_definition":"trailer_def.scs.gooseneck.singl_3e_40.container","units_count":30,"fill_ratio":1,"trailer_place":0}],"libellula.livorno":[{"target":"cargotras.livorno","urgency":2,"shortest_distance_km":32,"ferry_time":0,"ferry_price":0,"cargo":"cargo.empty_palet","company_truck":"mercedes_4x2","trailer_variant":"trailer.scs_dry_m","trailer_definition":"trailer_def.scs.box.single_3.dryvan_m","units_count":33,"fill_ratio":1,"trailer_place":0}],"eolo_lines.napoli":[{"target":"te_logistica.napoli","urgency":1,"shortest_distance_km":21,"ferry_time":0,"ferry_price":0,"cargo":"cargo.pasta","company_truck":"scania_streamline_4x2_b","trailer_variant":"trailer.scs_dry_m","trailer_definition":"trailer_def.scs.box.single_3.dryvan_m","units_count":33,"fill_ratio":1,"trailer_place":0}],"exomar.roma":[{"target":"cargotras.olbia","urgency":1,"shortest_distance_km":520,"ferry_time":840,"ferry_price":879,"cargo":"cargo.wshavings","company_truck":"man_tgx_euro6_4x2_xl","trailer_variant":"trailer.s_ki_solid.cover","trailer_definition":"trailer_def.wshavings.s_ki_solid.cover","units_count":100,"fill_ratio":1,"trailer_place":1}],"tree_et.graz":[{"target":"te_logistica.firenze","urgency":2,"shortest_distance_km":673,"ferry_time":0,"ferry_price":0,"cargo":"cargo.logs","company_truck":"man_6x4_b","trailer_variant":"trailer.scs_log","trailer_definition":"trailer_def.scs.log.single_3.steel","units_count":2,"fill_ratio":1,"trailer_place":0}],"quadrelli.pescara":[{"target":"tras_med.bari","urgency":0,"shortest_distance_km":332,"ferry_time":0,"ferry_price":0,"cargo":"cargo.gravel","company_truck":"renault_premium_6x4_a","trailer_variant":"trailer.s_ki_solid.gravel","trailer_definition":"trailer_def.gravel.s_ki_solid.gravel","units_count":100,"fill_ratio":1,"trailer_place":0},{"target":"tras_med.roma","urgency":0,"shortest_distance_km":249,"ferry_time":0,"ferry_price":0,"cargo":"cargo.sand","company_truck":"mercedes_4x2_b","trailer_variant":"trailer.s_ki_solid.sand","trailer_definition":"trailer_def.sand.s_ki_solid.sand","units_count":100,"fill_ratio":1,"trailer_place":0}],"cargotras.olbia":[{"target":"te_logistica.messina","urgency":1,"shortest_distance_km":470,"ferry_time":720,"ferry_price":778,"cargo":"cargo.forklifts","company_truck":"daf_4x2_b","trailer_variant":"trailer.overweight.forklifts","trailer_definition":"trailer_def.forklifts.overweight.forklifts","units_count":100,"fill_ratio":1,"trailer_place":0}],"tras_med.roma":[{"target":"cargotras.sassari","urgency":2,"shortest_distance_km":480,"ferry_time":840,"ferry_price":879,"cargo":"cargo.sandwch_pnls","company_truck":"scania_streamline_4x2_a","trailer_variant":"trailer.scs_dry_m","trailer_definition":"trailer_def.scs.box.single_3.dryvan_m","units_count":33,"fill_ratio":1,"trailer_place":1},{"target":"exomar.taranto","urgency":0,"shortest_distance_km":552,"ferry_time":0,"ferry_price":0,"cargo":"cargo.watermelons","company_truck":"renault_premium_6x2_a","trailer_variant":"trailer.scs_ins","trailer_definition":"trailer_def.scs.box.single_3.insulated","units_count":33,"fill_ratio":1,"trailer_place":1}],"cargotras.catanzaro":[{"target":"te_logistica.parma","urgency":1,"shortest_distance_km":975,"ferry_time":0,"ferry_price":0,"cargo":"cargo.forklifts","company_truck":"scania_r_4x2_520","trailer_variant":"trailer.overweight.forklifts","trailer_definition":"trailer_def.forklifts.overweight.forklifts","units_count":100,"fill_ratio":1,"trailer_place":0},{"target":"tras_med.catania","urgency":0,"shortest_distance_km":295,"ferry_time":20,"ferry_price":347,"cargo":"cargo.olive_oil_t","company_truck":"mercedes_actros_2014_4x2_c","trailer_variant":"trailer.scs_fodt","trailer_definition":"trailer_def.scs.foodtank.single_3.paint","units_count":30,"fill_ratio":1,"trailer_place":0},{"target":"tras_med.cagliari","urgency":0,"shortest_distance_km":403,"ferry_time":740,"ferry_price":1125,"cargo":"cargo.used_plast","company_truck":"scania_streamline_4x2_b","trailer_variant":"trailer.scs_dry_ms","trailer_definition":"trailer_def.scs.box.single_3.dryvan_m","units_count":33,"fill_ratio":1,"trailer_place":0},{"target":"te_logistica.messina","urgency":0,"shortest_distance_km":159,"ferry_time":20,"ferry_price":347,"cargo":"cargo.graph_grease","company_truck":"renault_magnum_6x2_a","trailer_variant":"trailer.scs_dry_a","trailer_definition":"trailer_def.scs.box.single_3.dryvan","units_count":33,"fill_ratio":1,"trailer_place":0}],"c_navale.messina":[{"target":"marina_it.cagliari","urgency":2,"shortest_distance_km":213,"ferry_time":720,"ferry_price":778,"cargo":"cargo.princess","company_truck":"daf_xf_euro6_4x2_c","trailer_variant":"trailer.overweight.boat","trailer_definition":"trailer_def.princess.overweight.boat","units_count":100,"fill_ratio":1,"trailer_place":0}],"exomar.taranto":[{"target":"cesare_smar.sassari","urgency":2,"shortest_distance_km":506,"ferry_time":840,"ferry_price":879,"cargo":"cargo.toys","company_truck":"daf_xf_euro6_4x2_b","trailer_variant":"trailer.scs_curt_s","trailer_definition":"trailer_def.scs.box.single_3.curtain","units_count":33,"fill_ratio":1,"trailer_place":0}],"piac.bologna":[{"target":"te_logistica.messina","urgency":1,"shortest_distance_km":1071,"ferry_time":20,"ferry_price":347,"cargo":"cargo.used_packag","company_truck":"scania_r_6x4_650","trailer_variant":"trailer.scs_dry_ms","trailer_definition":"trailer_def.scs.box.single_3.dryvan_m","units_count":33,"fill_ratio":1,"trailer_place":0},{"target":"tras_med.bari","urgency":1,"shortest_distance_km":696,"ferry_time":0,"ferry_price":0,"cargo":"cargo.scrap_metals","company_truck":"man_6x4_b","trailer_variant":"trailer.s_ki_solid.cover","trailer_definition":"trailer_def.scrap_metals.s_ki_solid.cover","units_count":100,"fill_ratio":1,"trailer_place":0}],"trameri.wroclaw":[{"target":"cargotras.catanzaro","urgency":1,"shortest_distance_km":2042,"ferry_time":0,"ferry_price":0,"cargo":"cargo.used_packag","company_truck":"scania_s_6x4_730","trailer_variant":"trailer.scs_dry","trailer_definition":"trailer_def.scs.box.single_3.dryvan","units_count":33,"fill_ratio":1,"trailer_place":0}],"fui.olbia":[{"target":"exomar.olbia","urgency":2,"shortest_distance_km":65,"ferry_time":0,"ferry_price":0,"cargo":"cargo.frsh_herbs","company_truck":"mercedes_4x2_a","trailer_variant":"trailer.scs_ins","trailer_definition":"trailer_def.scs.box.single_3.insulated","units_count":33,"fill_ratio":1,"trailer_place":0}],"cnp.taranto":[{"target":"sal.sassari","urgency":2,"shortest_distance_km":436,"ferry_time":840,"ferry_price":879,"cargo":"cargo.petrol","company_truck":"man_6x4_b","trailer_variant":"trailer.fuel_cistern","trailer_definition":"trailer_def.petrol.fuel_cistern","units_count":100,"fill_ratio":1,"trailer_place":0},{"target":"marmo.palermo","urgency":1,"shortest_distance_km":607,"ferry_time":20,"ferry_price":347,"cargo":"cargo.fueltanker","company_truck":"scania_s_4x2_580","trailer_variant":"trailer.scs_flat_c_r","trailer_definition":"trailer_def.scs.flatbed.single_3.container","units_count":87,"fill_ratio":1,"trailer_place":0}],"ika_bohag.firenze":[{"target":"tras_med.roma","urgency":2,"shortest_distance_km":312,"ferry_time":0,"ferry_price":0,"cargo":"cargo.empty_palet","company_truck":"scania_4x2_b","trailer_variant":"trailer.scs_curt_s","trailer_definition":"trailer_def.scs.box.single_3.curtain","units_count":33,"fill_ratio":1,"trailer_place":0}],"euroacres.dijon":[{"target":"cargotras.sassari","urgency":2,"shortest_distance_km":671,"ferry_time":1050,"ferry_price":1548,"cargo":"cargo.honey","company_truck":"scania_streamline_4x2_b","trailer_variant":"trailer.scs_dry_s","trailer_definition":"trailer_def.scs.box.single_3.dryvan","units_count":33,"fill_ratio":1,"trailer_place":0}],"aaa.roma":[{"target":"exomar.roma","urgency":0,"shortest_distance_km":1,"ferry_time":0,"ferry_price":0,"cargo":"cargo.scooters","company_truck":"iveco_4x2_c","trailer_variant":"trailer.scs_curt_s","trailer_definition":"trailer_def.scs.box.single_3.curtain","units_count":33,"fill_ratio":1,"trailer_place":1}],"fattoria_f.roma":[{"target":"tras_med.bari","urgency":1,"shortest_distance_km":405,"ferry_time":0,"ferry_price":0,"cargo":"cargo.cheese","company_truck":"mercedes_6x2_b","trailer_variant":"trailer.scs_ref","trailer_definition":"trailer_def.scs.box.single_3.reefer","units_count":33,"fill_ratio":1,"trailer_place":0}],"fcp.graz":[{"target":"exomar.bologna","urgency":1,"shortest_distance_km":596,"ferry_time":0,"ferry_price":0,"cargo":"cargo.used_packag","company_truck":"daf_xf_euro6_4x2_b","trailer_variant":"trailer.scs_dry_s","trailer_definition":"trailer_def.scs.box.single_3.dryvan","units_count":33,"fill_ratio":1,"trailer_place":0}],"eolo_lines.sassari":[{"target":"te_logistica.sassari","urgency":1,"shortest_distance_km":44,"ferry_time":0,"ferry_price":0,"cargo":"cargo.chem_sorbent","company_truck":"man_6x4_b","trailer_variant":"trailer.scs_curt_s","trailer_definition":"trailer_def.scs.box.single_3.curtain","units_count":33,"fill_ratio":1,"trailer_place":0}],"te_logistica.messina":[{"target":"acc.catania","urgency":0,"shortest_distance_km":141,"ferry_time":0,"ferry_price":0,"cargo":"cargo.ore","company_truck":"man_6x4_b","trailer_variant":"trailer.s_ki_solid.ore","trailer_definition":"trailer_def.ore.s_ki_solid.ore","units_count":100,"fill_ratio":1,"trailer_place":0},{"target":"c_navale.messina","urgency":1,"shortest_distance_km":1,"ferry_time":0,"ferry_price":0,"cargo":"cargo.forklifts","company_truck":"scania_streamline_4x2_b","trailer_variant":"trailer.overweight.forklifts","trailer_definition":"trailer_def.forklifts.overweight.forklifts","units_count":100,"fill_ratio":1,"trailer_place":0}],"aci.cagliari":[{"target":"cesare_smar.palermo","urgency":2,"shortest_distance_km":38,"ferry_time":720,"ferry_price":778,"cargo":"cargo.frsh_herbs","company_truck":"renault_magnum_4x2_a","trailer_variant":"trailer.scs_ins","trailer_definition":"trailer_def.scs.box.single_3.insulated","units_count":33,"fill_ratio":1,"trailer_place":0}],"cnp.ancona":[{"target":"marmo.firenze","urgency":1,"shortest_distance_km":244,"ferry_time":0,"ferry_price":0,"cargo":"cargo.diesel","company_truck":"daf_xf_euro6_4x2_c","trailer_variant":"trailer.willig.fuel_cistern","trailer_definition":"trailer_def.diesel.willig.fuel_cistern","units_count":100,"fill_ratio":1,"trailer_place":0}],"te_logistica.napoli":[{"target":"tras_med.roma","urgency":2,"shortest_distance_km":232,"ferry_time":0,"ferry_price":0,"cargo":"cargo.wallpanels","company_truck":"scania_4x2_b","trailer_variant":"trailer.panel_trans.wall","trailer_definition":"trailer_def.wallpanels.panel_trans.wall","units_count":100,"fill_ratio":1,"trailer_place":0},{"target":"exomar.taranto","urgency":2,"shortest_distance_km":343,"ferry_time":0,"ferry_price":0,"cargo":"cargo.mondeos","company_truck":"renault_t_6x2","trailer_variant":"trailer.car_trans3","trailer_definition":"trailer_def.mondeos.car_trans3","units_count":100,"fill_ratio":1,"trailer_place":0},{"target":"eolo_lines.cagliari","urgency":2,"shortest_distance_km":24,"ferry_time":840,"ferry_price":879,"cargo":"cargo.rice_c","company_truck":"mercedes_6x2_b","trailer_variant":"trailer.scs_gosck220","trailer_definition":"trailer_def.scs.gooseneck.singl_3e_220.container","units_count":30,"fill_ratio":1,"trailer_place":0}],"nbfc.calais":[{"target":"pp_chimica.olbia","urgency":2,"shortest_distance_km":1390,"ferry_time":1050,"ferry_price":1548,"cargo":"cargo.hchemicals","company_truck":"scania_6x4_a","trailer_variant":"trailer.chcistern","trailer_definition":"trailer_def.hchemicals.chcistern","units_count":100,"fill_ratio":1,"trailer_place":0}],"tras_med.genova":[{"target":"cesare_smar.sassari","urgency":2,"shortest_distance_km":650,"ferry_time":1050,"ferry_price":1548,"cargo":"cargo.mason_jars","company_truck":"scania_s_6x4_730","trailer_variant":"trailer.scs_curt","trailer_definition":"trailer_def.scs.box.single_3.curtain","units_count":33,"fill_ratio":1,"trailer_place":0}],"eolo_lines.cagliari":[{"target":"cesare_smar.palermo","urgency":0,"shortest_distance_km":5,"ferry_time":720,"ferry_price":778,"cargo":"cargo.tableware","company_truck":"mercedes_actros_2014_6x4_b","trailer_variant":"trailer.scs_dry_m","trailer_definition":"trailer_def.scs.box.single_3.dryvan_m","units_count":33,"fill_ratio":1,"trailer_place":0}],"cnp.livorno":[{"target":"aci.genova","urgency":1,"shortest_distance_km":249,"ferry_time":0,"ferry_price":0,"cargo":"cargo.kerosene","company_truck":"daf_xf_euro6_6x2_a","trailer_variant":"trailer.fuel_cistern","trailer_definition":"trailer_def.kerosene.fuel_cistern","units_count":100,"fill_ratio":1,"trailer_place":0}],"cont_port_it.genova":[{"target":"te_logistica.firenze","urgency":1,"shortest_distance_km":275,"ferry_time":0,"ferry_price":0,"cargo":"cargo.used_plast_c","company_truck":"daf_4x2_a","trailer_variant":"trailer.scs_gosck220","trailer_definition":"trailer_def.scs.gooseneck.singl_3e_220.container","units_count":30,"fill_ratio":1,"trailer_place":0}],"stokes.aberdeen":[{"target":"sanbuilders.london","urgency":2,"shortest_distance_km":844,"ferry_time":0,"ferry_price":0,"cargo":"cargo.mtl_coil","company_truck":"scania_streamline_4x2_c","trailer_variant":"trailer.scs_flat_b","trailer_definition":"trailer_def.scs.flatbed.single_3.flatbed_w","units_count":2,"fill_ratio":1,"trailer_place":0}],"piac.parma":[{"target":"te_logistica.firenze","urgency":1,"shortest_distance_km":202,"ferry_time":0,"ferry_price":0,"cargo":"cargo.used_plast_c","company_truck":"scania_streamline_4x2_b","trailer_variant":"trailer.scs_gosck20","trailer_definition":"trailer_def.scs.gooseneck.singl_3e_20.container","units_count":15,"fill_ratio":1,"trailer_place":0}],"eurogoodies.magdeburg":[{"target":"cargotras.livorno","urgency":0,"shortest_distance_km":1208,"ferry_time":0,"ferry_price":0,"cargo":"cargo.beef_meat","company_truck":"scania_r_6x2_450","trailer_variant":"trailer.scs_ref_s","trailer_definition":"trailer_def.scs.box.single_3.reefer","units_count":33,"fill_ratio":1,"trailer_place":0}],"exomar.bologna":[{"target":"te_logistica.firenze","urgency":0,"shortest_distance_km":155,"ferry_time":0,"ferry_price":0,"cargo":"cargo.ore","company_truck":"renault_premium_4x2_a","trailer_variant":"trailer.s_ki_solid.ore","trailer_definition":"trailer_def.ore.s_ki_solid.ore","units_count":100,"fill_ratio":1,"trailer_place":0}],"trameri.klagenfurt":[{"target":"cargotras.pescara","urgency":1,"shortest_distance_km":876,"ferry_time":0,"ferry_price":0,"cargo":"cargo.used_plast_c","company_truck":"renault_premium_4x2_c","trailer_variant":"trailer.scs_gosck20","trailer_definition":"trailer_def.scs.gooseneck.singl_3e_20.container","units_count":15,"fill_ratio":1,"trailer_place":0}],"fui.catania":[{"target":"exomar.bologna","urgency":0,"shortest_distance_km":1133,"ferry_time":20,"ferry_price":347,"cargo":"cargo.apples_c","company_truck":"mercedes_4x2_a","trailer_variant":"trailer.scs_gosck20","trailer_definition":"trailer_def.scs.gooseneck.singl_3e_20.container","units_count":15,"fill_ratio":1,"trailer_place":0},{"target":"tras_med.catania","urgency":2,"shortest_distance_km":94,"ferry_time":0,"ferry_price":0,"cargo":"cargo.frsh_herbs","company_truck":"iveco_6x2_a","trailer_variant":"trailer.scs_ref_a","trailer_definition":"trailer_def.scs.box.single_3.reefer","units_count":33,"fill_ratio":1,"trailer_place":0}],"eolo_lines.messina":[{"target":"tras_med.cagliari","urgency":2,"shortest_distance_km":248,"ferry_time":720,"ferry_price":778,"cargo":"cargo.flour","company_truck":"mercedes_4x2_a","trailer_variant":"trailer.scs_dry_m","trailer_definition":"trailer_def.scs.box.single_3.dryvan_m","units_count":33,"fill_ratio":1,"trailer_place":0}],"sellplan.torino":[{"target":"cargotras.livorno","urgency":2,"shortest_distance_km":330,"ferry_time":0,"ferry_price":0,"cargo":"cargo.empty_palet","company_truck":"scania_streamline_4x2_a","trailer_variant":"trailer.scs_dry_s","trailer_definition":"trailer_def.scs.box.single_3.dryvan","units_count":33,"fill_ratio":1,"trailer_place":0}],"cargotras.palermo":[{"target":"te_logistica.messina","urgency":0,"shortest_distance_km":206,"ferry_time":0,"ferry_price":0,"cargo":"cargo.glass_packed","company_truck":"scania_s_4x2_580","trailer_variant":"trailer.gls_trailer","trailer_definition":"trailer_def.glass_packed.gls_trailer","units_count":100,"fill_ratio":1,"trailer_place":0},{"target":"marina_it.ancona","urgency":1,"shortest_distance_km":1085,"ferry_time":20,"ferry_price":347,"cargo":"cargo.diesel","company_truck":"daf_xf_euro6_6x2_a","trailer_variant":"trailer.fuel_cistern","trailer_definition":"trailer_def.diesel.fuel_cistern","units_count":100,"fill_ratio":1,"trailer_place":0}],"te_logistica.sassari":[{"target":"cargotras.sassari","urgency":2,"shortest_distance_km":1,"ferry_time":0,"ferry_price":0,"cargo":"cargo.milk_t","company_truck":"man_6x4_b","trailer_variant":"trailer.scs_fodt","trailer_definition":"trailer_def.scs.foodtank.single_3.paint","units_count":27,"fill_ratio":1,"trailer_place":0}],"libellula.milano":[{"target":"cargotras.catanzaro","urgency":1,"shortest_distance_km":1174,"ferry_time":0,"ferry_price":0,"cargo":"cargo.used_packag","company_truck":"man_4x2_a","trailer_variant":"trailer.scs_dry_s","trailer_definition":"trailer_def.scs.box.single_3.dryvan","units_count":33,"fill_ratio":1,"trailer_place":0}],"cesare_smar.pescara":[{"target":"exomar.roma","urgency":0,"shortest_distance_km":240,"ferry_time":0,"ferry_price":0,"cargo":"cargo.used_plast","company_truck":"scania_s_4x2_370","trailer_variant":"trailer.scs_curt","trailer_definition":"trailer_def.scs.box.single_3.curtain","units_count":33,"fill_ratio":1,"trailer_place":0}],"acc.taranto":[{"target":"costruzi_win.taranto","urgency":2,"shortest_distance_km":91,"ferry_time":0,"ferry_price":0,"cargo":"cargo.mtl_coil","company_truck":"daf_4x2_a","trailer_variant":"trailer.scs_flat_c_r","trailer_definition":"trailer_def.scs.flatbed.single_3.container","units_count":2,"fill_ratio":1,"trailer_place":0},{"target":"exomar.taranto","urgency":1,"shortest_distance_km":67,"ferry_time":0,"ferry_price":0,"cargo":"cargo.precast_strs","company_truck":"man_6x4_b","trailer_variant":"trailer.scs_curt","trailer_definition":"trailer_def.scs.box.single_3.curtain","units_count":33,"fill_ratio":1,"trailer_place":0},{"target":"exomar.taranto","urgency":0,"shortest_distance_km":67,"ferry_time":0,"ferry_price":0,"cargo":"cargo.exhausts_c","company_truck":"man_6x4_b","trailer_variant":"trailer.scs_gosck220","trailer_definition":"trailer_def.scs.gooseneck.singl_3e_220.container","units_count":30,"fill_ratio":1,"trailer_place":0}],"eolo_lines.sangiovanni":[{"target":"cesare_smar.sassari","urgency":0,"shortest_distance_km":427,"ferry_time":740,"ferry_price":1125,"cargo":"cargo.froz_octopi","company_truck":"scania_streamline_4x2_b","trailer_variant":"trailer.scs_ref_s","trailer_definition":"trailer_def.scs.box.single_3.reefer","units_count":33,"fill_ratio":1,"trailer_place":0},{"target":"cargotras.pescara","urgency":1,"shortest_distance_km":677,"ferry_time":0,"ferry_price":0,"cargo":"cargo.pasta","company_truck":"man_6x4_b","trailer_variant":"trailer.scs_dry","trailer_definition":"trailer_def.scs.box.single_3.dryvan","units_count":33,"fill_ratio":1,"trailer_place":0}],"exomar.olbia":[{"target":"cargotras.sassari","urgency":0,"shortest_distance_km":97,"ferry_time":0,"ferry_price":0,"cargo":"cargo.maple_syrup","company_truck":"scania_r_4x2_370","trailer_variant":"trailer.scs_dry_m","trailer_definition":"trailer_def.scs.box.single_3.dryvan_m","units_count":33,"fill_ratio":1,"trailer_place":0}],"posped.linz":[{"target":"exomar.bologna","urgency":1,"shortest_distance_km":758,"ferry_time":0,"ferry_price":0,"cargo":"cargo.sugar","company_truck":"scania_s_4x2_370","trailer_variant":"trailer.scs_curt","trailer_definition":"trailer_def.scs.box.single_3.curtain","units_count":33,"fill_ratio":1,"trailer_place":0}],"cesare_smar.palermo":[{"target":"cargotras.sassari","urgency":0,"shortest_distance_km":219,"ferry_time":720,"ferry_price":778,"cargo":"cargo.used_plast","company_truck":"man_6x4_b","trailer_variant":"trailer.scs_dry_a","trailer_definition":"trailer_def.scs.box.single_3.dryvan","units_count":33,"fill_ratio":1,"trailer_place":0},{"target":"cargotras.sassari","urgency":1,"shortest_distance_km":219,"ferry_time":720,"ferry_price":778,"cargo":"cargo.used_plast_c","company_truck":"scania_s_6x4_730","trailer_variant":"trailer.scs_gosck20","trailer_definition":"trailer_def.scs.gooseneck.singl_3e_20.container","units_count":15,"fill_ratio":1,"trailer_place":0},{"target":"te_logistica.cagliari","urgency":1,"shortest_distance_km":16,"ferry_time":720,"ferry_price":778,"cargo":"cargo.used_packag","company_truck":"scania_r_4x2_520","trailer_variant":"trailer.scs_curt_s","trailer_definition":"trailer_def.scs.box.single_3.curtain","units_count":33,"fill_ratio":1,"trailer_place":0}],"cargotras.pescara":[{"target":"exomar.ancona","urgency":0,"shortest_distance_km":182,"ferry_time":0,"ferry_price":0,"cargo":"cargo.med_equip","company_truck":"man_tgx_euro6_4x2_xl","trailer_variant":"trailer.scs_ins_a","trailer_definition":"trailer_def.scs.box.single_3.insulated","units_count":33,"fill_ratio":1,"trailer_place":0},{"target":"exomar.roma","urgency":2,"shortest_distance_km":239,"ferry_time":0,"ferry_price":0,"cargo":"cargo.mason_jars","company_truck":"scania_4x2_a","trailer_variant":"trailer.scs_dry_a","trailer_definition":"trailer_def.scs.box.single_3.dryvan","units_count":33,"fill_ratio":1,"trailer_place":0},{"target":"tras_med.bari","urgency":0,"shortest_distance_km":324,"ferry_time":0,"ferry_price":0,"cargo":"cargo.sq_tub","company_truck":"daf_4x2_a","trailer_variant":"trailer.scs_flat_r","trailer_definition":"trailer_def.scs.flatbed.single_3.flatbed_w","units_count":2,"fill_ratio":1,"trailer_place":0},{"target":"exomar.taranto","urgency":2,"shortest_distance_km":410,"ferry_time":0,"ferry_price":0,"cargo":"cargo.milk","company_truck":"iveco_h_4x2_a","trailer_variant":"trailer.scs_curt","trailer_definition":"trailer_def.scs.box.single_3.curtain","units_count":33,"fill_ratio":1,"trailer_place":0}],"cont_port_it.ancona":[{"target":"cesare_smar.pescara","urgency":2,"shortest_distance_km":247,"ferry_time":0,"ferry_price":0,"cargo":"cargo.beverages_c","company_truck":"scania_r_6x4_650","trailer_variant":"trailer.scs_flat_c_g","trailer_definition":"trailer_def.scs.flatbed.single_3.container","units_count":33,"fill_ratio":1,"trailer_place":0},{"target":"tras_med.genova","urgency":2,"shortest_distance_km":519,"ferry_time":0,"ferry_price":0,"cargo":"cargo.vinegar_c","company_truck":"scania_streamline_6x2_b","trailer_variant":"trailer.scs_gosck40","trailer_definition":"trailer_def.scs.gooseneck.singl_3e_40.container","units_count":30,"fill_ratio":1,"trailer_place":0}]}