{"lkwlog.lodz":[{"target":"posped.lublin","urgency":0,"shortest_distance_km":247,"ferry_time":0,"ferry_price":0,"cargo":"cargo.tube","company_truck":"man_tgx_euro6_6x4_xlx","trailer_variant":"trailer.overweight.tube","trailer_definition":"trailer_def.tube.overweight.tube","units_count":94,"fill_ratio":1,"trailer_place":0}],"sanbuilders.luxembourg":[{"target":"tradeaux.paris","urgency":0,"shortest_distance_km":374,"ferry_time":0,"ferry_price":0,"cargo":"cargo.roller","company_truck":"iveco_4x2_c","trailer_variant":"trailer.overweight.roller","trailer_definition":"trailer_def.roller.overweight.roller","units_count":100,"fill_ratio":1,"trailer_place":0}],"tradeaux.ajaccio":[{"target":"wilnet_trans.marseille","urgency":0,"shortest_distance_km":165,"ferry_time":840,"ferry_price":1193,"cargo":"cargo.tube","company_truck":"mercedes_actros_2014_4x2_b","trailer_variant":"trailer.overweight.tube","trailer_definition":"trailer_def.tube.overweight.tube","units_count":100,"fill_ratio":1,"trailer_place":0}],"sanbuilders.edinburgh":[{"target":"tradeaux.felixstowe","urgency":0,"shortest_distance_km":667,"ferry_time":0,"ferry_price":0,"cargo":"cargo.roller","company_truck":"man_tgx_euro6_6x4_xlx","trailer_variant":"trailer.overweight.roller","trailer_definition":"trailer_def.roller.overweight.roller","units_count":100,"fill_ratio":1,"trailer_place":0}],"sanbuilders.berlin":[{"target":"lisette_log.nice","urgency":0,"shortest_distance_km":1435,"ferry_time":0,"ferry_price":0,"cargo":"cargo.roller","company_truck":"mercedes_actros_2014_4x2_c","trailer_variant":"trailer.overweight.roller","trailer_definition":"trailer_def.roller.overweight.roller","units_count":100,"fill_ratio":1,"trailer_place":0}],"baltrak.tekirdag":[{"target":"fallow.istanbul","urgency":0,"shortest_distance_km":143,"ferry_time":0,"ferry_price":0,"cargo":"cargo.tube","company_truck":"mercedes_actros_2014_4x2_b","trailer_variant":"trailer.overweight.tube","trailer_definition":"trailer_def.tube.overweight.tube","units_count":100,"fill_ratio":1,"trailer_place":0}]}