{"kaarfor.strasbourg":[{"target":"drekkar.odense","urgency":2,"shortest_distance_km":1014,"ferry_time":0,"ferry_price":0,"cargo":"cargo.empty_palet","company_truck":"scania_streamline_4x2_b","trailer_variant":"trailer.scs_curt","trailer_definition":"trailer_def.scs.box.single_3.curtain","units_count":33,"fill_ratio":1,"trailer_place":0}],"norrsken.goteborg":[{"target":"norr_food.karlskrona","urgency":0,"shortest_distance_km":326,"ferry_time":0,"ferry_price":0,"cargo":"cargo.liver_paste","company_truck":"mercedes_4x2_c","trailer_variant":"trailer.scs_ref_a","trailer_definition":"trailer_def.scs.box.single_3.reefer","units_count":33,"fill_ratio":1,"trailer_place":0},{"target":"renar.kobenhavn","urgency":0,"shortest_distance_km":341,"ferry_time":0,"ferry_price":0,"cargo":"cargo.coal","company_truck":"mercedes_6x4_a","trailer_variant":"trailer.s_ki_solid.coal","trailer_definition":"trailer_def.coal.s_ki_solid.coal","units_count":100,"fill_ratio":1,"trailer_place":0}],"drekkar.bergen":[{"target":"gnt.bergen","urgency":0,"shortest_distance_km":13,"ferry_time":0,"ferry_price":0,"cargo":"cargo.med_equip","company_truck":"daf_xf_euro6_4x2_c","trailer_variant":"trailer.scs_dry_s","trailer_definition":"trailer_def.scs.box.single_3.dryvan","units_count":33,"fill_ratio":1,"trailer_place":0},{"target":"norrsken.orebro","urgency":0,"shortest_distance_km":851,"ferry_time":0,"ferry_price":0,"cargo":"cargo.potatoes","company_truck":"double/scania_s_4x2","trailer_variant":"trailer.scs_dry_2","trailer_definition":"trailer_def.scs.box.double_3_2.dryvan","units_count":53,"fill_ratio":1,"trailer_place":0},{"target":"gnt.bergen","urgency":0,"shortest_distance_km":13,"ferry_time":0,"ferry_price":0,"cargo":"cargo.caviar","company_truck":"daf_xf_euro6_4x2_b","trailer_variant":"trailer.scs_ins_a","trailer_definition":"trailer_def.scs.box.single_3.insulated","units_count":33,"fill_ratio":1,"trailer_place":0}],"agronord.goteborg":[{"target":"gnt.jonkoping","urgency":2,"shortest_distance_km":219,"ferry_time":0,"ferry_price":0,"cargo":"cargo.carrots_c","company_truck":"iveco_4x2_a","trailer_variant":"trailer.scs_gosck220","trailer_definition":"trailer_def.scs.gooseneck.singl_3e_220.container","units_count":30,"fill_ratio":1,"trailer_place":0},{"target":"renar.vasteraas","urgency":1,"shortest_distance_km":353,"ferry_time":0,"ferry_price":0,"cargo":"cargo.tomatoes","company_truck":"scania_streamline_6x4_a","trailer_variant":"trailer.scs_ins_a","trailer_definition":"trailer_def.scs.box.single_3.insulated","units_count":33,"fill_ratio":1,"trailer_place":0}],"tree_et.dortmund":[{"target":"transinet.cambridge","urgency":1,"shortest_distance_km":817,"ferry_time":35,"ferry_price":300,"cargo":"cargo.wood_bark","company_truck":"daf_xf_euro6_4x2_b","trailer_variant":"trailer.s_ki_solid.cover","trailer_definition":"trailer_def.wood_bark.s_ki_solid.cover","units_count":100,"fill_ratio":1,"trailer_place":0}],"nbfc.aberdeen":[{"target":"agronord.esbjerg","urgency":1,"shortest_distance_km":698,"ferry_time":1140,"ferry_price":1314,"cargo":"cargo.pesticide","company_truck":"man_4x2_a","trailer_variant":"trailer.scs_flat_c_r","trailer_definition":"trailer_def.scs.flatbed.single_3.container","units_count":87,"fill_ratio":1,"trailer_place":0}],"agronord.esbjerg":[{"target":"gnt.kristiansand","urgency":0,"shortest_distance_km":237,"ferry_time":195,"ferry_price":1052,"cargo":"cargo.potatoes","company_truck":"daf_xf_euro6_4x2_b","trailer_variant":"trailer.scs_dry_ms","trailer_definition":"trailer_def.scs.box.single_3.dryvan_m","units_count":33,"fill_ratio":1,"trailer_place":0}],"scania_fac.sodertalje":[{"target":"norrsken.stockholm","urgency":2,"shortest_distance_km":35,"ferry_time":0,"ferry_price":0,"cargo":"cargo.empty_palet","company_truck":"scania_s_4x2_580","trailer_variant":"trailer.scs_dry_m","trailer_definition":"trailer_def.scs.box.single_3.dryvan_m","units_count":33,"fill_ratio":1,"trailer_place":0},{"target":"renar.vasteraas","urgency":1,"shortest_distance_km":161,"ferry_time":0,"ferry_price":0,"cargo":"cargo.scrap_metals","company_truck":"scania_s_4x2_580","trailer_variant":"trailer.s_ki_solid.cover","trailer_definition":"trailer_def.scrap_metals.s_ki_solid.cover","units_count":100,"fill_ratio":1,"trailer_place":0}],"aria_fd_albg.aalborg":[{"target":"aria_fd_jnpg.jonkoping","urgency":2,"shortest_distance_km":342,"ferry_time":195,"ferry_price":677,"cargo":"cargo.live_cattle","company_truck":"scania_s_6x4_730","trailer_variant":"trailer.livestock","trailer_definition":"trailer_def.live_cattle.livestock","units_count":100,"fill_ratio":1,"trailer_place":0},{"target":"renar.vaxjo","urgency":2,"shortest_distance_km":625,"ferry_time":0,"ferry_price":0,"cargo":"cargo.chicken_meat","company_truck":"double/mercedes_4x2_a","trailer_variant":"trailer.scs_ins_2","trailer_definition":"trailer_def.scs.box.double_3_2.insulated","units_count":53,"fill_ratio":1,"trailer_place":0}],"konstnr_wind.gedser":[{"target":"vpc.goteborg","urgency":1,"shortest_distance_km":497,"ferry_time":0,"ferry_price":0,"cargo":"cargo.forklifts","company_truck":"renault_t_4x2","trailer_variant":"trailer.overweight.forklifts","trailer_definition":"trailer_def.forklifts.overweight.forklifts","units_count":100,"fill_ratio":1,"trailer_place":0}],"fcp.brussel":[{"target":"renar.vaxjo","urgency":2,"shortest_distance_km":1361,"ferry_time":0,"ferry_price":0,"cargo":"cargo.mondeos","company_truck":"daf_xf_euro6_4x2_a","trailer_variant":"trailer.car_trans","trailer_definition":"trailer_def.mondeos.car_trans","units_count":100,"fill_ratio":1,"trailer_place":0}],"stokes.dusseldorf":[{"target":"drekkar.uppsala","urgency":0,"shortest_distance_km":1539,"ferry_time":0,"ferry_price":0,"cargo":"cargo.volvo_cars","company_truck":"scania_r_4x2_370","trailer_variant":"trailer.car_volvo","trailer_definition":"trailer_def.volvo_cars.car_volvo","units_count":100,"fill_ratio":1,"trailer_place":0}],"eurogoodies.dover":[{"target":"polarislines.trelleborg","urgency":2,"shortest_distance_km":1379,"ferry_time":91,"ferry_price":384,"cargo":"cargo.honey","company_truck":"mercedes_6x4_a","trailer_variant":"trailer.scs_curt_s","trailer_definition":"trailer_def.scs.box.single_3.curtain","units_count":33,"fill_ratio":1,"trailer_place":0}],"polarislines.kristiansand":[{"target":"norr_food.odense","urgency":1,"shortest_distance_km":315,"ferry_time":195,"ferry_price":1052,"cargo":"cargo.roof_tiles","company_truck":"scania_streamline_4x2_b","trailer_variant":"trailer.scs_dry_a","trailer_definition":"trailer_def.scs.box.single_3.dryvan","units_count":33,"fill_ratio":1,"trailer_place":0}],"euroacres.liverpool":[{"target":"renar.kobenhavn","urgency":1,"shortest_distance_km":526,"ferry_time":1140,"ferry_price":1314,"cargo":"cargo.tomatoes","company_truck":"mercedes_actros_2014_4x2_c","trailer_variant":"trailer.scs_ins","trailer_definition":"trailer_def.scs.box.single_3.insulated","units_count":33,"fill_ratio":1,"trailer_place":0}],"lkwlog.brno":[{"target":"sellplan.venezia","urgency":0,"shortest_distance_km":692,"ferry_time":0,"ferry_price":0,"cargo":"cargo.salm_fillet","company_truck":"man_6x4_b","trailer_variant":"trailer.scs_ins_a","trailer_definition":"trailer_def.scs.box.single_3.insulated","units_count":33,"fill_ratio":1,"trailer_place":0}],"norr_food.kobenhavn":[{"target":"gnt.kristiansand","urgency":2,"shortest_distance_km":430,"ferry_time":195,"ferry_price":1052,"cargo":"cargo.empty_palet","company_truck":"man_tgx_euro6_4x2_xl","trailer_variant":"trailer.scs_dry","trailer_definition":"trailer_def.scs.box.single_3.dryvan","units_count":33,"fill_ratio":1,"trailer_place":0},{"target":"norrsken.malmo","urgency":0,"shortest_distance_km":74,"ferry_time":0,"ferry_price":0,"cargo":"cargo.used_plast","company_truck":"double/renault_magnum_4x2_a","trailer_variant":"trailer.scs_curt_b2","trailer_definition":"trailer_def.scs.box.bdouble_3_3.curtain","units_count":53,"fill_ratio":1,"trailer_place":0}],"norr_food.stockholm":[{"target":"norrsken.stockholm","urgency":1,"shortest_distance_km":7,"ferry_time":0,"ferry_price":0,"cargo":"cargo.used_packag","company_truck":"iveco_4x2_c","trailer_variant":"trailer.scs_curt_a","trailer_definition":"trailer_def.scs.box.single_3.curtain","units_count":33,"fill_ratio":1,"trailer_place":0}],"nord_crown.bergen":[{"target":"gnt.bergen","urgency":0,"shortest_distance_km":12,"ferry_time":0,"ferry_price":0,"cargo":"cargo.beef_meat","company_truck":"double/renault_magnum_4x2_a","trailer_variant":"trailer.scs_ref_2","trailer_definition":"trailer_def.scs.box.double_3_2.reefer","units_count":53,"fill_ratio":1,"trailer_place":0},{"target":"gnt.bergen","urgency":0,"shortest_distance_km":12,"ferry_time":0,"ferry_price":0,"cargo":"cargo.sausages","company_truck":"mercedes_actros_2014_4x2_b","trailer_variant":"trailer.scs_ins","trailer_definition":"trailer_def.scs.box.single_3.insulated","units_count":33,"fill_ratio":1,"trailer_place":0},{"target":"polarislines.bergen","urgency":0,"shortest_distance_km":15,"ferry_time":0,"ferry_price":0,"cargo":"cargo.liver_paste","company_truck":"man_6x4_b","trailer_variant":"trailer.scs_ref_b2","trailer_definition":"trailer_def.scs.box.bdouble_3_3.reefer","units_count":53,"fill_ratio":1,"trailer_place":0}],"tradeaux.paris":[{"target":"lisette_log.paris","urgency":2,"shortest_distance_km":95,"ferry_time":0,"ferry_price":0,"cargo":"cargo.lamb_stom","company_truck":"renault_premium_4x2_a","trailer_variant":"trailer.scs_ref_s","trailer_definition":"trailer_def.scs.box.single_3.reefer","units_count":33,"fill_ratio":1,"trailer_place":0}],"norrsken.aalborg":[{"target":"gnt.kristiansand","urgency":0,"shortest_distance_km":105,"ferry_time":195,"ferry_price":1052,"cargo":"cargo.digger1000","company_truck":"scania_6x4_a","trailer_variant":"trailer.overweight.digger1000","trailer_definition":"trailer_def.digger1000.overweight.digger1000","units_count":100,"fill_ratio":1,"trailer_place":0},{"target":"norr_food.vaxjo","urgency":2,"shortest_distance_km":379,"ferry_time":195,"ferry_price":677,"cargo":"cargo.nuts","company_truck":"double/iveco_h_4x2_a","trailer_variant":"trailer.scs_curt_b2","trailer_definition":"trailer_def.scs.box.bdouble_3_3.curtain","units_count":53,"fill_ratio":1,"trailer_place":0},{"target":"ns_oil.stavanger","urgency":0,"shortest_distance_km":295,"ferry_time":195,"ferry_price":1052,"cargo":"cargo.chem_sorb_c","company_truck":"scania_streamline_6x4_a","trailer_variant":"trailer.scs_gosck20","trailer_definition":"trailer_def.scs.gooseneck.singl_3e_20.container","units_count":15,"fill_ratio":1,"trailer_place":0}],"polar_fish.aalborg":[{"target":"drekkar.odense","urgency":1,"shortest_distance_km":236,"ferry_time":0,"ferry_price":0,"cargo":"cargo.atl_cod_flt","company_truck":"iveco_4x2_a","trailer_variant":"trailer.scs_ins","trailer_definition":"trailer_def.scs.box.single_3.insulated","units_count":33,"fill_ratio":1,"trailer_place":0},{"target":"polarislines.kristiansand","urgency":1,"shortest_distance_km":81,"ferry_time":195,"ferry_price":1052,"cargo":"cargo.smokd_sprats","company_truck":"scania_s_6x2_450","trailer_variant":"trailer.scs_dry_m","trailer_definition":"trailer_def.scs.box.single_3.dryvan_m","units_count":33,"fill_ratio":1,"trailer_place":0}],"euroacres.groningen":[{"target":"eurogoodies.lille","urgency":0,"shortest_distance_km":488,"ferry_time":0,"ferry_price":0,"cargo":"cargo.cott_cheese","company_truck":"scania_streamline_6x4_a","trailer_variant":"trailer.scs_ref","trailer_definition":"trailer_def.scs.box.single_3.reefer","units_count":33,"fill_ratio":1,"trailer_place":0}],"ika_bohag.oslo":[{"target":"norrsken.goteborg","urgency":1,"shortest_distance_km":329,"ferry_time":0,"ferry_price":0,"cargo":"cargo.used_packag","company_truck":"renault_t_4x2","trailer_variant":"trailer.scs_curt_s","trailer_definition":"trailer_def.scs.box.single_3.curtain","units_count":33,"fill_ratio":1,"trailer_place":0}],"euroacres.dresden":[{"target":"transinet.dresden","urgency":2,"shortest_distance_km":8,"ferry_time":0,"ferry_price":0,"cargo":"cargo.chicken_meat","company_truck":"double/scania_streamline_4x2_a","trailer_variant":"trailer.scs_ins_2","trailer_definition":"trailer_def.scs.box.double_3_2.insulated","units_count":32,"fill_ratio":1,"trailer_place":0}],"ms_stein.kristiansand":[{"target":"konstnr.oslo","urgency":0,"shortest_distance_km":328,"ferry_time":0,"ferry_price":0,"cargo":"cargo.gravel","company_truck":"mercedes_4x2_c","trailer_variant":"trailer.s_ki_solid.gravel","trailer_definition":"trailer_def.gravel.s_ki_solid.gravel","units_count":100,"fill_ratio":1,"trailer_place":0}],"eurogoodies.wien":[{"target":"drekkar.odense","urgency":1,"shortest_distance_km":1061,"ferry_time":105,"ferry_price":404,"cargo":"cargo.packag_food","company_truck":"scania_streamline_6x4_a","trailer_variant":"trailer.scs_dry_ms","trailer_definition":"trailer_def.scs.box.single_3.dryvan_m","units_count":33,"fill_ratio":1,"trailer_place":0},{"target":"polarislines.stavanger","urgency":0,"shortest_distance_km":1716,"ferry_time":195,"ferry_price":1052,"cargo":"cargo.ketchup","company_truck":"scania_6x4_a","trailer_variant":"trailer.scs_dry_s","trailer_definition":"trailer_def.scs.box.single_3.dryvan","units_count":33,"fill_ratio":1,"trailer_place":0}],"bcp.birmingham":[{"target":"tradeaux.felixstowe","urgency":2,"shortest_distance_km":255,"ferry_time":0,"ferry_price":0,"cargo":"cargo.empty_barr","company_truck":"renault_t_4x2","trailer_variant":"trailer.scs_dry","trailer_definition":"trailer_def.scs.box.single_3.dryvan","units_count":33,"fill_ratio":1,"trailer_place":0}],"konstnr_wind.linkoping":[{"target":"sag_tre.linkoping","urgency":1,"shortest_distance_km":56,"ferry_time":0,"ferry_price":0,"cargo":"cargo.forklifts","company_truck":"renault_magnum_4x2_a","trailer_variant":"trailer.overweight.forklifts","trailer_definition":"trailer_def.forklifts.overweight.forklifts","units_count":100,"fill_ratio":1,"trailer_place":0}],"transinet.rotterdam":[{"target":"kaarfor.edinburgh","urgency":2,"shortest_distance_km":425,"ferry_time":660,"ferry_price":995,"cargo":"cargo.frozen_hake","company_truck":"mercedes_4x2_b","trailer_variant":"trailer.scs_ref","trailer_definition":"trailer_def.scs.box.single_3.reefer","units_count":33,"fill_ratio":1,"trailer_place":0}],"eurogoodies.groningen":[{"target":"posped.linz","urgency":2,"shortest_distance_km":1043,"ferry_time":0,"ferry_price":0,"cargo":"cargo.onion","company_truck":"mercedes_6x4_a","trailer_variant":"trailer.scs_dry_m","trailer_definition":"trailer_def.scs.box.single_3.dryvan_m","units_count":33,"fill_ratio":1,"trailer_place":0}],"sellplan.magdeburg":[{"target":"renar.stavanger","urgency":2,"shortest_distance_km":956,"ferry_time":195,"ferry_price":1052,"cargo":"cargo.empty_palet","company_truck":"man_tgx_euro6_6x4_xlx","trailer_variant":"trailer.scs_dry_a","trailer_definition":"trailer_def.scs.box.single_3.dryvan","units_count":33,"fill_ratio":1,"trailer_place":0}],"nord_crown.odense":[{"target":"renar.kobenhavn","urgency":2,"shortest_distance_km":128,"ferry_time":0,"ferry_price":0,"cargo":"cargo.vinegar_c","company_truck":"scania_4x2_c","trailer_variant":"trailer.scs_flat_c_g","trailer_definition":"trailer_def.scs.flatbed.single_3.container","units_count":33,"fill_ratio":1,"trailer_place":0},{"target":"norr_food.helsingborg","urgency":0,"shortest_distance_km":243,"ferry_time":0,"ferry_price":0,"cargo":"cargo.sausages","company_truck":"daf_6x2_a","trailer_variant":"trailer.scs_ref_a","trailer_definition":"trailer_def.scs.box.single_3.reefer","units_count":33,"fill_ratio":1,"trailer_place":0}],"tree_et.aberdeen":[{"target":"aria_fd_albg.aalborg","urgency":0,"shortest_distance_km":850,"ferry_time":1140,"ferry_price":1314,"cargo":"cargo.wooden_beams","company_truck":"scania_streamline_4x2_b","trailer_variant":"trailer.scs_dry_m","trailer_definition":"trailer_def.scs.box.single_3.dryvan_m","units_count":32,"fill_ratio":1,"trailer_place":0},{"target":"renar.stavanger","urgency":1,"shortest_distance_km":1119,"ferry_time":1335,"ferry_price":2366,"cargo":"cargo.wshavings","company_truck":"iveco_4x2_c","trailer_variant":"trailer.s_ki_solid.cover","trailer_definition":"trailer_def.wshavings.s_ki_solid.cover","units_count":100,"fill_ratio":1,"trailer_place":0}],"polar_fish.stavanger":[{"target":"norr_food.vaxjo","urgency":2,"shortest_distance_km":937,"ferry_time":0,"ferry_price":0,"cargo":"cargo.frozen_hake","company_truck":"double/iveco_4x2_a","trailer_variant":"trailer.scs_ref_b2","trailer_definition":"trailer_def.scs.box.bdouble_3_3.reefer","units_count":53,"fill_ratio":1,"trailer_place":0}],"eurogoodies.glasgow":[{"target":"sellplan.osnabruck","urgency":0,"shortest_distance_km":766,"ferry_time":660,"ferry_price":995,"cargo":"cargo.sheep_wool","company_truck":"scania_r_6x4_650","trailer_variant":"trailer.scs_dry_a","trailer_definition":"trailer_def.scs.box.single_3.dryvan","units_count":33,"fill_ratio":1,"trailer_place":0}],"lkwlog.manchester":[{"target":"renar.kobenhavn","urgency":1,"shortest_distance_km":460,"ferry_time":1140,"ferry_price":1314,"cargo":"cargo.roofing_felt","company_truck":"renault_premium_4x2_a","trailer_variant":"trailer.scs_dry_s","trailer_definition":"trailer_def.scs.box.single_3.dryvan","units_count":33,"fill_ratio":1,"trailer_place":0}],"polarislines.frederikshv":[{"target":"norr_food.helsingborg","urgency":1,"shortest_distance_km":244,"ferry_time":195,"ferry_price":677,"cargo":"cargo.beverages_t","company_truck":"iveco_6x2_a","trailer_variant":"trailer.scs_fodt","trailer_definition":"trailer_def.scs.foodtank.single_3.paint","units_count":25,"fill_ratio":1,"trailer_place":0},{"target":"norrsken.goteborg","urgency":0,"shortest_distance_km":115,"ferry_time":195,"ferry_price":677,"cargo":"cargo.pears","company_truck":"double/mercedes_4x2_a","trailer_variant":"trailer.scs_curt_2","trailer_definition":"trailer_def.scs.box.double_3_2.curtain","units_count":53,"fill_ratio":1,"trailer_place":0}],"volvo_fac.goteborg":[{"target":"norrsken.goteborg","urgency":1,"shortest_distance_km":101,"ferry_time":0,"ferry_price":0,"cargo":"cargo.used_packag","company_truck":"iveco_6x2_a","trailer_variant":"trailer.scs_dry_s","trailer_definition":"trailer_def.scs.box.single_3.dryvan","units_count":33,"fill_ratio":1,"trailer_place":0}],"euroacres.osnabruck":[{"target":"sellplan.dresden","urgency":2,"shortest_distance_km":586,"ferry_time":0,"ferry_price":0,"cargo":"cargo.garlic","company_truck":"double/mercedes_4x2_a","trailer_variant":"trailer.scs_dry_2","trailer_definition":"trailer_def.scs.box.double_3_2.dryvan","units_count":44,"fill_ratio":1,"trailer_place":0}],"polarislines.hirtshals":[{"target":"renar.vaxjo","urgency":1,"shortest_distance_km":349,"ferry_time":195,"ferry_price":677,"cargo":"cargo.beverages_t","company_truck":"scania_streamline_4x2_c","trailer_variant":"trailer.scs_fodt","trailer_definition":"trailer_def.scs.foodtank.single_3.paint","units_count":25,"fill_ratio":1,"trailer_place":0},{"target":"norr_food.odense","urgency":2,"shortest_distance_km":313,"ferry_time":0,"ferry_price":0,"cargo":"cargo.frozen_hake","company_truck":"double/renault_premium_4x2_a","trailer_variant":"trailer.scs_ref_2","trailer_definition":"trailer_def.scs.box.double_3_2.reefer","units_count":53,"fill_ratio":1,"trailer_place":0},{"target":"norr_food.stockholm","urgency":2,"shortest_distance_km":528,"ferry_time":195,"ferry_price":677,"cargo":"cargo.onion","company_truck":"scania_r_4x2_520","trailer_variant":"trailer.scs_curt","trailer_definition":"trailer_def.scs.box.single_3.curtain","units_count":33,"fill_ratio":1,"trailer_place":0}],"polarislines.oslo":[{"target":"renar.oslo","urgency":0,"shortest_distance_km":62,"ferry_time":0,"ferry_price":0,"cargo":"cargo.sheep_wool","company_truck":"mercedes_6x2_b","trailer_variant":"trailer.scs_dry","trailer_definition":"trailer_def.scs.box.single_3.dryvan","units_count":33,"fill_ratio":1,"trailer_place":0}],"ika_bohag.kalmar":[{"target":"norrsken.karlskrona","urgency":2,"shortest_distance_km":105,"ferry_time":0,"ferry_price":0,"cargo":"cargo.empty_palet","company_truck":"man_tgx_euro6_6x4_xlx","trailer_variant":"trailer.scs_dry","trailer_definition":"trailer_def.scs.box.single_3.dryvan","units_count":33,"fill_ratio":1,"trailer_place":0},{"target":"norrsken.karlskrona","urgency":1,"shortest_distance_km":105,"ferry_time":0,"ferry_price":0,"cargo":"cargo.used_packag","company_truck":"man_tgx_euro6_4x2_xl","trailer_variant":"trailer.scs_dry","trailer_definition":"trailer_def.scs.box.single_3.dryvan","units_count":33,"fill_ratio":1,"trailer_place":0}],"euroacres.magdeburg":[{"target":"norrsken.goteborg","urgency":2,"shortest_distance_km":772,"ferry_time":105,"ferry_price":404,"cargo":"cargo.garlic","company_truck":"man_6x4_b","trailer_variant":"trailer.scs_dry_s","trailer_definition":"trailer_def.scs.box.single_3.dryvan","units_count":33,"fill_ratio":1,"trailer_place":0}],"polarislines.bergen":[{"target":"norrsken.karlskrona","urgency":1,"shortest_distance_km":1075,"ferry_time":0,"ferry_price":0,"cargo":"cargo.roof_tiles","company_truck":"double/man_4x2_a","trailer_variant":"trailer.scs_dry_b2","trailer_definition":"trailer_def.scs.box.bdouble_3_3.dryvan","units_count":53,"fill_ratio":1,"trailer_place":0},{"target":"gnt.bergen","urgency":2,"shortest_distance_km":3,"ferry_time":0,"ferry_price":0,"cargo":"cargo.plumb_suppl","company_truck":"daf_4x2_a","trailer_variant":"trailer.scs_curt_s","trailer_definition":"trailer_def.scs.box.single_3.curtain","units_count":33,"fill_ratio":1,"trailer_place":0},{"target":"gnt.kristiansand","urgency":1,"shortest_distance_km":540,"ferry_time":0,"ferry_price":0,"cargo":"cargo.guard_rails","company_truck":"daf_xf_euro6_6x2_a","trailer_variant":"trailer.scs_dry_ms","trailer_definition":"trailer_def.scs.box.single_3.dryvan_m","units_count":33,"fill_ratio":1,"trailer_place":0},{"target":"gnt.bergen","urgency":0,"shortest_distance_km":3,"ferry_time":0,"ferry_price":0,"cargo":"cargo.refl_posts","company_truck":"double/scania_r_4x2","trailer_variant":"trailer.scs_curt_2","trailer_definition":"trailer_def.scs.box.double_3_2.curtain","units_count":53,"fill_ratio":1,"trailer_place":0},{"target":"gnt.bergen","urgency":2,"shortest_distance_km":3,"ferry_time":0,"ferry_price":0,"cargo":"cargo.mason_jars","company_truck":"scania_4x2_b","trailer_variant":"trailer.scs_dry_s","trailer_definition":"trailer_def.scs.box.single_3.dryvan","units_count":33,"fill_ratio":1,"trailer_place":0}],"bjork.vaxjo":[{"target":"drekkar.odense","urgency":2,"shortest_distance_km":357,"ferry_time":0,"ferry_price":0,"cargo":"cargo.empty_palet","company_truck":"mercedes_6x2_b","trailer_variant":"trailer.scs_dry_a","trailer_definition":"trailer_def.scs.box.single_3.dryvan","units_count":33,"fill_ratio":1,"trailer_place":0}],"cont_port.esbjerg":[{"target":"norrsken.stockholm","urgency":1,"shortest_distance_km":863,"ferry_time":0,"ferry_price":0,"cargo":"cargo.used_plast_c","company_truck":"daf_xf_euro6_4x2_c","trailer_variant":"trailer.scs_flat_c_r","trailer_definition":"trailer_def.scs.flatbed.single_3.container","units_count":33,"fill_ratio":1,"trailer_place":0}],"quarry.wroclaw":[{"target":"agronord.esbjerg","urgency":0,"shortest_distance_km":1083,"ferry_time":0,"ferry_price":0,"cargo":"cargo.digger1000","company_truck":"iveco_4x2_b","trailer_variant":"trailer.overweight.digger1000","trailer_definition":"trailer_def.digger1000.overweight.digger1000","units_count":100,"fill_ratio":1,"trailer_place":0}],"norr_food.vasteraas":[{"target":"gnt.jonkoping","urgency":2,"shortest_distance_km":336,"ferry_time":0,"ferry_price":0,"cargo":"cargo.empty_palet","company_truck":"renault_t_4x2","trailer_variant":"trailer.scs_curt_a","trailer_definition":"trailer_def.scs.box.single_3.curtain","units_count":33,"fill_ratio":1,"trailer_place":0}],"quarry.glasgow":[{"target":"renar.kobenhavn","urgency":0,"shortest_distance_km":795,"ferry_time":1140,"ferry_price":1314,"cargo":"cargo.coal","company_truck":"mercedes_4x2_c","trailer_variant":"trailer.s_ki_solid.coal","trailer_definition":"trailer_def.coal.s_ki_solid.coal","units_count":100,"fill_ratio":1,"trailer_place":0}],"eurogoodies.lille":[{"target":"posped.rotterdam","urgency":2,"shortest_distance_km":230,"ferry_time":0,"ferry_price":0,"cargo":"cargo.canned_beef","company_truck":"scania_streamline_6x2_b","trailer_variant":"trailer.scs_ins_a","trailer_definition":"trailer_def.scs.box.single_3.insulated","units_count":33,"fill_ratio":1,"trailer_place":0}],"aria_fd_esbj.esbjerg":[{"target":"norr_food.odense","urgency":0,"shortest_distance_km":156,"ferry_time":0,"ferry_price":0,"cargo":"cargo.sheep_wool","company_truck":"renault_magnum_6x4_a","trailer_variant":"trailer.scs_dry_ms","trailer_definition":"trailer_def.scs.box.single_3.dryvan_m","units_count":33,"fill_ratio":1,"trailer_place":0},{"target":"norrsken.aalborg","urgency":1,"shortest_distance_km":250,"ferry_time":0,"ferry_price":0,"cargo":"cargo.pork_meat","company_truck":"double/daf_xf_euro6_4x2_a","trailer_variant":"trailer.scs_ins_2","trailer_definition":"trailer_def.scs.box.double_3_2.insulated","units_count":53,"fill_ratio":1,"trailer_place":0}],"gnt.kalmar":[{"target":"norr_food.kalmar","urgency":2,"shortest_distance_km":1,"ferry_time":0,"ferry_price":0,"cargo":"cargo.drymilk","company_truck":"mercedes_actros_2014_4x2_c","trailer_variant":"trailer.scs_curt","trailer_definition":"trailer_def.scs.box.single_3.curtain","units_count":33,"fill_ratio":1,"trailer_place":0}],"ika_bohag.paris":[{"target":"kaarfor.dortmund","urgency":1,"shortest_distance_km":641,"ferry_time":0,"ferry_price":0,"cargo":"cargo.pot_flowers","company_truck":"mercedes_actros_2014_4x2_b","trailer_variant":"trailer.scs_ref_a","trailer_definition":"trailer_def.scs.box.single_3.reefer","units_count":33,"fill_ratio":1,"trailer_place":0}],"konstnr_hs.helsingborg":[{"target":"norrsken.goteborg","urgency":0,"shortest_distance_km":208,"ferry_time":0,"ferry_price":0,"cargo":"cargo.digger1000","company_truck":"mercedes_actros_2014_4x2_c","trailer_variant":"trailer.overweight.digger1000","trailer_definition":"trailer_def.digger1000.overweight.digger1000","units_count":100,"fill_ratio":1,"trailer_place":0},{"target":"drekkar.karlskrona","urgency":2,"shortest_distance_km":169,"ferry_time":0,"ferry_price":0,"cargo":"cargo.digger500","company_truck":"scania_6x2_b","trailer_variant":"trailer.overweight.digger500","trailer_definition":"trailer_def.digger500.overweight.digger500","units_count":100,"fill_ratio":1,"trailer_place":0}],"eurogoodies.salzburg":[{"target":"stokes.zurich","urgency":2,"shortest_distance_km":454,"ferry_time":0,"ferry_price":0,"cargo":"cargo.rye","company_truck":"scania_r_4x2_370","trailer_variant":"trailer.s_ki_solid.cover","trailer_definition":"trailer_def.rye.s_ki_solid.cover","units_count":100,"fill_ratio":1,"trailer_place":0}],"ms_stein.stavanger":[{"target":"konstnr.oslo","urgency":0,"shortest_distance_km":465,"ferry_time":0,"ferry_price":0,"cargo":"cargo.gravel","company_truck":"renault_magnum_4x2_a","trailer_variant":"trailer.s_ki_solid.gravel","trailer_definition":"trailer_def.gravel.s_ki_solid.gravel","units_count":100,"fill_ratio":1,"trailer_place":0}],"tradeaux.hannover":[{"target":"ms_stein.kristiansand","urgency":2,"shortest_distance_km":691,"ferry_time":195,"ferry_price":1052,"cargo":"cargo.digger500","company_truck":"man_6x4_b","trailer_variant":"trailer.overweight.digger500","trailer_definition":"trailer_def.digger500.overweight.digger500","units_count":100,"fill_ratio":1,"trailer_place":0}],"eurogoodies.edinburgh":[{"target":"norr_food.kobenhavn","urgency":0,"shortest_distance_km":662,"ferry_time":1140,"ferry_price":1314,"cargo":"cargo.maple_syrup","company_truck":"scania_s_6x2_450","trailer_variant":"trailer.scs_dry","trailer_definition":"trailer_def.scs.box.single_3.dryvan","units_count":33,"fill_ratio":1,"trailer_place":0}],"gnt.jonkoping":[{"target":"norr_food.vasteraas","urgency":2,"shortest_distance_km":338,"ferry_time":0,"ferry_price":0,"cargo":"cargo.drymilk","company_truck":"daf_6x2_a","trailer_variant":"trailer.scs_curt_s","trailer_definition":"trailer_def.scs.box.single_3.curtain","units_count":33,"fill_ratio":1,"trailer_place":0}],"euroacres.reims":[{"target":"eurogoodies.liverpool","urgency":0,"shortest_distance_km":835,"ferry_time":35,"ferry_price":300,"cargo":"cargo.cott_cheese","company_truck":"scania_4x2_b","trailer_variant":"trailer.scs_ref","trailer_definition":"trailer_def.scs.box.single_3.reefer","units_count":33,"fill_ratio":1,"trailer_place":0}],"polarislines.nynashamn":[{"target":"drekkar.linkoping","urgency":0,"shortest_distance_km":155,"ferry_time":0,"ferry_price":0,"cargo":"cargo.tyres","company_truck":"scania_r_4x2_370","trailer_variant":"trailer.scs_curt","trailer_definition":"trailer_def.scs.box.single_3.curtain","units_count":33,"fill_ratio":1,"trailer_place":0},{"target":"scania_fac.sodertalje","urgency":2,"shortest_distance_km":42,"ferry_time":0,"ferry_price":0,"cargo":"cargo.motor_oil_c","company_truck":"scania_streamline_6x4_a","trailer_variant":"trailer.scs_flat_c_g","trailer_definition":"trailer_def.scs.flatbed.single_3.container","units_count":33,"fill_ratio":1,"trailer_place":0}],"trameri.dresden":[{"target":"transinet.brussel","urgency":2,"shortest_distance_km":845,"ferry_time":0,"ferry_price":0,"cargo":"cargo.plast_film_c","company_truck":"man_tgx_euro6_4x2_xl","trailer_variant":"trailer.scs_flat_c_g","trailer_definition":"trailer_def.scs.flatbed.single_3.container","units_count":33,"fill_ratio":1,"trailer_place":0}],"ms_stein.oslo":[{"target":"sag_tre.oslo","urgency":0,"shortest_distance_km":9,"ferry_time":0,"ferry_price":0,"cargo":"cargo.digger1000","company_truck":"renault_t_6x2","trailer_variant":"trailer.overweight.digger1000","trailer_definition":"trailer_def.digger1000.overweight.digger1000","units_count":100,"fill_ratio":1,"trailer_place":0}],"stokes.calais":[{"target":"cargotras.milano","urgency":2,"shortest_distance_km":1112,"ferry_time":0,"ferry_price":0,"cargo":"cargo.barley","company_truck":"daf_4x2_b","trailer_variant":"trailer.s_ki_solid.cover","trailer_definition":"trailer_def.barley.s_ki_solid.cover","units_count":100,"fill_ratio":1,"trailer_place":0}],"eurogoodies.klagenfurt":[{"target":"transinet.salzburg","urgency":2,"shortest_distance_km":316,"ferry_time":0,"ferry_price":0,"cargo":"cargo.chicken_meat","company_truck":"man_6x4_b","trailer_variant":"trailer.scs_ins_s","trailer_definition":"trailer_def.scs.box.single_3.insulated","units_count":33,"fill_ratio":1,"trailer_place":0}],"transinet.szczecin":[{"target":"eurogoodies.magdeburg","urgency":0,"shortest_distance_km":274,"ferry_time":0,"ferry_price":0,"cargo":"cargo.pears","company_truck":"mercedes_actros_2014_4x2_a","trailer_variant":"trailer.scs_ins","trailer_definition":"trailer_def.scs.box.single_3.insulated","units_count":33,"fill_ratio":1,"trailer_place":0}],"tradeaux.felixstowe":[{"target":"lkwlog.manchester","urgency":2,"shortest_distance_km":422,"ferry_time":0,"ferry_price":0,"cargo":"cargo.frozen_hake","company_truck":"renault_magnum_6x2_a","trailer_variant":"trailer.scs_ref_s","trailer_definition":"trailer_def.scs.box.single_3.reefer","units_count":33,"fill_ratio":1,"trailer_place":0}],"eurogoodies.leipzig":[{"target":"renar.kobenhavn","urgency":1,"shortest_distance_km":498,"ferry_time":105,"ferry_price":404,"cargo":"cargo.tomatoes","company_truck":"man_tgx_euro6_4x2_xxl","trailer_variant":"trailer.scs_ins","trailer_definition":"trailer_def.scs.box.single_3.insulated","units_count":33,"fill_ratio":1,"trailer_place":0},{"target":"drekkar.karlskrona","urgency":0,"shortest_distance_km":739,"ferry_time":105,"ferry_price":404,"cargo":"cargo.apples_c","company_truck":"scania_streamline_4x2_b","trailer_variant":"trailer.scs_gosck220","trailer_definition":"trailer_def.scs.gooseneck.singl_3e_220.container","units_count":30,"fill_ratio":1,"trailer_place":0}],"nord_crown.aalborg":[{"target":"norr_food.odense","urgency":0,"shortest_distance_km":249,"ferry_time":0,"ferry_price":0,"cargo":"cargo.liver_paste","company_truck":"double/renault_t_4x2h","trailer_variant":"trailer.scs_ins_b2","trailer_definition":"trailer_def.scs.box.bdouble_3_3.insulated","units_count":53,"fill_ratio":1,"trailer_place":0},{"target":"norrsken.goteborg","urgency":2,"shortest_distance_km":216,"ferry_time":195,"ferry_price":677,"cargo":"cargo.lamb_stom","company_truck":"daf_xf_euro6_4x2_c","trailer_variant":"trailer.scs_ref_s","trailer_definition":"trailer_def.scs.box.single_3.reefer","units_count":33,"fill_ratio":1,"trailer_place":0},{"target":"polarislines.kapellskar","urgency":0,"shortest_distance_km":673,"ferry_time":195,"ferry_price":677,"cargo":"cargo.vinegar","company_truck":"double/iveco_4x2_a","trailer_variant":"trailer.scs_dry_2","trailer_definition":"trailer_def.scs.box.double_3_2.dryvan","units_count":53,"fill_ratio":1,"trailer_place":0}],"lkwlog.calais":[{"target":"lisette_log.paris","urgency":2,"shortest_distance_km":242,"ferry_time":0,"ferry_price":0,"cargo":"cargo.chicken_meat","company_truck":"mercedes_actros_2014_4x2_a","trailer_variant":"trailer.scs_ref_a","trailer_definition":"trailer_def.scs.box.single_3.reefer","units_count":33,"fill_ratio":1,"trailer_place":0}],"ika_bohag.stavanger":[{"target":"polarislines.bergen","urgency":1,"shortest_distance_km":428,"ferry_time":0,"ferry_price":0,"cargo":"cargo.pot_flowers","company_truck":"daf_4x2_a","trailer_variant":"trailer.scs_ref","trailer_definition":"trailer_def.scs.box.single_3.reefer","units_count":33,"fill_ratio":1,"trailer_place":0},{"target":"renar.oslo","urgency":1,"shortest_distance_km":532,"ferry_time":0,"ferry_price":0,"cargo":"cargo.used_packag","company_truck":"daf_xf_euro6_6x2_a","trailer_variant":"trailer.scs_dry_m","trailer_definition":"trailer_def.scs.box.single_3.dryvan_m","units_count":33,"fill_ratio":1,"trailer_place":0},{"target":"ns_chem.kristiansand","urgency":2,"shortest_distance_km":170,"ferry_time":0,"ferry_price":0,"cargo":"cargo.empty_palet","company_truck":"renault_magnum_4x2_a","trailer_variant":"trailer.scs_curt","trailer_definition":"trailer_def.scs.box.single_3.curtain","units_count":33,"fill_ratio":1,"trailer_place":0}],"polar_fish.bergen":[{"target":"polarislines.bergen","urgency":1,"shortest_distance_km":15,"ferry_time":0,"ferry_price":0,"cargo":"cargo.atl_cod_flt","company_truck":"daf_4x2_b","trailer_variant":"trailer.scs_ins_a","trailer_definition":"trailer_def.scs.box.single_3.insulated","units_count":33,"fill_ratio":1,"trailer_place":0}],"stokes.cardiff":[{"target":"posped.birmingham","urgency":2,"shortest_distance_km":234,"ferry_time":0,"ferry_price":0,"cargo":"cargo.barley","company_truck":"scania_streamline_6x2_b","trailer_variant":"trailer.s_ki_solid.cover","trailer_definition":"trailer_def.barley.s_ki_solid.cover","units_count":100,"fill_ratio":1,"trailer_place":0}],"polarislines.stavanger":[{"target":"drekkar.odense","urgency":0,"shortest_distance_km":489,"ferry_time":195,"ferry_price":1052,"cargo":"cargo.tyres","company_truck":"daf_xf_euro6_4x2_a","trailer_variant":"trailer.scs_curt","trailer_definition":"trailer_def.scs.box.single_3.curtain","units_count":33,"fill_ratio":1,"trailer_place":0},{"target":"ika_bohag.kobenhavn","urgency":2,"shortest_distance_km":613,"ferry_time":195,"ferry_price":1052,"cargo":"cargo.furniture","company_truck":"renault_premium_4x2_a","trailer_variant":"trailer.scs_dry_m","trailer_definition":"trailer_def.scs.box.single_3.dryvan_m","units_count":33,"fill_ratio":1,"trailer_place":0}],"ns_oil.oslo":[{"target":"sag_tre.oslo","urgency":1,"shortest_distance_km":147,"ferry_time":0,"ferry_price":0,"cargo":"cargo.oil","company_truck":"iveco_h_4x2_a","trailer_variant":"trailer.fuel_cistern","trailer_definition":"trailer_def.oil.fuel_cistern","units_count":100,"fill_ratio":1,"trailer_place":0}],"lkwlog.dover":[{"target":"transinet.southampton","urgency":1,"shortest_distance_km":219,"ferry_time":0,"ferry_price":0,"cargo":"cargo.desinfection","company_truck":"daf_4x2_b","trailer_variant":"trailer.scs_dry_s","trailer_definition":"trailer_def.scs.box.single_3.dryvan","units_count":33,"fill_ratio":1,"trailer_place":0}],"norrsken.malmo":[{"target":"ika_bohag.oslo","urgency":1,"shortest_distance_km":566,"ferry_time":0,"ferry_price":0,"cargo":"cargo.paper","company_truck":"scania_s_6x2_450","trailer_variant":"trailer.scs_dry","trailer_definition":"trailer_def.scs.box.single_3.dryvan","units_count":33,"fill_ratio":1,"trailer_place":0}],"polarislines.karlskrona":[{"target":"norr_food.vaxjo","urgency":0,"shortest_distance_km":86,"ferry_time":0,"ferry_price":0,"cargo":"cargo.sheep_wool","company_truck":"renault_premium_4x2_a","trailer_variant":"trailer.scs_dry_ms","trailer_definition":"trailer_def.scs.box.single_3.dryvan_m","units_count":33,"fill_ratio":1,"trailer_place":0}],"vitas_pwr.aalborg":[{"target":"norrsken.goteborg","urgency":1,"shortest_distance_km":216,"ferry_time":195,"ferry_price":677,"cargo":"cargo.windml_eng","company_truck":"scania_streamline_4x2_a","trailer_variant":"trailer.overweight.windplant","trailer_definition":"trailer_def.windml_eng.overweight.windplant","units_count":100,"fill_ratio":1,"trailer_place":0}],"nord_crown.orebro":[{"target":"norrsken.malmo","urgency":2,"shortest_distance_km":513,"ferry_time":0,"ferry_price":0,"cargo":"cargo.canned_beef","company_truck":"double/scania_s_4x2","trailer_variant":"trailer.scs_ins_b2","trailer_definition":"trailer_def.scs.box.bdouble_3_3.insulated","units_count":53,"fill_ratio":1,"trailer_place":0},{"target":"drekkar.bergen","urgency":0,"shortest_distance_km":860,"ferry_time":0,"ferry_price":0,"cargo":"cargo.liver_paste","company_truck":"renault_premium_4x2_a","trailer_variant":"trailer.scs_ins","trailer_definition":"trailer_def.scs.box.single_3.insulated","units_count":33,"fill_ratio":1,"trailer_place":0}],"renar.kobenhavn":[{"target":"gnt.helsingborg","urgency":0,"shortest_distance_km":135,"ferry_time":0,"ferry_price":0,"cargo":"cargo.digger1000","company_truck":"man_4x2_c","trailer_variant":"trailer.overweight.digger1000","trailer_definition":"trailer_def.digger1000.overweight.digger1000","units_count":100,"fill_ratio":1,"trailer_place":0}],"fcp.manchester":[{"target":"posped.rotterdam","urgency":2,"shortest_distance_km":223,"ferry_time":660,"ferry_price":995,"cargo":"cargo.empty_barr","company_truck":"renault_magnum_6x4_a","trailer_variant":"trailer.scs_dry_s","trailer_definition":"trailer_def.scs.box.single_3.dryvan","units_count":33,"fill_ratio":1,"trailer_place":0}],"eurogoodies.cardiff":[{"target":"posped.geneve","urgency":2,"shortest_distance_km":1214,"ferry_time":35,"ferry_price":300,"cargo":"cargo.onion","company_truck":"daf_xf_euro6_4x2_c","trailer_variant":"trailer.scs_dry_m","trailer_definition":"trailer_def.scs.box.single_3.dryvan_m","units_count":33,"fill_ratio":1,"trailer_place":0}],"trameri.lille":[{"target":"lkwlog.felixstowe","urgency":2,"shortest_distance_km":383,"ferry_time":35,"ferry_price":300,"cargo":"cargo.empty_barr","company_truck":"scania_streamline_4x2_a","trailer_variant":"trailer.scs_curt_a","trailer_definition":"trailer_def.scs.box.single_3.curtain","units_count":33,"fill_ratio":1,"trailer_place":0}],"posped.metz":[{"target":"trameri.mannheim","urgency":2,"shortest_distance_km":239,"ferry_time":0,"ferry_price":0,"cargo":"cargo.ibc_cont","company_truck":"renault_magnum_6x2_a","trailer_variant":"trailer.scs_dry_a","trailer_definition":"trailer_def.scs.box.single_3.dryvan","units_count":33,"fill_ratio":1,"trailer_place":0}],"tradeaux.grimsby":[{"target":"renar.oslo","urgency":0,"shortest_distance_km":986,"ferry_time":1140,"ferry_price":1314,"cargo":"cargo.watermelons","company_truck":"man_6x4_b","trailer_variant":"trailer.scs_ins_s","trailer_definition":"trailer_def.scs.box.single_3.insulated","units_count":33,"fill_ratio":1,"trailer_place":0},{"target":"norr_food.jonkoping","urgency":2,"shortest_distance_km":725,"ferry_time":1140,"ferry_price":1314,"cargo":"cargo.drymilk","company_truck":"man_6x4_b","trailer_variant":"trailer.scs_curt","trailer_definition":"trailer_def.scs.box.single_3.curtain","units_count":33,"fill_ratio":1,"trailer_place":0},{"target":"polarislines.goteborg","urgency":2,"shortest_distance_km":452,"ferry_time":1335,"ferry_price":1991,"cargo":"cargo.truck_batt","company_truck":"renault_magnum_4x2_a","trailer_variant":"trailer.scs_dry_a","trailer_definition":"trailer_def.scs.box.single_3.dryvan","units_count":33,"fill_ratio":1,"trailer_place":0}],"eurogoodies.dusseldorf":[{"target":"stokes.dusseldorf","urgency":2,"shortest_distance_km":1,"ferry_time":0,"ferry_price":0,"cargo":"cargo.rye","company_truck":"renault_t_4x2","trailer_variant":"trailer.s_ki_solid.cover","trailer_definition":"trailer_def.rye.s_ki_solid.cover","units_count":100,"fill_ratio":1,"trailer_place":0}],"trameri.lyon":[{"target":"transinet.torino","urgency":2,"shortest_distance_km":321,"ferry_time":0,"ferry_price":0,"cargo":"cargo.plast_film_c","company_truck":"scania_s_4x2_580","trailer_variant":"trailer.scs_flat_c_g","trailer_definition":"trailer_def.scs.flatbed.single_3.container","units_count":33,"fill_ratio":1,"trailer_place":0},{"target":"gnt.kristiansand","urgency":2,"shortest_distance_km":1654,"ferry_time":195,"ferry_price":1052,"cargo":"cargo.chimney_syst","company_truck":"scania_6x4_a","trailer_variant":"trailer.scs_curt","trailer_definition":"trailer_def.scs.box.single_3.curtain","units_count":33,"fill_ratio":1,"trailer_place":0}],"wgcc.strasbourg":[{"target":"scania_fac.sodertalje","urgency":1,"shortest_distance_km":1723,"ferry_time":0,"ferry_price":0,"cargo":"cargo.diesel","company_truck":"scania_streamline_6x2_b","trailer_variant":"trailer.fuel_cistern","trailer_definition":"trailer_def.diesel.fuel_cistern","units_count":100,"fill_ratio":1,"trailer_place":0}],"ika_bohag.milano":[{"target":"tradeaux.lille","urgency":1,"shortest_distance_km":973,"ferry_time":0,"ferry_price":0,"cargo":"cargo.pot_flowers","company_truck":"iveco_h_4x2_a","trailer_variant":"trailer.scs_ref_a","trailer_definition":"trailer_def.scs.box.single_3.reefer","units_count":33,"fill_ratio":1,"trailer_place":0}],"drekkar.malmo":[{"target":"gnt.jonkoping","urgency":1,"shortest_distance_km":241,"ferry_time":0,"ferry_price":0,"cargo":"cargo.oil_filt_c","company_truck":"man_tgx_euro6_4x2_xxl","trailer_variant":"trailer.scs_flat_c_g","trailer_definition":"trailer_def.scs.flatbed.single_3.container","units_count":33,"fill_ratio":1,"trailer_place":0},{"target":"polarislines.nynashamn","urgency":1,"shortest_distance_km":532,"ferry_time":0,"ferry_price":0,"cargo":"cargo.sugar","company_truck":"double/man_4x2_a","trailer_variant":"trailer.scs_curt_b2","trailer_definition":"trailer_def.scs.box.bdouble_3_3.curtain","units_count":53,"fill_ratio":1,"trailer_place":0}],"nord_sten.linkoping":[{"target":"konstnr_hs.vasteraas","urgency":2,"shortest_distance_km":201,"ferry_time":0,"ferry_price":0,"cargo":"cargo.stones","company_truck":"iveco_4x2_c","trailer_variant":"trailer.s_ki_solid.cover","trailer_definition":"trailer_def.stones.s_ki_solid.cover","units_count":100,"fill_ratio":1,"trailer_place":0}],"tree_et.stuttgart":[{"target":"gnt.jonkoping","urgency":1,"shortest_distance_km":1445,"ferry_time":0,"ferry_price":0,"cargo":"cargo.sawpanels","company_truck":"man_6x4_b","trailer_variant":"trailer.scs_dry_ms","trailer_definition":"trailer_def.scs.box.single_3.dryvan_m","units_count":33,"fill_ratio":1,"trailer_place":0}],"eurogoodies.bern":[{"target":"kaarfor.frankfurt","urgency":0,"shortest_distance_km":446,"ferry_time":0,"ferry_price":0,"cargo":"cargo.sausages","company_truck":"renault_t_4x2h","trailer_variant":"trailer.scs_ins","trailer_definition":"trailer_def.scs.box.single_3.insulated","units_count":33,"fill_ratio":1,"trailer_place":0}],"renar.stavanger":[{"target":"norrsken.malmo","urgency":0,"shortest_distance_km":680,"ferry_time":195,"ferry_price":1052,"cargo":"cargo.polyst_box","company_truck":"renault_t_4x2h","trailer_variant":"trailer.scs_dry_m","trailer_definition":"trailer_def.scs.box.single_3.dryvan_m","units_count":33,"fill_ratio":1,"trailer_place":0}],"drekkar.odense":[{"target":"polarislines.gedser","urgency":0,"shortest_distance_km":205,"ferry_time":0,"ferry_price":0,"cargo":"cargo.ketchup","company_truck":"double/scania_streamline_4x2_a","trailer_variant":"trailer.scs_curt_b2","trailer_definition":"trailer_def.scs.box.bdouble_3_3.curtain","units_count":53,"fill_ratio":1,"trailer_place":0}],"euroacres.bern":[{"target":"eurogoodies.metz","urgency":1,"shortest_distance_km":437,"ferry_time":0,"ferry_price":0,"cargo":"cargo.pork_meat","company_truck":"renault_magnum_4x2_a","trailer_variant":"trailer.scs_ref_s","trailer_definition":"trailer_def.scs.box.single_3.reefer","units_count":33,"fill_ratio":1,"trailer_place":0}],"euroacres.cambridge":[{"target":"posped.birmingham","urgency":2,"shortest_distance_km":195,"ferry_time":0,"ferry_price":0,"cargo":"cargo.chicken_meat","company_truck":"renault_premium_4x2_a","trailer_variant":"trailer.scs_ins","trailer_definition":"trailer_def.scs.box.single_3.insulated","units_count":33,"fill_ratio":1,"trailer_place":0}],"drekkar.karlskrona":[{"target":"gnt.kalmar","urgency":2,"shortest_distance_km":109,"ferry_time":0,"ferry_price":0,"cargo":"cargo.milk_t","company_truck":"daf_xf_euro6_6x4_c","trailer_variant":"trailer.scs_fodt","trailer_definition":"trailer_def.scs.foodtank.single_3.paint","units_count":29,"fill_ratio":1,"trailer_place":0},{"target":"renar.vasteraas","urgency":0,"shortest_distance_km":541,"ferry_time":0,"ferry_price":0,"cargo":"cargo.carb_water","company_truck":"daf_xf_euro6_4x2_b","trailer_variant":"trailer.scs_dry_m","trailer_definition":"trailer_def.scs.box.single_3.dryvan_m","units_count":33,"fill_ratio":1,"trailer_place":0}],"lkwlog.hamburg":[{"target":"renar.kobenhavn","urgency":0,"shortest_distance_km":505,"ferry_time":0,"ferry_price":0,"cargo":"cargo.chem_sorb_c","company_truck":"man_6x4_b","trailer_variant":"trailer.scs_flat_c_r","trailer_definition":"trailer_def.scs.flatbed.single_3.container","units_count":33,"fill_ratio":1,"trailer_place":0}],"trameri.amsterdam":[{"target":"norr_food.helsingborg","urgency":2,"shortest_distance_km":982,"ferry_time":0,"ferry_price":0,"cargo":"cargo.plast_film_c","company_truck":"mercedes_6x2_b","trailer_variant":"trailer.scs_gosck40","trailer_definition":"trailer_def.scs.gooseneck.singl_3e_40.container","units_count":30,"fill_ratio":1,"trailer_place":0}],"fcp.bremen":[{"target":"gnt.uppsala","urgency":0,"shortest_distance_km":1252,"ferry_time":0,"ferry_price":0,"cargo":"cargo.digger1000","company_truck":"iveco_4x2_c","trailer_variant":"trailer.overweight.digger1000","trailer_definition":"trailer_def.digger1000.overweight.digger1000","units_count":100,"fill_ratio":1,"trailer_place":0}],"gnt.bergen":[{"target":"renar.stavanger","urgency":0,"shortest_distance_km":444,"ferry_time":0,"ferry_price":0,"cargo":"cargo.ketchup","company_truck":"iveco_6x2_a","trailer_variant":"trailer.scs_curt_a","trailer_definition":"trailer_def.scs.box.single_3.curtain","units_count":33,"fill_ratio":1,"trailer_place":0},{"target":"drekkar.bergen","urgency":1,"shortest_distance_km":13,"ferry_time":0,"ferry_price":0,"cargo":"cargo.shock_absorb","company_truck":"double/man_4x2_a","trailer_variant":"trailer.scs_dry_2","trailer_definition":"trailer_def.scs.box.double_3_2.dryvan","units_count":53,"fill_ratio":1,"trailer_place":0}],"sag_tre.linkoping":[{"target":"gnt.jonkoping","urgency":1,"shortest_distance_km":161,"ferry_time":0,"ferry_price":0,"cargo":"cargo.sawpanels","company_truck":"scania_4x2_a","trailer_variant":"trailer.scs_dry_m","trailer_definition":"trailer_def.scs.box.single_3.dryvan_m","units_count":33,"fill_ratio":1,"trailer_place":0}],"cont_port.oslo":[{"target":"volvo_fac.goteborg","urgency":2,"shortest_distance_km":261,"ferry_time":0,"ferry_price":0,"cargo":"cargo.motor_oil_c","company_truck":"scania_streamline_4x2_a","trailer_variant":"trailer.scs_gosck40","trailer_definition":"trailer_def.scs.gooseneck.singl_3e_40.container","units_count":30,"fill_ratio":1,"trailer_place":0}],"nord_sten.kalmar":[{"target":"konstnr_hs.helsingborg","urgency":0,"shortest_distance_km":349,"ferry_time":0,"ferry_price":0,"cargo":"cargo.gravel","company_truck":"scania_streamline_4x2_a","trailer_variant":"trailer.s_ki_solid.gravel","trailer_definition":"trailer_def.gravel.s_ki_solid.gravel","units_count":100,"fill_ratio":1,"trailer_place":0}],"norr_food.oslo":[{"target":"drekkar.uppsala","urgency":1,"shortest_distance_km":600,"ferry_time":0,"ferry_price":0,"cargo":"cargo.used_plast_c","company_truck":"mercedes_6x4_a","trailer_variant":"trailer.scs_gosck40","trailer_definition":"trailer_def.scs.gooseneck.singl_3e_40.container","units_count":30,"fill_ratio":1,"trailer_place":0}],"polarislines.gedser":[{"target":"norr_food.odense","urgency":2,"shortest_distance_km":205,"ferry_time":0,"ferry_price":0,"cargo":"cargo.onion","company_truck":"scania_r_6x4_650","trailer_variant":"trailer.scs_dry_s","trailer_definition":"trailer_def.scs.box.single_3.dryvan","units_count":33,"fill_ratio":1,"trailer_place":0}],"eurogoodies.liege":[{"target":"stokes.dusseldorf","urgency":0,"shortest_distance_km":182,"ferry_time":0,"ferry_price":0,"cargo":"cargo.liver_paste","company_truck":"mercedes_actros_2014_4x2_b","trailer_variant":"trailer.scs_ins_a","trailer_definition":"trailer_def.scs.box.single_3.insulated","units_count":33,"fill_ratio":1,"trailer_place":0}],"transinet.southampton":[{"target":"posped.london","urgency":0,"shortest_distance_km":193,"ferry_time":0,"ferry_price":0,"cargo":"cargo.salm_fillet","company_truck":"man_6x4_b","trailer_variant":"trailer.scs_ref_a","trailer_definition":"trailer_def.scs.box.single_3.reefer","units_count":33,"fill_ratio":1,"trailer_place":0}],"renar.oslo":[{"target":"norr_food.linkoping","urgency":2,"shortest_distance_km":422,"ferry_time":0,"ferry_price":0,"cargo":"cargo.drymilk","company_truck":"scania_s_6x4_730","trailer_variant":"trailer.scs_curt_a","trailer_definition":"trailer_def.scs.box.single_3.curtain","units_count":33,"fill_ratio":1,"trailer_place":0}],"transinet.torino":[{"target":"lkwlog.graz","urgency":2,"shortest_distance_km":862,"ferry_time":0,"ferry_price":0,"cargo":"cargo.pet_food","company_truck":"daf_4x2_a","trailer_variant":"trailer.scs_dry_m","trailer_definition":"trailer_def.scs.box.single_3.dryvan_m","units_count":33,"fill_ratio":1,"trailer_place":0}],"norrsken.orebro":[{"target":"ika_bohag.oslo","urgency":1,"shortest_distance_km":436,"ferry_time":0,"ferry_price":0,"cargo":"cargo.paper","company_truck":"renault_premium_6x4_a","trailer_variant":"trailer.scs_curt_a","trailer_definition":"trailer_def.scs.box.single_3.curtain","units_count":33,"fill_ratio":1,"trailer_place":0}],"ika_bohag.odense":[{"target":"gnt.helsingborg","urgency":1,"shortest_distance_km":245,"ferry_time":0,"ferry_price":0,"cargo":"cargo.pot_flowers","company_truck":"mercedes_actros_2014_4x2_b","trailer_variant":"trailer.scs_ref_s","trailer_definition":"trailer_def.scs.box.single_3.reefer","units_count":33,"fill_ratio":1,"trailer_place":0},{"target":"ns_oil.aalborg","urgency":2,"shortest_distance_km":246,"ferry_time":0,"ferry_price":0,"cargo":"cargo.empty_palet","company_truck":"renault_premium_6x2_a","trailer_variant":"trailer.scs_curt_s","trailer_definition":"trailer_def.scs.box.single_3.curtain","units_count":33,"fill_ratio":1,"trailer_place":0}],"lkwlog.stuttgart":[{"target":"transinet.osnabruck","urgency":2,"shortest_distance_km":531,"ferry_time":0,"ferry_price":0,"cargo":"cargo.canned_tuna","company_truck":"double/iveco_4x2_a","trailer_variant":"trailer.scs_ins_b2","trailer_definition":"trailer_def.scs.box.bdouble_3_3.insulated","units_count":26,"fill_ratio":1,"trailer_place":0}],"aria_fd_jnpg.jonkoping":[{"target":"drekkar.vaxjo","urgency":0,"shortest_distance_km":208,"ferry_time":0,"ferry_price":0,"cargo":"cargo.beef_meat","company_truck":"man_6x4_b","trailer_variant":"trailer.scs_ref_2","trailer_definition":"trailer_def.scs.box.double_3_2.reefer","units_count":53,"fill_ratio":1,"trailer_place":0},{"target":"gnt.jonkoping","urgency":1,"shortest_distance_km":121,"ferry_time":0,"ferry_price":0,"cargo":"cargo.pork_meat","company_truck":"mercedes_4x2_a","trailer_variant":"trailer.scs_ins_a","trailer_definition":"trailer_def.scs.box.single_3.insulated","units_count":33,"fill_ratio":1,"trailer_place":0},{"target":"drekkar.vaxjo","urgency":2,"shortest_distance_km":208,"ferry_time":0,"ferry_price":0,"cargo":"cargo.milk_t","company_truck":"iveco_h_4x2_a","trailer_variant":"trailer.scs_fodt","trailer_definition":"trailer_def.scs.foodtank.single_3.paint","units_count":29,"fill_ratio":1,"trailer_place":0}],"drekkar.vaxjo":[{"target":"renar.oslo","urgency":0,"shortest_distance_km":480,"ferry_time":0,"ferry_price":0,"cargo":"cargo.truck_rims","company_truck":"man_6x4_b","trailer_variant":"trailer.scs_curt_2","trailer_definition":"trailer_def.scs.box.double_3_2.curtain","units_count":53,"fill_ratio":1,"trailer_place":0}],"eurogoodies.newcastle":[{"target":"polarislines.hirtshals","urgency":2,"shortest_distance_km":538,"ferry_time":1140,"ferry_price":1314,"cargo":"cargo.beans","company_truck":"man_6x4_b","trailer_variant":"trailer.scs_curt","trailer_definition":"trailer_def.scs.box.single_3.curtain","units_count":33,"fill_ratio":1,"trailer_place":0}],"quarry.hannover":[{"target":"renar.vasteraas","urgency":2,"shortest_distance_km":1296,"ferry_time":0,"ferry_price":0,"cargo":"cargo.digger500","company_truck":"man_4x2_a","trailer_variant":"trailer.overweight.digger500","trailer_definition":"trailer_def.digger500.overweight.digger500","units_count":100,"fill_ratio":1,"trailer_place":0}],"konstnr.kobenhavn":[{"target":"ika_bohag.kobenhavn","urgency":1,"shortest_distance_km":3,"ferry_time":0,"ferry_price":0,"cargo":"cargo.forklifts","company_truck":"scania_6x2_b","trailer_variant":"trailer.overweight.forklifts","trailer_definition":"trailer_def.forklifts.overweight.forklifts","units_count":100,"fill_ratio":1,"trailer_place":0}],"polarislines.trelleborg":[{"target":"ika_bohag.kalmar","urgency":0,"shortest_distance_km":267,"ferry_time":0,"ferry_price":0,"cargo":"cargo.clothes_c","company_truck":"renault_magnum_6x2_a","trailer_variant":"trailer.scs_gosck40","trailer_definition":"trailer_def.scs.gooseneck.singl_3e_40.container","units_count":30,"fill_ratio":1,"trailer_place":0}],"ika_bohag.orebro":[{"target":"norr_food.helsingborg","urgency":1,"shortest_distance_km":430,"ferry_time":0,"ferry_price":0,"cargo":"cargo.pot_flowers","company_truck":"mercedes_6x2_b","trailer_variant":"trailer.scs_ref_s","trailer_definition":"trailer_def.scs.box.single_3.reefer","units_count":33,"fill_ratio":1,"trailer_place":0},{"target":"renar.vasteraas","urgency":1,"shortest_distance_km":141,"ferry_time":0,"ferry_price":0,"cargo":"cargo.used_packag","company_truck":"man_tgx_euro6_4x2_xxl","trailer_variant":"trailer.scs_curt_a","trailer_definition":"trailer_def.scs.box.single_3.curtain","units_count":33,"fill_ratio":1,"trailer_place":0}],"ika_bohag.malmo":[{"target":"renar.vasteraas","urgency":2,"shortest_distance_km":592,"ferry_time":0,"ferry_price":0,"cargo":"cargo.empty_palet","company_truck":"scania_4x2_a","trailer_variant":"trailer.scs_curt","trailer_definition":"trailer_def.scs.box.single_3.curtain","units_count":33,"fill_ratio":1,"trailer_place":0},{"target":"norrsken.goteborg","urgency":1,"shortest_distance_km":250,"ferry_time":0,"ferry_price":0,"cargo":"cargo.used_packag","company_truck":"iveco_6x2_a","trailer_variant":"trailer.scs_dry_a","trailer_definition":"trailer_def.scs.box.single_3.dryvan","units_count":33,"fill_ratio":1,"trailer_place":0}],"posped.rotterdam":[{"target":"transinet.rotterdam","urgency":1,"shortest_distance_km":1,"ferry_time":0,"ferry_price":0,"cargo":"cargo.atl_cod_flt","company_truck":"man_6x4_b","trailer_variant":"trailer.scs_ref_2","trailer_definition":"trailer_def.scs.box.double_3_2.reefer","units_count":53,"fill_ratio":1,"trailer_place":0}],"norr_food.jonkoping":[{"target":"drekkar.karlskrona","urgency":1,"shortest_distance_km":195,"ferry_time":0,"ferry_price":0,"cargo":"cargo.used_packag","company_truck":"double/iveco_4x2_a","trailer_variant":"trailer.scs_dry_2","trailer_definition":"trailer_def.scs.box.double_3_2.dryvan","units_count":53,"fill_ratio":1,"trailer_place":0},{"target":"drekkar.vaxjo","urgency":1,"shortest_distance_km":108,"ferry_time":0,"ferry_price":0,"cargo":"cargo.used_plast_c","company_truck":"mercedes_4x2","trailer_variant":"trailer.scs_flat_c_g","trailer_definition":"trailer_def.scs.flatbed.single_3.container","units_count":33,"fill_ratio":1,"trailer_place":0}],"polarislines.kapellskar":[{"target":"renar.oslo","urgency":2,"shortest_distance_km":574,"ferry_time":0,"ferry_price":0,"cargo":"cargo.plant_substr","company_truck":"renault_t_6x2","trailer_variant":"trailer.scs_curt_s","trailer_definition":"trailer_def.scs.box.single_3.curtain","units_count":33,"fill_ratio":1,"trailer_place":0},{"target":"konstnr_hs.helsingborg","urgency":1,"shortest_distance_km":607,"ferry_time":0,"ferry_price":0,"cargo":"cargo.roof_tiles","company_truck":"man_6x4_b","trailer_variant":"trailer.scs_curt_s","trailer_definition":"trailer_def.scs.box.single_3.curtain","units_count":33,"fill_ratio":1,"trailer_place":0}],"agronord.kristiansand":[{"target":"drekkar.odense","urgency":2,"shortest_distance_km":379,"ferry_time":195,"ferry_price":1052,"cargo":"cargo.beans","company_truck":"double/scania_4x2_a","trailer_variant":"trailer.scs_curt_2","trailer_definition":"trailer_def.scs.box.double_3_2.curtain","units_count":53,"fill_ratio":1,"trailer_place":0}],"norr_food.karlskrona":[{"target":"drekkar.karlskrona","urgency":1,"shortest_distance_km":1,"ferry_time":0,"ferry_price":0,"cargo":"cargo.used_packag","company_truck":"iveco_h_4x2_a","trailer_variant":"trailer.scs_dry_s","trailer_definition":"trailer_def.scs.box.single_3.dryvan","units_count":33,"fill_ratio":1,"trailer_place":0}],"eurogoodies.grimsby":[{"target":"transinet.sheffield","urgency":0,"shortest_distance_km":106,"ferry_time":0,"ferry_price":0,"cargo":"cargo.smokd_eel","company_truck":"daf_xf_euro6_4x2_c","trailer_variant":"trailer.scs_ins_a","trailer_definition":"trailer_def.scs.box.single_3.insulated","units_count":33,"fill_ratio":1,"trailer_place":0}],"polarislines.goteborg":[{"target":"norr_food.vaxjo","urgency":2,"shortest_distance_km":268,"ferry_time":0,"ferry_price":0,"cargo":"cargo.plant_substr","company_truck":"renault_magnum_4x2_a","trailer_variant":"trailer.scs_curt_a","trailer_definition":"trailer_def.scs.box.single_3.curtain","units_count":33,"fill_ratio":1,"trailer_place":0},{"target":"gnt.kristiansand","urgency":0,"shortest_distance_km":77,"ferry_time":390,"ferry_price":1729,"cargo":"cargo.truck_rims","company_truck":"double/renault_t_4x2h","trailer_variant":"trailer.scs_curt_2","trailer_definition":"trailer_def.scs.box.double_3_2.curtain","units_count":53,"fill_ratio":1,"trailer_place":0}],"eurogoodies.bremen":[{"target":"sellplan.groningen","urgency":1,"shortest_distance_km":183,"ferry_time":0,"ferry_price":0,"cargo":"cargo.salt_spices","company_truck":"double/mercedes_4x2_a","trailer_variant":"trailer.scs_dry_b2","trailer_definition":"trailer_def.scs.box.bdouble_3_3.dryvan","units_count":31,"fill_ratio":1,"trailer_place":0}],"posped.london":[{"target":"transinet.cambridge","urgency":0,"shortest_distance_km":120,"ferry_time":0,"ferry_price":0,"cargo":"cargo.volvo_cars","company_truck":"mercedes_4x2_a","trailer_variant":"trailer.car_volvo","trailer_definition":"trailer_def.volvo_cars.car_volvo","units_count":100,"fill_ratio":1,"trailer_place":0}],"polarislines.travemunde":[{"target":"drekkar.karlskrona","urgency":1,"shortest_distance_km":525,"ferry_time":105,"ferry_price":404,"cargo":"cargo.guard_rails","company_truck":"man_6x4_b","trailer_variant":"trailer.scs_dry","trailer_definition":"trailer_def.scs.box.single_3.dryvan","units_count":32,"fill_ratio":1,"trailer_place":0}],"ika_bohag.linkoping":[{"target":"gnt.kalmar","urgency":2,"shortest_distance_km":197,"ferry_time":0,"ferry_price":0,"cargo":"cargo.empty_palet","company_truck":"renault_premium_6x2_a","trailer_variant":"trailer.scs_curt_a","trailer_definition":"trailer_def.scs.box.single_3.curtain","units_count":33,"fill_ratio":1,"trailer_place":0}],"nord_crown.stavanger":[{"target":"norr_food.kobenhavn","urgency":2,"shortest_distance_km":609,"ferry_time":195,"ferry_price":1052,"cargo":"cargo.canned_pork","company_truck":"double/iveco_h_4x2_a","trailer_variant":"trailer.scs_ins_2","trailer_definition":"trailer_def.scs.box.double_3_2.insulated","units_count":47,"fill_ratio":1,"trailer_place":0},{"target":"polarislines.goteborg","urgency":2,"shortest_distance_km":253,"ferry_time":390,"ferry_price":1729,"cargo":"cargo.canned_beef","company_truck":"double/man_euro6_4x2_xxl","trailer_variant":"trailer.scs_ins_2","trailer_definition":"trailer_def.scs.box.double_3_2.insulated","units_count":53,"fill_ratio":1,"trailer_place":0}],"euroacres.salzburg":[{"target":"kaarfor.munchen","urgency":1,"shortest_distance_km":200,"ferry_time":0,"ferry_price":0,"cargo":"cargo.pork_meat","company_truck":"daf_xf_euro6_4x2_a","trailer_variant":"trailer.scs_ins","trailer_definition":"trailer_def.scs.box.single_3.insulated","units_count":33,"fill_ratio":1,"trailer_place":0}],"norrsken.stockholm":[{"target":"drekkar.malmo","urgency":0,"shortest_distance_km":533,"ferry_time":0,"ferry_price":0,"cargo":"cargo.beverages","company_truck":"double/man_euro6_4x2_xxl","trailer_variant":"trailer.scs_ins_2","trailer_definition":"trailer_def.scs.box.double_3_2.insulated","units_count":53,"fill_ratio":1,"trailer_place":0}],"ika_bohag.aalborg":[{"target":"drekkar.odense","urgency":1,"shortest_distance_km":218,"ferry_time":0,"ferry_price":0,"cargo":"cargo.pot_flowers","company_truck":"man_6x4_b","trailer_variant":"trailer.scs_ins","trailer_definition":"trailer_def.scs.box.single_3.insulated","units_count":33,"fill_ratio":1,"trailer_place":0}],"nord_sten.jonkoping":[{"target":"konstnr_br.linkoping","urgency":0,"shortest_distance_km":189,"ferry_time":0,"ferry_price":0,"cargo":"cargo.gravel","company_truck":"daf_6x2_a","trailer_variant":"trailer.s_ki_solid.gravel","trailer_definition":"trailer_def.gravel.s_ki_solid.gravel","units_count":100,"fill_ratio":1,"trailer_place":0}],"norrsken.karlskrona":[{"target":"gnt.kalmar","urgency":2,"shortest_distance_km":109,"ferry_time":0,"ferry_price":0,"cargo":"cargo.transmis","company_truck":"man_6x4_b","trailer_variant":"trailer.scs_dry_b2","trailer_definition":"trailer_def.scs.box.bdouble_3_3.dryvan","units_count":53,"fill_ratio":1,"trailer_place":0}],"eurogoodies.kiel":[{"target":"posped.bremen","urgency":1,"shortest_distance_km":225,"ferry_time":0,"ferry_price":0,"cargo":"cargo.salt_spices","company_truck":"scania_6x4_a","trailer_variant":"trailer.scs_curt","trailer_definition":"trailer_def.scs.box.single_3.curtain","units_count":33,"fill_ratio":1,"trailer_place":0}]}