{"tree_et.birmingham":[{"target":"lkwlog.calais","urgency":2,"shortest_distance_km":331,"ferry_time":91,"ferry_price":384,"cargo":"cargo.tractor","company_truck":"renault_t_4x2","trailer_variant":"trailer.overweight.tractor","trailer_definition":"trailer_def.tractor.overweight.tractor","units_count":100,"fill_ratio":1,"trailer_place":0}],"sanbuilders.salzburg":[{"target":"transinet.salzburg","urgency":0,"shortest_distance_km":1,"ferry_time":0,"ferry_price":0,"cargo":"cargo.driller","company_truck":"renault_magnum_4x2_a","trailer_variant":"trailer.overweight.driller","trailer_definition":"trailer_def.driller.overweight.driller","units_count":100,"fill_ratio":1,"trailer_place":0}],"tree_et.felixstowe":[{"target":"lisette_log.paris","urgency":2,"shortest_distance_km":442,"ferry_time":35,"ferry_price":300,"cargo":"cargo.tractor","company_truck":"mercedes_4x2_b","trailer_variant":"trailer.overweight.tractor","trailer_definition":"trailer_def.tractor.overweight.tractor","units_count":100,"fill_ratio":1,"trailer_place":0}],"euroacres.wien":[{"target":"tree_et.bratislava","urgency":2,"shortest_distance_km":161,"ferry_time":0,"ferry_price":0,"cargo":"cargo.tractor","company_truck":"man_tgx_euro6_6x4_xlx","trailer_variant":"trailer.overweight.tractor","trailer_definition":"trailer_def.tractor.overweight.tractor","units_count":100,"fill_ratio":1,"trailer_place":0}],"trameri.liverpool":[{"target":"lkwlog.manchester","urgency":1,"shortest_distance_km":72,"ferry_time":0,"ferry_price":0,"cargo":"cargo.aircond","company_truck":"mercedes_6x4_a","trailer_variant":"trailer.overweight.aircond","trailer_definition":"trailer_def.aircond.overweight.aircond","units_count":100,"fill_ratio":1,"trailer_place":0}],"quarry.prague":[{"target":"transinet.dresden","urgency":2,"shortest_distance_km":197,"ferry_time":0,"ferry_price":0,"cargo":"cargo.tracks","company_truck":"scania_r_4x2_520","trailer_variant":"trailer.overweight.tracks","trailer_definition":"trailer_def.tracks.overweight.tracks","units_count":100,"fill_ratio":1,"trailer_place":0}],"tree_et.geneve":[{"target":"transinet.mannheim","urgency":2,"shortest_distance_km":489,"ferry_time":0,"ferry_price":0,"cargo":"cargo.tractor","company_truck":"scania_streamline_4x2_a","trailer_variant":"trailer.overweight.tractor","trailer_definition":"trailer_def.tractor.overweight.tractor","units_count":100,"fill_ratio":1,"trailer_place":0}],"sanbuilders.brno":[{"target":"posped.strasbourg","urgency":0,"shortest_distance_km":813,"ferry_time":0,"ferry_price":0,"cargo":"cargo.driller","company_truck":"daf_xf_euro6_4x2_a","trailer_variant":"trailer.overweight.driller","trailer_definition":"trailer_def.driller.overweight.driller","units_count":100,"fill_ratio":1,"trailer_place":0}],"transinet.salzburg":[{"target":"tradeaux.paris","urgency":1,"shortest_distance_km":1012,"ferry_time":0,"ferry_price":0,"cargo":"cargo.tractors","company_truck":"man_4x2_c","trailer_variant":"trailer.overweight.tractors","trailer_definition":"trailer_def.tractors.overweight.tractors","units_count":100,"fill_ratio":1,"trailer_place":0}],"quarry.dortmund":[{"target":"lkwlog.amsterdam","urgency":0,"shortest_distance_km":338,"ferry_time":0,"ferry_price":0,"cargo":"cargo.driller","company_truck":"mercedes_actros_2014_6x2_a","trailer_variant":"trailer.overweight.driller","trailer_definition":"trailer_def.driller.overweight.driller","units_count":100,"fill_ratio":1,"trailer_place":0}]}