{"tree_et.dortmund":[{"target":"blt.siauliai","urgency":0,"shortest_distance_km":1299,"ferry_time":0,"ferry_price":0,"cargo":"cargo.logs","company_truck":"scania_streamline_6x4_a","trailer_variant":"trailer.scs_log","trailer_definition":"trailer_def.scs.log.single_3.steel","units_count":2,"fill_ratio":1,"trailer_place":0}],"bhv.paris":[{"target":"tradeaux.paris","urgency":1,"shortest_distance_km":3,"ferry_time":0,"ferry_price":0,"cargo":"cargo.car_balt1","company_truck":"man_tgx_euro6_4x2_xxl","trailer_variant":"trailer.car_trans_b","trailer_definition":"trailer_def.car_balt1.car_trans_b","units_count":100,"fill_ratio":1,"trailer_place":0}],"stokes.plymouth":[{"target":"tradeaux.grimsby","urgency":1,"shortest_distance_km":498,"ferry_time":0,"ferry_price":0,"cargo":"cargo.train_part2","company_truck":"scania_6x2_b","trailer_variant":"trailer.scs_flat_c_r","trailer_definition":"trailer_def.scs.flatbed.single_3.container","units_count":2,"fill_ratio":1,"trailer_place":0}],"sellplan.magdeburg":[{"target":"blt_ru.pskov","urgency":1,"shortest_distance_km":1400,"ferry_time":0,"ferry_price":0,"cargo":"cargo.used_packag","company_truck":"scania_s_6x2_450","trailer_variant":"trailer.scs_dry","trailer_definition":"trailer_def.scs.box.single_3.dryvan","units_count":33,"fill_ratio":1,"trailer_place":0}],"lkwlog.luxembourg":[{"target":"nch.riga","urgency":0,"shortest_distance_km":1791,"ferry_time":0,"ferry_price":0,"cargo":"cargo.logs","company_truck":"iveco_h_4x2_a","trailer_variant":"trailer.scs_log","trailer_definition":"trailer_def.scs.log.single_3.steel","units_count":2,"fill_ratio":1,"trailer_place":0}],"tradeaux.hannover":[{"target":"posped.bremen","urgency":0,"shortest_distance_km":179,"ferry_time":0,"ferry_price":0,"cargo":"cargo.train_part","company_truck":"mercedes_4x2_b","trailer_variant":"trailer.scs_flat_c_r","trailer_definition":"trailer_def.scs.flatbed.single_3.container","units_count":2,"fill_ratio":1,"trailer_place":0}],"tree_et.liege":[{"target":"onnelik_a.tartu","urgency":2,"shortest_distance_km":1951,"ferry_time":0,"ferry_price":0,"cargo":"cargo.wshavings","company_truck":"man_6x4_b","trailer_variant":"trailer.s_ki_solid.cover","trailer_definition":"trailer_def.wshavings.s_ki_solid.cover","units_count":100,"fill_ratio":1,"trailer_place":0}],"tree_et.graz":[{"target":"rosmark.rezekne","urgency":2,"shortest_distance_km":1510,"ferry_time":0,"ferry_price":0,"cargo":"cargo.forklifts","company_truck":"daf_xf_euro6_6x2_a","trailer_variant":"trailer.overweight.forklifts","trailer_definition":"trailer_def.forklifts.overweight.forklifts","units_count":100,"fill_ratio":1,"trailer_place":0}],"sellplan.sheffield":[{"target":"ns_chem.pori","urgency":2,"shortest_distance_km":1296,"ferry_time":1680,"ferry_price":2484,"cargo":"cargo.empty_palet","company_truck":"man_6x4_b","trailer_variant":"trailer.scs_curt","trailer_definition":"trailer_def.scs.box.single_3.curtain","units_count":33,"fill_ratio":1,"trailer_place":0}],"wgcc.strasbourg":[{"target":"nch.kouvola","urgency":0,"shortest_distance_km":2338,"ferry_time":150,"ferry_price":430,"cargo":"cargo.ammunition","company_truck":"renault_premium_4x2_a","trailer_variant":"trailer.scs_curt","trailer_definition":"trailer_def.scs.box.single_3.curtain","units_count":33,"fill_ratio":1,"trailer_place":0}],"trameri.swansea":[{"target":"blt_ru.petersburg","urgency":1,"shortest_distance_km":2998,"ferry_time":35,"ferry_price":300,"cargo":"cargo.overweight","company_truck":"daf_6x2_a","trailer_variant":"trailer.scs_flat_c_r","trailer_definition":"trailer_def.scs.flatbed.single_3.container","units_count":1,"fill_ratio":1,"trailer_place":0}],"transinet.dortmund":[{"target":"rosmark_ru.luga","urgency":1,"shortest_distance_km":1867,"ferry_time":0,"ferry_price":0,"cargo":"cargo.clothes_c","company_truck":"renault_premium_6x4_a","trailer_variant":"trailer.scs_flat_c_g","trailer_definition":"trailer_def.scs.flatbed.single_3.container","units_count":33,"fill_ratio":1,"trailer_place":0}],"lkwlog.stuttgart":[{"target":"blt.tartu","urgency":2,"shortest_distance_km":1950,"ferry_time":0,"ferry_price":0,"cargo":"cargo.chocolate","company_truck":"scania_streamline_4x2_c","trailer_variant":"trailer.scs_curt_s","trailer_definition":"trailer_def.scs.box.single_3.curtain","units_count":32,"fill_ratio":1,"trailer_place":0}],"sellplan.rostock":[{"target":"nch.kouvola","urgency":1,"shortest_distance_km":1227,"ferry_time":645,"ferry_price":1574,"cargo":"cargo.used_packag","company_truck":"renault_premium_4x2_c","trailer_variant":"trailer.scs_dry_ms","trailer_definition":"trailer_def.scs.box.single_3.dryvan_m","units_count":33,"fill_ratio":1,"trailer_place":0}],"kaarfor.dortmund":[{"target":"nch.riga","urgency":2,"shortest_distance_km":1494,"ferry_time":0,"ferry_price":0,"cargo":"cargo.empty_palet","company_truck":"daf_xf_euro6_4x2_a","trailer_variant":"trailer.scs_curt_s","trailer_definition":"trailer_def.scs.box.single_3.curtain","units_count":33,"fill_ratio":1,"trailer_place":0}],"transinet.salzburg":[{"target":"sanbuilders.salzburg","urgency":0,"shortest_distance_km":1,"ferry_time":0,"ferry_price":0,"cargo":"cargo.concr_cent","company_truck":"scania_r_6x2_450","trailer_variant":"trailer.scs_flat_c_r","trailer_definition":"trailer_def.scs.flatbed.single_3.container","units_count":2,"fill_ratio":1,"trailer_place":0}],"radus.kouvola":[{"target":"renar.tampere","urgency":1,"shortest_distance_km":243,"ferry_time":0,"ferry_price":0,"cargo":"cargo.diggers","company_truck":"daf_6x2_a","trailer_variant":"trailer.overweight.digger","trailer_definition":"trailer_def.diggers.overweight.digger","units_count":100,"fill_ratio":1,"trailer_place":0},{"target":"domdepo_ru.vyborg","urgency":2,"shortest_distance_km":170,"ferry_time":0,"ferry_price":0,"cargo":"cargo.bricks","company_truck":"iveco_6x2_a","trailer_variant":"trailer.scs_brick_r","trailer_definition":"trailer_def.scs.flatbed.single_3.brick","units_count":33,"fill_ratio":1,"trailer_place":0},{"target":"domdepo.utena","urgency":0,"shortest_distance_km":928,"ferry_time":0,"ferry_price":0,"cargo":"cargo.concr_stair","company_truck":"scania_streamline_6x2_b","trailer_variant":"trailer.scs_flat_r","trailer_definition":"trailer_def.scs.flatbed.single_3.flatbed_w","units_count":2,"fill_ratio":1,"trailer_place":0},{"target":"sal_fi.pori","urgency":2,"shortest_distance_km":341,"ferry_time":0,"ferry_price":0,"cargo":"cargo.digger1000","company_truck":"mercedes_4x2","trailer_variant":"trailer.overweight.digger1000","trailer_definition":"trailer_def.digger1000.overweight.digger1000","units_count":100,"fill_ratio":1,"trailer_place":0}],"nosko.klaipeda":[{"target":"rosmark.liepaja","urgency":0,"shortest_distance_km":93,"ferry_time":0,"ferry_price":0,"cargo":"cargo.chewing_gums","company_truck":"scania_streamline_4x2_c","trailer_variant":"trailer.scs_dry","trailer_definition":"trailer_def.scs.box.single_3.dryvan","units_count":31,"fill_ratio":1,"trailer_place":0}],"radus.tartu":[{"target":"gnt.panevezys","urgency":2,"shortest_distance_km":367,"ferry_time":0,"ferry_price":0,"cargo":"cargo.digger1000","company_truck":"iveco_6x2_a","trailer_variant":"trailer.overweight.digger1000","trailer_definition":"trailer_def.digger1000.overweight.digger1000","units_count":100,"fill_ratio":1,"trailer_place":0}],"aerobalt_ru.petersburg":[{"target":"nch_ru.petersburg","urgency":0,"shortest_distance_km":52,"ferry_time":0,"ferry_price":0,"cargo":"cargo.med_equip","company_truck":"scania_r_4x2_370","trailer_variant":"trailer.scs_curt_s","trailer_definition":"trailer_def.scs.box.single_3.curtain","units_count":33,"fill_ratio":1,"trailer_place":0}],"ns_chem.riga":[{"target":"bltmetal_ru.pskov","urgency":0,"shortest_distance_km":241,"ferry_time":0,"ferry_price":0,"cargo":"cargo.nitrogen","company_truck":"scania_6x2_b","trailer_variant":"trailer.scs_gosck220","trailer_definition":"trailer_def.scs.gooseneck.singl_3e_220.container","units_count":80,"fill_ratio":1,"trailer_place":0}],"rosmark_ru.vyborg":[{"target":"sal_fi.kouvola","urgency":2,"shortest_distance_km":197,"ferry_time":0,"ferry_price":0,"cargo":"cargo.vinegar","company_truck":"mercedes_actros_2014_4x2_b","trailer_variant":"trailer.scs_dry","trailer_definition":"trailer_def.scs.box.single_3.dryvan","units_count":33,"fill_ratio":1,"trailer_place":0}],"ns_chem.pori":[{"target":"nch_ru.petersburg","urgency":1,"shortest_distance_km":700,"ferry_time":0,"ferry_price":0,"cargo":"cargo.hydrogen","company_truck":"man_6x4_b","trailer_variant":"trailer.fuel_cistern","trailer_definition":"trailer_def.hydrogen.fuel_cistern","units_count":100,"fill_ratio":1,"trailer_place":0},{"target":"nch.vilnius","urgency":1,"shortest_distance_km":863,"ferry_time":150,"ferry_price":430,"cargo":"cargo.acetylene","company_truck":"mercedes_6x2_b","trailer_variant":"trailer.scs_flat_c_g","trailer_definition":"trailer_def.scs.flatbed.single_3.container","units_count":87,"fill_ratio":1,"trailer_place":0},{"target":"blt_ru.petersburg","urgency":2,"shortest_distance_km":669,"ferry_time":0,"ferry_price":0,"cargo":"cargo.empty_palet","company_truck":"man_tgx_euro6_6x4_xlx","trailer_variant":"trailer.scs_dry_m","trailer_definition":"trailer_def.scs.box.single_3.dryvan_m","units_count":32,"fill_ratio":1,"trailer_place":0},{"target":"nch.vilnius","urgency":0,"shortest_distance_km":863,"ferry_time":150,"ferry_price":430,"cargo":"cargo.hchemicals","company_truck":"daf_xf_euro6_6x2_a","trailer_variant":"trailer.chcistern","trailer_definition":"trailer_def.hchemicals.chcistern","units_count":100,"fill_ratio":1,"trailer_place":0}],"ladoga_ru.kaliningrad":[{"target":"blt.siauliai","urgency":2,"shortest_distance_km":278,"ferry_time":0,"ferry_price":0,"cargo":"cargo.used_plast_c","company_truck":"scania_6x2_b","trailer_variant":"trailer.scs_gosck40","trailer_definition":"trailer_def.scs.gooseneck.singl_3e_40.container","units_count":30,"fill_ratio":1,"trailer_place":0},{"target":"rosmark_ru.kaliningrad","urgency":2,"shortest_distance_km":23,"ferry_time":0,"ferry_price":0,"cargo":"cargo.car_balt2","company_truck":"daf_xf_euro6_6x2_a","trailer_variant":"trailer.car_trans_b2","trailer_definition":"trailer_def.car_balt2.car_trans_b2","units_count":100,"fill_ratio":1,"trailer_place":0}],"ukko.loviisa":[{"target":"sal_fi.helsinki","urgency":2,"shortest_distance_km":164,"ferry_time":0,"ferry_price":0,"cargo":"cargo.excavator","company_truck":"scania_r_4x2_370","trailer_variant":"trailer.overweight.excavator","trailer_definition":"trailer_def.excavator.overweight.excavator","units_count":100,"fill_ratio":1,"trailer_place":0},{"target":"rosmark_ru.vyborg","urgency":2,"shortest_distance_km":213,"ferry_time":0,"ferry_price":0,"cargo":"cargo.forklifts","company_truck":"mercedes_6x4_a","trailer_variant":"trailer.overweight.forklifts","trailer_definition":"trailer_def.forklifts.overweight.forklifts","units_count":100,"fill_ratio":1,"trailer_place":0}],"gnt.valmiera":[{"target":"nch.riga","urgency":0,"shortest_distance_km":128,"ferry_time":0,"ferry_price":0,"cargo":"cargo.med_equip","company_truck":"mercedes_4x2_b","trailer_variant":"trailer.scs_ref","trailer_definition":"trailer_def.scs.box.single_3.reefer","units_count":33,"fill_ratio":1,"trailer_place":0},{"target":"suprema.parnu","urgency":1,"shortest_distance_km":249,"ferry_time":0,"ferry_price":0,"cargo":"cargo.apples","company_truck":"man_6x4_b","trailer_variant":"trailer.scs_dry_m","trailer_definition":"trailer_def.scs.box.single_3.dryvan_m","units_count":33,"fill_ratio":1,"trailer_place":0},{"target":"nch.kouvola","urgency":0,"shortest_distance_km":732,"ferry_time":0,"ferry_price":0,"cargo":"cargo.grapes","company_truck":"scania_r_6x4_650","trailer_variant":"trailer.scs_ins_a","trailer_definition":"trailer_def.scs.box.single_3.insulated","units_count":33,"fill_ratio":1,"trailer_place":0}],"suprema.tampere":[{"target":"rosmark.rezekne","urgency":1,"shortest_distance_km":739,"ferry_time":150,"ferry_price":430,"cargo":"cargo.used_packag","company_truck":"scania_s_6x2_450","trailer_variant":"trailer.scs_curt_a","trailer_definition":"trailer_def.scs.box.single_3.curtain","units_count":33,"fill_ratio":1,"trailer_place":0},{"target":"nch.turku","urgency":0,"shortest_distance_km":237,"ferry_time":0,"ferry_price":0,"cargo":"cargo.used_plast","company_truck":"scania_streamline_6x4_a","trailer_variant":"trailer.scs_dry_a","trailer_definition":"trailer_def.scs.box.single_3.dryvan","units_count":33,"fill_ratio":1,"trailer_place":0},{"target":"renar.parnu","urgency":2,"shortest_distance_km":415,"ferry_time":150,"ferry_price":430,"cargo":"cargo.empty_palet","company_truck":"scania_streamline_4x2_a","trailer_variant":"trailer.scs_curt_s","trailer_definition":"trailer_def.scs.box.single_3.curtain","units_count":33,"fill_ratio":1,"trailer_place":0}],"kivi.helsinki":[{"target":"sal_fi.kouvola","urgency":2,"shortest_distance_km":124,"ferry_time":0,"ferry_price":0,"cargo":"cargo.excavator","company_truck":"scania_r_4x2_520","trailer_variant":"trailer.overweight.excavator","trailer_definition":"trailer_def.excavator.overweight.excavator","units_count":100,"fill_ratio":1,"trailer_place":0}],"bhv.parnu":[{"target":"renar.tallinn","urgency":2,"shortest_distance_km":94,"ferry_time":0,"ferry_price":0,"cargo":"cargo.car_balt2","company_truck":"renault_premium_6x4_a","trailer_variant":"trailer.car_trans_b2","trailer_definition":"trailer_def.car_balt2.car_trans_b2","units_count":100,"fill_ratio":1,"trailer_place":0}],"rosmark.rezekne":[{"target":"suprema.rezekne","urgency":0,"shortest_distance_km":83,"ferry_time":0,"ferry_price":0,"cargo":"cargo.clothes","company_truck":"scania_streamline_4x2_a","trailer_variant":"trailer.scs_dry_ms","trailer_definition":"trailer_def.scs.box.single_3.dryvan_m","units_count":33,"fill_ratio":1,"trailer_place":0},{"target":"blt_ru.pskov","urgency":0,"shortest_distance_km":150,"ferry_time":0,"ferry_price":0,"cargo":"cargo.carrots_c","company_truck":"scania_r_6x4_650","trailer_variant":"trailer.scs_gosck220","trailer_definition":"trailer_def.scs.gooseneck.singl_3e_220.container","units_count":30,"fill_ratio":1,"trailer_place":0},{"target":"blt.paldiski","urgency":2,"shortest_distance_km":499,"ferry_time":0,"ferry_price":0,"cargo":"cargo.limonades","company_truck":"man_6x4_b","trailer_variant":"trailer.scs_curt","trailer_definition":"trailer_def.scs.box.single_3.curtain","units_count":32,"fill_ratio":1,"trailer_place":0},{"target":"lateds.valmiera","urgency":2,"shortest_distance_km":206,"ferry_time":0,"ferry_price":0,"cargo":"cargo.beans","company_truck":"iveco_h_4x2_a","trailer_variant":"trailer.scs_curt_a","trailer_definition":"trailer_def.scs.box.single_3.curtain","units_count":33,"fill_ratio":1,"trailer_place":0}],"blt_ru.petersburg":[{"target":"rosmark.rezekne","urgency":0,"shortest_distance_km":444,"ferry_time":0,"ferry_price":0,"cargo":"cargo.re_bars","company_truck":"iveco_4x2_a","trailer_variant":"trailer.scs_flat_c_g","trailer_definition":"trailer_def.scs.flatbed.single_3.container","units_count":9,"fill_ratio":1,"trailer_place":0}],"sal_fi.helsinki":[{"target":"domdepo.valmiera","urgency":1,"shortest_distance_km":441,"ferry_time":150,"ferry_price":430,"cargo":"cargo.floorpanels","company_truck":"renault_premium_6x4_a","trailer_variant":"trailer.panel_trans.floor","trailer_definition":"trailer_def.floorpanels.panel_trans.floor","units_count":82,"fill_ratio":1,"trailer_place":0},{"target":"ateria.lahti","urgency":2,"shortest_distance_km":186,"ferry_time":0,"ferry_price":0,"cargo":"cargo.empty_palet","company_truck":"man_4x2_a","trailer_variant":"trailer.scs_dry_m","trailer_definition":"trailer_def.scs.box.single_3.dryvan_m","units_count":33,"fill_ratio":1,"trailer_place":0}],"aerobalt.helsinki":[{"target":"nch.kouvola","urgency":0,"shortest_distance_km":226,"ferry_time":0,"ferry_price":0,"cargo":"cargo.med_equip","company_truck":"scania_streamline_4x2_a","trailer_variant":"trailer.scs_ref_s","trailer_definition":"trailer_def.scs.box.single_3.reefer","units_count":33,"fill_ratio":1,"trailer_place":0}],"onnelik_a.tartu":[{"target":"suprema_ru.pskov","urgency":1,"shortest_distance_km":182,"ferry_time":0,"ferry_price":0,"cargo":"cargo.milk_t","company_truck":"man_6x4_b","trailer_variant":"trailer.scs_fodt","trailer_definition":"trailer_def.scs.foodtank.single_3.paint","units_count":23,"fill_ratio":1,"trailer_place":0},{"target":"suprema_ru.kaliningrad","urgency":1,"shortest_distance_km":677,"ferry_time":0,"ferry_price":0,"cargo":"cargo.cheese","company_truck":"renault_magnum_6x4_a","trailer_variant":"trailer.scs_ins","trailer_definition":"trailer_def.scs.box.single_3.insulated","units_count":33,"fill_ratio":1,"trailer_place":0}],"ibp.helsinki":[{"target":"nch.riga","urgency":0,"shortest_distance_km":497,"ferry_time":150,"ferry_price":430,"cargo":"cargo.motor_oil","company_truck":"man_tgx_euro6_4x2_xxl","trailer_variant":"trailer.scs_curt","trailer_definition":"trailer_def.scs.box.single_3.curtain","units_count":33,"fill_ratio":1,"trailer_place":0}],"nch_ru.petersburg":[{"target":"renar.narva","urgency":2,"shortest_distance_km":170,"ferry_time":0,"ferry_price":0,"cargo":"cargo.plums","company_truck":"scania_r_6x2_450","trailer_variant":"trailer.scs_ins_a","trailer_definition":"trailer_def.scs.box.single_3.insulated","units_count":33,"fill_ratio":1,"trailer_place":0}],"lvr.riga":[{"target":"nch.tallinn","urgency":0,"shortest_distance_km":334,"ferry_time":0,"ferry_price":0,"cargo":"cargo.train_part","company_truck":"daf_xf_euro6_6x2_a","trailer_variant":"trailer.scs_flat_c_r","trailer_definition":"trailer_def.scs.flatbed.single_3.container","units_count":2,"fill_ratio":1,"trailer_place":0},{"target":"gnt.valmiera","urgency":0,"shortest_distance_km":130,"ferry_time":0,"ferry_price":0,"cargo":"cargo.scrap_metals","company_truck":"iveco_h_4x2_a","trailer_variant":"trailer.s_ki_solid.cover","trailer_definition":"trailer_def.scrap_metals.s_ki_solid.cover","units_count":100,"fill_ratio":1,"trailer_place":0},{"target":"rosmark_ru.kaliningrad","urgency":1,"shortest_distance_km":481,"ferry_time":0,"ferry_price":0,"cargo":"cargo.train_part2","company_truck":"renault_premium_4x2_a","trailer_variant":"trailer.scs_flat_r","trailer_definition":"trailer_def.scs.flatbed.single_3.flatbed_w","units_count":2,"fill_ratio":1,"trailer_place":0}],"gnt.ventspils":[{"target":"nch.vilnius","urgency":0,"shortest_distance_km":397,"ferry_time":0,"ferry_price":0,"cargo":"cargo.plant_substr","company_truck":"mercedes_actros_2014_4x2_b","trailer_variant":"trailer.scs_curt_s","trailer_definition":"trailer_def.scs.box.single_3.curtain","units_count":33,"fill_ratio":1,"trailer_place":0}],"ateria.helsinki":[{"target":"blt.tartu","urgency":2,"shortest_distance_km":314,"ferry_time":150,"ferry_price":430,"cargo":"cargo.vinegar","company_truck":"scania_4x2_c","trailer_variant":"trailer.scs_curt_a","trailer_definition":"trailer_def.scs.box.single_3.curtain","units_count":33,"fill_ratio":1,"trailer_place":0}],"blt_yacht.riga":[{"target":"rosmark.riga","urgency":0,"shortest_distance_km":209,"ferry_time":0,"ferry_price":0,"cargo":"cargo.scrap_metals","company_truck":"man_6x4_b","trailer_variant":"trailer.s_ki_solid.cover","trailer_definition":"trailer_def.scrap_metals.s_ki_solid.cover","units_count":100,"fill_ratio":1,"trailer_place":0}],"ika_bohag.vilnius":[{"target":"lateds.daugavpils","urgency":2,"shortest_distance_km":188,"ferry_time":0,"ferry_price":0,"cargo":"cargo.empty_palet","company_truck":"man_tgx_euro6_4x2_xxl","trailer_variant":"trailer.scs_dry_a","trailer_definition":"trailer_def.scs.box.single_3.dryvan","units_count":33,"fill_ratio":1,"trailer_place":0},{"target":"renar.narva","urgency":1,"shortest_distance_km":725,"ferry_time":0,"ferry_price":0,"cargo":"cargo.used_packag","company_truck":"man_6x4_b","trailer_variant":"trailer.scs_dry_ms","trailer_definition":"trailer_def.scs.box.single_3.dryvan_m","units_count":33,"fill_ratio":1,"trailer_place":0}],"nch.kouvola":[{"target":"cont_port.kotka","urgency":1,"shortest_distance_km":92,"ferry_time":0,"ferry_price":0,"cargo":"cargo.chem_sorb_c","company_truck":"man_6x4_b","trailer_variant":"trailer.scs_gosck20","trailer_definition":"trailer_def.scs.gooseneck.singl_3e_20.container","units_count":15,"fill_ratio":1,"trailer_place":0}],"fintyre.tampere":[{"target":"rosmark.liepaja","urgency":0,"shortest_distance_km":788,"ferry_time":150,"ferry_price":430,"cargo":"cargo.scrap_metals","company_truck":"man_tgx_euro6_4x2_xl","trailer_variant":"trailer.s_ki_solid.cover","trailer_definition":"trailer_def.scrap_metals.s_ki_solid.cover","units_count":100,"fill_ratio":1,"trailer_place":0},{"target":"viljo_paper.tampere","urgency":2,"shortest_distance_km":11,"ferry_time":0,"ferry_price":0,"cargo":"cargo.forklifts","company_truck":"mercedes_4x2","trailer_variant":"trailer.overweight.forklifts","trailer_definition":"trailer_def.forklifts.overweight.forklifts","units_count":100,"fill_ratio":1,"trailer_place":0}],"baltomorsk.valmiera":[{"target":"blt.utena","urgency":2,"shortest_distance_km":364,"ferry_time":0,"ferry_price":0,"cargo":"cargo.digger1000","company_truck":"scania_streamline_6x2_b","trailer_variant":"trailer.overweight.digger1000","trailer_definition":"trailer_def.digger1000.overweight.digger1000","units_count":100,"fill_ratio":1,"trailer_place":0}],"nch.riga":[{"target":"bltmetal.pori","urgency":0,"shortest_distance_km":585,"ferry_time":150,"ferry_price":430,"cargo":"cargo.nitrogen","company_truck":"renault_t_4x2","trailer_variant":"trailer.scs_flat_c_g","trailer_definition":"trailer_def.scs.flatbed.single_3.container","units_count":87,"fill_ratio":1,"trailer_place":0}],"cemelt_win.paldiski":[{"target":"lintukainen.kotka","urgency":2,"shortest_distance_km":320,"ferry_time":150,"ferry_price":430,"cargo":"cargo.forklifts","company_truck":"scania_s_4x2_580","trailer_variant":"trailer.overweight.forklifts","trailer_definition":"trailer_def.forklifts.overweight.forklifts","units_count":100,"fill_ratio":1,"trailer_place":0},{"target":"nch.kouvola","urgency":2,"shortest_distance_km":359,"ferry_time":150,"ferry_price":430,"cargo":"cargo.empty_palet","company_truck":"man_tgx_euro6_6x4_xlx","trailer_variant":"trailer.scs_curt_s","trailer_definition":"trailer_def.scs.box.single_3.curtain","units_count":33,"fill_ratio":1,"trailer_place":0}],"ns_chem_ru.luga":[{"target":"ns_chem.kaunas","urgency":0,"shortest_distance_km":587,"ferry_time":0,"ferry_price":0,"cargo":"cargo.fluorine","company_truck":"renault_premium_6x2_a","trailer_variant":"trailer.scs_flat_c_g","trailer_definition":"trailer_def.scs.flatbed.single_3.container","units_count":87,"fill_ratio":1,"trailer_place":0},{"target":"ee_paper.kunda","urgency":1,"shortest_distance_km":257,"ferry_time":0,"ferry_price":0,"cargo":"cargo.chlorine","company_truck":"man_4x2_c","trailer_variant":"trailer.scs_gosck20","trailer_definition":"trailer_def.scs.gooseneck.singl_3e_20.container","units_count":40,"fill_ratio":1,"trailer_place":0}],"gnt.vilnius":[{"target":"blt.siauliai","urgency":2,"shortest_distance_km":174,"ferry_time":0,"ferry_price":0,"cargo":"cargo.metal_beams","company_truck":"scania_r_4x2_520","trailer_variant":"trailer.scs_flat_r","trailer_definition":"trailer_def.scs.flatbed.single_3.flatbed_w","units_count":10,"fill_ratio":1,"trailer_place":0},{"target":"blt.utena","urgency":0,"shortest_distance_km":80,"ferry_time":0,"ferry_price":0,"cargo":"cargo.big_bag_seed","company_truck":"scania_streamline_4x2_b","trailer_variant":"trailer.scs_dry_s","trailer_definition":"trailer_def.scs.box.single_3.dryvan","units_count":33,"fill_ratio":1,"trailer_place":0}],"bltmetal.siauliai":[{"target":"ns_oil_ru.kaliningrad","urgency":0,"shortest_distance_km":286,"ferry_time":0,"ferry_price":0,"cargo":"cargo.vent_tube","company_truck":"scania_s_4x2_580","trailer_variant":"trailer.scs_flat_b","trailer_definition":"trailer_def.scs.flatbed.single_3.flatbed_w","units_count":2,"fill_ratio":1,"trailer_place":0},{"target":"baltomorsk.kaunas","urgency":2,"shortest_distance_km":153,"ferry_time":0,"ferry_price":0,"cargo":"cargo.forklifts","company_truck":"renault_magnum_6x2_a","trailer_variant":"trailer.overweight.forklifts","trailer_definition":"trailer_def.forklifts.overweight.forklifts","units_count":100,"fill_ratio":1,"trailer_place":0},{"target":"renar.turku","urgency":0,"shortest_distance_km":700,"ferry_time":150,"ferry_price":430,"cargo":"cargo.precast_strs","company_truck":"iveco_4x2_b","trailer_variant":"trailer.scs_curt_a","trailer_definition":"trailer_def.scs.box.single_3.curtain","units_count":33,"fill_ratio":1,"trailer_place":0}],"suprema.parnu":[{"target":"sal_fi.kouvola","urgency":1,"shortest_distance_km":382,"ferry_time":150,"ferry_price":430,"cargo":"cargo.used_packag","company_truck":"scania_4x2_c","trailer_variant":"trailer.scs_dry","trailer_definition":"trailer_def.scs.box.single_3.dryvan","units_count":33,"fill_ratio":1,"trailer_place":0},{"target":"renar.turku","urgency":0,"shortest_distance_km":377,"ferry_time":150,"ferry_price":430,"cargo":"cargo.used_plast","company_truck":"mercedes_actros_2014_6x4_b","trailer_variant":"trailer.scs_curt_a","trailer_definition":"trailer_def.scs.box.single_3.curtain","units_count":33,"fill_ratio":1,"trailer_place":0}],"egres.kouvola":[{"target":"blt.siauliai","urgency":0,"shortest_distance_km":722,"ferry_time":150,"ferry_price":430,"cargo":"cargo.potatoes","company_truck":"man_tgx_euro6_4x2_xl","trailer_variant":"trailer.scs_dry_m","trailer_definition":"trailer_def.scs.box.single_3.dryvan_m","units_count":32,"fill_ratio":1,"trailer_place":0}],"ika_bohag.helsinki":[{"target":"blt.kunda","urgency":1,"shortest_distance_km":174,"ferry_time":150,"ferry_price":430,"cargo":"cargo.used_packag","company_truck":"scania_6x2_b","trailer_variant":"trailer.scs_dry_ms","trailer_definition":"trailer_def.scs.box.single_3.dryvan_m","units_count":33,"fill_ratio":1,"trailer_place":0},{"target":"ateria.helsinki","urgency":2,"shortest_distance_km":92,"ferry_time":0,"ferry_price":0,"cargo":"cargo.empty_palet","company_truck":"man_6x4_b","trailer_variant":"trailer.scs_dry_a","trailer_definition":"trailer_def.scs.box.single_3.dryvan","units_count":33,"fill_ratio":1,"trailer_place":0}],"egres.helsinki":[{"target":"renar.lahti","urgency":1,"shortest_distance_km":251,"ferry_time":0,"ferry_price":0,"cargo":"cargo.young_seed","company_truck":"double/renault_premium_4x2_a","trailer_variant":"trailer.scs_ins_2","trailer_definition":"trailer_def.scs.box.double_3_2.insulated","units_count":53,"fill_ratio":1,"trailer_place":0}],"ns_oil.tallinn":[{"target":"nch.turku","urgency":0,"shortest_distance_km":284,"ferry_time":150,"ferry_price":430,"cargo":"cargo.motor_oil_c","company_truck":"daf_4x2_a","trailer_variant":"trailer.scs_gosck40","trailer_definition":"trailer_def.scs.gooseneck.singl_3e_40.container","units_count":30,"fill_ratio":1,"trailer_place":0}],"cemelt_bas.kaunas":[{"target":"pk_medved_ru.petersburg","urgency":2,"shortest_distance_km":779,"ferry_time":0,"ferry_price":0,"cargo":"cargo.forklifts","company_truck":"scania_streamline_4x2_b","trailer_variant":"trailer.overweight.forklifts","trailer_definition":"trailer_def.forklifts.overweight.forklifts","units_count":100,"fill_ratio":1,"trailer_place":0},{"target":"kivi.turku","urgency":2,"shortest_distance_km":796,"ferry_time":150,"ferry_price":430,"cargo":"cargo.digger1000","company_truck":"mercedes_4x2_a","trailer_variant":"trailer.overweight.digger1000","trailer_definition":"trailer_def.digger1000.overweight.digger1000","units_count":100,"fill_ratio":1,"trailer_place":0}],"cont_port.tallinn":[{"target":"gnt.panevezys","urgency":1,"shortest_distance_km":444,"ferry_time":0,"ferry_price":0,"cargo":"cargo.chem_sorb_c","company_truck":"mercedes_4x2_a","trailer_variant":"trailer.scs_flat_c_g","trailer_definition":"trailer_def.scs.flatbed.single_3.container","units_count":33,"fill_ratio":1,"trailer_place":0}],"ukko.olkiluoto":[{"target":"onnelik.parnu","urgency":0,"shortest_distance_km":458,"ferry_time":150,"ferry_price":430,"cargo":"cargo.excav_soil","company_truck":"scania_streamline_4x2_a","trailer_variant":"trailer.s_ki_solid.cover","trailer_definition":"trailer_def.excav_soil.s_ki_solid.cover","units_count":99,"fill_ratio":1,"trailer_place":0},{"target":"sal_fi.helsinki","urgency":2,"shortest_distance_km":265,"ferry_time":0,"ferry_price":0,"cargo":"cargo.empty_palet","company_truck":"double/iveco_4x2_a","trailer_variant":"trailer.scs_dry_2","trailer_definition":"trailer_def.scs.box.double_3_2.dryvan","units_count":53,"fill_ratio":1,"trailer_place":0}],"renar.kotka":[{"target":"suprema.kaunas","urgency":1,"shortest_distance_km":808,"ferry_time":150,"ferry_price":430,"cargo":"cargo.cheese","company_truck":"mercedes_actros_2014_6x2_a","trailer_variant":"trailer.scs_ins_a","trailer_definition":"trailer_def.scs.box.single_3.insulated","units_count":33,"fill_ratio":1,"trailer_place":0},{"target":"nch.kouvola","urgency":1,"shortest_distance_km":104,"ferry_time":0,"ferry_price":0,"cargo":"cargo.apples","company_truck":"scania_streamline_4x2_a","trailer_variant":"trailer.scs_dry","trailer_definition":"trailer_def.scs.box.single_3.dryvan","units_count":33,"fill_ratio":1,"trailer_place":0},{"target":"blt_ru.petersburg","urgency":2,"shortest_distance_km":354,"ferry_time":0,"ferry_price":0,"cargo":"cargo.used_plast_c","company_truck":"man_4x2_a","trailer_variant":"trailer.scs_flat_c_r","trailer_definition":"trailer_def.scs.flatbed.single_3.container","units_count":33,"fill_ratio":1,"trailer_place":0}],"baltomors_ru.petersburg":[{"target":"blt.utena","urgency":0,"shortest_distance_km":699,"ferry_time":0,"ferry_price":0,"cargo":"cargo.logs","company_truck":"scania_s_6x2_450","trailer_variant":"trailer.scs_log","trailer_definition":"trailer_def.scs.log.single_3.steel","units_count":2,"fill_ratio":1,"trailer_place":0}],"blt_yacht_ru.petersburg":[{"target":"renar.tallinn","urgency":0,"shortest_distance_km":337,"ferry_time":0,"ferry_price":0,"cargo":"cargo.scrap_metals","company_truck":"renault_premium_6x4_a","trailer_variant":"trailer.s_ki_solid.cover","trailer_definition":"trailer_def.scrap_metals.s_ki_solid.cover","units_count":100,"fill_ratio":1,"trailer_place":0}],"suprema.panevezys":[{"target":"nch.turku","urgency":2,"shortest_distance_km":676,"ferry_time":150,"ferry_price":430,"cargo":"cargo.used_plast_c","company_truck":"scania_streamline_6x4_a","trailer_variant":"trailer.scs_gosck20","trailer_definition":"trailer_def.scs.gooseneck.singl_3e_20.container","units_count":15,"fill_ratio":1,"trailer_place":0}],"domdepo.valmiera":[{"target":"rosmark_ru.kaliningrad","urgency":0,"shortest_distance_km":588,"ferry_time":0,"ferry_price":0,"cargo":"cargo.logs","company_truck":"renault_t_4x2","trailer_variant":"trailer.scs_log","trailer_definition":"trailer_def.scs.log.single_3.steel","units_count":2,"fill_ratio":1,"trailer_place":0},{"target":"renat.helsinki","urgency":2,"shortest_distance_km":458,"ferry_time":150,"ferry_price":430,"cargo":"cargo.sandwch_pnls","company_truck":"mercedes_4x2_c","trailer_variant":"trailer.scs_curt_a","trailer_definition":"trailer_def.scs.box.single_3.curtain","units_count":33,"fill_ratio":1,"trailer_place":0}],"radus.tampere":[{"target":"cemelt_fla.valmiera","urgency":2,"shortest_distance_km":605,"ferry_time":150,"ferry_price":430,"cargo":"cargo.bricks","company_truck":"scania_streamline_4x2_c","trailer_variant":"trailer.scs_brick_r","trailer_definition":"trailer_def.scs.flatbed.single_3.brick","units_count":33,"fill_ratio":1,"trailer_place":0},{"target":"gnt.panevezys","urgency":1,"shortest_distance_km":681,"ferry_time":150,"ferry_price":430,"cargo":"cargo.diggers","company_truck":"renault_magnum_4x2_a","trailer_variant":"trailer.overweight.digger","trailer_definition":"trailer_def.diggers.overweight.digger","units_count":98,"fill_ratio":1,"trailer_place":0}],"suprema.tartu":[{"target":"ns_oil.paldiski","urgency":2,"shortest_distance_km":220,"ferry_time":0,"ferry_price":0,"cargo":"cargo.empty_palet","company_truck":"daf_xf_euro6_6x2_a","trailer_variant":"trailer.scs_dry","trailer_definition":"trailer_def.scs.box.single_3.dryvan","units_count":33,"fill_ratio":1,"trailer_place":0}],"baltomorsk.rezekne":[{"target":"blt.utena","urgency":0,"shortest_distance_km":225,"ferry_time":0,"ferry_price":0,"cargo":"cargo.sawpanels","company_truck":"scania_streamline_4x2_c","trailer_variant":"trailer.scs_curt_s","trailer_definition":"trailer_def.scs.box.single_3.curtain","units_count":33,"fill_ratio":1,"trailer_place":0},{"target":"ateria.helsinki","urgency":2,"shortest_distance_km":603,"ferry_time":150,"ferry_price":430,"cargo":"cargo.empty_palet","company_truck":"scania_6x2_b","trailer_variant":"trailer.scs_dry_s","trailer_definition":"trailer_def.scs.box.single_3.dryvan","units_count":33,"fill_ratio":1,"trailer_place":0}],"eviksi.riga":[{"target":"renar.parnu","urgency":2,"shortest_distance_km":239,"ferry_time":0,"ferry_price":0,"cargo":"cargo.beans","company_truck":"renault_magnum_6x2_a","trailer_variant":"trailer.scs_dry_a","trailer_definition":"trailer_def.scs.box.single_3.dryvan","units_count":33,"fill_ratio":1,"trailer_place":0}],"ladoga_ru.petersburg":[{"target":"gnt.klaipeda","urgency":1,"shortest_distance_km":897,"ferry_time":0,"ferry_price":0,"cargo":"cargo.used_packag","company_truck":"scania_s_4x2_370","trailer_variant":"trailer.scs_curt_s","trailer_definition":"trailer_def.scs.box.single_3.curtain","units_count":33,"fill_ratio":1,"trailer_place":0},{"target":"gnt.vilnius","urgency":1,"shortest_distance_km":779,"ferry_time":0,"ferry_price":0,"cargo":"cargo.car_balt1","company_truck":"scania_streamline_4x2_c","trailer_variant":"trailer.car_trans_b","trailer_definition":"trailer_def.car_balt1.car_trans_b","units_count":100,"fill_ratio":1,"trailer_place":0},{"target":"rosmark.rezekne","urgency":2,"shortest_distance_km":474,"ferry_time":0,"ferry_price":0,"cargo":"cargo.used_plast_c","company_truck":"scania_4x2_c","trailer_variant":"trailer.scs_gosck20","trailer_definition":"trailer_def.scs.gooseneck.singl_3e_20.container","units_count":15,"fill_ratio":1,"trailer_place":0}],"rosmark.riga":[{"target":"suprema.kaunas","urgency":1,"shortest_distance_km":293,"ferry_time":0,"ferry_price":0,"cargo":"cargo.beverages_c","company_truck":"scania_r_4x2_520","trailer_variant":"trailer.scs_flat_c_r","trailer_definition":"trailer_def.scs.flatbed.single_3.container","units_count":33,"fill_ratio":1,"trailer_place":0},{"target":"renar.lahti","urgency":2,"shortest_distance_km":517,"ferry_time":150,"ferry_price":430,"cargo":"cargo.chocolate","company_truck":"mercedes_actros_2014_4x2_a","trailer_variant":"trailer.scs_dry_m","trailer_definition":"trailer_def.scs.box.single_3.dryvan_m","units_count":30,"fill_ratio":1,"trailer_place":0},{"target":"gnt.vilnius","urgency":1,"shortest_distance_km":290,"ferry_time":0,"ferry_price":0,"cargo":"cargo.used_packag","company_truck":"daf_xf_euro6_4x2_c","trailer_variant":"trailer.scs_dry_ms","trailer_definition":"trailer_def.scs.box.single_3.dryvan_m","units_count":33,"fill_ratio":1,"trailer_place":0}],"kivi.kotka":[{"target":"baltomors_ru.vyborg","urgency":2,"shortest_distance_km":172,"ferry_time":0,"ferry_price":0,"cargo":"cargo.digger1000","company_truck":"man_6x4_b","trailer_variant":"trailer.overweight.digger1000","trailer_definition":"trailer_def.digger1000.overweight.digger1000","units_count":100,"fill_ratio":1,"trailer_place":0},{"target":"nch.tallinn","urgency":0,"shortest_distance_km":273,"ferry_time":150,"ferry_price":430,"cargo":"cargo.stones","company_truck":"daf_6x2_a","trailer_variant":"trailer.s_ki_solid.cover","trailer_definition":"trailer_def.stones.s_ki_solid.cover","units_count":100,"fill_ratio":1,"trailer_place":0}],"ika_bohag.tampere":[{"target":"ns_oil.daugavpils","urgency":2,"shortest_distance_km":751,"ferry_time":150,"ferry_price":430,"cargo":"cargo.empty_palet","company_truck":"man_4x2_c","trailer_variant":"trailer.scs_curt_a","trailer_definition":"trailer_def.scs.box.single_3.curtain","units_count":33,"fill_ratio":1,"trailer_place":0},{"target":"gnt.klaipeda","urgency":1,"shortest_distance_km":822,"ferry_time":150,"ferry_price":430,"cargo":"cargo.used_packag","company_truck":"mercedes_actros_2014_6x2_a","trailer_variant":"trailer.scs_dry_m","trailer_definition":"trailer_def.scs.box.single_3.dryvan_m","units_count":33,"fill_ratio":1,"trailer_place":0}],"pk_medved_ru.kaliningrad":[{"target":"nosko.klaipeda","urgency":2,"shortest_distance_km":294,"ferry_time":0,"ferry_price":0,"cargo":"cargo.beef_meat","company_truck":"scania_streamline_4x2_a","trailer_variant":"trailer.scs_ref","trailer_definition":"trailer_def.scs.box.single_3.reefer","units_count":33,"fill_ratio":1,"trailer_place":0}],"viljo_paper.tampere":[{"target":"sal_fi.kouvola","urgency":1,"shortest_distance_km":221,"ferry_time":0,"ferry_price":0,"cargo":"cargo.used_packag","company_truck":"double/man_euro6_4x2_xxl","trailer_variant":"trailer.scs_dry_b2","trailer_definition":"trailer_def.scs.box.bdouble_3_3.dryvan","units_count":53,"fill_ratio":1,"trailer_place":0}],"lintukainen.pori":[{"target":"rosmark.rezekne","urgency":2,"shortest_distance_km":755,"ferry_time":150,"ferry_price":430,"cargo":"cargo.excavator","company_truck":"mercedes_actros_2014_6x2_a","trailer_variant":"trailer.overweight.excavator","trailer_definition":"trailer_def.excavator.overweight.excavator","units_count":94,"fill_ratio":1,"trailer_place":0}],"lintukainen.kouvola":[{"target":"sal_fi.helsinki","urgency":0,"shortest_distance_km":238,"ferry_time":0,"ferry_price":0,"cargo":"cargo.sawpanels","company_truck":"renault_premium_4x2_a","trailer_variant":"trailer.scs_dry_a","trailer_definition":"trailer_def.scs.box.single_3.dryvan","units_count":33,"fill_ratio":1,"trailer_place":0}],"ee_paper.kunda":[{"target":"nch.riga","urgency":1,"shortest_distance_km":439,"ferry_time":0,"ferry_price":0,"cargo":"cargo.emptytank","company_truck":"scania_streamline_6x2_b","trailer_variant":"trailer.scs_flat_b","trailer_definition":"trailer_def.scs.flatbed.single_3.flatbed_w","units_count":2,"fill_ratio":1,"trailer_place":0},{"target":"renat.helsinki","urgency":1,"shortest_distance_km":223,"ferry_time":150,"ferry_price":430,"cargo":"cargo.paper","company_truck":"mercedes_actros_2014_4x2_c","trailer_variant":"trailer.scs_dry_ms","trailer_definition":"trailer_def.scs.box.single_3.dryvan_m","units_count":33,"fill_ratio":1,"trailer_place":0},{"target":"nosko.vilnius","urgency":2,"shortest_distance_km":683,"ferry_time":0,"ferry_price":0,"cargo":"cargo.empty_palet","company_truck":"renault_magnum_4x2_a","trailer_variant":"trailer.scs_curt","trailer_definition":"trailer_def.scs.box.single_3.curtain","units_count":33,"fill_ratio":1,"trailer_place":0}],"baltomors_ru.pskov":[{"target":"gnt.panevezys","urgency":0,"shortest_distance_km":361,"ferry_time":0,"ferry_price":0,"cargo":"cargo.sawpanels","company_truck":"renault_magnum_6x4_a","trailer_variant":"trailer.scs_curt","trailer_definition":"trailer_def.scs.box.single_3.curtain","units_count":33,"fill_ratio":1,"trailer_place":0},{"target":"onnelik_a.parnu","urgency":2,"shortest_distance_km":272,"ferry_time":0,"ferry_price":0,"cargo":"cargo.digger1000","company_truck":"mercedes_6x4_a","trailer_variant":"trailer.overweight.digger1000","trailer_definition":"trailer_def.digger1000.overweight.digger1000","units_count":100,"fill_ratio":1,"trailer_place":0}],"sal_fi.pori":[{"target":"gnt.klaipeda","urgency":2,"shortest_distance_km":893,"ferry_time":150,"ferry_price":430,"cargo":"cargo.straw_bales","company_truck":"iveco_h_4x2_a","trailer_variant":"trailer.scs_dry_s","trailer_definition":"trailer_def.scs.box.single_3.dryvan","units_count":33,"fill_ratio":1,"trailer_place":0}],"polarislines.paldiski":[{"target":"nch.riga","urgency":0,"shortest_distance_km":280,"ferry_time":0,"ferry_price":0,"cargo":"cargo.furniture","company_truck":"man_6x4_b","trailer_variant":"trailer.scs_dry","trailer_definition":"trailer_def.scs.box.single_3.dryvan","units_count":33,"fill_ratio":1,"trailer_place":0}],"gnt.daugavpils":[{"target":"rosmark_ru.luga","urgency":2,"shortest_distance_km":398,"ferry_time":0,"ferry_price":0,"cargo":"cargo.plums","company_truck":"renault_magnum_6x2_a","trailer_variant":"trailer.scs_ref_a","trailer_definition":"trailer_def.scs.box.single_3.reefer","units_count":33,"fill_ratio":1,"trailer_place":0},{"target":"nch.vilnius","urgency":0,"shortest_distance_km":199,"ferry_time":0,"ferry_price":0,"cargo":"cargo.ore","company_truck":"renault_magnum_6x4_a","trailer_variant":"trailer.s_ki_solid.ore","trailer_definition":"trailer_def.ore.s_ki_solid.ore","units_count":100,"fill_ratio":1,"trailer_place":0}],"domdepo_ru.vyborg":[{"target":"viljo_paper.kouvola","urgency":0,"shortest_distance_km":155,"ferry_time":0,"ferry_price":0,"cargo":"cargo.logs","company_truck":"scania_streamline_6x2_b","trailer_variant":"trailer.scs_log","trailer_definition":"trailer_def.scs.log.single_3.steel","units_count":2,"fill_ratio":1,"trailer_place":0},{"target":"blt.utena","urgency":1,"shortest_distance_km":760,"ferry_time":0,"ferry_price":0,"cargo":"cargo.sand","company_truck":"scania_s_6x2_450","trailer_variant":"trailer.s_ki_solid.sand","trailer_definition":"trailer_def.sand.s_ki_solid.sand","units_count":100,"fill_ratio":1,"trailer_place":0}],"ns_oil_ru.pskov":[{"target":"ns_oil.valmiera","urgency":0,"shortest_distance_km":220,"ferry_time":0,"ferry_price":0,"cargo":"cargo.motor_oil_c","company_truck":"renault_t_4x2h","trailer_variant":"trailer.scs_gosck220","trailer_definition":"trailer_def.scs.gooseneck.singl_3e_220.container","units_count":30,"fill_ratio":1,"trailer_place":0},{"target":"nch.riga","urgency":0,"shortest_distance_km":250,"ferry_time":0,"ferry_price":0,"cargo":"cargo.motor_oil","company_truck":"iveco_4x2_a","trailer_variant":"trailer.scs_curt","trailer_definition":"trailer_def.scs.box.single_3.curtain","units_count":33,"fill_ratio":1,"trailer_place":0}],"viln_paper.vilnius":[{"target":"blt.siauliai","urgency":1,"shortest_distance_km":197,"ferry_time":0,"ferry_price":0,"cargo":"cargo.emptytank","company_truck":"man_6x4_b","trailer_variant":"trailer.scs_flat_c_r","trailer_definition":"trailer_def.scs.flatbed.single_3.container","units_count":2,"fill_ratio":1,"trailer_place":0},{"target":"lateds.daugavpils","urgency":2,"shortest_distance_km":249,"ferry_time":0,"ferry_price":0,"cargo":"cargo.empty_palet","company_truck":"scania_6x4_a","trailer_variant":"trailer.scs_dry_s","trailer_definition":"trailer_def.scs.box.single_3.dryvan","units_count":33,"fill_ratio":1,"trailer_place":0},{"target":"renar.parnu","urgency":1,"shortest_distance_km":478,"ferry_time":0,"ferry_price":0,"cargo":"cargo.paper","company_truck":"iveco_4x2_c","trailer_variant":"trailer.scs_dry_a","trailer_definition":"trailer_def.scs.box.single_3.dryvan","units_count":33,"fill_ratio":1,"trailer_place":0}],"renar.narva":[{"target":"nch.tallinn","urgency":0,"shortest_distance_km":165,"ferry_time":0,"ferry_price":0,"cargo":"cargo.hchemicals","company_truck":"mercedes_4x2_c","trailer_variant":"trailer.chcistern","trailer_definition":"trailer_def.hchemicals.chcistern","units_count":100,"fill_ratio":1,"trailer_place":0},{"target":"gnt.ventspils","urgency":1,"shortest_distance_km":675,"ferry_time":0,"ferry_price":0,"cargo":"cargo.drymilk","company_truck":"man_6x4_b","trailer_variant":"trailer.scs_dry_s","trailer_definition":"trailer_def.scs.box.single_3.dryvan","units_count":33,"fill_ratio":1,"trailer_place":0}],"blt.siauliai":[{"target":"suprema.kaunas","urgency":0,"shortest_distance_km":173,"ferry_time":0,"ferry_price":0,"cargo":"cargo.grapes","company_truck":"daf_xf_euro6_6x2_a","trailer_variant":"trailer.scs_ref_a","trailer_definition":"trailer_def.scs.box.single_3.reefer","units_count":33,"fill_ratio":1,"trailer_place":0},{"target":"sal_fi.kouvola","urgency":0,"shortest_distance_km":705,"ferry_time":150,"ferry_price":430,"cargo":"cargo.tomatoes","company_truck":"mercedes_4x2_a","trailer_variant":"trailer.scs_ins_s","trailer_definition":"trailer_def.scs.box.single_3.insulated","units_count":33,"fill_ratio":1,"trailer_place":0},{"target":"suprema.lahti","urgency":0,"shortest_distance_km":681,"ferry_time":150,"ferry_price":430,"cargo":"cargo.goat_cheese","company_truck":"scania_4x2_c","trailer_variant":"trailer.scs_ins_s","trailer_definition":"trailer_def.scs.box.single_3.insulated","units_count":33,"fill_ratio":1,"trailer_place":0},{"target":"gnt.klaipeda","urgency":1,"shortest_distance_km":131,"ferry_time":0,"ferry_price":0,"cargo":"cargo.used_packag","company_truck":"daf_6x2_a","trailer_variant":"trailer.scs_dry_ms","trailer_definition":"trailer_def.scs.box.single_3.dryvan_m","units_count":33,"fill_ratio":1,"trailer_place":0}],"renat.helsinki":[{"target":"gnt.vilnius","urgency":0,"shortest_distance_km":669,"ferry_time":150,"ferry_price":430,"cargo":"cargo.furniture","company_truck":"scania_4x2_c","trailer_variant":"trailer.scs_curt","trailer_definition":"trailer_def.scs.box.single_3.curtain","units_count":33,"fill_ratio":1,"trailer_place":0}],"suprema_ru.kaliningrad":[{"target":"rosmark.liepaja","urgency":1,"shortest_distance_km":328,"ferry_time":0,"ferry_price":0,"cargo":"cargo.used_packag","company_truck":"man_6x4_b","trailer_variant":"trailer.scs_dry_s","trailer_definition":"trailer_def.scs.box.single_3.dryvan","units_count":33,"fill_ratio":1,"trailer_place":0}],"sal_fi.kouvola":[{"target":"rosmark_ru.luga","urgency":2,"shortest_distance_km":458,"ferry_time":0,"ferry_price":0,"cargo":"cargo.flour","company_truck":"scania_streamline_4x2_a","trailer_variant":"trailer.scs_dry_s","trailer_definition":"trailer_def.scs.box.single_3.dryvan","units_count":33,"fill_ratio":1,"trailer_place":0},{"target":"nch.kouvola","urgency":1,"shortest_distance_km":12,"ferry_time":0,"ferry_price":0,"cargo":"cargo.diggers","company_truck":"scania_r_4x2_520","trailer_variant":"trailer.overweight.digger","trailer_definition":"trailer_def.diggers.overweight.digger","units_count":100,"fill_ratio":1,"trailer_place":0},{"target":"bhv.lahti","urgency":2,"shortest_distance_km":61,"ferry_time":0,"ferry_price":0,"cargo":"cargo.car_balt2","company_truck":"mercedes_actros_2014_6x2_a","trailer_variant":"trailer.car_trans_b2","trailer_definition":"trailer_def.car_balt2.car_trans_b2","units_count":100,"fill_ratio":1,"trailer_place":0},{"target":"rosmark_ru.vyborg","urgency":0,"shortest_distance_km":184,"ferry_time":0,"ferry_price":0,"cargo":"cargo.concr_stair","company_truck":"mercedes_actros_2014_4x2_a","trailer_variant":"trailer.scs_flat_b","trailer_definition":"trailer_def.scs.flatbed.single_3.flatbed_w","units_count":2,"fill_ratio":1,"trailer_place":0}],"ns_chem.kaunas":[{"target":"nch.turku","urgency":1,"shortest_distance_km":801,"ferry_time":150,"ferry_price":430,"cargo":"cargo.chlorine","company_truck":"man_4x2_c","trailer_variant":"trailer.scs_gosck40","trailer_definition":"trailer_def.scs.gooseneck.singl_3e_40.container","units_count":80,"fill_ratio":1,"trailer_place":0}],"renar.tampere":[{"target":"cont_port.kotka","urgency":0,"shortest_distance_km":337,"ferry_time":0,"ferry_price":0,"cargo":"cargo.rice_c","company_truck":"mercedes_actros_2014_4x2_a","trailer_variant":"trailer.scs_flat_c_r","trailer_definition":"trailer_def.scs.flatbed.single_3.container","units_count":33,"fill_ratio":1,"trailer_place":0},{"target":"blt.utena","urgency":1,"shortest_distance_km":823,"ferry_time":150,"ferry_price":430,"cargo":"cargo.train_part2","company_truck":"mercedes_6x2_b","trailer_variant":"trailer.scs_flat_c_g","trailer_definition":"trailer_def.scs.flatbed.single_3.container","units_count":2,"fill_ratio":1,"trailer_place":0}],"ika_ru.petersburg":[{"target":"renar.narva","urgency":1,"shortest_distance_km":217,"ferry_time":0,"ferry_price":0,"cargo":"cargo.used_packag","company_truck":"scania_4x2_b","trailer_variant":"trailer.scs_curt_s","trailer_definition":"trailer_def.scs.box.single_3.curtain","units_count":33,"fill_ratio":1,"trailer_place":0},{"target":"blt_ru.pskov","urgency":2,"shortest_distance_km":358,"ferry_time":0,"ferry_price":0,"cargo":"cargo.empty_palet","company_truck":"iveco_4x2_b","trailer_variant":"trailer.scs_curt_a","trailer_definition":"trailer_def.scs.box.single_3.curtain","units_count":33,"fill_ratio":1,"trailer_place":0}],"bhv.lahti":[{"target":"sal_fi.kouvola","urgency":2,"shortest_distance_km":60,"ferry_time":0,"ferry_price":0,"cargo":"cargo.car_balt2","company_truck":"renault_premium_6x4_a","trailer_variant":"trailer.car_trans_b2","trailer_definition":"trailer_def.car_balt2.car_trans_b2","units_count":100,"fill_ratio":1,"trailer_place":0}],"rosmark_ru.luga":[{"target":"rosmark.rezekne","urgency":2,"shortest_distance_km":267,"ferry_time":0,"ferry_price":0,"cargo":"cargo.graph_grease","company_truck":"iveco_4x2_a","trailer_variant":"trailer.scs_curt_s","trailer_definition":"trailer_def.scs.box.single_3.curtain","units_count":33,"fill_ratio":1,"trailer_place":0}],"zelenye.petersburg":[{"target":"gnt.valmiera","urgency":1,"shortest_distance_km":514,"ferry_time":0,"ferry_price":0,"cargo":"cargo.apples","company_truck":"scania_s_6x4_730","trailer_variant":"trailer.scs_curt_s","trailer_definition":"trailer_def.scs.box.single_3.curtain","units_count":33,"fill_ratio":1,"trailer_place":0},{"target":"suprema.lahti","urgency":0,"shortest_distance_km":439,"ferry_time":0,"ferry_price":0,"cargo":"cargo.maple_syrup","company_truck":"mercedes_4x2_c","trailer_variant":"trailer.scs_curt_s","trailer_definition":"trailer_def.scs.box.single_3.curtain","units_count":33,"fill_ratio":1,"trailer_place":0}],"blt_yacht.tallinn":[{"target":"blt.kaunas","urgency":0,"shortest_distance_km":497,"ferry_time":0,"ferry_price":0,"cargo":"cargo.scrap_metals","company_truck":"scania_streamline_4x2_b","trailer_variant":"trailer.s_ki_solid.cover","trailer_definition":"trailer_def.scrap_metals.s_ki_solid.cover","units_count":100,"fill_ratio":1,"trailer_place":0}],"fintyre_ru.petersburg":[{"target":"baltomors_ru.luga","urgency":2,"shortest_distance_km":232,"ferry_time":0,"ferry_price":0,"cargo":"cargo.forklifts","company_truck":"iveco_4x2_c","trailer_variant":"trailer.overweight.forklifts","trailer_definition":"trailer_def.forklifts.overweight.forklifts","units_count":100,"fill_ratio":1,"trailer_place":0}],"ns_oil.valmiera":[{"target":"bltmetal_ru.pskov","urgency":0,"shortest_distance_km":216,"ferry_time":0,"ferry_price":0,"cargo":"cargo.motor_oil","company_truck":"renault_magnum_6x4_a","trailer_variant":"trailer.scs_dry_a","trailer_definition":"trailer_def.scs.box.single_3.dryvan","units_count":33,"fill_ratio":1,"trailer_place":0},{"target":"bltmetal_ru.pskov","urgency":0,"shortest_distance_km":216,"ferry_time":0,"ferry_price":0,"cargo":"cargo.motor_oil_c","company_truck":"man_6x4_b","trailer_variant":"trailer.scs_gosck40","trailer_definition":"trailer_def.scs.gooseneck.singl_3e_40.container","units_count":30,"fill_ratio":1,"trailer_place":0}],"onnelik.narva":[{"target":"nch.turku","urgency":0,"shortest_distance_km":387,"ferry_time":150,"ferry_price":430,"cargo":"cargo.maple_syrup","company_truck":"scania_s_4x2_370","trailer_variant":"trailer.scs_curt_s","trailer_definition":"trailer_def.scs.box.single_3.curtain","units_count":33,"fill_ratio":1,"trailer_place":0}],"gnt.klaipeda":[{"target":"nch.riga","urgency":0,"shortest_distance_km":335,"ferry_time":0,"ferry_price":0,"cargo":"cargo.hchemicals","company_truck":"scania_streamline_4x2_b","trailer_variant":"trailer.chcistern","trailer_definition":"trailer_def.hchemicals.chcistern","units_count":100,"fill_ratio":1,"trailer_place":0},{"target":"rosmark_ru.kaliningrad","urgency":2,"shortest_distance_km":302,"ferry_time":0,"ferry_price":0,"cargo":"cargo.milk","company_truck":"iveco_h_4x2_a","trailer_variant":"trailer.scs_dry_s","trailer_definition":"trailer_def.scs.box.single_3.dryvan","units_count":33,"fill_ratio":1,"trailer_place":0}],"bltmetal.pori":[{"target":"sal_fi.pori","urgency":1,"shortest_distance_km":45,"ferry_time":0,"ferry_price":0,"cargo":"cargo.iron_pipes","company_truck":"scania_4x2_c","trailer_variant":"trailer.scs_log","trailer_definition":"trailer_def.scs.log.single_3.steel","units_count":2,"fill_ratio":1,"trailer_place":0}],"ns_oil.daugavpils":[{"target":"ladoga.turku","urgency":0,"shortest_distance_km":757,"ferry_time":150,"ferry_price":430,"cargo":"cargo.motor_oil","company_truck":"mercedes_4x2_c","trailer_variant":"trailer.scs_curt_s","trailer_definition":"trailer_def.scs.box.single_3.curtain","units_count":33,"fill_ratio":1,"trailer_place":0}],"rosmark_ru.kaliningrad":[{"target":"rosmark.riga","urgency":0,"shortest_distance_km":473,"ferry_time":0,"ferry_price":0,"cargo":"cargo.scrap_metals","company_truck":"renault_premium_6x2_a","trailer_variant":"trailer.s_ki_solid.cover","trailer_definition":"trailer_def.scrap_metals.s_ki_solid.cover","units_count":100,"fill_ratio":1,"trailer_place":0}],"kivi.utena":[{"target":"blt.siauliai","urgency":0,"shortest_distance_km":180,"ferry_time":0,"ferry_price":0,"cargo":"cargo.gravel","company_truck":"renault_t_6x2","trailer_variant":"trailer.s_ki_solid.gravel","trailer_definition":"trailer_def.gravel.s_ki_solid.gravel","units_count":100,"fill_ratio":1,"trailer_place":0},{"target":"domdepo.utena","urgency":0,"shortest_distance_km":38,"ferry_time":0,"ferry_price":0,"cargo":"cargo.stones","company_truck":"man_6x4_b","trailer_variant":"trailer.s_ki_solid.cover","trailer_definition":"trailer_def.stones.s_ki_solid.cover","units_count":100,"fill_ratio":1,"trailer_place":0}],"blt.kaunas":[{"target":"eviksi.daugavpils","urgency":0,"shortest_distance_km":241,"ferry_time":0,"ferry_price":0,"cargo":"cargo.fertilizer","company_truck":"mercedes_6x4_a","trailer_variant":"trailer.scs_curt_a","trailer_definition":"trailer_def.scs.box.single_3.curtain","units_count":33,"fill_ratio":1,"trailer_place":0},{"target":"bltmetal.siauliai","urgency":1,"shortest_distance_km":167,"ferry_time":0,"ferry_price":0,"cargo":"cargo.sand","company_truck":"iveco_h_4x2_a","trailer_variant":"trailer.s_ki_solid.sand","trailer_definition":"trailer_def.sand.s_ki_solid.sand","units_count":100,"fill_ratio":1,"trailer_place":0}],"renar.parnu":[{"target":"rosmark.liepaja","urgency":1,"shortest_distance_km":379,"ferry_time":0,"ferry_price":0,"cargo":"cargo.copp_rf_gutt","company_truck":"scania_s_4x2_580","trailer_variant":"trailer.scs_curt_s","trailer_definition":"trailer_def.scs.box.single_3.curtain","units_count":33,"fill_ratio":1,"trailer_place":0}],"cemelt_win.klaipeda":[{"target":"rosmark.liepaja","urgency":2,"shortest_distance_km":69,"ferry_time":0,"ferry_price":0,"cargo":"cargo.forklifts","company_truck":"mercedes_actros_2014_4x2_c","trailer_variant":"trailer.overweight.forklifts","trailer_definition":"trailer_def.forklifts.overweight.forklifts","units_count":100,"fill_ratio":1,"trailer_place":0}],"blt_ru.pskov":[{"target":"rosmark.riga","urgency":2,"shortest_distance_km":233,"ferry_time":0,"ferry_price":0,"cargo":"cargo.forklifts","company_truck":"man_6x4_b","trailer_variant":"trailer.overweight.forklifts","trailer_definition":"trailer_def.forklifts.overweight.forklifts","units_count":100,"fill_ratio":1,"trailer_place":0}],"eviksi.daugavpils":[{"target":"suprema.parnu","urgency":1,"shortest_distance_km":360,"ferry_time":0,"ferry_price":0,"cargo":"cargo.nuts","company_truck":"man_6x4_b","trailer_variant":"trailer.scs_dry_m","trailer_definition":"trailer_def.scs.box.single_3.dryvan_m","units_count":33,"fill_ratio":1,"trailer_place":0}],"blt.paldiski":[{"target":"renar.tampere","urgency":1,"shortest_distance_km":337,"ferry_time":150,"ferry_price":430,"cargo":"cargo.chem_sorb_c","company_truck":"scania_4x2_b","trailer_variant":"trailer.scs_gosck40","trailer_definition":"trailer_def.scs.gooseneck.singl_3e_40.container","units_count":30,"fill_ratio":1,"trailer_place":0},{"target":"renar.parnu","urgency":0,"shortest_distance_km":96,"ferry_time":0,"ferry_price":0,"cargo":"cargo.rice_c","company_truck":"mercedes_actros_2014_4x2_b","trailer_variant":"trailer.scs_gosck20","trailer_definition":"trailer_def.scs.gooseneck.singl_3e_20.container","units_count":15,"fill_ratio":1,"trailer_place":0}],"kivi.tartu":[{"target":"nch.riga","urgency":0,"shortest_distance_km":349,"ferry_time":0,"ferry_price":0,"cargo":"cargo.stone_dust","company_truck":"scania_s_4x2_580","trailer_variant":"trailer.s_ki_solid.cover","trailer_definition":"trailer_def.stone_dust.s_ki_solid.cover","units_count":100,"fill_ratio":1,"trailer_place":0}],"aerobalt.turku":[{"target":"blt.tartu","urgency":0,"shortest_distance_km":398,"ferry_time":150,"ferry_price":430,"cargo":"cargo.med_equip","company_truck":"man_6x4_b","trailer_variant":"trailer.scs_dry_m","trailer_definition":"trailer_def.scs.box.single_3.dryvan_m","units_count":33,"fill_ratio":1,"trailer_place":0}],"baltomors_ru.luga":[{"target":"ukko.olkiluoto","urgency":2,"shortest_distance_km":787,"ferry_time":0,"ferry_price":0,"cargo":"cargo.digger1000","company_truck":"iveco_4x2_b","trailer_variant":"trailer.overweight.digger1000","trailer_definition":"trailer_def.digger1000.overweight.digger1000","units_count":100,"fill_ratio":1,"trailer_place":0}],"nch.tallinn":[{"target":"bltmetal.pori","urgency":0,"shortest_distance_km":326,"ferry_time":150,"ferry_price":430,"cargo":"cargo.motor_oil","company_truck":"man_6x4_b","trailer_variant":"trailer.scs_dry_a","trailer_definition":"trailer_def.scs.box.single_3.dryvan","units_count":33,"fill_ratio":1,"trailer_place":0}],"lvr.daugavpils":[{"target":"blt.utena","urgency":0,"shortest_distance_km":118,"ferry_time":0,"ferry_price":0,"cargo":"cargo.train_part","company_truck":"man_6x4_b","trailer_variant":"trailer.scs_flat_r","trailer_definition":"trailer_def.scs.flatbed.single_3.flatbed_w","units_count":2,"fill_ratio":1,"trailer_place":0},{"target":"rosmark.riga","urgency":0,"shortest_distance_km":235,"ferry_time":0,"ferry_price":0,"cargo":"cargo.hipresstank","company_truck":"iveco_4x2_a","trailer_variant":"trailer.scs_flat_c_r","trailer_definition":"trailer_def.scs.flatbed.single_3.container","units_count":2,"fill_ratio":1,"trailer_place":0}],"suprema_ru.pskov":[{"target":"ns_oil.paldiski","urgency":2,"shortest_distance_km":333,"ferry_time":0,"ferry_price":0,"cargo":"cargo.empty_palet","company_truck":"mercedes_actros_2014_6x2_a","trailer_variant":"trailer.scs_dry_m","trailer_definition":"trailer_def.scs.box.single_3.dryvan_m","units_count":32,"fill_ratio":1,"trailer_place":0},{"target":"gnt.daugavpils","urgency":2,"shortest_distance_km":263,"ferry_time":0,"ferry_price":0,"cargo":"cargo.used_plast_c","company_truck":"man_6x4_b","trailer_variant":"trailer.scs_gosck20","trailer_definition":"trailer_def.scs.gooseneck.singl_3e_20.container","units_count":15,"fill_ratio":1,"trailer_place":0}],"cemelt_fla.valmiera":[{"target":"renat.rezekne","urgency":2,"shortest_distance_km":206,"ferry_time":0,"ferry_price":0,"cargo":"cargo.forklifts","company_truck":"renault_magnum_6x4_a","trailer_variant":"trailer.overweight.forklifts","trailer_definition":"trailer_def.forklifts.overweight.forklifts","units_count":100,"fill_ratio":1,"trailer_place":0}],"bltmetal.liepaja":[{"target":"rosmark.riga","urgency":2,"shortest_distance_km":253,"ferry_time":0,"ferry_price":0,"cargo":"cargo.metal_beams","company_truck":"daf_4x2_b","trailer_variant":"trailer.scs_flat_c_r","trailer_definition":"trailer_def.scs.flatbed.single_3.container","units_count":9,"fill_ratio":1,"trailer_place":0},{"target":"blt.siauliai","urgency":0,"shortest_distance_km":207,"ferry_time":0,"ferry_price":0,"cargo":"cargo.cement","company_truck":"mercedes_actros_2014_6x2_a","trailer_variant":"trailer.cement","trailer_definition":"trailer_def.cement.cement","units_count":100,"fill_ratio":1,"trailer_place":0}],"eviksi.liepaja":[{"target":"gnt.ventspils","urgency":0,"shortest_distance_km":81,"ferry_time":0,"ferry_price":0,"cargo":"cargo.maple_syrup","company_truck":"iveco_4x2_b","trailer_variant":"trailer.scs_dry_s","trailer_definition":"trailer_def.scs.box.single_3.dryvan","units_count":33,"fill_ratio":1,"trailer_place":0}],"ateria.lahti":[{"target":"ukko.loviisa","urgency":2,"shortest_distance_km":203,"ferry_time":0,"ferry_price":0,"cargo":"cargo.bottle_water","company_truck":"renault_t_6x2","trailer_variant":"trailer.scs_dry_ms","trailer_definition":"trailer_def.scs.box.single_3.dryvan_m","units_count":33,"fill_ratio":1,"trailer_place":0}],"zelenye_a.kaliningrad":[{"target":"suprema.rezekne","urgency":1,"shortest_distance_km":492,"ferry_time":0,"ferry_price":0,"cargo":"cargo.cheese","company_truck":"daf_xf_euro6_4x2_b","trailer_variant":"trailer.scs_ref","trailer_definition":"trailer_def.scs.box.single_3.reefer","units_count":33,"fill_ratio":1,"trailer_place":0}],"cont_port.helsinki":[{"target":"renar.tampere","urgency":2,"shortest_distance_km":226,"ferry_time":0,"ferry_price":0,"cargo":"cargo.used_plast_c","company_truck":"daf_4x2_a","trailer_variant":"trailer.scs_gosck220","trailer_definition":"trailer_def.scs.gooseneck.singl_3e_220.container","units_count":30,"fill_ratio":1,"trailer_place":0},{"target":"renar.lahti","urgency":0,"shortest_distance_km":141,"ferry_time":0,"ferry_price":0,"cargo":"cargo.apples_c","company_truck":"mercedes_actros_2014_6x4_b","trailer_variant":"trailer.scs_flat_c_g","trailer_definition":"trailer_def.scs.flatbed.single_3.container","units_count":33,"fill_ratio":1,"trailer_place":0}],"onnelik_a.parnu":[{"target":"renar.narva","urgency":0,"shortest_distance_km":317,"ferry_time":0,"ferry_price":0,"cargo":"cargo.goat_cheese","company_truck":"scania_6x2_b","trailer_variant":"trailer.scs_ref_s","trailer_definition":"trailer_def.scs.box.single_3.reefer","units_count":33,"fill_ratio":1,"trailer_place":0}],"severoatm_ru.sosnovy_bor":[{"target":"eviksi.daugavpils","urgency":2,"shortest_distance_km":483,"ferry_time":0,"ferry_price":0,"cargo":"cargo.digger1000","company_truck":"scania_r_6x2_450","trailer_variant":"trailer.overweight.digger1000","trailer_definition":"trailer_def.digger1000.overweight.digger1000","units_count":100,"fill_ratio":1,"trailer_place":0},{"target":"egres.kouvola","urgency":0,"shortest_distance_km":360,"ferry_time":0,"ferry_price":0,"cargo":"cargo.excav_soil","company_truck":"scania_r_6x4_650","trailer_variant":"trailer.s_ki_solid.cover","trailer_definition":"trailer_def.excav_soil.s_ki_solid.cover","units_count":99,"fill_ratio":1,"trailer_place":0}],"polarislines.naantali":[{"target":"suprema.parnu","urgency":2,"shortest_distance_km":371,"ferry_time":150,"ferry_price":430,"cargo":"cargo.beverages_t","company_truck":"mercedes_4x2_c","trailer_variant":"trailer.scs_fodt","trailer_definition":"trailer_def.scs.foodtank.single_3.paint","units_count":23,"fill_ratio":1,"trailer_place":0}],"renar.lahti":[{"target":"nch.kouvola","urgency":2,"shortest_distance_km":91,"ferry_time":0,"ferry_price":0,"cargo":"cargo.chocolate","company_truck":"renault_t_4x2","trailer_variant":"trailer.scs_dry_s","trailer_definition":"trailer_def.scs.box.single_3.dryvan","units_count":33,"fill_ratio":1,"trailer_place":0}],"viljo_paper.kouvola":[{"target":"sal_fi.kouvola","urgency":1,"shortest_distance_km":52,"ferry_time":0,"ferry_price":0,"cargo":"cargo.used_packag","company_truck":"daf_xf_euro6_6x2_a","trailer_variant":"trailer.scs_dry_m","trailer_definition":"trailer_def.scs.box.single_3.dryvan_m","units_count":33,"fill_ratio":1,"trailer_place":0},{"target":"nosko.vilnius","urgency":2,"shortest_distance_km":818,"ferry_time":150,"ferry_price":430,"cargo":"cargo.empty_palet","company_truck":"iveco_6x2_a","trailer_variant":"trailer.scs_curt_a","trailer_definition":"trailer_def.scs.box.single_3.curtain","units_count":33,"fill_ratio":1,"trailer_place":0}],"renat.rezekne":[{"target":"rosmark.rezekne","urgency":2,"shortest_distance_km":16,"ferry_time":0,"ferry_price":0,"cargo":"cargo.forklifts","company_truck":"scania_s_6x4_730","trailer_variant":"trailer.overweight.forklifts","trailer_definition":"trailer_def.forklifts.overweight.forklifts","units_count":100,"fill_ratio":1,"trailer_place":0}],"radus_ru.petersburg":[{"target":"nch_ru.petersburg","urgency":0,"shortest_distance_km":109,"ferry_time":0,"ferry_price":0,"cargo":"cargo.concr_beams2","company_truck":"scania_s_4x2_580","trailer_variant":"trailer.scs_flat_b","trailer_definition":"trailer_def.scs.flatbed.single_3.flatbed_w","units_count":2,"fill_ratio":1,"trailer_place":0},{"target":"cemelt_fla.valmiera","urgency":2,"shortest_distance_km":540,"ferry_time":0,"ferry_price":0,"cargo":"cargo.bricks","company_truck":"scania_4x2_b","trailer_variant":"trailer.scs_brick_r","trailer_definition":"trailer_def.scs.flatbed.single_3.brick","units_count":33,"fill_ratio":1,"trailer_place":0},{"target":"domdepo_ru.luga","urgency":0,"shortest_distance_km":222,"ferry_time":0,"ferry_price":0,"cargo":"cargo.concr_stair","company_truck":"scania_r_4x2_370","trailer_variant":"trailer.scs_flat_r","trailer_definition":"trailer_def.scs.flatbed.single_3.flatbed_w","units_count":2,"fill_ratio":1,"trailer_place":0}],"kamen_ru.vyborg":[{"target":"ukko.loviisa","urgency":2,"shortest_distance_km":223,"ferry_time":0,"ferry_price":0,"cargo":"cargo.excavator","company_truck":"renault_magnum_4x2_a","trailer_variant":"trailer.overweight.excavator","trailer_definition":"trailer_def.excavator.overweight.excavator","units_count":94,"fill_ratio":1,"trailer_place":0},{"target":"domdepo.valmiera","urgency":0,"shortest_distance_km":614,"ferry_time":0,"ferry_price":0,"cargo":"cargo.stones","company_truck":"man_6x4_b","trailer_variant":"trailer.s_ki_solid.cover","trailer_definition":"trailer_def.stones.s_ki_solid.cover","units_count":100,"fill_ratio":1,"trailer_place":0}],"onnelik.parnu":[{"target":"rosmark.rezekne","urgency":0,"shortest_distance_km":430,"ferry_time":0,"ferry_price":0,"cargo":"cargo.carrots_c","company_truck":"scania_6x2_b","trailer_variant":"trailer.scs_flat_c_g","trailer_definition":"trailer_def.scs.flatbed.single_3.container","units_count":33,"fill_ratio":1,"trailer_place":0},{"target":"nch.kouvola","urgency":0,"shortest_distance_km":429,"ferry_time":150,"ferry_price":430,"cargo":"cargo.tomatoes","company_truck":"man_6x4_b","trailer_variant":"trailer.scs_ref_s","trailer_definition":"trailer_def.scs.box.single_3.reefer","units_count":33,"fill_ratio":1,"trailer_place":0}],"bltmetal_ru.pskov":[{"target":"lateds.valmiera","urgency":0,"shortest_distance_km":195,"ferry_time":0,"ferry_price":0,"cargo":"cargo.vent_tube","company_truck":"man_tgx_euro6_4x2_xxl","trailer_variant":"trailer.scs_flat_b","trailer_definition":"trailer_def.scs.flatbed.single_3.flatbed_w","units_count":2,"fill_ratio":1,"trailer_place":0}],"baltomorsk.ventspils":[{"target":"eviksi.liepaja","urgency":0,"shortest_distance_km":83,"ferry_time":0,"ferry_price":0,"cargo":"cargo.lumber","company_truck":"iveco_6x2_a","trailer_variant":"trailer.scs_flat_b","trailer_definition":"trailer_def.scs.flatbed.single_3.flatbed_w","units_count":2,"fill_ratio":1,"trailer_place":0},{"target":"rosmark.riga","urgency":1,"shortest_distance_km":232,"ferry_time":0,"ferry_price":0,"cargo":"cargo.diggers","company_truck":"mercedes_4x2_b","trailer_variant":"trailer.overweight.digger","trailer_definition":"trailer_def.diggers.overweight.digger","units_count":98,"fill_ratio":1,"trailer_place":0}],"renat.daugavpils":[{"target":"agrominta.utena","urgency":2,"shortest_distance_km":121,"ferry_time":0,"ferry_price":0,"cargo":"cargo.forklifts","company_truck":"scania_r_6x4_650","trailer_variant":"trailer.overweight.forklifts","trailer_definition":"trailer_def.forklifts.overweight.forklifts","units_count":100,"fill_ratio":1,"trailer_place":0}],"renat.siauliai":[{"target":"ika_bohag.vilnius","urgency":2,"shortest_distance_km":185,"ferry_time":0,"ferry_price":0,"cargo":"cargo.forklifts","company_truck":"man_6x4_b","trailer_variant":"trailer.overweight.forklifts","trailer_definition":"trailer_def.forklifts.overweight.forklifts","units_count":100,"fill_ratio":1,"trailer_place":0}],"gnt.panevezys":[{"target":"bltmetal.liepaja","urgency":0,"shortest_distance_km":260,"ferry_time":0,"ferry_price":0,"cargo":"cargo.coal","company_truck":"mercedes_actros_2014_4x2_b","trailer_variant":"trailer.s_ki_solid.coal","trailer_definition":"trailer_def.coal.s_ki_solid.coal","units_count":100,"fill_ratio":1,"trailer_place":0},{"target":"suprema.parnu","urgency":2,"shortest_distance_km":263,"ferry_time":0,"ferry_price":0,"cargo":"cargo.beef_meat","company_truck":"man_6x4_b","trailer_variant":"trailer.scs_ref_a","trailer_definition":"trailer_def.scs.box.single_3.reefer","units_count":33,"fill_ratio":1,"trailer_place":0}],"baltomorsk.klaipeda":[{"target":"renat.riga","urgency":0,"shortest_distance_km":338,"ferry_time":0,"ferry_price":0,"cargo":"cargo.lumber","company_truck":"mercedes_4x2_a","trailer_variant":"trailer.scs_flat_r","trailer_definition":"trailer_def.scs.flatbed.single_3.flatbed_w","units_count":2,"fill_ratio":1,"trailer_place":0},{"target":"sal_fi.kouvola","urgency":1,"shortest_distance_km":855,"ferry_time":150,"ferry_price":430,"cargo":"cargo.diggers","company_truck":"scania_streamline_4x2_b","trailer_variant":"trailer.overweight.digger","trailer_definition":"trailer_def.diggers.overweight.digger","units_count":98,"fill_ratio":1,"trailer_place":0}],"polarislines.liepaja":[{"target":"ateria.lahti","urgency":2,"shortest_distance_km":739,"ferry_time":150,"ferry_price":430,"cargo":"cargo.flour","company_truck":"mercedes_4x2_b","trailer_variant":"trailer.scs_dry_ms","trailer_definition":"trailer_def.scs.box.single_3.dryvan_m","units_count":33,"fill_ratio":1,"trailer_place":0}],"kivi.riga":[{"target":"lintukainen.tartu","urgency":2,"shortest_distance_km":342,"ferry_time":0,"ferry_price":0,"cargo":"cargo.excavator","company_truck":"scania_s_4x2_370","trailer_variant":"trailer.overweight.excavator","trailer_definition":"trailer_def.excavator.overweight.excavator","units_count":94,"fill_ratio":1,"trailer_place":0},{"target":"blt.kunda","urgency":0,"shortest_distance_km":391,"ferry_time":0,"ferry_price":0,"cargo":"cargo.gravel","company_truck":"scania_s_4x2_370","trailer_variant":"trailer.s_ki_solid.gravel","trailer_definition":"trailer_def.gravel.s_ki_solid.gravel","units_count":100,"fill_ratio":1,"trailer_place":0}],"cemelt_fl_ru.kaliningrad":[{"target":"blt.utena","urgency":1,"shortest_distance_km":455,"ferry_time":0,"ferry_price":0,"cargo":"cargo.diggers","company_truck":"daf_4x2_b","trailer_variant":"trailer.overweight.digger","trailer_definition":"trailer_def.diggers.overweight.digger","units_count":98,"fill_ratio":1,"trailer_place":0},{"target":"renar.parnu","urgency":1,"shortest_distance_km":607,"ferry_time":0,"ferry_price":0,"cargo":"cargo.emptytank","company_truck":"renault_t_6x2","trailer_variant":"trailer.scs_flat_c_r","trailer_definition":"trailer_def.scs.flatbed.single_3.container","units_count":2,"fill_ratio":1,"trailer_place":0}],"polarislines.tallinn":[{"target":"ibp.mazeikiai","urgency":1,"shortest_distance_km":522,"ferry_time":0,"ferry_price":0,"cargo":"cargo.chem_sorb_c","company_truck":"renault_t_4x2","trailer_variant":"trailer.scs_gosck20","trailer_definition":"trailer_def.scs.gooseneck.singl_3e_20.container","units_count":15,"fill_ratio":1,"trailer_place":0}],"aerobalt.riga":[{"target":"blt.kaunas","urgency":0,"shortest_distance_km":303,"ferry_time":0,"ferry_price":0,"cargo":"cargo.med_equip","company_truck":"scania_s_4x2_370","trailer_variant":"trailer.scs_curt_a","trailer_definition":"trailer_def.scs.box.single_3.curtain","units_count":33,"fill_ratio":1,"trailer_place":0}],"domdepo_ru.luga":[{"target":"rosmark.riga","urgency":2,"shortest_distance_km":364,"ferry_time":0,"ferry_price":0,"cargo":"cargo.wallpanels","company_truck":"mercedes_4x2","trailer_variant":"trailer.panel_trans.wall","trailer_definition":"trailer_def.wallpanels.panel_trans.wall","units_count":85,"fill_ratio":1,"trailer_place":0}],"ladoga.turku":[{"target":"ns_oil.tallinn","urgency":2,"shortest_distance_km":306,"ferry_time":150,"ferry_price":430,"cargo":"cargo.empty_palet","company_truck":"mercedes_actros_2014_4x2_c","trailer_variant":"trailer.scs_curt_a","trailer_definition":"trailer_def.scs.box.single_3.curtain","units_count":33,"fill_ratio":1,"trailer_place":0},{"target":"rosmark_ru.luga","urgency":2,"shortest_distance_km":788,"ferry_time":0,"ferry_price":0,"cargo":"cargo.used_plast_c","company_truck":"daf_xf_euro6_6x4_c","trailer_variant":"trailer.scs_gosck20","trailer_definition":"trailer_def.scs.gooseneck.singl_3e_20.container","units_count":15,"fill_ratio":1,"trailer_place":0},{"target":"sal_fi.helsinki","urgency":1,"shortest_distance_km":232,"ferry_time":0,"ferry_price":0,"cargo":"cargo.car_balt1","company_truck":"man_6x4_b","trailer_variant":"trailer.car_trans_b","trailer_definition":"trailer_def.car_balt1.car_trans_b","units_count":100,"fill_ratio":1,"trailer_place":0}],"ns_oil.ventspils":[{"target":"bltmetal.liepaja","urgency":0,"shortest_distance_km":143,"ferry_time":0,"ferry_price":0,"cargo":"cargo.motor_oil_c","company_truck":"daf_6x2_a","trailer_variant":"trailer.scs_gosck20","trailer_definition":"trailer_def.scs.gooseneck.singl_3e_20.container","units_count":15,"fill_ratio":1,"trailer_place":0}],"ns_oil.kotka":[{"target":"ibp.naantali","urgency":0,"shortest_distance_km":358,"ferry_time":0,"ferry_price":0,"cargo":"cargo.motor_oil_c","company_truck":"scania_r_4x2_370","trailer_variant":"trailer.scs_gosck220","trailer_definition":"trailer_def.scs.gooseneck.singl_3e_220.container","units_count":30,"fill_ratio":1,"trailer_place":0},{"target":"ibp.mazeikiai","urgency":0,"shortest_distance_km":767,"ferry_time":150,"ferry_price":430,"cargo":"cargo.motor_oil","company_truck":"daf_xf_euro6_6x2_a","trailer_variant":"trailer.scs_dry_ms","trailer_definition":"trailer_def.scs.box.single_3.dryvan_m","units_count":33,"fill_ratio":1,"trailer_place":0}],"kivi.turku":[{"target":"sal_fi.pori","urgency":2,"shortest_distance_km":148,"ferry_time":0,"ferry_price":0,"cargo":"cargo.excavator","company_truck":"man_6x4_b","trailer_variant":"trailer.overweight.excavator","trailer_definition":"trailer_def.excavator.overweight.excavator","units_count":100,"fill_ratio":1,"trailer_place":0}],"nosko.vilnius":[{"target":"gnt.klaipeda","urgency":2,"shortest_distance_km":294,"ferry_time":0,"ferry_price":0,"cargo":"cargo.vinegar","company_truck":"scania_streamline_6x2_b","trailer_variant":"trailer.scs_dry_a","trailer_definition":"trailer_def.scs.box.single_3.dryvan","units_count":33,"fill_ratio":1,"trailer_place":0}],"cemelt_win.liepaja":[{"target":"renar.kotka","urgency":2,"shortest_distance_km":744,"ferry_time":150,"ferry_price":430,"cargo":"cargo.empty_palet","company_truck":"mercedes_6x2_b","trailer_variant":"trailer.scs_dry_ms","trailer_definition":"trailer_def.scs.box.single_3.dryvan_m","units_count":32,"fill_ratio":1,"trailer_place":0}],"suprema.lahti":[{"target":"sal_fi.pori","urgency":2,"shortest_distance_km":254,"ferry_time":0,"ferry_price":0,"cargo":"cargo.used_plast_c","company_truck":"scania_4x2_a","trailer_variant":"trailer.scs_gosck220","trailer_definition":"trailer_def.scs.gooseneck.singl_3e_220.container","units_count":30,"fill_ratio":1,"trailer_place":0}],"lintukainen.tallinn":[{"target":"ee_paper.kunda","urgency":2,"shortest_distance_km":102,"ferry_time":0,"ferry_price":0,"cargo":"cargo.wshavings","company_truck":"renault_premium_4x2_c","trailer_variant":"trailer.s_ki_solid.cover","trailer_definition":"trailer_def.wshavings.s_ki_solid.cover","units_count":100,"fill_ratio":1,"trailer_place":0}],"lintukainen.kotka":[{"target":"rosmark_ru.kaliningrad","urgency":1,"shortest_distance_km":991,"ferry_time":150,"ferry_price":430,"cargo":"cargo.diggers","company_truck":"man_6x4_b","trailer_variant":"trailer.overweight.digger","trailer_definition":"trailer_def.diggers.overweight.digger","units_count":98,"fill_ratio":1,"trailer_place":0}],"blt.tartu":[{"target":"suprema.tartu","urgency":1,"shortest_distance_km":20,"ferry_time":0,"ferry_price":0,"cargo":"cargo.watermelons","company_truck":"daf_xf_euro6_4x2_a","trailer_variant":"trailer.scs_ref","trailer_definition":"trailer_def.scs.box.single_3.reefer","units_count":33,"fill_ratio":1,"trailer_place":0},{"target":"sal_fi.kouvola","urgency":1,"shortest_distance_km":417,"ferry_time":150,"ferry_price":430,"cargo":"cargo.overweight","company_truck":"daf_xf_euro6_4x2_a","trailer_variant":"trailer.scs_flat_c_g","trailer_definition":"trailer_def.scs.flatbed.single_3.container","units_count":1,"fill_ratio":1,"trailer_place":0}],"bhv.kaunas":[{"target":"gnt.panevezys","urgency":2,"shortest_distance_km":194,"ferry_time":0,"ferry_price":0,"cargo":"cargo.car_balt2","company_truck":"scania_streamline_6x2_b","trailer_variant":"trailer.car_trans_b2","trailer_definition":"trailer_def.car_balt2.car_trans_b2","units_count":100,"fill_ratio":1,"trailer_place":0}],"eviksi_a.liepaja":[{"target":"blt.utena","urgency":1,"shortest_distance_km":380,"ferry_time":0,"ferry_price":0,"cargo":"cargo.drymilk","company_truck":"scania_s_4x2_580","trailer_variant":"trailer.scs_curt_s","trailer_definition":"trailer_def.scs.box.single_3.curtain","units_count":33,"fill_ratio":1,"trailer_place":0}],"renat.tartu":[{"target":"blt.paldiski","urgency":2,"shortest_distance_km":163,"ferry_time":0,"ferry_price":0,"cargo":"cargo.forklifts","company_truck":"renault_premium_6x4_a","trailer_variant":"trailer.overweight.forklifts","trailer_definition":"trailer_def.forklifts.overweight.forklifts","units_count":100,"fill_ratio":1,"trailer_place":0}]}