{"bcp.kassel":[{"target":"transinet.dortmund","urgency":1,"shortest_distance_km":119,"ferry_time":0,"ferry_price":0,"cargo":"cargo.used_packag","company_truck":"double/scania_r_4x2","trailer_variant":"trailer.scs_dry_b2","trailer_definition":"trailer_def.scs.box.bdouble_3_3.dryvan","units_count":25,"fill_ratio":1,"trailer_place":0}],"sellplan.wien":[{"target":"posped.graz","urgency":0,"shortest_distance_km":179,"ferry_time":0,"ferry_price":0,"cargo":"cargo.used_plast","company_truck":"mercedes_actros_2014_6x2_a","trailer_variant":"trailer.scs_dry","trailer_definition":"trailer_def.scs.box.single_3.dryvan","units_count":33,"fill_ratio":1,"trailer_place":0}],"posped.birmingham":[{"target":"sanbuilders.london","urgency":2,"shortest_distance_km":206,"ferry_time":0,"ferry_price":0,"cargo":"cargo.digger1000","company_truck":"mercedes_actros_2014_6x2_a","trailer_variant":"trailer.overweight.digger1000","trailer_definition":"trailer_def.digger1000.overweight.digger1000","units_count":100,"fill_ratio":1,"trailer_place":0}],"kaarfor.amsterdam":[{"target":"stokes.calais","urgency":2,"shortest_distance_km":428,"ferry_time":0,"ferry_price":0,"cargo":"cargo.used_plast_c","company_truck":"daf_xf_euro6_6x4_c","trailer_variant":"trailer.scs_gosck20","trailer_definition":"trailer_def.scs.gooseneck.singl_3e_20.container","units_count":15,"fill_ratio":1,"trailer_place":0},{"target":"stokes.amsterdam","urgency":1,"shortest_distance_km":1,"ferry_time":0,"ferry_price":0,"cargo":"cargo.used_packag","company_truck":"double/man_euro6_4x2_xxl","trailer_variant":"trailer.scs_dry_2","trailer_definition":"trailer_def.scs.box.double_3_2.dryvan","units_count":53,"fill_ratio":1,"trailer_place":0}],"eurogoodies.plymouth":[{"target":"stokes.plymouth","urgency":2,"shortest_distance_km":1,"ferry_time":0,"ferry_price":0,"cargo":"cargo.beans","company_truck":"scania_6x2_b","trailer_variant":"trailer.scs_dry","trailer_definition":"trailer_def.scs.box.single_3.dryvan","units_count":33,"fill_ratio":1,"trailer_place":0}],"tree_et.birmingham":[{"target":"nbfc.duisburg","urgency":2,"shortest_distance_km":922,"ferry_time":35,"ferry_price":300,"cargo":"cargo.forklifts","company_truck":"man_6x4_b","trailer_variant":"trailer.overweight.forklifts","trailer_definition":"trailer_def.forklifts.overweight.forklifts","units_count":100,"fill_ratio":1,"trailer_place":0},{"target":"stokes.amsterdam","urgency":2,"shortest_distance_km":795,"ferry_time":35,"ferry_price":300,"cargo":"cargo.excavator","company_truck":"daf_xf_euro6_4x2_a","trailer_variant":"trailer.overweight.excavator","trailer_definition":"trailer_def.excavator.overweight.excavator","units_count":94,"fill_ratio":1,"trailer_place":0},{"target":"euroacres.cambridge","urgency":0,"shortest_distance_km":191,"ferry_time":0,"ferry_price":0,"cargo":"cargo.sawpanels","company_truck":"renault_t_4x2h","trailer_variant":"trailer.scs_dry_a","trailer_definition":"trailer_def.scs.box.single_3.dryvan","units_count":33,"fill_ratio":1,"trailer_place":0},{"target":"transinet.dortmund","urgency":2,"shortest_distance_km":932,"ferry_time":35,"ferry_price":300,"cargo":"cargo.empty_palet","company_truck":"scania_s_6x4_730","trailer_variant":"trailer.scs_dry_ms","trailer_definition":"trailer_def.scs.box.single_3.dryvan_m","units_count":32,"fill_ratio":1,"trailer_place":0},{"target":"posped.london","urgency":1,"shortest_distance_km":195,"ferry_time":0,"ferry_price":0,"cargo":"cargo.diggers","company_truck":"mercedes_4x2_c","trailer_variant":"trailer.overweight.digger","trailer_definition":"trailer_def.diggers.overweight.digger","units_count":98,"fill_ratio":1,"trailer_place":0}],"lkwlog.felixstowe":[{"target":"posped.geneve","urgency":1,"shortest_distance_km":1065,"ferry_time":35,"ferry_price":300,"cargo":"cargo.floorpanels","company_truck":"man_6x4_b","trailer_variant":"trailer.panel_trans.floor","trailer_definition":"trailer_def.floorpanels.panel_trans.floor","units_count":82,"fill_ratio":1,"trailer_place":0}],"tradeaux.klagenfurt":[{"target":"lkwlog.brno","urgency":0,"shortest_distance_km":344,"ferry_time":0,"ferry_price":0,"cargo":"cargo.ore","company_truck":"man_6x4_b","trailer_variant":"trailer.s_ki_solid.ore","trailer_definition":"trailer_def.ore.s_ki_solid.ore","units_count":100,"fill_ratio":1,"trailer_place":0}],"nbfc.london":[{"target":"posped.rotterdam","urgency":0,"shortest_distance_km":508,"ferry_time":35,"ferry_price":300,"cargo":"cargo.fertilizer","company_truck":"scania_r_4x2_520","trailer_variant":"trailer.scs_dry_m","trailer_definition":"trailer_def.scs.box.single_3.dryvan_m","units_count":33,"fill_ratio":1,"trailer_place":0},{"target":"wgcc.grimsby","urgency":0,"shortest_distance_km":289,"ferry_time":0,"ferry_price":0,"cargo":"cargo.ammunition","company_truck":"scania_r_6x4_650","trailer_variant":"trailer.scs_curt_s","trailer_definition":"trailer_def.scs.box.single_3.curtain","units_count":33,"fill_ratio":1,"trailer_place":0},{"target":"wgcc.strasbourg","urgency":0,"shortest_distance_km":764,"ferry_time":35,"ferry_price":300,"cargo":"cargo.fluorine","company_truck":"scania_streamline_4x2_c","trailer_variant":"trailer.scs_gosck40","trailer_definition":"trailer_def.scs.gooseneck.singl_3e_40.container","units_count":80,"fill_ratio":1,"trailer_place":0}],"sellplan.dresden":[{"target":"stokes.poznan","urgency":2,"shortest_distance_km":397,"ferry_time":0,"ferry_price":0,"cargo":"cargo.used_plast_c","company_truck":"daf_xf_euro6_4x2_c","trailer_variant":"trailer.scs_flat_c_r","trailer_definition":"trailer_def.scs.flatbed.single_3.container","units_count":33,"fill_ratio":1,"trailer_place":0},{"target":"transinet.dresden","urgency":2,"shortest_distance_km":1,"ferry_time":0,"ferry_price":0,"cargo":"cargo.empty_palet","company_truck":"double/scania_r_4x2","trailer_variant":"trailer.scs_curt_b2","trailer_definition":"trailer_def.scs.box.bdouble_3_3.curtain","units_count":26,"fill_ratio":1,"trailer_place":0},{"target":"transinet.hamburg","urgency":1,"shortest_distance_km":500,"ferry_time":0,"ferry_price":0,"cargo":"cargo.used_packag","company_truck":"double/mercedes_actros_2014_4x2_a","trailer_variant":"trailer.scs_dry_b2","trailer_definition":"trailer_def.scs.box.bdouble_3_3.dryvan","units_count":25,"fill_ratio":1,"trailer_place":0}],"tree_et.dortmund":[{"target":"euroacres.bremen","urgency":0,"shortest_distance_km":236,"ferry_time":0,"ferry_price":0,"cargo":"cargo.lumber","company_truck":"daf_xf_euro6_6x2_a","trailer_variant":"trailer.scs_flat_r","trailer_definition":"trailer_def.scs.flatbed.single_3.flatbed_w","units_count":2,"fill_ratio":1,"trailer_place":0}],"wgcc.bratislava":[{"target":"nbfc.calais","urgency":0,"shortest_distance_km":1391,"ferry_time":0,"ferry_price":0,"cargo":"cargo.chemicals","company_truck":"mercedes_6x2_b","trailer_variant":"trailer.chcistern","trailer_definition":"trailer_def.chemicals.chcistern","units_count":100,"fill_ratio":1,"trailer_place":0},{"target":"posped.bratislava","urgency":1,"shortest_distance_km":1,"ferry_time":0,"ferry_price":0,"cargo":"cargo.emptytank","company_truck":"man_tgx_euro6_4x2_xxl","trailer_variant":"trailer.scs_flat_c_g","trailer_definition":"trailer_def.scs.flatbed.single_3.container","units_count":2,"fill_ratio":1,"trailer_place":0}],"nbfc.aberdeen":[{"target":"wgcc.rotterdam","urgency":1,"shortest_distance_km":638,"ferry_time":660,"ferry_price":995,"cargo":"cargo.chlorine","company_truck":"renault_magnum_6x4_a","trailer_variant":"trailer.scs_flat_c_g","trailer_definition":"trailer_def.scs.flatbed.single_3.container","units_count":87,"fill_ratio":1,"trailer_place":0}],"eurogoodies.innsbruck":[{"target":"posped.strasbourg","urgency":2,"shortest_distance_km":439,"ferry_time":0,"ferry_price":0,"cargo":"cargo.milk","company_truck":"iveco_6x2_a","trailer_variant":"trailer.scs_dry_m","trailer_definition":"trailer_def.scs.box.single_3.dryvan_m","units_count":33,"fill_ratio":1,"trailer_place":0}],"sanbuilders.nurnberg":[{"target":"stokes.nurnberg","urgency":2,"shortest_distance_km":1,"ferry_time":0,"ferry_price":0,"cargo":"cargo.empty_palet","company_truck":"double/daf_4x2_a","trailer_variant":"trailer.scs_curt_2","trailer_definition":"trailer_def.scs.box.double_3_2.curtain","units_count":28,"fill_ratio":1,"trailer_place":0}],"stokes.dusseldorf":[{"target":"posped.koln","urgency":1,"shortest_distance_km":42,"ferry_time":0,"ferry_price":0,"cargo":"cargo.fireworks","company_truck":"scania_streamline_4x2_b","trailer_variant":"trailer.scs_curt","trailer_definition":"trailer_def.scs.box.single_3.curtain","units_count":33,"fill_ratio":1,"trailer_place":0}],"lkwlog.graz":[{"target":"tradeaux.klagenfurt","urgency":1,"shortest_distance_km":112,"ferry_time":0,"ferry_price":0,"cargo":"cargo.milk_t","company_truck":"scania_4x2_c","trailer_variant":"trailer.scs_fodt","trailer_definition":"trailer_def.scs.foodtank.single_3.paint","units_count":27,"fill_ratio":1,"trailer_place":0}],"eurogoodies.dover":[{"target":"transinet.brussel","urgency":0,"shortest_distance_km":234,"ferry_time":91,"ferry_price":384,"cargo":"cargo.peas","company_truck":"mercedes_actros_2014_4x2_a","trailer_variant":"trailer.scs_dry_ms","trailer_definition":"trailer_def.scs.box.single_3.dryvan_m","units_count":33,"fill_ratio":1,"trailer_place":0}],"quarry.stuttgart":[{"target":"euroacres.bremen","urgency":0,"shortest_distance_km":572,"ferry_time":0,"ferry_price":0,"cargo":"cargo.digger500","company_truck":"renault_premium_4x2_a","trailer_variant":"trailer.overweight.digger500","trailer_definition":"trailer_def.digger500.overweight.digger500","units_count":100,"fill_ratio":1,"trailer_place":0},{"target":"cargotras.milano","urgency":0,"shortest_distance_km":677,"ferry_time":0,"ferry_price":0,"cargo":"cargo.coal","company_truck":"renault_magnum_6x4_a","trailer_variant":"trailer.s_ki_solid.coal","trailer_definition":"trailer_def.coal.s_ki_solid.coal","units_count":100,"fill_ratio":1,"trailer_place":0},{"target":"tradeaux.frankfurt","urgency":1,"shortest_distance_km":147,"ferry_time":0,"ferry_price":0,"cargo":"cargo.emptytank","company_truck":"man_6x4_b","trailer_variant":"trailer.scs_flat_c_g","trailer_definition":"trailer_def.scs.flatbed.single_3.container","units_count":2,"fill_ratio":1,"trailer_place":0}],"tree_et.leipzig":[{"target":"stokes.dusseldorf","urgency":2,"shortest_distance_km":548,"ferry_time":0,"ferry_price":0,"cargo":"cargo.forklifts","company_truck":"man_6x4_b","trailer_variant":"trailer.overweight.forklifts","trailer_definition":"trailer_def.forklifts.overweight.forklifts","units_count":100,"fill_ratio":1,"trailer_place":0}],"sanbuilders.newcastle":[{"target":"transinet.sheffield","urgency":2,"shortest_distance_km":220,"ferry_time":0,"ferry_price":0,"cargo":"cargo.forklifts","company_truck":"scania_streamline_4x2_c","trailer_variant":"trailer.overweight.forklifts","trailer_definition":"trailer_def.forklifts.overweight.forklifts","units_count":100,"fill_ratio":1,"trailer_place":0}],"wgcc.manchester":[{"target":"lkwlog.dover","urgency":0,"shortest_distance_km":487,"ferry_time":0,"ferry_price":0,"cargo":"cargo.hipresstank","company_truck":"iveco_4x2_a","trailer_variant":"trailer.scs_flat_b","trailer_definition":"trailer_def.scs.flatbed.single_3.flatbed_w","units_count":2,"fill_ratio":1,"trailer_place":0},{"target":"euroacres.liverpool","urgency":0,"shortest_distance_km":82,"ferry_time":0,"ferry_price":0,"cargo":"cargo.fertilizer","company_truck":"daf_xf_euro6_4x2_a","trailer_variant":"trailer.scs_dry","trailer_definition":"trailer_def.scs.box.single_3.dryvan","units_count":33,"fill_ratio":1,"trailer_place":0},{"target":"sanbuilders.rotterdam","urgency":1,"shortest_distance_km":222,"ferry_time":660,"ferry_price":995,"cargo":"cargo.acetylene","company_truck":"scania_s_6x4_730","trailer_variant":"trailer.scs_flat_c_g","trailer_definition":"trailer_def.scs.flatbed.single_3.container","units_count":87,"fill_ratio":1,"trailer_place":0},{"target":"trameri.plymouth","urgency":2,"shortest_distance_km":489,"ferry_time":0,"ferry_price":0,"cargo":"cargo.forklifts","company_truck":"man_6x4_b","trailer_variant":"trailer.overweight.forklifts","trailer_definition":"trailer_def.forklifts.overweight.forklifts","units_count":100,"fill_ratio":1,"trailer_place":0}],"nbfc.duisburg":[{"target":"wgcc.rotterdam","urgency":2,"shortest_distance_km":331,"ferry_time":0,"ferry_price":0,"cargo":"cargo.neon","company_truck":"scania_s_4x2_580","trailer_variant":"trailer.scs_gosck40","trailer_definition":"trailer_def.scs.gooseneck.singl_3e_40.container","units_count":80,"fill_ratio":1,"trailer_place":0},{"target":"tree_et.liege","urgency":0,"shortest_distance_km":225,"ferry_time":0,"ferry_price":0,"cargo":"cargo.hipresstank","company_truck":"iveco_6x2_a","trailer_variant":"trailer.scs_flat_b","trailer_definition":"trailer_def.scs.flatbed.single_3.flatbed_w","units_count":2,"fill_ratio":1,"trailer_place":0},{"target":"trameri.strasbourg","urgency":0,"shortest_distance_km":506,"ferry_time":0,"ferry_price":0,"cargo":"cargo.nitrogen","company_truck":"mercedes_4x2_b","trailer_variant":"trailer.scs_flat_c_r","trailer_definition":"trailer_def.scs.flatbed.single_3.container","units_count":87,"fill_ratio":1,"trailer_place":0},{"target":"fcp.leipzig","urgency":0,"shortest_distance_km":545,"ferry_time":0,"ferry_price":0,"cargo":"cargo.motor_oil","company_truck":"man_6x4_b","trailer_variant":"trailer.scs_dry_m","trailer_definition":"trailer_def.scs.box.single_3.dryvan_m","units_count":33,"fill_ratio":1,"trailer_place":0}],"lkwlog.brno":[{"target":"posped.geneve","urgency":1,"shortest_distance_km":1078,"ferry_time":0,"ferry_price":0,"cargo":"cargo.icecream","company_truck":"man_4x2_c","trailer_variant":"trailer.scs_ref","trailer_definition":"trailer_def.scs.box.single_3.reefer","units_count":33,"fill_ratio":1,"trailer_place":0}],"tree_et.metz":[{"target":"stokes.nurnberg","urgency":2,"shortest_distance_km":534,"ferry_time":0,"ferry_price":0,"cargo":"cargo.wshavings","company_truck":"scania_streamline_4x2_b","trailer_variant":"trailer.s_ki_solid.cover","trailer_definition":"trailer_def.wshavings.s_ki_solid.cover","units_count":100,"fill_ratio":1,"trailer_place":0}],"cesare_smar.milano":[{"target":"cargotras.milano","urgency":2,"shortest_distance_km":84,"ferry_time":0,"ferry_price":0,"cargo":"cargo.used_plast_c","company_truck":"scania_streamline_4x2_b","trailer_variant":"trailer.scs_flat_c_r","trailer_definition":"trailer_def.scs.flatbed.single_3.container","units_count":33,"fill_ratio":1,"trailer_place":0},{"target":"lkwlog.amsterdam","urgency":2,"shortest_distance_km":1111,"ferry_time":0,"ferry_price":0,"cargo":"cargo.empty_palet","company_truck":"man_tgx_euro6_6x4_xlx","trailer_variant":"trailer.scs_dry_a","trailer_definition":"trailer_def.scs.box.single_3.dryvan","units_count":33,"fill_ratio":1,"trailer_place":0}],"tradeaux.paris":[{"target":"kaarfor.reims","urgency":0,"shortest_distance_km":161,"ferry_time":0,"ferry_price":0,"cargo":"cargo.plant_substr","company_truck":"mercedes_4x2_b","trailer_variant":"trailer.scs_curt_a","trailer_definition":"trailer_def.scs.box.single_3.curtain","units_count":33,"fill_ratio":1,"trailer_place":0}],"euroacres.dresden":[{"target":"eurogoodies.leipzig","urgency":0,"shortest_distance_km":168,"ferry_time":0,"ferry_price":0,"cargo":"cargo.carrots_c","company_truck":"iveco_4x2_b","trailer_variant":"trailer.scs_gosck20","trailer_definition":"trailer_def.scs.gooseneck.singl_3e_20.container","units_count":15,"fill_ratio":1,"trailer_place":0},{"target":"kaarfor.frankfurt","urgency":1,"shortest_distance_km":455,"ferry_time":0,"ferry_price":0,"cargo":"cargo.young_seed","company_truck":"man_tgx_euro6_4x2_xxl","trailer_variant":"trailer.scs_dry_ms","trailer_definition":"trailer_def.scs.box.single_3.dryvan_m","units_count":33,"fill_ratio":1,"trailer_place":0}],"euroacres.wroclaw":[{"target":"kaarfor.poznan","urgency":2,"shortest_distance_km":176,"ferry_time":0,"ferry_price":0,"cargo":"cargo.cont_trees","company_truck":"scania_6x2_b","trailer_variant":"trailer.scs_ins","trailer_definition":"trailer_def.scs.box.single_3.insulated","units_count":33,"fill_ratio":1,"trailer_place":0},{"target":"kaarfor.munchen","urgency":0,"shortest_distance_km":573,"ferry_time":0,"ferry_price":0,"cargo":"cargo.honey","company_truck":"daf_4x2_a","trailer_variant":"trailer.scs_dry_m","trailer_definition":"trailer_def.scs.box.single_3.dryvan_m","units_count":33,"fill_ratio":1,"trailer_place":0}],"euroacres.brussel":[{"target":"stokes.calais","urgency":0,"shortest_distance_km":207,"ferry_time":0,"ferry_price":0,"cargo":"cargo.tomatoes","company_truck":"iveco_4x2_a","trailer_variant":"trailer.scs_ref_s","trailer_definition":"trailer_def.scs.box.single_3.reefer","units_count":33,"fill_ratio":1,"trailer_place":0},{"target":"stokes.liege","urgency":1,"shortest_distance_km":175,"ferry_time":0,"ferry_price":0,"cargo":"cargo.apples","company_truck":"man_tgx_euro6_4x2_xxl","trailer_variant":"trailer.scs_curt","trailer_definition":"trailer_def.scs.box.single_3.curtain","units_count":33,"fill_ratio":1,"trailer_place":0}],"nbfc.liverpool":[{"target":"lkwlog.manchester","urgency":1,"shortest_distance_km":71,"ferry_time":0,"ferry_price":0,"cargo":"cargo.emptytank","company_truck":"iveco_h_4x2_a","trailer_variant":"trailer.scs_flat_c_g","trailer_definition":"trailer_def.scs.flatbed.single_3.container","units_count":2,"fill_ratio":1,"trailer_place":0},{"target":"trameri.liverpool","urgency":2,"shortest_distance_km":1,"ferry_time":0,"ferry_price":0,"cargo":"cargo.neon","company_truck":"mercedes_4x2","trailer_variant":"trailer.scs_gosck20","trailer_definition":"trailer_def.scs.gooseneck.singl_3e_20.container","units_count":40,"fill_ratio":1,"trailer_place":0},{"target":"wgcc.strasbourg","urgency":0,"shortest_distance_km":1127,"ferry_time":35,"ferry_price":300,"cargo":"cargo.hchemicals","company_truck":"renault_magnum_6x2_a","trailer_variant":"trailer.chcistern","trailer_definition":"trailer_def.hchemicals.chcistern","units_count":100,"fill_ratio":1,"trailer_place":0},{"target":"euroacres.carlisle","urgency":0,"shortest_distance_km":203,"ferry_time":0,"ferry_price":0,"cargo":"cargo.fertilizer","company_truck":"man_6x4_b","trailer_variant":"trailer.scs_brick_b","trailer_definition":"trailer_def.scs.flatbed.single_3.brick","units_count":33,"fill_ratio":1,"trailer_place":0}],"euroacres.erfurt":[{"target":"posped.rotterdam","urgency":0,"shortest_distance_km":716,"ferry_time":0,"ferry_price":0,"cargo":"cargo.potatoes","company_truck":"double/scania_streamline_4x2_a","trailer_variant":"trailer.scs_dry_2","trailer_definition":"trailer_def.scs.box.double_3_2.dryvan","units_count":24,"fill_ratio":1,"trailer_place":0}],"transinet.cambridge":[{"target":"posped.rotterdam","urgency":2,"shortest_distance_km":585,"ferry_time":35,"ferry_price":300,"cargo":"cargo.limonades","company_truck":"scania_streamline_4x2_b","trailer_variant":"trailer.scs_dry_s","trailer_definition":"trailer_def.scs.box.single_3.dryvan","units_count":30,"fill_ratio":1,"trailer_place":0}],"bcp.birmingham":[{"target":"posped.london","urgency":1,"shortest_distance_km":197,"ferry_time":0,"ferry_price":0,"cargo":"cargo.used_packag","company_truck":"man_6x4_b","trailer_variant":"trailer.scs_dry","trailer_definition":"trailer_def.scs.box.single_3.dryvan","units_count":33,"fill_ratio":1,"trailer_place":0}],"eurogoodies.szczecin":[{"target":"lkwlog.duisburg","urgency":0,"shortest_distance_km":663,"ferry_time":0,"ferry_price":0,"cargo":"cargo.chewing_gums","company_truck":"man_6x4_b","trailer_variant":"trailer.scs_dry_s","trailer_definition":"trailer_def.scs.box.single_3.dryvan","units_count":31,"fill_ratio":1,"trailer_place":0}],"posped.zurich":[{"target":"spinelli.milano","urgency":0,"shortest_distance_km":327,"ferry_time":0,"ferry_price":0,"cargo":"cargo.vent_tube","company_truck":"iveco_4x2_b","trailer_variant":"trailer.scs_flat_c_g","trailer_definition":"trailer_def.scs.flatbed.single_3.container","units_count":2,"fill_ratio":1,"trailer_place":0}],"tree_et.aberdeen":[{"target":"euroacres.carlisle","urgency":0,"shortest_distance_km":400,"ferry_time":0,"ferry_price":0,"cargo":"cargo.lumber","company_truck":"scania_r_6x2_450","trailer_variant":"trailer.scs_flat_c_g","trailer_definition":"trailer_def.scs.flatbed.single_3.container","units_count":2,"fill_ratio":1,"trailer_place":0}],"sellplan.newcastle":[{"target":"transinet.rotterdam","urgency":2,"shortest_distance_km":264,"ferry_time":660,"ferry_price":995,"cargo":"cargo.empty_palet","company_truck":"scania_6x2_b","trailer_variant":"trailer.scs_dry_s","trailer_definition":"trailer_def.scs.box.single_3.dryvan","units_count":33,"fill_ratio":1,"trailer_place":0},{"target":"posped.carlisle","urgency":1,"shortest_distance_km":89,"ferry_time":0,"ferry_price":0,"cargo":"cargo.used_packag","company_truck":"renault_t_4x2h","trailer_variant":"trailer.scs_dry_ms","trailer_definition":"trailer_def.scs.box.single_3.dryvan_m","units_count":33,"fill_ratio":1,"trailer_place":0},{"target":"lkwlog.manchester","urgency":2,"shortest_distance_km":231,"ferry_time":0,"ferry_price":0,"cargo":"cargo.used_plast_c","company_truck":"man_6x4_b","trailer_variant":"trailer.scs_flat_c_g","trailer_definition":"trailer_def.scs.flatbed.single_3.container","units_count":33,"fill_ratio":1,"trailer_place":0}],"sellplan.klagenfurt":[{"target":"posped.graz","urgency":1,"shortest_distance_km":115,"ferry_time":0,"ferry_price":0,"cargo":"cargo.used_packag","company_truck":"scania_s_6x2_450","trailer_variant":"trailer.scs_dry_s","trailer_definition":"trailer_def.scs.box.single_3.dryvan","units_count":33,"fill_ratio":1,"trailer_place":0},{"target":"lkwlog.graz","urgency":2,"shortest_distance_km":117,"ferry_time":0,"ferry_price":0,"cargo":"cargo.used_plast_c","company_truck":"scania_streamline_4x2_c","trailer_variant":"trailer.scs_flat_c_g","trailer_definition":"trailer_def.scs.flatbed.single_3.container","units_count":33,"fill_ratio":1,"trailer_place":0}],"cargotras.milano":[{"target":"sellplan.torino","urgency":2,"shortest_distance_km":200,"ferry_time":0,"ferry_price":0,"cargo":"cargo.vinegar","company_truck":"scania_streamline_4x2_c","trailer_variant":"trailer.scs_dry_m","trailer_definition":"trailer_def.scs.box.single_3.dryvan_m","units_count":33,"fill_ratio":1,"trailer_place":0}],"euroacres.osnabruck":[{"target":"lkwlog.dover","urgency":0,"shortest_distance_km":637,"ferry_time":91,"ferry_price":384,"cargo":"cargo.cauliflower","company_truck":"scania_r_4x2_370","trailer_variant":"trailer.scs_dry_a","trailer_definition":"trailer_def.scs.box.single_3.dryvan","units_count":33,"fill_ratio":1,"trailer_place":0}],"euroacres.plymouth":[{"target":"transinet.cambridge","urgency":1,"shortest_distance_km":476,"ferry_time":0,"ferry_price":0,"cargo":"cargo.watermelons","company_truck":"scania_4x2_a","trailer_variant":"trailer.scs_ins","trailer_definition":"trailer_def.scs.box.single_3.insulated","units_count":33,"fill_ratio":1,"trailer_place":0}],"quarry.wroclaw":[{"target":"posped.graz","urgency":2,"shortest_distance_km":535,"ferry_time":0,"ferry_price":0,"cargo":"cargo.excavator","company_truck":"mercedes_4x2_c","trailer_variant":"trailer.overweight.excavator","trailer_definition":"trailer_def.excavator.overweight.excavator","units_count":94,"fill_ratio":1,"trailer_place":0}],"quarry.glasgow":[{"target":"stokes.aberdeen","urgency":0,"shortest_distance_km":222,"ferry_time":0,"ferry_price":0,"cargo":"cargo.digger500","company_truck":"iveco_4x2_b","trailer_variant":"trailer.overweight.digger500","trailer_definition":"trailer_def.digger500.overweight.digger500","units_count":100,"fill_ratio":1,"trailer_place":0},{"target":"transinet.sheffield","urgency":0,"shortest_distance_km":515,"ferry_time":0,"ferry_price":0,"cargo":"cargo.ore","company_truck":"renault_premium_6x4_a","trailer_variant":"trailer.s_ki_solid.ore","trailer_definition":"trailer_def.ore.s_ki_solid.ore","units_count":100,"fill_ratio":1,"trailer_place":0}],"batisse_hs.paris":[{"target":"euroacres.bern","urgency":0,"shortest_distance_km":648,"ferry_time":0,"ferry_price":0,"cargo":"cargo.digger500","company_truck":"mercedes_4x2_b","trailer_variant":"trailer.overweight.digger500","trailer_definition":"trailer_def.digger500.overweight.digger500","units_count":100,"fill_ratio":1,"trailer_place":0}],"eurogoodies.lille":[{"target":"stokes.calais","urgency":2,"shortest_distance_km":109,"ferry_time":0,"ferry_price":0,"cargo":"cargo.flour","company_truck":"renault_premium_4x2_a","trailer_variant":"trailer.scs_dry","trailer_definition":"trailer_def.scs.box.single_3.dryvan","units_count":33,"fill_ratio":1,"trailer_place":0}],"itcc.liege":[{"target":"lkwlog.felixstowe","urgency":1,"shortest_distance_km":600,"ferry_time":35,"ferry_price":300,"cargo":"cargo.floorpanels","company_truck":"scania_r_6x4_650","trailer_variant":"trailer.panel_trans.floor","trailer_definition":"trailer_def.floorpanels.panel_trans.floor","units_count":90,"fill_ratio":1,"trailer_place":0}],"eurogoodies.salzburg":[{"target":"tradeaux.rostock","urgency":2,"shortest_distance_km":823,"ferry_time":0,"ferry_price":0,"cargo":"cargo.sugar","company_truck":"renault_premium_4x2_a","trailer_variant":"trailer.scs_dry_ms","trailer_definition":"trailer_def.scs.box.single_3.dryvan_m","units_count":32,"fill_ratio":1,"trailer_place":0},{"target":"stokes.wien","urgency":0,"shortest_distance_km":250,"ferry_time":0,"ferry_price":0,"cargo":"cargo.goat_cheese","company_truck":"iveco_4x2_a","trailer_variant":"trailer.scs_ref","trailer_definition":"trailer_def.scs.box.single_3.reefer","units_count":33,"fill_ratio":1,"trailer_place":0}],"kaarfor.bern":[{"target":"posped.strasbourg","urgency":1,"shortest_distance_km":220,"ferry_time":0,"ferry_price":0,"cargo":"cargo.used_packag","company_truck":"daf_xf_euro6_6x2_a","trailer_variant":"trailer.scs_dry_ms","trailer_definition":"trailer_def.scs.box.single_3.dryvan_m","units_count":33,"fill_ratio":1,"trailer_place":0}],"tree_et.frankfurt":[{"target":"quarry.stuttgart","urgency":2,"shortest_distance_km":157,"ferry_time":0,"ferry_price":0,"cargo":"cargo.excavator","company_truck":"mercedes_4x2_a","trailer_variant":"trailer.overweight.excavator","trailer_definition":"trailer_def.excavator.overweight.excavator","units_count":94,"fill_ratio":1,"trailer_place":0}],"stokes.calais":[{"target":"eurogoodies.dover","urgency":0,"shortest_distance_km":10,"ferry_time":91,"ferry_price":384,"cargo":"cargo.tomatoes","company_truck":"renault_premium_6x2_a","trailer_variant":"trailer.scs_ref","trailer_definition":"trailer_def.scs.box.single_3.reefer","units_count":33,"fill_ratio":1,"trailer_place":0}],"kaarfor.munchen":[{"target":"posped.verona","urgency":2,"shortest_distance_km":463,"ferry_time":0,"ferry_price":0,"cargo":"cargo.used_plast_c","company_truck":"renault_t_4x2","trailer_variant":"trailer.scs_flat_c_r","trailer_definition":"trailer_def.scs.flatbed.single_3.container","units_count":33,"fill_ratio":1,"trailer_place":0},{"target":"stokes.zurich","urgency":2,"shortest_distance_km":319,"ferry_time":0,"ferry_price":0,"cargo":"cargo.empty_palet","company_truck":"scania_r_6x4_650","trailer_variant":"trailer.scs_curt","trailer_definition":"trailer_def.scs.box.single_3.curtain","units_count":33,"fill_ratio":1,"trailer_place":0}],"transinet.szczecin":[{"target":"lkwlog.brno","urgency":1,"shortest_distance_km":652,"ferry_time":0,"ferry_price":0,"cargo":"cargo.sand","company_truck":"mercedes_actros_2014_4x2_a","trailer_variant":"trailer.s_ki_solid.sand","trailer_definition":"trailer_def.sand.s_ki_solid.sand","units_count":100,"fill_ratio":1,"trailer_place":0}],"eurogoodies.prague":[{"target":"stokes.nurnberg","urgency":0,"shortest_distance_km":259,"ferry_time":0,"ferry_price":0,"cargo":"cargo.rice_c","company_truck":"scania_r_6x4_650","trailer_variant":"trailer.scs_gosck220","trailer_definition":"trailer_def.scs.gooseneck.singl_3e_220.container","units_count":30,"fill_ratio":1,"trailer_place":0}],"tradeaux.felixstowe":[{"target":"stokes.dusseldorf","urgency":1,"shortest_distance_km":736,"ferry_time":35,"ferry_price":300,"cargo":"cargo.overweight","company_truck":"scania_6x4_a","trailer_variant":"trailer.scs_flat_b","trailer_definition":"trailer_def.scs.flatbed.single_3.flatbed_w","units_count":1,"fill_ratio":1,"trailer_place":0}],"transinet.osnabruck":[{"target":"eurogoodies.osnabruck","urgency":2,"shortest_distance_km":1,"ferry_time":0,"ferry_price":0,"cargo":"cargo.chocolate","company_truck":"double/daf_4x2_a","trailer_variant":"trailer.scs_dry_b2","trailer_definition":"trailer_def.scs.box.bdouble_3_3.dryvan","units_count":21,"fill_ratio":1,"trailer_place":0}],"eurogoodies.leipzig":[{"target":"stokes.calais","urgency":1,"shortest_distance_km":934,"ferry_time":0,"ferry_price":0,"cargo":"cargo.cheese","company_truck":"man_4x2_c","trailer_variant":"trailer.scs_ref_a","trailer_definition":"trailer_def.scs.box.single_3.reefer","units_count":33,"fill_ratio":1,"trailer_place":0},{"target":"transinet.salzburg","urgency":0,"shortest_distance_km":517,"ferry_time":0,"ferry_price":0,"cargo":"cargo.apples_c","company_truck":"renault_t_4x2","trailer_variant":"trailer.scs_flat_c_g","trailer_definition":"trailer_def.scs.flatbed.single_3.container","units_count":33,"fill_ratio":1,"trailer_place":0}],"tree_et.liege":[{"target":"tradeaux.kassel","urgency":2,"shortest_distance_km":341,"ferry_time":0,"ferry_price":0,"cargo":"cargo.excavator","company_truck":"renault_t_4x2","trailer_variant":"trailer.overweight.excavator","trailer_definition":"trailer_def.excavator.overweight.excavator","units_count":94,"fill_ratio":1,"trailer_place":0},{"target":"lkwlog.luxembourg","urgency":2,"shortest_distance_km":112,"ferry_time":0,"ferry_price":0,"cargo":"cargo.empty_palet","company_truck":"renault_magnum_6x2_a","trailer_variant":"trailer.scs_dry_s","trailer_definition":"trailer_def.scs.box.single_3.dryvan","units_count":33,"fill_ratio":1,"trailer_place":0},{"target":"nbfc.duisburg","urgency":2,"shortest_distance_km":225,"ferry_time":0,"ferry_price":0,"cargo":"cargo.forklifts","company_truck":"scania_4x2_a","trailer_variant":"trailer.overweight.forklifts","trailer_definition":"trailer_def.forklifts.overweight.forklifts","units_count":100,"fill_ratio":1,"trailer_place":0}],"stokes.cardiff":[{"target":"tradeaux.grimsby","urgency":1,"shortest_distance_km":377,"ferry_time":0,"ferry_price":0,"cargo":"cargo.icecream","company_truck":"man_6x4_b","trailer_variant":"trailer.scs_ref_s","trailer_definition":"trailer_def.scs.box.single_3.reefer","units_count":33,"fill_ratio":1,"trailer_place":0}],"sanbuilders.hamburg":[{"target":"posped.kiel","urgency":2,"shortest_distance_km":171,"ferry_time":0,"ferry_price":0,"cargo":"cargo.digger1000","company_truck":"renault_t_4x2h","trailer_variant":"trailer.overweight.digger1000","trailer_definition":"trailer_def.digger1000.overweight.digger1000","units_count":100,"fill_ratio":1,"trailer_place":0},{"target":"tree_et.leipzig","urgency":1,"shortest_distance_km":438,"ferry_time":0,"ferry_price":0,"cargo":"cargo.diggers","company_truck":"mercedes_actros_2014_4x2_c","trailer_variant":"trailer.overweight.digger","trailer_definition":"trailer_def.diggers.overweight.digger","units_count":98,"fill_ratio":1,"trailer_place":0}],"tree_et.bratislava":[{"target":"euroacres.erfurt","urgency":0,"shortest_distance_km":609,"ferry_time":0,"ferry_price":0,"cargo":"cargo.lumber","company_truck":"man_6x4_b","trailer_variant":"trailer.scs_flat_b","trailer_definition":"trailer_def.scs.flatbed.single_3.flatbed_w","units_count":2,"fill_ratio":1,"trailer_place":0}],"tree_et.graz":[{"target":"tradeaux.frankfurt","urgency":2,"shortest_distance_km":668,"ferry_time":0,"ferry_price":0,"cargo":"cargo.wshavings","company_truck":"mercedes_actros_2014_4x2_b","trailer_variant":"trailer.s_ki_solid.cover","trailer_definition":"trailer_def.wshavings.s_ki_solid.cover","units_count":100,"fill_ratio":1,"trailer_place":0}],"lkwlog.dover":[{"target":"posped.london","urgency":1,"shortest_distance_km":114,"ferry_time":0,"ferry_price":0,"cargo":"cargo.paper","company_truck":"daf_xf_euro6_6x4_c","trailer_variant":"trailer.scs_curt","trailer_definition":"trailer_def.scs.box.single_3.curtain","units_count":33,"fill_ratio":1,"trailer_place":0}],"tradeaux.prague":[{"target":"posped.linz","urgency":0,"shortest_distance_km":243,"ferry_time":0,"ferry_price":0,"cargo":"cargo.chem_sorbent","company_truck":"mercedes_actros_2014_6x4_b","trailer_variant":"trailer.scs_dry_m","trailer_definition":"trailer_def.scs.box.single_3.dryvan_m","units_count":33,"fill_ratio":1,"trailer_place":0},{"target":"transinet.dresden","urgency":0,"shortest_distance_km":111,"ferry_time":0,"ferry_price":0,"cargo":"cargo.precast_strs","company_truck":"iveco_4x2_b","trailer_variant":"trailer.scs_dry_s","trailer_definition":"trailer_def.scs.box.single_3.dryvan","units_count":33,"fill_ratio":1,"trailer_place":0}],"wgcc.grimsby":[{"target":"nbfc.liverpool","urgency":0,"shortest_distance_km":254,"ferry_time":0,"ferry_price":0,"cargo":"cargo.vent_tube","company_truck":"daf_xf_euro6_4x2_c","trailer_variant":"trailer.scs_flat_c_r","trailer_definition":"trailer_def.scs.flatbed.single_3.container","units_count":2,"fill_ratio":1,"trailer_place":0},{"target":"tree_et.birmingham","urgency":0,"shortest_distance_km":216,"ferry_time":0,"ferry_price":0,"cargo":"cargo.chemicals","company_truck":"mercedes_actros_2014_6x2_a","trailer_variant":"trailer.chcistern","trailer_definition":"trailer_def.chemicals.chcistern","units_count":100,"fill_ratio":1,"trailer_place":0},{"target":"trameri.carlisle","urgency":1,"shortest_distance_km":337,"ferry_time":0,"ferry_price":0,"cargo":"cargo.acetylene","company_truck":"daf_xf_euro6_6x2_a","trailer_variant":"trailer.scs_gosck20","trailer_definition":"trailer_def.scs.gooseneck.singl_3e_20.container","units_count":40,"fill_ratio":1,"trailer_place":0}],"sanbuilders.erfurt":[{"target":"tradeaux.hannover","urgency":2,"shortest_distance_km":250,"ferry_time":0,"ferry_price":0,"cargo":"cargo.empty_palet","company_truck":"mercedes_actros_2014_6x4_b","trailer_variant":"trailer.scs_dry_a","trailer_definition":"trailer_def.scs.box.single_3.dryvan","units_count":33,"fill_ratio":1,"trailer_place":0}],"fcp.manchester":[{"target":"posped.rotterdam","urgency":2,"shortest_distance_km":223,"ferry_time":660,"ferry_price":995,"cargo":"cargo.digger1000","company_truck":"man_6x4_b","trailer_variant":"trailer.overweight.digger1000","trailer_definition":"trailer_def.digger1000.overweight.digger1000","units_count":100,"fill_ratio":1,"trailer_place":0}],"eurogoodies.cardiff":[{"target":"transinet.cambridge","urgency":0,"shortest_distance_km":392,"ferry_time":0,"ferry_price":0,"cargo":"cargo.yogurt","company_truck":"scania_streamline_4x2_b","trailer_variant":"trailer.scs_ins_s","trailer_definition":"trailer_def.scs.box.single_3.insulated","units_count":33,"fill_ratio":1,"trailer_place":0}],"trameri.lille":[{"target":"transinet.mannheim","urgency":2,"shortest_distance_km":520,"ferry_time":0,"ferry_price":0,"cargo":"cargo.roof_tiles","company_truck":"daf_xf_euro6_4x2_a","trailer_variant":"trailer.scs_dry_a","trailer_definition":"trailer_def.scs.box.single_3.dryvan","units_count":33,"fill_ratio":1,"trailer_place":0}],"tradeaux.grimsby":[{"target":"eurogoodies.newcastle","urgency":1,"shortest_distance_km":279,"ferry_time":0,"ferry_price":0,"cargo":"cargo.vinegar_c","company_truck":"daf_4x2_b","trailer_variant":"trailer.scs_gosck220","trailer_definition":"trailer_def.scs.gooseneck.singl_3e_220.container","units_count":30,"fill_ratio":1,"trailer_place":0}],"euroacres.nurnberg":[{"target":"kaarfor.frankfurt","urgency":0,"shortest_distance_km":204,"ferry_time":0,"ferry_price":0,"cargo":"cargo.apples_c","company_truck":"iveco_4x2_a","trailer_variant":"trailer.scs_flat_c_r","trailer_definition":"trailer_def.scs.flatbed.single_3.container","units_count":33,"fill_ratio":1,"trailer_place":0},{"target":"eurogoodies.salzburg","urgency":2,"shortest_distance_km":322,"ferry_time":0,"ferry_price":0,"cargo":"cargo.beef_meat","company_truck":"mercedes_actros_2014_4x2_a","trailer_variant":"trailer.scs_ref","trailer_definition":"trailer_def.scs.box.single_3.reefer","units_count":33,"fill_ratio":1,"trailer_place":0}],"eurogoodies.dusseldorf":[{"target":"lkwlog.hamburg","urgency":0,"shortest_distance_km":415,"ferry_time":0,"ferry_price":0,"cargo":"cargo.chewing_gums","company_truck":"mercedes_actros_2014_4x2_c","trailer_variant":"trailer.scs_curt_a","trailer_definition":"trailer_def.scs.box.single_3.curtain","units_count":33,"fill_ratio":1,"trailer_place":0}],"euroacres.brno":[{"target":"stokes.wien","urgency":0,"shortest_distance_km":175,"ferry_time":0,"ferry_price":0,"cargo":"cargo.apples_c","company_truck":"man_6x4_b","trailer_variant":"trailer.scs_flat_c_r","trailer_definition":"trailer_def.scs.flatbed.single_3.container","units_count":33,"fill_ratio":1,"trailer_place":0},{"target":"transinet.salzburg","urgency":2,"shortest_distance_km":448,"ferry_time":0,"ferry_price":0,"cargo":"cargo.straw_bales","company_truck":"mercedes_actros_2014_4x2_c","trailer_variant":"trailer.scs_dry_m","trailer_definition":"trailer_def.scs.box.single_3.dryvan_m","units_count":33,"fill_ratio":1,"trailer_place":0}],"sanbuilders.luxembourg":[{"target":"posped.koln","urgency":1,"shortest_distance_km":226,"ferry_time":0,"ferry_price":0,"cargo":"cargo.emptytank","company_truck":"iveco_h_4x2_a","trailer_variant":"trailer.scs_flat_r","trailer_definition":"trailer_def.scs.flatbed.single_3.flatbed_w","units_count":2,"fill_ratio":1,"trailer_place":0}],"posped.carlisle":[{"target":"lkwlog.manchester","urgency":0,"shortest_distance_km":208,"ferry_time":0,"ferry_price":0,"cargo":"cargo.med_equip","company_truck":"daf_xf_euro6_4x2_c","trailer_variant":"trailer.scs_dry_ms","trailer_definition":"trailer_def.scs.box.single_3.dryvan_m","units_count":33,"fill_ratio":1,"trailer_place":0},{"target":"quarry.glasgow","urgency":2,"shortest_distance_km":243,"ferry_time":0,"ferry_price":0,"cargo":"cargo.excavator","company_truck":"mercedes_actros_2014_4x2_c","trailer_variant":"trailer.overweight.excavator","trailer_definition":"trailer_def.excavator.overweight.excavator","units_count":94,"fill_ratio":1,"trailer_place":0},{"target":"euroacres.brussel","urgency":0,"shortest_distance_km":891,"ferry_time":35,"ferry_price":300,"cargo":"cargo.big_bag_seed","company_truck":"scania_s_6x2_450","trailer_variant":"trailer.scs_brick_r","trailer_definition":"trailer_def.scs.flatbed.single_3.brick","units_count":33,"fill_ratio":1,"trailer_place":0}],"eurogoodies.bern":[{"target":"transinet.brussel","urgency":1,"shortest_distance_km":636,"ferry_time":0,"ferry_price":0,"cargo":"cargo.beverages_c","company_truck":"man_4x2_a","trailer_variant":"trailer.scs_gosck220","trailer_definition":"trailer_def.scs.gooseneck.singl_3e_220.container","units_count":30,"fill_ratio":1,"trailer_place":0}],"sellplan.geneve":[{"target":"stokes.zurich","urgency":2,"shortest_distance_km":236,"ferry_time":0,"ferry_price":0,"cargo":"cargo.empty_palet","company_truck":"scania_streamline_6x4_a","trailer_variant":"trailer.scs_dry_m","trailer_definition":"trailer_def.scs.box.single_3.dryvan_m","units_count":32,"fill_ratio":1,"trailer_place":0},{"target":"stokes.zurich","urgency":2,"shortest_distance_km":236,"ferry_time":0,"ferry_price":0,"cargo":"cargo.used_plast_c","company_truck":"iveco_4x2_c","trailer_variant":"trailer.scs_flat_c_r","trailer_definition":"trailer_def.scs.flatbed.single_3.container","units_count":33,"fill_ratio":1,"trailer_place":0}],"wgcc.glasgow":[{"target":"stokes.aberdeen","urgency":0,"shortest_distance_km":237,"ferry_time":0,"ferry_price":0,"cargo":"cargo.fertilizer","company_truck":"scania_streamline_4x2_c","trailer_variant":"trailer.scs_brick_b","trailer_definition":"trailer_def.scs.flatbed.single_3.brick","units_count":33,"fill_ratio":1,"trailer_place":0},{"target":"nbfc.liverpool","urgency":0,"shortest_distance_km":375,"ferry_time":0,"ferry_price":0,"cargo":"cargo.hchemicals","company_truck":"renault_t_4x2","trailer_variant":"trailer.chcistern","trailer_definition":"trailer_def.hchemicals.chcistern","units_count":100,"fill_ratio":1,"trailer_place":0},{"target":"tree_et.aberdeen","urgency":0,"shortest_distance_km":235,"ferry_time":0,"ferry_price":0,"cargo":"cargo.chemicals","company_truck":"man_tgx_euro6_6x4_xlx","trailer_variant":"trailer.chcistern","trailer_definition":"trailer_def.chemicals.chcistern","units_count":100,"fill_ratio":1,"trailer_place":0},{"target":"nbfc.aberdeen","urgency":0,"shortest_distance_km":236,"ferry_time":0,"ferry_price":0,"cargo":"cargo.ammunition","company_truck":"daf_xf_euro6_4x2_a","trailer_variant":"trailer.scs_curt_a","trailer_definition":"trailer_def.scs.box.single_3.curtain","units_count":33,"fill_ratio":1,"trailer_place":0}],"bcp.berlin":[{"target":"tree_et.poznan","urgency":2,"shortest_distance_km":253,"ferry_time":0,"ferry_price":0,"cargo":"cargo.forklifts","company_truck":"renault_premium_4x2_c","trailer_variant":"trailer.overweight.forklifts","trailer_definition":"trailer_def.forklifts.overweight.forklifts","units_count":100,"fill_ratio":1,"trailer_place":0}],"lkwlog.amsterdam":[{"target":"stokes.nurnberg","urgency":2,"shortest_distance_km":707,"ferry_time":0,"ferry_price":0,"cargo":"cargo.grass_rolls","company_truck":"double/daf_xf_euro6_4x2_a","trailer_variant":"trailer.scs_curt_b2","trailer_definition":"trailer_def.scs.box.bdouble_3_3.curtain","units_count":38,"fill_ratio":1,"trailer_place":0},{"target":"posped.bremen","urgency":1,"shortest_distance_km":317,"ferry_time":0,"ferry_price":0,"cargo":"cargo.copp_rf_gutt","company_truck":"man_6x4_b","trailer_variant":"trailer.scs_dry","trailer_definition":"trailer_def.scs.box.single_3.dryvan","units_count":33,"fill_ratio":1,"trailer_place":0},{"target":"sellplan.magdeburg","urgency":0,"shortest_distance_km":480,"ferry_time":0,"ferry_price":0,"cargo":"cargo.canned_beans","company_truck":"man_6x4_b","trailer_variant":"trailer.scs_curt_b2","trailer_definition":"trailer_def.scs.box.bdouble_3_3.curtain","units_count":35,"fill_ratio":1,"trailer_place":0}],"nbfc.berlin":[{"target":"transinet.hamburg","urgency":1,"shortest_distance_km":286,"ferry_time":0,"ferry_price":0,"cargo":"cargo.emptytank","company_truck":"renault_premium_6x4_a","trailer_variant":"trailer.scs_flat_c_r","trailer_definition":"trailer_def.scs.flatbed.single_3.container","units_count":2,"fill_ratio":1,"trailer_place":0}],"euroacres.cambridge":[{"target":"sellplan.london","urgency":2,"shortest_distance_km":115,"ferry_time":0,"ferry_price":0,"cargo":"cargo.cont_trees","company_truck":"renault_premium_4x2_c","trailer_variant":"trailer.scs_ref","trailer_definition":"trailer_def.scs.box.single_3.reefer","units_count":33,"fill_ratio":1,"trailer_place":0}],"itcc.glasgow":[{"target":"stokes.aberdeen","urgency":1,"shortest_distance_km":237,"ferry_time":0,"ferry_price":0,"cargo":"cargo.iron_pipes","company_truck":"mercedes_6x2_b","trailer_variant":"trailer.scs_log","trailer_definition":"trailer_def.scs.log.single_3.steel","units_count":2,"fill_ratio":1,"trailer_place":0},{"target":"transinet.southampton","urgency":2,"shortest_distance_km":754,"ferry_time":0,"ferry_price":0,"cargo":"cargo.wallpanels","company_truck":"mercedes_actros_2014_4x2_c","trailer_variant":"trailer.panel_trans.wall","trailer_definition":"trailer_def.wallpanels.panel_trans.wall","units_count":93,"fill_ratio":1,"trailer_place":0}],"nbfc.calais":[{"target":"posped.kiel","urgency":0,"shortest_distance_km":976,"ferry_time":0,"ferry_price":0,"cargo":"cargo.fertilizer","company_truck":"scania_s_6x2_450","trailer_variant":"trailer.scs_dry_ms","trailer_definition":"trailer_def.scs.box.single_3.dryvan_m","units_count":33,"fill_ratio":1,"trailer_place":0},{"target":"trameri.lille","urgency":0,"shortest_distance_km":112,"ferry_time":0,"ferry_price":0,"cargo":"cargo.motor_oil_c","company_truck":"daf_6x2_a","trailer_variant":"trailer.scs_flat_c_g","trailer_definition":"trailer_def.scs.flatbed.single_3.container","units_count":33,"fill_ratio":1,"trailer_place":0},{"target":"skoda.prague","urgency":2,"shortest_distance_km":1133,"ferry_time":0,"ferry_price":0,"cargo":"cargo.neon","company_truck":"man_tgx_euro6_6x4_xlx","trailer_variant":"trailer.scs_gosck220","trailer_definition":"trailer_def.scs.gooseneck.singl_3e_220.container","units_count":80,"fill_ratio":1,"trailer_place":0}],"posped.graz":[{"target":"stokes.wien","urgency":1,"shortest_distance_km":185,"ferry_time":0,"ferry_price":0,"cargo":"cargo.watermelons","company_truck":"renault_premium_4x2_c","trailer_variant":"trailer.scs_ins_s","trailer_definition":"trailer_def.scs.box.single_3.insulated","units_count":33,"fill_ratio":1,"trailer_place":0}],"fcp.bremen":[{"target":"posped.koln","urgency":1,"shortest_distance_km":310,"ferry_time":0,"ferry_price":0,"cargo":"cargo.diggers","company_truck":"man_4x2_a","trailer_variant":"trailer.overweight.digger","trailer_definition":"trailer_def.diggers.overweight.digger","units_count":98,"fill_ratio":1,"trailer_place":0}],"fcp.poznan":[{"target":"transinet.mannheim","urgency":1,"shortest_distance_km":796,"ferry_time":0,"ferry_price":0,"cargo":"cargo.diggers","company_truck":"scania_s_4x2_370","trailer_variant":"trailer.overweight.digger","trailer_definition":"trailer_def.diggers.overweight.digger","units_count":98,"fill_ratio":1,"trailer_place":0}],"trameri.swansea":[{"target":"fcp.manchester","urgency":0,"shortest_distance_km":320,"ferry_time":0,"ferry_price":0,"cargo":"cargo.hipresstank","company_truck":"scania_r_4x2_520","trailer_variant":"trailer.scs_flat_c_r","trailer_definition":"trailer_def.scs.flatbed.single_3.container","units_count":2,"fill_ratio":1,"trailer_place":0}],"stokes.aberdeen":[{"target":"eurogoodies.edinburgh","urgency":1,"shortest_distance_km":228,"ferry_time":0,"ferry_price":0,"cargo":"cargo.beverages_c","company_truck":"man_6x4_b","trailer_variant":"trailer.scs_flat_c_r","trailer_definition":"trailer_def.scs.flatbed.single_3.container","units_count":33,"fill_ratio":1,"trailer_place":0}],"transinet.dortmund":[{"target":"posped.koln","urgency":2,"shortest_distance_km":126,"ferry_time":0,"ferry_price":0,"cargo":"cargo.sugar","company_truck":"daf_xf_euro6_6x4_c","trailer_variant":"trailer.scs_dry_a","trailer_definition":"trailer_def.scs.box.single_3.dryvan","units_count":32,"fill_ratio":1,"trailer_place":0},{"target":"eurogoodies.osnabruck","urgency":0,"shortest_distance_km":133,"ferry_time":0,"ferry_price":0,"cargo":"cargo.pnut_butter","company_truck":"daf_xf_euro6_4x2_a","trailer_variant":"trailer.scs_ref_s","trailer_definition":"trailer_def.scs.box.single_3.reefer","units_count":33,"fill_ratio":1,"trailer_place":0}],"eurogoodies.liege":[{"target":"tradeaux.grimsby","urgency":2,"shortest_distance_km":762,"ferry_time":35,"ferry_price":300,"cargo":"cargo.bottle_water","company_truck":"renault_t_4x2","trailer_variant":"trailer.scs_dry","trailer_definition":"trailer_def.scs.box.single_3.dryvan","units_count":29,"fill_ratio":1,"trailer_place":0}],"sellplan.osnabruck":[{"target":"posped.koln","urgency":0,"shortest_distance_km":208,"ferry_time":0,"ferry_price":0,"cargo":"cargo.used_plast","company_truck":"scania_s_4x2_370","trailer_variant":"trailer.scs_curt","trailer_definition":"trailer_def.scs.box.single_3.curtain","units_count":33,"fill_ratio":1,"trailer_place":0},{"target":"posped.koln","urgency":2,"shortest_distance_km":208,"ferry_time":0,"ferry_price":0,"cargo":"cargo.empty_palet","company_truck":"man_tgx_euro6_4x2_xl","trailer_variant":"trailer.scs_dry_m","trailer_definition":"trailer_def.scs.box.single_3.dryvan_m","units_count":32,"fill_ratio":1,"trailer_place":0}],"sellplan.southampton":[{"target":"lkwlog.stuttgart","urgency":2,"shortest_distance_km":961,"ferry_time":35,"ferry_price":300,"cargo":"cargo.empty_palet","company_truck":"daf_xf_euro6_4x2_a","trailer_variant":"trailer.scs_dry_s","trailer_definition":"trailer_def.scs.box.single_3.dryvan","units_count":33,"fill_ratio":1,"trailer_place":0}],"tree_et.manchester":[{"target":"posped.birmingham","urgency":2,"shortest_distance_km":189,"ferry_time":0,"ferry_price":0,"cargo":"cargo.wshavings","company_truck":"iveco_6x2_a","trailer_variant":"trailer.s_ki_solid.cover","trailer_definition":"trailer_def.wshavings.s_ki_solid.cover","units_count":100,"fill_ratio":1,"trailer_place":0}],"quarry.sheffield":[{"target":"posped.birmingham","urgency":0,"shortest_distance_km":141,"ferry_time":0,"ferry_price":0,"cargo":"cargo.digger500","company_truck":"scania_4x2_c","trailer_variant":"trailer.overweight.digger500","trailer_definition":"trailer_def.digger500.overweight.digger500","units_count":100,"fill_ratio":1,"trailer_place":0}],"posped.koln":[{"target":"stokes.liege","urgency":0,"shortest_distance_km":138,"ferry_time":0,"ferry_price":0,"cargo":"cargo.chem_sorbent","company_truck":"daf_6x2_a","trailer_variant":"trailer.scs_curt_a","trailer_definition":"trailer_def.scs.box.single_3.curtain","units_count":33,"fill_ratio":1,"trailer_place":0}],"sellplan.torino":[{"target":"lkwlog.stuttgart","urgency":1,"shortest_distance_km":631,"ferry_time":0,"ferry_price":0,"cargo":"cargo.used_packag","company_truck":"mercedes_4x2_b","trailer_variant":"trailer.scs_curt_a","trailer_definition":"trailer_def.scs.box.single_3.curtain","units_count":33,"fill_ratio":1,"trailer_place":0}],"sellplan.london":[{"target":"lkwlog.dover","urgency":2,"shortest_distance_km":113,"ferry_time":0,"ferry_price":0,"cargo":"cargo.empty_palet","company_truck":"man_6x4_b","trailer_variant":"trailer.scs_curt_a","trailer_definition":"trailer_def.scs.box.single_3.curtain","units_count":33,"fill_ratio":1,"trailer_place":0},{"target":"posped.swansea","urgency":1,"shortest_distance_km":360,"ferry_time":0,"ferry_price":0,"cargo":"cargo.used_packag","company_truck":"man_tgx_euro6_6x4_xlx","trailer_variant":"trailer.scs_dry_m","trailer_definition":"trailer_def.scs.box.single_3.dryvan_m","units_count":33,"fill_ratio":1,"trailer_place":0},{"target":"tradeaux.kassel","urgency":2,"shortest_distance_km":830,"ferry_time":35,"ferry_price":300,"cargo":"cargo.used_plast_c","company_truck":"man_6x4_b","trailer_variant":"trailer.scs_gosck20","trailer_definition":"trailer_def.scs.gooseneck.singl_3e_20.container","units_count":15,"fill_ratio":1,"trailer_place":0}],"bcp.stuttgart":[{"target":"tradeaux.frankfurt","urgency":2,"shortest_distance_km":226,"ferry_time":0,"ferry_price":0,"cargo":"cargo.empty_palet","company_truck":"double/mercedes_actros_2014_4x2_a","trailer_variant":"trailer.scs_dry_b2","trailer_definition":"trailer_def.scs.box.bdouble_3_3.dryvan","units_count":23,"fill_ratio":1,"trailer_place":0}],"sanbuilders.birmingham":[{"target":"lkwlog.manchester","urgency":2,"shortest_distance_km":198,"ferry_time":0,"ferry_price":0,"cargo":"cargo.empty_palet","company_truck":"daf_4x2_b","trailer_variant":"trailer.scs_dry_s","trailer_definition":"trailer_def.scs.box.single_3.dryvan","units_count":33,"fill_ratio":1,"trailer_place":0}],"transinet.salzburg":[{"target":"eurogoodies.innsbruck","urgency":1,"shortest_distance_km":204,"ferry_time":0,"ferry_price":0,"cargo":"cargo.watermelons","company_truck":"scania_r_4x2_520","trailer_variant":"trailer.scs_ref_a","trailer_definition":"trailer_def.scs.box.single_3.reefer","units_count":33,"fill_ratio":1,"trailer_place":0},{"target":"eurogoodies.salzburg","urgency":1,"shortest_distance_km":2,"ferry_time":0,"ferry_price":0,"cargo":"cargo.beverages_c","company_truck":"man_6x4_b","trailer_variant":"trailer.scs_gosck40","trailer_definition":"trailer_def.scs.gooseneck.singl_3e_40.container","units_count":30,"fill_ratio":1,"trailer_place":0}],"trameri.hannover":[{"target":"tradeaux.hannover","urgency":2,"shortest_distance_km":1,"ferry_time":0,"ferry_price":0,"cargo":"cargo.used_plast_c","company_truck":"renault_t_4x2h","trailer_variant":"trailer.scs_flat_c_r","trailer_definition":"trailer_def.scs.flatbed.single_3.container","units_count":33,"fill_ratio":1,"trailer_place":0},{"target":"posped.zurich","urgency":2,"shortest_distance_km":664,"ferry_time":0,"ferry_price":0,"cargo":"cargo.sandwch_pnls","company_truck":"scania_s_4x2_370","trailer_variant":"trailer.scs_curt_a","trailer_definition":"trailer_def.scs.box.single_3.curtain","units_count":33,"fill_ratio":1,"trailer_place":0},{"target":"transinet.hamburg","urgency":1,"shortest_distance_km":173,"ferry_time":0,"ferry_price":0,"cargo":"cargo.roofing_felt","company_truck":"scania_6x4_a","trailer_variant":"trailer.scs_dry","trailer_definition":"trailer_def.scs.box.single_3.dryvan","units_count":33,"fill_ratio":1,"trailer_place":0}],"bcp.verona":[{"target":"tradeaux.kassel","urgency":1,"shortest_distance_km":966,"ferry_time":0,"ferry_price":0,"cargo":"cargo.used_packag","company_truck":"iveco_4x2_b","trailer_variant":"trailer.scs_curt_s","trailer_definition":"trailer_def.scs.box.single_3.curtain","units_count":33,"fill_ratio":1,"trailer_place":0}],"tree_et.southampton":[{"target":"tradeaux.felixstowe","urgency":2,"shortest_distance_km":323,"ferry_time":0,"ferry_price":0,"cargo":"cargo.excavator","company_truck":"daf_4x2_b","trailer_variant":"trailer.overweight.excavator","trailer_definition":"trailer_def.excavator.overweight.excavator","units_count":94,"fill_ratio":1,"trailer_place":0},{"target":"stokes.zurich","urgency":0,"shortest_distance_km":979,"ferry_time":35,"ferry_price":300,"cargo":"cargo.sawpanels","company_truck":"renault_t_4x2","trailer_variant":"trailer.scs_curt_a","trailer_definition":"trailer_def.scs.box.single_3.curtain","units_count":33,"fill_ratio":1,"trailer_place":0},{"target":"stokes.cardiff","urgency":0,"shortest_distance_km":231,"ferry_time":0,"ferry_price":0,"cargo":"cargo.digger500","company_truck":"man_6x4_b","trailer_variant":"trailer.overweight.digger500","trailer_definition":"trailer_def.digger500.overweight.digger500","units_count":100,"fill_ratio":1,"trailer_place":0},{"target":"tradeaux.lille","urgency":2,"shortest_distance_km":304,"ferry_time":35,"ferry_price":300,"cargo":"cargo.wshavings","company_truck":"daf_xf_euro6_4x2_c","trailer_variant":"trailer.s_ki_solid.cover","trailer_definition":"trailer_def.wshavings.s_ki_solid.cover","units_count":100,"fill_ratio":1,"trailer_place":0},{"target":"stokes.calais","urgency":2,"shortest_distance_km":255,"ferry_time":35,"ferry_price":300,"cargo":"cargo.forklifts","company_truck":"scania_streamline_4x2_c","trailer_variant":"trailer.overweight.forklifts","trailer_definition":"trailer_def.forklifts.overweight.forklifts","units_count":100,"fill_ratio":1,"trailer_place":0}],"sanbuilders.lyon":[{"target":"stokes.dijon","urgency":1,"shortest_distance_km":201,"ferry_time":0,"ferry_price":0,"cargo":"cargo.diggers","company_truck":"mercedes_4x2_a","trailer_variant":"trailer.overweight.digger","trailer_definition":"trailer_def.diggers.overweight.digger","units_count":100,"fill_ratio":1,"trailer_place":0}],"kaarfor.cambridge":[{"target":"lkwlog.felixstowe","urgency":2,"shortest_distance_km":159,"ferry_time":0,"ferry_price":0,"cargo":"cargo.used_plast_c","company_truck":"scania_s_4x2_580","trailer_variant":"trailer.scs_gosck20","trailer_definition":"trailer_def.scs.gooseneck.singl_3e_20.container","units_count":15,"fill_ratio":1,"trailer_place":0},{"target":"lkwlog.luxembourg","urgency":2,"shortest_distance_km":609,"ferry_time":35,"ferry_price":300,"cargo":"cargo.empty_palet","company_truck":"scania_r_6x2_450","trailer_variant":"trailer.scs_curt_a","trailer_definition":"trailer_def.scs.box.single_3.curtain","units_count":33,"fill_ratio":1,"trailer_place":0},{"target":"stokes.calais","urgency":1,"shortest_distance_km":199,"ferry_time":91,"ferry_price":384,"cargo":"cargo.used_packag","company_truck":"scania_r_4x2_520","trailer_variant":"trailer.scs_curt_s","trailer_definition":"trailer_def.scs.box.single_3.curtain","units_count":33,"fill_ratio":1,"trailer_place":0}],"trameri.innsbruck":[{"target":"kaarfor.munchen","urgency":1,"shortest_distance_km":196,"ferry_time":0,"ferry_price":0,"cargo":"cargo.electronics","company_truck":"man_6x4_b","trailer_variant":"trailer.scs_curt_a","trailer_definition":"trailer_def.scs.box.single_3.curtain","units_count":33,"fill_ratio":1,"trailer_place":0},{"target":"transinet.dortmund","urgency":2,"shortest_distance_km":779,"ferry_time":0,"ferry_price":0,"cargo":"cargo.used_plast_c","company_truck":"man_6x4_b","trailer_variant":"trailer.scs_gosck220","trailer_definition":"trailer_def.scs.gooseneck.singl_3e_220.container","units_count":30,"fill_ratio":1,"trailer_place":0}],"posped.london":[{"target":"eurogoodies.grimsby","urgency":0,"shortest_distance_km":309,"ferry_time":0,"ferry_price":0,"cargo":"cargo.rice","company_truck":"mercedes_actros_2014_4x2_b","trailer_variant":"trailer.scs_curt_s","trailer_definition":"trailer_def.scs.box.single_3.curtain","units_count":33,"fill_ratio":1,"trailer_place":0},{"target":"sanbuilders.london","urgency":0,"shortest_distance_km":2,"ferry_time":0,"ferry_price":0,"cargo":"cargo.hipresstank","company_truck":"daf_xf_euro6_6x4_c","trailer_variant":"trailer.scs_flat_c_r","trailer_definition":"trailer_def.scs.flatbed.single_3.container","units_count":2,"fill_ratio":1,"trailer_place":0},{"target":"eurogoodies.grimsby","urgency":0,"shortest_distance_km":309,"ferry_time":0,"ferry_price":0,"cargo":"cargo.grapes","company_truck":"mercedes_4x2","trailer_variant":"trailer.scs_ref_a","trailer_definition":"trailer_def.scs.box.single_3.reefer","units_count":33,"fill_ratio":1,"trailer_place":0}],"wgcc.rotterdam":[{"target":"lkwlog.manchester","urgency":1,"shortest_distance_km":223,"ferry_time":660,"ferry_price":995,"cargo":"cargo.emptytank","company_truck":"man_tgx_euro6_6x4_xlx","trailer_variant":"trailer.scs_flat_b","trailer_definition":"trailer_def.scs.flatbed.single_3.flatbed_w","units_count":2,"fill_ratio":1,"trailer_place":0}],"euroacres.salzburg":[{"target":"kaarfor.dortmund","urgency":0,"shortest_distance_km":799,"ferry_time":0,"ferry_price":0,"cargo":"cargo.honey","company_truck":"man_6x4_b","trailer_variant":"trailer.scs_dry_ms","trailer_definition":"trailer_def.scs.box.single_3.dryvan_m","units_count":33,"fill_ratio":1,"trailer_place":0}],"kaarfor.reims":[{"target":"lkwlog.stuttgart","urgency":0,"shortest_distance_km":516,"ferry_time":0,"ferry_price":0,"cargo":"cargo.used_plast","company_truck":"daf_xf_euro6_4x2_b","trailer_variant":"trailer.scs_dry_ms","trailer_definition":"trailer_def.scs.box.single_3.dryvan_m","units_count":33,"fill_ratio":1,"trailer_place":0},{"target":"lkwlog.venezia","urgency":2,"shortest_distance_km":1047,"ferry_time":0,"ferry_price":0,"cargo":"cargo.used_plast_c","company_truck":"iveco_4x2_a","trailer_variant":"trailer.scs_flat_c_g","trailer_definition":"trailer_def.scs.flatbed.single_3.container","units_count":33,"fill_ratio":1,"trailer_place":0}],"quarry.dortmund":[{"target":"transinet.dortmund","urgency":0,"shortest_distance_km":69,"ferry_time":0,"ferry_price":0,"cargo":"cargo.ore","company_truck":"renault_premium_4x2_c","trailer_variant":"trailer.s_ki_solid.ore","trailer_definition":"trailer_def.ore.s_ki_solid.ore","units_count":100,"fill_ratio":1,"trailer_place":0},{"target":"posped.birmingham","urgency":0,"shortest_distance_km":985,"ferry_time":35,"ferry_price":300,"cargo":"cargo.gravel","company_truck":"daf_xf_euro6_4x2_c","trailer_variant":"trailer.s_ki_solid.gravel","trailer_definition":"trailer_def.gravel.s_ki_solid.gravel","units_count":100,"fill_ratio":1,"trailer_place":0}],"bcp.bratislava":[{"target":"tradeaux.klagenfurt","urgency":2,"shortest_distance_km":304,"ferry_time":0,"ferry_price":0,"cargo":"cargo.used_battery","company_truck":"iveco_4x2_c","trailer_variant":"trailer.scs_dry","trailer_definition":"trailer_def.scs.box.single_3.dryvan","units_count":33,"fill_ratio":1,"trailer_place":0}]}