{"sellplan.wien":[{"target":"tradeaux.budapest","urgency":1,"shortest_distance_km":305,"ferry_time":0,"ferry_price":0,"cargo":"cargo.used_packag","company_truck":"daf_4x2_a","trailer_variant":"trailer.scs_curt_a","trailer_definition":"trailer_def.scs.box.single_3.curtain","units_count":33,"fill_ratio":1,"trailer_place":0},{"target":"transinet.bialystok","urgency":2,"shortest_distance_km":771,"ferry_time":0,"ferry_price":0,"cargo":"cargo.empty_palet","company_truck":"scania_6x4_a","trailer_variant":"trailer.scs_curt_s","trailer_definition":"trailer_def.scs.box.single_3.curtain","units_count":33,"fill_ratio":1,"trailer_place":0}],"nbfc.ostrava":[{"target":"trameri.szeged","urgency":1,"shortest_distance_km":588,"ferry_time":0,"ferry_price":0,"cargo":"cargo.acetylene","company_truck":"mercedes_actros_2014_4x2_b","trailer_variant":"trailer.scs_gosck20","trailer_definition":"trailer_def.scs.gooseneck.singl_3e_20.container","units_count":40,"fill_ratio":1,"trailer_place":0},{"target":"sanbuilders.debrecen","urgency":0,"shortest_distance_km":608,"ferry_time":0,"ferry_price":0,"cargo":"cargo.chemicals","company_truck":"daf_xf_euro6_6x2_a","trailer_variant":"trailer.chcistern","trailer_definition":"trailer_def.chemicals.chcistern","units_count":100,"fill_ratio":1,"trailer_place":0}],"kaarfor.lublin":[{"target":"posped.lodz","urgency":2,"shortest_distance_km":240,"ferry_time":0,"ferry_price":0,"cargo":"cargo.empty_palet","company_truck":"man_4x2_a","trailer_variant":"trailer.scs_dry_ms","trailer_definition":"trailer_def.scs.box.single_3.dryvan_m","units_count":32,"fill_ratio":1,"trailer_place":0},{"target":"stokes.katowice","urgency":2,"shortest_distance_km":309,"ferry_time":0,"ferry_price":0,"cargo":"cargo.used_plast_c","company_truck":"man_6x4_b","trailer_variant":"trailer.scs_flat_c_r","trailer_definition":"trailer_def.scs.flatbed.single_3.container","units_count":33,"fill_ratio":1,"trailer_place":0},{"target":"posped.lublin","urgency":0,"shortest_distance_km":1,"ferry_time":0,"ferry_price":0,"cargo":"cargo.used_plast","company_truck":"mercedes_actros_2014_6x4_b","trailer_variant":"trailer.scs_dry_a","trailer_definition":"trailer_def.scs.box.single_3.dryvan","units_count":33,"fill_ratio":1,"trailer_place":0}],"wgcc.bratislava":[{"target":"itcc.kosice","urgency":0,"shortest_distance_km":362,"ferry_time":0,"ferry_price":0,"cargo":"cargo.vent_tube","company_truck":"man_6x4_b","trailer_variant":"trailer.scs_flat_c_r","trailer_definition":"trailer_def.scs.flatbed.single_3.container","units_count":2,"fill_ratio":1,"trailer_place":0}],"itcc.luxembourg":[{"target":"lkwlog.kosice","urgency":1,"shortest_distance_km":1434,"ferry_time":0,"ferry_price":0,"cargo":"cargo.floorpanels","company_truck":"man_tgx_euro6_4x2_xxl","trailer_variant":"trailer.panel_trans.floor","trailer_definition":"trailer_def.floorpanels.panel_trans.floor","units_count":82,"fill_ratio":1,"trailer_place":0}],"wgcc.gdansk":[{"target":"euroacres.gdansk","urgency":0,"shortest_distance_km":41,"ferry_time":0,"ferry_price":0,"cargo":"cargo.fertilizer","company_truck":"scania_s_4x2_370","trailer_variant":"trailer.scs_dry","trailer_definition":"trailer_def.scs.box.single_3.dryvan","units_count":33,"fill_ratio":1,"trailer_place":0}],"kaarfor.budapest":[{"target":"tradeaux.olsztyn","urgency":0,"shortest_distance_km":832,"ferry_time":0,"ferry_price":0,"cargo":"cargo.used_plast","company_truck":"scania_r_6x2_450","trailer_variant":"trailer.scs_curt","trailer_definition":"trailer_def.scs.box.single_3.curtain","units_count":33,"fill_ratio":1,"trailer_place":0}],"fcp.brussel":[{"target":"lkwlog.szeged","urgency":2,"shortest_distance_km":1597,"ferry_time":0,"ferry_price":0,"cargo":"cargo.mondeos","company_truck":"scania_s_6x4_730","trailer_variant":"trailer.car_trans","trailer_definition":"trailer_def.mondeos.car_trans","units_count":100,"fill_ratio":1,"trailer_place":0}],"tree_et.bialystok":[{"target":"lkwlog.lublin","urgency":1,"shortest_distance_km":229,"ferry_time":0,"ferry_price":0,"cargo":"cargo.diggers","company_truck":"daf_xf_euro6_4x2_c","trailer_variant":"trailer.overweight.digger","trailer_definition":"trailer_def.diggers.overweight.digger","units_count":98,"fill_ratio":1,"trailer_place":0}],"itcc.kosice":[{"target":"sanbuilders.debrecen","urgency":2,"shortest_distance_km":184,"ferry_time":0,"ferry_price":0,"cargo":"cargo.largetubes","company_truck":"mercedes_actros_2014_4x2_a","trailer_variant":"trailer.scs_flat_r","trailer_definition":"trailer_def.scs.flatbed.single_3.flatbed_w","units_count":2,"fill_ratio":1,"trailer_place":0},{"target":"sanbuilders.krakow","urgency":2,"shortest_distance_km":323,"ferry_time":0,"ferry_price":0,"cargo":"cargo.excavator","company_truck":"renault_premium_4x2_a","trailer_variant":"trailer.overweight.excavator","trailer_definition":"trailer_def.excavator.overweight.excavator","units_count":94,"fill_ratio":1,"trailer_place":0}],"tradeaux.olsztyn":[{"target":"lkwlog.gdansk","urgency":0,"shortest_distance_km":165,"ferry_time":0,"ferry_price":0,"cargo":"cargo.princess","company_truck":"mercedes_actros_2014_6x2_a","trailer_variant":"trailer.overweight.boat","trailer_definition":"trailer_def.princess.overweight.boat","units_count":100,"fill_ratio":1,"trailer_place":0}],"lkwlog.kosice":[{"target":"tradeaux.krakow","urgency":1,"shortest_distance_km":355,"ferry_time":0,"ferry_price":0,"cargo":"cargo.iron_pipes","company_truck":"mercedes_actros_2014_6x2_a","trailer_variant":"trailer.scs_log","trailer_definition":"trailer_def.scs.log.single_3.steel","units_count":2,"fill_ratio":1,"trailer_place":0}],"euroacres.bialystok":[{"target":"stokes.katowice","urgency":1,"shortest_distance_km":409,"ferry_time":0,"ferry_price":0,"cargo":"cargo.watermelons","company_truck":"mercedes_actros_2014_6x2_a","trailer_variant":"trailer.scs_ins_a","trailer_definition":"trailer_def.scs.box.single_3.insulated","units_count":33,"fill_ratio":1,"trailer_place":0}],"stokes.bystrica":[{"target":"posped.katowice","urgency":0,"shortest_distance_km":266,"ferry_time":0,"ferry_price":0,"cargo":"cargo.maple_syrup","company_truck":"renault_premium_6x2_a","trailer_variant":"trailer.scs_dry_s","trailer_definition":"trailer_def.scs.box.single_3.dryvan","units_count":33,"fill_ratio":1,"trailer_place":0},{"target":"lkwlog.lodz","urgency":2,"shortest_distance_km":410,"ferry_time":0,"ferry_price":0,"cargo":"cargo.vinegar","company_truck":"daf_6x2_a","trailer_variant":"trailer.scs_curt","trailer_definition":"trailer_def.scs.box.single_3.curtain","units_count":33,"fill_ratio":1,"trailer_place":0}],"kaarfor.verona":[{"target":"tradeaux.budapest","urgency":2,"shortest_distance_km":849,"ferry_time":0,"ferry_price":0,"cargo":"cargo.empty_palet","company_truck":"mercedes_actros_2014_4x2_a","trailer_variant":"trailer.scs_curt_s","trailer_definition":"trailer_def.scs.box.single_3.curtain","units_count":33,"fill_ratio":1,"trailer_place":0}],"tradeaux.frankfurt":[{"target":"posped.warszawa","urgency":0,"shortest_distance_km":1005,"ferry_time":0,"ferry_price":0,"cargo":"cargo.cement","company_truck":"man_4x2_c","trailer_variant":"trailer.cement","trailer_definition":"trailer_def.cement.cement","units_count":100,"fill_ratio":1,"trailer_place":0}],"kaarfor.ostrava":[{"target":"tradeaux.pecs","urgency":1,"shortest_distance_km":671,"ferry_time":0,"ferry_price":0,"cargo":"cargo.used_packag","company_truck":"renault_magnum_6x2_a","trailer_variant":"trailer.scs_dry_ms","trailer_definition":"trailer_def.scs.box.single_3.dryvan_m","units_count":33,"fill_ratio":1,"trailer_place":0},{"target":"stokes.bystrica","urgency":2,"shortest_distance_km":279,"ferry_time":0,"ferry_price":0,"cargo":"cargo.empty_palet","company_truck":"daf_4x2_b","trailer_variant":"trailer.scs_dry_m","trailer_definition":"trailer_def.scs.box.single_3.dryvan_m","units_count":32,"fill_ratio":1,"trailer_place":0},{"target":"lkwlog.lodz","urgency":0,"shortest_distance_km":251,"ferry_time":0,"ferry_price":0,"cargo":"cargo.used_plast","company_truck":"mercedes_4x2_c","trailer_variant":"trailer.scs_curt","trailer_definition":"trailer_def.scs.box.single_3.curtain","units_count":33,"fill_ratio":1,"trailer_place":0}],"quarry.wroclaw":[{"target":"transinet.ostrava","urgency":1,"shortest_distance_km":255,"ferry_time":0,"ferry_price":0,"cargo":"cargo.sand","company_truck":"scania_4x2_b","trailer_variant":"trailer.s_ki_solid.sand","trailer_definition":"trailer_def.sand.s_ki_solid.sand","units_count":100,"fill_ratio":1,"trailer_place":0}],"trameri.brno":[{"target":"posped.bystrica","urgency":2,"shortest_distance_km":324,"ferry_time":0,"ferry_price":0,"cargo":"cargo.used_plast_c","company_truck":"scania_streamline_4x2_c","trailer_variant":"trailer.scs_gosck40","trailer_definition":"trailer_def.scs.gooseneck.singl_3e_40.container","units_count":30,"fill_ratio":1,"trailer_place":0},{"target":"sanbuilders.krakow","urgency":2,"shortest_distance_km":311,"ferry_time":0,"ferry_price":0,"cargo":"cargo.rooflights","company_truck":"renault_premium_6x2_a","trailer_variant":"trailer.scs_dry_s","trailer_definition":"trailer_def.scs.box.single_3.dryvan","units_count":33,"fill_ratio":1,"trailer_place":0}],"tree_et.bystrica":[{"target":"lkwlog.szeged","urgency":0,"shortest_distance_km":354,"ferry_time":0,"ferry_price":0,"cargo":"cargo.logs","company_truck":"renault_t_4x2h","trailer_variant":"trailer.scs_log","trailer_definition":"trailer_def.scs.log.single_3.steel","units_count":2,"fill_ratio":1,"trailer_place":0}],"nbfc.budapest":[{"target":"sanbuilders.debrecen","urgency":1,"shortest_distance_km":200,"ferry_time":0,"ferry_price":0,"cargo":"cargo.acetylene","company_truck":"scania_4x2_c","trailer_variant":"trailer.scs_gosck20","trailer_definition":"trailer_def.scs.gooseneck.singl_3e_20.container","units_count":40,"fill_ratio":1,"trailer_place":0}],"sellplan.lodz":[{"target":"lkwlog.lodz","urgency":1,"shortest_distance_km":2,"ferry_time":0,"ferry_price":0,"cargo":"cargo.used_packag","company_truck":"mercedes_4x2","trailer_variant":"trailer.scs_dry_s","trailer_definition":"trailer_def.scs.box.single_3.dryvan","units_count":33,"fill_ratio":1,"trailer_place":0}],"lkwlog.lodz":[{"target":"posped.lodz","urgency":0,"shortest_distance_km":1,"ferry_time":0,"ferry_price":0,"cargo":"cargo.clothes","company_truck":"iveco_4x2_c","trailer_variant":"trailer.scs_dry_s","trailer_definition":"trailer_def.scs.box.single_3.dryvan","units_count":33,"fill_ratio":1,"trailer_place":0}],"trameri.dresden":[{"target":"posped.katowice","urgency":2,"shortest_distance_km":415,"ferry_time":0,"ferry_price":0,"cargo":"cargo.used_plast_c","company_truck":"scania_s_6x4_730","trailer_variant":"trailer.scs_gosck40","trailer_definition":"trailer_def.scs.gooseneck.singl_3e_40.container","units_count":30,"fill_ratio":1,"trailer_place":0}],"euroacres.pecs":[{"target":"tradeaux.budapest","urgency":0,"shortest_distance_km":272,"ferry_time":0,"ferry_price":0,"cargo":"cargo.potatoes","company_truck":"scania_streamline_6x4_a","trailer_variant":"trailer.scs_dry_s","trailer_definition":"trailer_def.scs.box.single_3.dryvan","units_count":33,"fill_ratio":1,"trailer_place":0}],"stokes.katowice":[{"target":"lkwlog.lodz","urgency":2,"shortest_distance_km":153,"ferry_time":0,"ferry_price":0,"cargo":"cargo.wshavings","company_truck":"renault_magnum_6x4_a","trailer_variant":"trailer.s_ki_solid.cover","trailer_definition":"trailer_def.wshavings.s_ki_solid.cover","units_count":100,"fill_ratio":1,"trailer_place":0}],"sellplan.prague":[{"target":"posped.szeged","urgency":1,"shortest_distance_km":668,"ferry_time":0,"ferry_price":0,"cargo":"cargo.used_packag","company_truck":"scania_streamline_4x2_b","trailer_variant":"trailer.scs_dry_s","trailer_definition":"trailer_def.scs.box.single_3.dryvan","units_count":33,"fill_ratio":1,"trailer_place":0},{"target":"posped.katowice","urgency":0,"shortest_distance_km":344,"ferry_time":0,"ferry_price":0,"cargo":"cargo.used_plast","company_truck":"renault_magnum_6x4_a","trailer_variant":"trailer.scs_dry_s","trailer_definition":"trailer_def.scs.box.single_3.dryvan","units_count":33,"fill_ratio":1,"trailer_place":0}],"transinet.bialystok":[{"target":"sellplan.olsztyn","urgency":1,"shortest_distance_km":249,"ferry_time":0,"ferry_price":0,"cargo":"cargo.almond","company_truck":"mercedes_4x2","trailer_variant":"trailer.scs_curt","trailer_definition":"trailer_def.scs.box.single_3.curtain","units_count":33,"fill_ratio":1,"trailer_place":0}],"itcc.ostrava":[{"target":"lkwlog.kosice","urgency":0,"shortest_distance_km":429,"ferry_time":0,"ferry_price":0,"cargo":"cargo.outdr_flr_tl","company_truck":"renault_magnum_6x2_a","trailer_variant":"trailer.scs_brick_r","trailer_definition":"trailer_def.scs.flatbed.single_3.brick","units_count":33,"fill_ratio":1,"trailer_place":0}],"lkwlog.lublin":[{"target":"transinet.bialystok","urgency":2,"shortest_distance_km":229,"ferry_time":0,"ferry_price":0,"cargo":"cargo.digger1000","company_truck":"mercedes_4x2_a","trailer_variant":"trailer.overweight.digger1000","trailer_definition":"trailer_def.digger1000.overweight.digger1000","units_count":100,"fill_ratio":1,"trailer_place":0}],"trameri.krakow":[{"target":"tradeaux.krakow","urgency":1,"shortest_distance_km":1,"ferry_time":0,"ferry_price":0,"cargo":"cargo.roofing_felt","company_truck":"daf_4x2_a","trailer_variant":"trailer.scs_dry_m","trailer_definition":"trailer_def.scs.box.single_3.dryvan_m","units_count":33,"fill_ratio":1,"trailer_place":0}],"eurogoodies.lublin":[{"target":"transinet.bialystok","urgency":0,"shortest_distance_km":230,"ferry_time":0,"ferry_price":0,"cargo":"cargo.cauliflower","company_truck":"mercedes_4x2_b","trailer_variant":"trailer.scs_dry","trailer_definition":"trailer_def.scs.box.single_3.dryvan","units_count":33,"fill_ratio":1,"trailer_place":0},{"target":"lkwlog.lublin","urgency":0,"shortest_distance_km":1,"ferry_time":0,"ferry_price":0,"cargo":"cargo.goat_cheese","company_truck":"man_4x2_c","trailer_variant":"trailer.scs_ref","trailer_definition":"trailer_def.scs.box.single_3.reefer","units_count":33,"fill_ratio":1,"trailer_place":0}],"sellplan.kosice":[{"target":"tradeaux.budapest","urgency":2,"shortest_distance_km":219,"ferry_time":0,"ferry_price":0,"cargo":"cargo.used_plast_c","company_truck":"mercedes_6x2_b","trailer_variant":"trailer.scs_gosck220","trailer_definition":"trailer_def.scs.gooseneck.singl_3e_220.container","units_count":30,"fill_ratio":1,"trailer_place":0}],"euroacres.krakow":[{"target":"posped.bystrica","urgency":0,"shortest_distance_km":224,"ferry_time":0,"ferry_price":0,"cargo":"cargo.grapes","company_truck":"renault_premium_4x2_a","trailer_variant":"trailer.scs_ins","trailer_definition":"trailer_def.scs.box.single_3.insulated","units_count":33,"fill_ratio":1,"trailer_place":0}],"tradeaux.geneve":[{"target":"lkwlog.lublin","urgency":1,"shortest_distance_km":1465,"ferry_time":0,"ferry_price":0,"cargo":"cargo.beverages","company_truck":"man_6x4_b","trailer_variant":"trailer.scs_ref_a","trailer_definition":"trailer_def.scs.box.single_3.reefer","units_count":30,"fill_ratio":1,"trailer_place":0}],"fcp.graz":[{"target":"tradeaux.pecs","urgency":2,"shortest_distance_km":315,"ferry_time":0,"ferry_price":0,"cargo":"cargo.forklifts","company_truck":"scania_streamline_6x2_b","trailer_variant":"trailer.overweight.forklifts","trailer_definition":"trailer_def.forklifts.overweight.forklifts","units_count":100,"fill_ratio":1,"trailer_place":0}],"trameri.warszawa":[{"target":"lkwlog.gdansk","urgency":1,"shortest_distance_km":308,"ferry_time":0,"ferry_price":0,"cargo":"cargo.electronics","company_truck":"iveco_4x2_c","trailer_variant":"trailer.scs_dry_ms","trailer_definition":"trailer_def.scs.box.single_3.dryvan_m","units_count":33,"fill_ratio":1,"trailer_place":0},{"target":"posped.katowice","urgency":1,"shortest_distance_km":248,"ferry_time":0,"ferry_price":0,"cargo":"cargo.roofing_felt","company_truck":"scania_6x4_a","trailer_variant":"trailer.scs_curt_a","trailer_definition":"trailer_def.scs.box.single_3.curtain","units_count":33,"fill_ratio":1,"trailer_place":0}],"tradeaux.budapest":[{"target":"trameri.szeged","urgency":1,"shortest_distance_km":139,"ferry_time":0,"ferry_price":0,"cargo":"cargo.electronics","company_truck":"mercedes_6x2_b","trailer_variant":"trailer.scs_dry_m","trailer_definition":"trailer_def.scs.box.single_3.dryvan_m","units_count":33,"fill_ratio":1,"trailer_place":0},{"target":"lkwlog.szeged","urgency":1,"shortest_distance_km":138,"ferry_time":0,"ferry_price":0,"cargo":"cargo.paper","company_truck":"man_6x4_b","trailer_variant":"trailer.scs_dry_ms","trailer_definition":"trailer_def.scs.box.single_3.dryvan_m","units_count":33,"fill_ratio":1,"trailer_place":0}],"stokes.warszawa":[{"target":"lkwlog.lublin","urgency":0,"shortest_distance_km":134,"ferry_time":0,"ferry_price":0,"cargo":"cargo.med_equip","company_truck":"iveco_4x2_c","trailer_variant":"trailer.scs_ref_s","trailer_definition":"trailer_def.scs.box.single_3.reefer","units_count":33,"fill_ratio":1,"trailer_place":0},{"target":"lkwlog.gdansk","urgency":0,"shortest_distance_km":306,"ferry_time":0,"ferry_price":0,"cargo":"cargo.clothes","company_truck":"man_tgx_euro6_6x4_xlx","trailer_variant":"trailer.scs_curt_s","trailer_definition":"trailer_def.scs.box.single_3.curtain","units_count":33,"fill_ratio":1,"trailer_place":0}],"tree_et.poznan":[{"target":"lkwlog.lublin","urgency":1,"shortest_distance_km":392,"ferry_time":0,"ferry_price":0,"cargo":"cargo.diggers","company_truck":"daf_4x2_a","trailer_variant":"trailer.overweight.digger","trailer_definition":"trailer_def.diggers.overweight.digger","units_count":98,"fill_ratio":1,"trailer_place":0}],"tradeaux.krakow":[{"target":"posped.lodz","urgency":0,"shortest_distance_km":214,"ferry_time":0,"ferry_price":0,"cargo":"cargo.logs","company_truck":"daf_xf_euro6_6x4_c","trailer_variant":"trailer.scs_log","trailer_definition":"trailer_def.scs.log.single_3.steel","units_count":2,"fill_ratio":1,"trailer_place":0}],"bcp.pecs":[{"target":"euroacres.pecs","urgency":2,"shortest_distance_km":16,"ferry_time":0,"ferry_price":0,"cargo":"cargo.forklifts","company_truck":"mercedes_actros_2014_6x4_b","trailer_variant":"trailer.overweight.forklifts","trailer_definition":"trailer_def.forklifts.overweight.forklifts","units_count":100,"fill_ratio":1,"trailer_place":0}],"transinet.ostrava":[{"target":"lkwlog.szeged","urgency":2,"shortest_distance_km":585,"ferry_time":0,"ferry_price":0,"cargo":"cargo.flour","company_truck":"renault_magnum_4x2_a","trailer_variant":"trailer.scs_dry_ms","trailer_definition":"trailer_def.scs.box.single_3.dryvan_m","units_count":33,"fill_ratio":1,"trailer_place":0}],"eurogoodies.bremen":[{"target":"stokes.katowice","urgency":1,"shortest_distance_km":855,"ferry_time":0,"ferry_price":0,"cargo":"cargo.almond","company_truck":"man_6x4_b","trailer_variant":"trailer.scs_dry","trailer_definition":"trailer_def.scs.box.single_3.dryvan","units_count":33,"fill_ratio":1,"trailer_place":0}],"wgcc.rotterdam":[{"target":"tradeaux.budapest","urgency":0,"shortest_distance_km":1545,"ferry_time":0,"ferry_price":0,"cargo":"cargo.hipresstank","company_truck":"mercedes_4x2_a","trailer_variant":"trailer.scs_flat_c_g","trailer_definition":"trailer_def.scs.flatbed.single_3.container","units_count":2,"fill_ratio":1,"trailer_place":0},{"target":"tree_et.bialystok","urgency":0,"shortest_distance_km":1283,"ferry_time":0,"ferry_price":0,"cargo":"cargo.chemicals","company_truck":"renault_premium_4x2_c","trailer_variant":"trailer.chcistern","trailer_definition":"trailer_def.chemicals.chcistern","units_count":100,"fill_ratio":1,"trailer_place":0}],"eurogoodies.wroclaw":[{"target":"tradeaux.krakow","urgency":2,"shortest_distance_km":215,"ferry_time":0,"ferry_price":0,"cargo":"cargo.bottle_water","company_truck":"renault_premium_4x2_a","trailer_variant":"trailer.scs_curt_a","trailer_definition":"trailer_def.scs.box.single_3.curtain","units_count":31,"fill_ratio":1,"trailer_place":0},{"target":"stokes.bystrica","urgency":2,"shortest_distance_km":401,"ferry_time":0,"ferry_price":0,"cargo":"cargo.oranges","company_truck":"man_tgx_euro6_4x2_xl","trailer_variant":"trailer.scs_ref","trailer_definition":"trailer_def.scs.box.single_3.reefer","units_count":33,"fill_ratio":1,"trailer_place":0}],"lisette_log.paris":[{"target":"posped.warszawa","urgency":2,"shortest_distance_km":1479,"ferry_time":0,"ferry_price":0,"cargo":"cargo.used_plast_c","company_truck":"scania_streamline_4x2_c","trailer_variant":"trailer.scs_flat_c_r","trailer_definition":"trailer_def.scs.flatbed.single_3.container","units_count":33,"fill_ratio":1,"trailer_place":1}],"transinet.debrecen":[{"target":"eurogoodies.debrecen","urgency":2,"shortest_distance_km":1,"ferry_time":0,"ferry_price":0,"cargo":"cargo.beans","company_truck":"mercedes_actros_2014_4x2_b","trailer_variant":"trailer.scs_dry_a","trailer_definition":"trailer_def.scs.box.single_3.dryvan","units_count":33,"fill_ratio":1,"trailer_place":0},{"target":"posped.bystrica","urgency":0,"shortest_distance_km":348,"ferry_time":0,"ferry_price":0,"cargo":"cargo.chewing_gums","company_truck":"scania_4x2_c","trailer_variant":"trailer.scs_curt_s","trailer_definition":"trailer_def.scs.box.single_3.curtain","units_count":33,"fill_ratio":1,"trailer_place":0}],"sanbuilders.debrecen":[{"target":"nbfc.budapest","urgency":2,"shortest_distance_km":194,"ferry_time":0,"ferry_price":0,"cargo":"cargo.forklifts","company_truck":"daf_4x2_a","trailer_variant":"trailer.overweight.forklifts","trailer_definition":"trailer_def.forklifts.overweight.forklifts","units_count":100,"fill_ratio":1,"trailer_place":0}],"posped.szeged":[{"target":"lkwlog.lublin","urgency":0,"shortest_distance_km":654,"ferry_time":0,"ferry_price":0,"cargo":"cargo.apples_c","company_truck":"scania_6x2_b","trailer_variant":"trailer.scs_flat_c_r","trailer_definition":"trailer_def.scs.flatbed.single_3.container","units_count":33,"fill_ratio":1,"trailer_place":0},{"target":"kaarfor.budapest","urgency":0,"shortest_distance_km":132,"ferry_time":0,"ferry_price":0,"cargo":"cargo.rice","company_truck":"scania_r_4x2_370","trailer_variant":"trailer.scs_dry_s","trailer_definition":"trailer_def.scs.box.single_3.dryvan","units_count":33,"fill_ratio":1,"trailer_place":0}],"trameri.szeged":[{"target":"lkwlog.szeged","urgency":1,"shortest_distance_km":1,"ferry_time":0,"ferry_price":0,"cargo":"cargo.overweight","company_truck":"daf_xf_euro6_6x2_a","trailer_variant":"trailer.scs_flat_r","trailer_definition":"trailer_def.scs.flatbed.single_3.flatbed_w","units_count":1,"fill_ratio":1,"trailer_place":0}]}