{"tesore_gust.milano":[{"target":"lisette_log.ajaccio","urgency":1,"shortest_distance_km":738,"ferry_time":840,"ferry_price":1193,"cargo":"cargo.soy_milk","company_truck":"man_6x4_b","trailer_variant":"trailer.scs_dry","trailer_definition":"trailer_def.scs.box.single_3.dryvan","units_count":33,"fill_ratio":1,"trailer_place":0}],"fle.paris":[{"target":"tradeaux.lille","urgency":0,"shortest_distance_km":214,"ferry_time":0,"ferry_price":0,"cargo":"cargo.comp_process","company_truck":"daf_xf_euro6_4x2_c","trailer_variant":"trailer.scs_dry_s","trailer_definition":"trailer_def.scs.box.single_3.dryvan","units_count":33,"fill_ratio":1,"trailer_place":0}],"marina_fr.bonifacio":[{"target":"tradeaux.nice","urgency":0,"shortest_distance_km":274,"ferry_time":840,"ferry_price":1193,"cargo":"cargo.princess","company_truck":"daf_xf_euro6_4x2_b","trailer_variant":"trailer.overweight.boat","trailer_definition":"trailer_def.princess.overweight.boat","units_count":100,"fill_ratio":1,"trailer_place":0}],"eurogoodies.reims":[{"target":"renar.calvi","urgency":1,"shortest_distance_km":1061,"ferry_time":840,"ferry_price":1193,"cargo":"cargo.almond","company_truck":"renault_premium_6x4_a","trailer_variant":"trailer.scs_dry","trailer_definition":"trailer_def.scs.box.single_3.dryvan","units_count":33,"fill_ratio":1,"trailer_place":0}],"bhb_raffin.lehavre":[{"target":"lisette_log.lemans","urgency":2,"shortest_distance_km":292,"ferry_time":0,"ferry_price":0,"cargo":"cargo.boric_acid","company_truck":"mercedes_4x2_c","trailer_variant":"trailer.scs_dry","trailer_definition":"trailer_def.scs.box.single_3.dryvan","units_count":33,"fill_ratio":1,"trailer_place":0}],"batisse_base.clermont":[{"target":"wilnet_trans.limoges","urgency":1,"shortest_distance_km":275,"ferry_time":0,"ferry_price":0,"cargo":"cargo.diggers","company_truck":"renault_premium_6x4_a","trailer_variant":"trailer.overweight.digger","trailer_definition":"trailer_def.diggers.overweight.digger","units_count":100,"fill_ratio":1,"trailer_place":0}],"gnt.bastia":[{"target":"wilnet_trans.marseille","urgency":0,"shortest_distance_km":155,"ferry_time":840,"ferry_price":1193,"cargo":"cargo.vent_tube","company_truck":"mercedes_4x2","trailer_variant":"trailer.scs_flat_r","trailer_definition":"trailer_def.scs.flatbed.single_3.flatbed_w","units_count":2,"fill_ratio":1,"trailer_place":0}],"kaarfor.bastia":[{"target":"wilnet_trans.porto_vecchi","urgency":2,"shortest_distance_km":145,"ferry_time":0,"ferry_price":0,"cargo":"cargo.empty_palet","company_truck":"renault_premium_4x2_c","trailer_variant":"trailer.scs_dry","trailer_definition":"trailer_def.scs.box.single_3.dryvan","units_count":33,"fill_ratio":1,"trailer_place":0}],"batisse_wind.larochelle":[{"target":"chimi.larochelle","urgency":2,"shortest_distance_km":38,"ferry_time":0,"ferry_price":0,"cargo":"cargo.empty_palet","company_truck":"scania_r_6x4_650","trailer_variant":"trailer.scs_curt_s","trailer_definition":"trailer_def.scs.box.single_3.curtain","units_count":33,"fill_ratio":1,"trailer_place":0}],"nos_pat_cf.clermont":[{"target":"globeur.bourges","urgency":1,"shortest_distance_km":201,"ferry_time":0,"ferry_price":0,"cargo":"cargo.milk_t","company_truck":"man_6x4_b","trailer_variant":"trailer.scs_fodt","trailer_definition":"trailer_def.scs.foodtank.single_3.paint","units_count":27,"fill_ratio":1,"trailer_place":0},{"target":"nos_pat_lhv.lehavre","urgency":0,"shortest_distance_km":550,"ferry_time":0,"ferry_price":0,"cargo":"cargo.live_catt_fr","company_truck":"scania_4x2_a","trailer_variant":"trailer.livestock","trailer_definition":"trailer_def.live_catt_fr.livestock","units_count":100,"fill_ratio":1,"trailer_place":0}],"mvm_carriere.bordeaux":[{"target":"tradeaux.toulouse","urgency":0,"shortest_distance_km":279,"ferry_time":0,"ferry_price":0,"cargo":"cargo.gravel","company_truck":"mercedes_actros_2014_6x4_b","trailer_variant":"trailer.s_ki_solid.gravel","trailer_definition":"trailer_def.gravel.s_ki_solid.gravel","units_count":100,"fill_ratio":1,"trailer_place":0}],"bhv.toulouse":[{"target":"lisette_log.bordeaux","urgency":2,"shortest_distance_km":205,"ferry_time":0,"ferry_price":0,"cargo":"cargo.mondeos","company_truck":"scania_r_6x4_650","trailer_variant":"trailer.car_trans3","trailer_definition":"trailer_def.mondeos.car_trans3","units_count":100,"fill_ratio":1,"trailer_place":0}],"mvm_carriere.lemans":[{"target":"batisse_road.lemans","urgency":0,"shortest_distance_km":179,"ferry_time":0,"ferry_price":0,"cargo":"cargo.stones","company_truck":"scania_s_6x2_450","trailer_variant":"trailer.s_ki_solid.cover","trailer_definition":"trailer_def.stones.s_ki_solid.cover","units_count":100,"fill_ratio":1,"trailer_place":0},{"target":"batisse_base.rennes","urgency":2,"shortest_distance_km":206,"ferry_time":0,"ferry_price":0,"cargo":"cargo.excavator","company_truck":"mercedes_actros_2014_4x2_b","trailer_variant":"trailer.overweight.excavator","trailer_definition":"trailer_def.excavator.overweight.excavator","units_count":100,"fill_ratio":1,"trailer_place":0}],"kaarfor.nice":[{"target":"wilnet_trans.porto_vecchi","urgency":1,"shortest_distance_km":262,"ferry_time":840,"ferry_price":1193,"cargo":"cargo.used_packag","company_truck":"renault_magnum_6x2_a","trailer_variant":"trailer.scs_curt_a","trailer_definition":"trailer_def.scs.box.single_3.curtain","units_count":33,"fill_ratio":1,"trailer_place":0},{"target":"globeur.montpellier","urgency":0,"shortest_distance_km":386,"ferry_time":0,"ferry_price":0,"cargo":"cargo.used_plast","company_truck":"man_6x4_b","trailer_variant":"trailer.scs_dry_m","trailer_definition":"trailer_def.scs.box.single_3.dryvan_m","units_count":33,"fill_ratio":1,"trailer_place":0},{"target":"bhb_raffin.marseille","urgency":2,"shortest_distance_km":274,"ferry_time":0,"ferry_price":0,"cargo":"cargo.empty_palet","company_truck":"renault_premium_6x4_a","trailer_variant":"trailer.scs_curt_a","trailer_definition":"trailer_def.scs.box.single_3.curtain","units_count":33,"fill_ratio":1,"trailer_place":0}],"lisette_log.lemans":[{"target":"nos_pat_lhv.lehavre","urgency":2,"shortest_distance_km":118,"ferry_time":0,"ferry_price":0,"cargo":"cargo.wshavings","company_truck":"mercedes_actros_2014_4x2_c","trailer_variant":"trailer.s_ki_solid.cover","trailer_definition":"trailer_def.wshavings.s_ki_solid.cover","units_count":100,"fill_ratio":1,"trailer_place":0}],"wilnet_trans.toulouse":[{"target":"kaarfor.larochelle","urgency":2,"shortest_distance_km":400,"ferry_time":0,"ferry_price":0,"cargo":"cargo.ketchup","company_truck":"iveco_4x2_a","trailer_variant":"trailer.scs_curt_s","trailer_definition":"trailer_def.scs.box.single_3.curtain","units_count":33,"fill_ratio":1,"trailer_place":0},{"target":"tradeaux.toulouse","urgency":0,"shortest_distance_km":1,"ferry_time":0,"ferry_price":0,"cargo":"cargo.comp_process","company_truck":"iveco_4x2_b","trailer_variant":"trailer.scs_curt","trailer_definition":"trailer_def.scs.box.single_3.curtain","units_count":33,"fill_ratio":1,"trailer_place":0}],"gomme_monde.bourges":[{"target":"lisette_log.lemans","urgency":1,"shortest_distance_km":331,"ferry_time":0,"ferry_price":0,"cargo":"cargo.used_packag","company_truck":"man_6x4_b","trailer_variant":"trailer.scs_dry_a","trailer_definition":"trailer_def.scs.box.single_3.dryvan","units_count":33,"fill_ratio":1,"trailer_place":0},{"target":"globeur.bourges","urgency":0,"shortest_distance_km":12,"ferry_time":0,"ferry_price":0,"cargo":"cargo.scrap_metals","company_truck":"mercedes_actros_2014_6x4_b","trailer_variant":"trailer.s_ki_solid.cover","trailer_definition":"trailer_def.scrap_metals.s_ki_solid.cover","units_count":100,"fill_ratio":1,"trailer_place":0}],"lisette_log.roscoff":[{"target":"marina_fr.larochelle","urgency":0,"shortest_distance_km":459,"ferry_time":0,"ferry_price":0,"cargo":"cargo.princess","company_truck":"renault_premium_6x4_a","trailer_variant":"trailer.overweight.boat","trailer_definition":"trailer_def.princess.overweight.boat","units_count":100,"fill_ratio":1,"trailer_place":0}],"gallia_ferry.roscoff":[{"target":"ika_bohag.rennes","urgency":1,"shortest_distance_km":154,"ferry_time":0,"ferry_price":0,"cargo":"cargo.beverages","company_truck":"daf_6x2_a","trailer_variant":"trailer.scs_dry_s","trailer_definition":"trailer_def.scs.box.single_3.dryvan","units_count":33,"fill_ratio":1,"trailer_place":0},{"target":"globeur.bordeaux","urgency":0,"shortest_distance_km":677,"ferry_time":0,"ferry_price":0,"cargo":"cargo.chewing_gums","company_truck":"man_4x2_c","trailer_variant":"trailer.scs_dry_a","trailer_definition":"trailer_def.scs.box.single_3.dryvan","units_count":33,"fill_ratio":1,"trailer_place":0},{"target":"subse.brest","urgency":1,"shortest_distance_km":59,"ferry_time":0,"ferry_price":0,"cargo":"cargo.clothes_c","company_truck":"scania_s_4x2_370","trailer_variant":"trailer.scs_flat_c_r","trailer_definition":"trailer_def.scs.flatbed.single_3.container","units_count":33,"fill_ratio":1,"trailer_place":0}],"stokes.dijon":[{"target":"globeur.bourges","urgency":0,"shortest_distance_km":348,"ferry_time":0,"ferry_price":0,"cargo":"cargo.oil_filt_c","company_truck":"scania_4x2_c","trailer_variant":"trailer.scs_gosck40","trailer_definition":"trailer_def.scs.gooseneck.singl_3e_40.container","units_count":30,"fill_ratio":1,"trailer_place":0}],"wilnet_trans.nantes":[{"target":"kaarfor.larochelle","urgency":1,"shortest_distance_km":190,"ferry_time":0,"ferry_price":0,"cargo":"cargo.paper","company_truck":"renault_premium_6x2_a","trailer_variant":"trailer.scs_dry","trailer_definition":"trailer_def.scs.box.single_3.dryvan","units_count":33,"fill_ratio":1,"trailer_place":0},{"target":"subse.nantes","urgency":0,"shortest_distance_km":129,"ferry_time":0,"ferry_price":0,"cargo":"cargo.olives","company_truck":"scania_s_4x2_580","trailer_variant":"trailer.scs_dry_m","trailer_definition":"trailer_def.scs.box.single_3.dryvan_m","units_count":33,"fill_ratio":1,"trailer_place":0}],"tradeaux.brest":[{"target":"globeur.rennes","urgency":0,"shortest_distance_km":306,"ferry_time":0,"ferry_price":0,"cargo":"cargo.princess","company_truck":"scania_r_4x2_520","trailer_variant":"trailer.overweight.boat","trailer_definition":"trailer_def.princess.overweight.boat","units_count":100,"fill_ratio":1,"trailer_place":0},{"target":"wilnet_trans.nantes","urgency":0,"shortest_distance_km":256,"ferry_time":0,"ferry_price":0,"cargo":"cargo.olives","company_truck":"iveco_h_4x2_a","trailer_variant":"trailer.scs_curt","trailer_definition":"trailer_def.scs.box.single_3.curtain","units_count":33,"fill_ratio":1,"trailer_place":0}],"wilnet_trans.limoges":[{"target":"globeur.lehavre","urgency":0,"shortest_distance_km":645,"ferry_time":0,"ferry_price":0,"cargo":"cargo.ore","company_truck":"daf_xf_euro6_4x2_b","trailer_variant":"trailer.s_ki_solid.ore","trailer_definition":"trailer_def.ore.s_ki_solid.ore","units_count":100,"fill_ratio":1,"trailer_place":0},{"target":"globeur.bourges","urgency":1,"shortest_distance_km":233,"ferry_time":0,"ferry_price":0,"cargo":"cargo.overweight","company_truck":"man_tgx_euro6_4x2_xxl","trailer_variant":"trailer.scs_flat_c_r","trailer_definition":"trailer_def.scs.flatbed.single_3.container","units_count":1,"fill_ratio":1,"trailer_place":0}],"bhv.bastia":[{"target":"wilnet_trans.porto_vecchi","urgency":2,"shortest_distance_km":144,"ferry_time":0,"ferry_price":0,"cargo":"cargo.mondeos","company_truck":"daf_xf_euro6_4x2_a","trailer_variant":"trailer.car_trans2","trailer_definition":"trailer_def.mondeos.car_trans2","units_count":100,"fill_ratio":1,"trailer_place":0}],"mvm_carriere.limoges":[{"target":"wilnet_trans.limoges","urgency":0,"shortest_distance_km":82,"ferry_time":0,"ferry_price":0,"cargo":"cargo.stone_dust","company_truck":"mercedes_actros_2014_4x2_c","trailer_variant":"trailer.s_ki_solid.cover","trailer_definition":"trailer_def.stone_dust.s_ki_solid.cover","units_count":100,"fill_ratio":1,"trailer_place":0},{"target":"batisse_road.bordeaux","urgency":0,"shortest_distance_km":275,"ferry_time":0,"ferry_price":0,"cargo":"cargo.gravel","company_truck":"mercedes_6x4_a","trailer_variant":"trailer.s_ki_solid.gravel","trailer_definition":"trailer_def.gravel.s_ki_solid.gravel","units_count":100,"fill_ratio":1,"trailer_place":0}],"tree_et.aberdeen":[{"target":"ika_bohag.rennes","urgency":2,"shortest_distance_km":1177,"ferry_time":420,"ferry_price":910,"cargo":"cargo.forklifts","company_truck":"scania_6x2_b","trailer_variant":"trailer.overweight.forklifts","trailer_definition":"trailer_def.forklifts.overweight.forklifts","units_count":100,"fill_ratio":1,"trailer_place":0}],"wilnet_trans.lemans":[{"target":"lisette_log.lemans","urgency":0,"shortest_distance_km":2,"ferry_time":0,"ferry_price":0,"cargo":"cargo.cauliflower","company_truck":"scania_6x4_a","trailer_variant":"trailer.scs_dry_m","trailer_definition":"trailer_def.scs.box.single_3.dryvan_m","units_count":33,"fill_ratio":1,"trailer_place":0}],"batisse_road.bordeaux":[{"target":"wilnet_trans.porto_vecchi","urgency":0,"shortest_distance_km":770,"ferry_time":840,"ferry_price":1193,"cargo":"cargo.hipresstank","company_truck":"scania_r_6x2_450","trailer_variant":"trailer.scs_flat_c_r","trailer_definition":"trailer_def.scs.flatbed.single_3.container","units_count":2,"fill_ratio":1,"trailer_place":0}],"mvm_carriere.montpellier":[{"target":"dans_jardin.marseille","urgency":0,"shortest_distance_km":276,"ferry_time":0,"ferry_price":0,"cargo":"cargo.excav_soil","company_truck":"iveco_4x2_a","trailer_variant":"trailer.s_ki_solid.cover","trailer_definition":"trailer_def.excav_soil.s_ki_solid.cover","units_count":100,"fill_ratio":1,"trailer_place":0},{"target":"wilnet_trans.toulouse","urgency":0,"shortest_distance_km":388,"ferry_time":0,"ferry_price":0,"cargo":"cargo.stone_dust","company_truck":"scania_r_6x4_650","trailer_variant":"trailer.s_ki_solid.cover","trailer_definition":"trailer_def.stone_dust.s_ki_solid.cover","units_count":100,"fill_ratio":1,"trailer_place":0}],"quarry.lyon":[{"target":"globeur.montpellier","urgency":2,"shortest_distance_km":346,"ferry_time":0,"ferry_price":0,"cargo":"cargo.digger1000","company_truck":"mercedes_actros_2014_4x2_b","trailer_variant":"trailer.overweight.digger1000","trailer_definition":"trailer_def.digger1000.overweight.digger1000","units_count":100,"fill_ratio":1,"trailer_place":0},{"target":"batisse_hs.montpellier","urgency":0,"shortest_distance_km":347,"ferry_time":0,"ferry_price":0,"cargo":"cargo.stones","company_truck":"scania_6x4_a","trailer_variant":"trailer.s_ki_solid.cover","trailer_definition":"trailer_def.stones.s_ki_solid.cover","units_count":100,"fill_ratio":1,"trailer_place":0}],"subse.clermont":[{"target":"globeur.bourges","urgency":2,"shortest_distance_km":210,"ferry_time":0,"ferry_price":0,"cargo":"cargo.beef_meat","company_truck":"man_6x4_b","trailer_variant":"trailer.scs_ref","trailer_definition":"trailer_def.scs.box.single_3.reefer","units_count":33,"fill_ratio":1,"trailer_place":0},{"target":"renar.calvi","urgency":0,"shortest_distance_km":562,"ferry_time":840,"ferry_price":1193,"cargo":"cargo.chewing_gums","company_truck":"scania_s_6x4_730","trailer_variant":"trailer.scs_curt_a","trailer_definition":"trailer_def.scs.box.single_3.curtain","units_count":33,"fill_ratio":1,"trailer_place":0}],"batisse_hs.montpellier":[{"target":"mvm_carriere.bastia","urgency":2,"shortest_distance_km":348,"ferry_time":840,"ferry_price":1193,"cargo":"cargo.excavator","company_truck":"renault_magnum_4x2_a","trailer_variant":"trailer.overweight.excavator","trailer_definition":"trailer_def.excavator.overweight.excavator","units_count":100,"fill_ratio":1,"trailer_place":0}],"batisse_road.lemans":[{"target":"globeur.rennes","urgency":0,"shortest_distance_km":154,"ferry_time":0,"ferry_price":0,"cargo":"cargo.hipresstank","company_truck":"scania_streamline_6x4_a","trailer_variant":"trailer.scs_flat_c_r","trailer_definition":"trailer_def.scs.flatbed.single_3.container","units_count":2,"fill_ratio":1,"trailer_place":0}],"nucleon.golfech":[{"target":"lisette_log.bordeaux","urgency":2,"shortest_distance_km":177,"ferry_time":0,"ferry_price":0,"cargo":"cargo.digger1000","company_truck":"mercedes_actros_2014_4x2_b","trailer_variant":"trailer.overweight.digger1000","trailer_definition":"trailer_def.digger1000.overweight.digger1000","units_count":100,"fill_ratio":1,"trailer_place":0},{"target":"batisse_wind.brest","urgency":2,"shortest_distance_km":803,"ferry_time":0,"ferry_price":0,"cargo":"cargo.forklifts","company_truck":"iveco_4x2_a","trailer_variant":"trailer.overweight.forklifts","trailer_definition":"trailer_def.forklifts.overweight.forklifts","units_count":100,"fill_ratio":1,"trailer_place":0}],"batisse_hs.paris":[{"target":"dans_jardin.lemans","urgency":0,"shortest_distance_km":451,"ferry_time":0,"ferry_price":0,"cargo":"cargo.excav_soil","company_truck":"man_tgx_euro6_4x2_xl","trailer_variant":"trailer.s_ki_solid.cover","trailer_definition":"trailer_def.excav_soil.s_ki_solid.cover","units_count":100,"fill_ratio":1,"trailer_place":0}],"nucleon.civaux":[{"target":"subse.clermont","urgency":2,"shortest_distance_km":379,"ferry_time":0,"ferry_price":0,"cargo":"cargo.forklifts","company_truck":"scania_streamline_4x2_a","trailer_variant":"trailer.overweight.forklifts","trailer_definition":"trailer_def.forklifts.overweight.forklifts","units_count":100,"fill_ratio":1,"trailer_place":0}],"itcc.linz":[{"target":"globeur.montpellier","urgency":1,"shortest_distance_km":1246,"ferry_time":0,"ferry_price":0,"cargo":"cargo.iron_pipes","company_truck":"iveco_4x2_b","trailer_variant":"trailer.scs_log","trailer_definition":"trailer_def.scs.log.single_3.steel","units_count":2,"fill_ratio":1,"trailer_place":0}],"kaarfor.swansea":[{"target":"lisette_log.roscoff","urgency":0,"shortest_distance_km":315,"ferry_time":420,"ferry_price":910,"cargo":"cargo.used_plast","company_truck":"mercedes_actros_2014_6x2_a","trailer_variant":"trailer.scs_dry_s","trailer_definition":"trailer_def.scs.box.single_3.dryvan","units_count":33,"fill_ratio":1,"trailer_place":0}],"stokes.zurich":[{"target":"gnt.bastia","urgency":1,"shortest_distance_km":818,"ferry_time":840,"ferry_price":1193,"cargo":"cargo.emptytank","company_truck":"renault_magnum_6x2_a","trailer_variant":"trailer.scs_flat_c_r","trailer_definition":"trailer_def.scs.flatbed.single_3.container","units_count":2,"fill_ratio":1,"trailer_place":0},{"target":"lisette_log.lemans","urgency":0,"shortest_distance_km":826,"ferry_time":0,"ferry_price":0,"cargo":"cargo.oil_filt_c","company_truck":"mercedes_4x2_c","trailer_variant":"trailer.scs_flat_c_r","trailer_definition":"trailer_def.scs.flatbed.single_3.container","units_count":33,"fill_ratio":1,"trailer_place":0}],"quarry.cardiff":[{"target":"batisse_base.rennes","urgency":0,"shortest_distance_km":421,"ferry_time":420,"ferry_price":910,"cargo":"cargo.stones","company_truck":"scania_4x2_c","trailer_variant":"trailer.s_ki_solid.cover","trailer_definition":"trailer_def.stones.s_ki_solid.cover","units_count":100,"fill_ratio":1,"trailer_place":0}],"ika_bohag.paris":[{"target":"subse.brest","urgency":2,"shortest_distance_km":633,"ferry_time":0,"ferry_price":0,"cargo":"cargo.empty_palet","company_truck":"man_6x4_b","trailer_variant":"trailer.scs_curt_s","trailer_definition":"trailer_def.scs.box.single_3.curtain","units_count":33,"fill_ratio":1,"trailer_place":0}],"kaarfor.larochelle":[{"target":"globeur.bordeaux","urgency":0,"shortest_distance_km":210,"ferry_time":0,"ferry_price":0,"cargo":"cargo.used_plast","company_truck":"daf_xf_euro6_4x2_a","trailer_variant":"trailer.scs_dry_ms","trailer_definition":"trailer_def.scs.box.single_3.dryvan_m","units_count":33,"fill_ratio":1,"trailer_place":0}],"kaarfor.bern":[{"target":"wilnet_trans.lemans","urgency":2,"shortest_distance_km":728,"ferry_time":0,"ferry_price":0,"cargo":"cargo.empty_palet","company_truck":"mercedes_4x2_a","trailer_variant":"trailer.scs_dry","trailer_definition":"trailer_def.scs.box.single_3.dryvan","units_count":33,"fill_ratio":1,"trailer_place":0}],"fle.brest":[{"target":"tradeaux.clermont","urgency":0,"shortest_distance_km":861,"ferry_time":0,"ferry_price":0,"cargo":"cargo.comp_process","company_truck":"scania_r_6x4_650","trailer_variant":"trailer.scs_curt","trailer_definition":"trailer_def.scs.box.single_3.curtain","units_count":33,"fill_ratio":1,"trailer_place":0}],"dans_jardin.bordeaux":[{"target":"wilnet_trans.nantes","urgency":1,"shortest_distance_km":444,"ferry_time":0,"ferry_price":0,"cargo":"cargo.cut_flowers","company_truck":"daf_4x2_b","trailer_variant":"trailer.scs_ref_s","trailer_definition":"trailer_def.scs.box.single_3.reefer","units_count":33,"fill_ratio":1,"trailer_place":0},{"target":"lisette_log.bordeaux","urgency":0,"shortest_distance_km":122,"ferry_time":0,"ferry_price":0,"cargo":"cargo.carrots_c","company_truck":"man_tgx_euro6_4x2_xl","trailer_variant":"trailer.scs_flat_c_g","trailer_definition":"trailer_def.scs.flatbed.single_3.container","units_count":33,"fill_ratio":1,"trailer_place":0}],"tradeaux.toulouse":[{"target":"wilnet_trans.toulouse","urgency":0,"shortest_distance_km":1,"ferry_time":0,"ferry_price":0,"cargo":"cargo.princess","company_truck":"scania_r_6x4_650","trailer_variant":"trailer.overweight.boat","trailer_definition":"trailer_def.princess.overweight.boat","units_count":100,"fill_ratio":1,"trailer_place":0},{"target":"wilnet_trans.lemans","urgency":0,"shortest_distance_km":733,"ferry_time":0,"ferry_price":0,"cargo":"cargo.chewing_gums","company_truck":"daf_4x2_b","trailer_variant":"trailer.scs_curt_s","trailer_definition":"trailer_def.scs.box.single_3.curtain","units_count":33,"fill_ratio":1,"trailer_place":0},{"target":"lisette_log.larochelle","urgency":0,"shortest_distance_km":464,"ferry_time":0,"ferry_price":0,"cargo":"cargo.oil_filt_c","company_truck":"scania_streamline_6x2_b","trailer_variant":"trailer.scs_gosck220","trailer_definition":"trailer_def.scs.gooseneck.singl_3e_220.container","units_count":30,"fill_ratio":1,"trailer_place":0}],"voitureux.lehavre":[{"target":"wilnet_trans.toulouse","urgency":2,"shortest_distance_km":913,"ferry_time":0,"ferry_price":0,"cargo":"cargo.used_battery","company_truck":"scania_4x2_c","trailer_variant":"trailer.scs_dry_s","trailer_definition":"trailer_def.scs.box.single_3.dryvan","units_count":33,"fill_ratio":1,"trailer_place":0},{"target":"bhv.nice","urgency":2,"shortest_distance_km":1121,"ferry_time":0,"ferry_price":0,"cargo":"cargo.cars_fr","company_truck":"scania_6x2_b","trailer_variant":"trailer.car_fr","trailer_definition":"trailer_def.cars_fr.car_fr","units_count":100,"fill_ratio":1,"trailer_place":0},{"target":"lisette_log.lemans","urgency":1,"shortest_distance_km":301,"ferry_time":0,"ferry_price":0,"cargo":"cargo.used_packag","company_truck":"renault_premium_6x4_a","trailer_variant":"trailer.scs_curt_s","trailer_definition":"trailer_def.scs.box.single_3.curtain","units_count":33,"fill_ratio":1,"trailer_place":0}],"lkwlog.venezia":[{"target":"eolo_lines.marseille","urgency":1,"shortest_distance_km":838,"ferry_time":0,"ferry_price":0,"cargo":"cargo.steel_cord","company_truck":"man_6x4_b","trailer_variant":"trailer.scs_dry_ms","trailer_definition":"trailer_def.scs.box.single_3.dryvan_m","units_count":33,"fill_ratio":1,"trailer_place":0}],"lisette_log.rennes":[{"target":"globeur.rennes","urgency":0,"shortest_distance_km":1,"ferry_time":0,"ferry_price":0,"cargo":"cargo.coal","company_truck":"man_6x4_b","trailer_variant":"trailer.s_ki_solid.coal","trailer_definition":"trailer_def.coal.s_ki_solid.coal","units_count":100,"fill_ratio":1,"trailer_place":0}],"nos_pat_lhv.lehavre":[{"target":"wilnet_trans.lemans","urgency":2,"shortest_distance_km":119,"ferry_time":0,"ferry_price":0,"cargo":"cargo.milk","company_truck":"mercedes_actros_2014_6x2_a","trailer_variant":"trailer.scs_dry_a","trailer_definition":"trailer_def.scs.box.single_3.dryvan","units_count":33,"fill_ratio":1,"trailer_place":0},{"target":"wilnet_trans.lemans","urgency":1,"shortest_distance_km":119,"ferry_time":0,"ferry_price":0,"cargo":"cargo.drymilk","company_truck":"scania_r_6x4_650","trailer_variant":"trailer.scs_curt_a","trailer_definition":"trailer_def.scs.box.single_3.curtain","units_count":33,"fill_ratio":1,"trailer_place":0}],"globeur.bordeaux":[{"target":"wilnet_trans.limoges","urgency":0,"shortest_distance_km":335,"ferry_time":0,"ferry_price":0,"cargo":"cargo.natur_rubber","company_truck":"renault_magnum_4x2_a","trailer_variant":"trailer.scs_curt_s","trailer_definition":"trailer_def.scs.box.single_3.curtain","units_count":33,"fill_ratio":1,"trailer_place":0}],"marina_fr.ajaccio":[{"target":"wilnet_trans.lemans","urgency":0,"shortest_distance_km":1035,"ferry_time":840,"ferry_price":1193,"cargo":"cargo.princess","company_truck":"daf_xf_euro6_6x4_c","trailer_variant":"trailer.overweight.boat","trailer_definition":"trailer_def.princess.overweight.boat","units_count":100,"fill_ratio":1,"trailer_place":0}],"tradeaux.felixstowe":[{"target":"stokes.calais","urgency":2,"shortest_distance_km":220,"ferry_time":91,"ferry_price":384,"cargo":"cargo.iced_coffee","company_truck":"renault_magnum_4x2_a","trailer_variant":"trailer.scs_dry_s","trailer_definition":"trailer_def.scs.box.single_3.dryvan","units_count":33,"fill_ratio":1,"trailer_place":0}],"stokes.cardiff":[{"target":"globeur.rennes","urgency":0,"shortest_distance_km":536,"ferry_time":420,"ferry_price":910,"cargo":"cargo.fertilizer","company_truck":"scania_streamline_4x2_b","trailer_variant":"trailer.scs_dry","trailer_definition":"trailer_def.scs.box.single_3.dryvan","units_count":33,"fill_ratio":1,"trailer_place":0},{"target":"lisette_log.roscoff","urgency":1,"shortest_distance_km":271,"ferry_time":420,"ferry_price":910,"cargo":"cargo.chem_sorb_c","company_truck":"renault_premium_4x2_a","trailer_variant":"trailer.scs_flat_c_g","trailer_definition":"trailer_def.scs.flatbed.single_3.container","units_count":33,"fill_ratio":1,"trailer_place":0}],"kaarfor.montpellier":[{"target":"wilnet_trans.lemans","urgency":1,"shortest_distance_km":803,"ferry_time":0,"ferry_price":0,"cargo":"cargo.used_packag","company_truck":"daf_xf_euro6_4x2_b","trailer_variant":"trailer.scs_curt","trailer_definition":"trailer_def.scs.box.single_3.curtain","units_count":33,"fill_ratio":1,"trailer_place":0}],"tradeaux.prague":[{"target":"stokes.calais","urgency":0,"shortest_distance_km":1082,"ferry_time":0,"ferry_price":0,"cargo":"cargo.harvest_bins","company_truck":"mercedes_4x2","trailer_variant":"trailer.scs_dry","trailer_definition":"trailer_def.scs.box.single_3.dryvan","units_count":33,"fill_ratio":1,"trailer_place":0}],"eolo_lines.marseille":[{"target":"tradeaux.ajaccio","urgency":1,"shortest_distance_km":154,"ferry_time":840,"ferry_price":1193,"cargo":"cargo.nonalco_beer","company_truck":"mercedes_6x4_a","trailer_variant":"trailer.scs_dry_s","trailer_definition":"trailer_def.scs.box.single_3.dryvan","units_count":33,"fill_ratio":1,"trailer_place":0}],"wgcc.grimsby":[{"target":"tradeaux.grimsby","urgency":2,"shortest_distance_km":1,"ferry_time":0,"ferry_price":0,"cargo":"cargo.boric_acid","company_truck":"scania_r_6x4_650","trailer_variant":"trailer.scs_dry_a","trailer_definition":"trailer_def.scs.box.single_3.dryvan","units_count":33,"fill_ratio":1,"trailer_place":0}],"voitureux.rennes":[{"target":"globeur.rennes","urgency":2,"shortest_distance_km":70,"ferry_time":0,"ferry_price":0,"cargo":"cargo.used_plast_c","company_truck":"scania_6x2_b","trailer_variant":"trailer.scs_flat_c_r","trailer_definition":"trailer_def.scs.flatbed.single_3.container","units_count":33,"fill_ratio":1,"trailer_place":0},{"target":"wilnet_trans.nantes","urgency":1,"shortest_distance_km":82,"ferry_time":0,"ferry_price":0,"cargo":"cargo.used_packag","company_truck":"daf_xf_euro6_4x2_a","trailer_variant":"trailer.scs_dry_m","trailer_definition":"trailer_def.scs.box.single_3.dryvan_m","units_count":33,"fill_ratio":1,"trailer_place":0}],"nos_pat_brg.bourges":[{"target":"tradeaux.ajaccio","urgency":2,"shortest_distance_km":773,"ferry_time":840,"ferry_price":1193,"cargo":"cargo.milk","company_truck":"daf_4x2_a","trailer_variant":"trailer.scs_dry_ms","trailer_definition":"trailer_def.scs.box.single_3.dryvan_m","units_count":33,"fill_ratio":1,"trailer_place":0},{"target":"nos_pat_lhv.lehavre","urgency":0,"shortest_distance_km":346,"ferry_time":0,"ferry_price":0,"cargo":"cargo.live_catt_fr","company_truck":"scania_r_4x2_520","trailer_variant":"trailer.livestock","trailer_definition":"trailer_def.live_catt_fr.livestock","units_count":100,"fill_ratio":1,"trailer_place":0}],"lisette_log.bordeaux":[{"target":"tradeaux.toulouse","urgency":0,"shortest_distance_km":201,"ferry_time":0,"ferry_price":0,"cargo":"cargo.cauliflower","company_truck":"scania_s_6x4_730","trailer_variant":"trailer.scs_curt_s","trailer_definition":"trailer_def.scs.box.single_3.curtain","units_count":33,"fill_ratio":1,"trailer_place":0},{"target":"mvm_carriere.limoges","urgency":1,"shortest_distance_km":312,"ferry_time":0,"ferry_price":0,"cargo":"cargo.emptytank","company_truck":"man_tgx_euro6_6x4_xlx","trailer_variant":"trailer.scs_flat_c_g","trailer_definition":"trailer_def.scs.flatbed.single_3.container","units_count":2,"fill_ratio":1,"trailer_place":0},{"target":"globeur.montpellier","urgency":0,"shortest_distance_km":456,"ferry_time":0,"ferry_price":0,"cargo":"cargo.tyres","company_truck":"iveco_6x2_a","trailer_variant":"trailer.scs_curt_a","trailer_definition":"trailer_def.scs.box.single_3.curtain","units_count":33,"fill_ratio":1,"trailer_place":0}],"globeur.bourges":[{"target":"wilnet_trans.nantes","urgency":0,"shortest_distance_km":550,"ferry_time":0,"ferry_price":0,"cargo":"cargo.princess","company_truck":"renault_t_6x2","trailer_variant":"trailer.overweight.boat","trailer_definition":"trailer_def.princess.overweight.boat","units_count":100,"fill_ratio":1,"trailer_place":0}],"dans_jardin.porto_vecchi":[{"target":"wilnet_trans.limoges","urgency":0,"shortest_distance_km":679,"ferry_time":840,"ferry_price":1193,"cargo":"cargo.potatoes","company_truck":"man_tgx_euro6_6x4_xlx","trailer_variant":"trailer.scs_curt_s","trailer_definition":"trailer_def.scs.box.single_3.curtain","units_count":33,"fill_ratio":1,"trailer_place":0},{"target":"wilnet_trans.porto_vecchi","urgency":1,"shortest_distance_km":16,"ferry_time":0,"ferry_price":0,"cargo":"cargo.cut_flowers","company_truck":"scania_s_6x4_730","trailer_variant":"trailer.scs_ref","trailer_definition":"trailer_def.scs.box.single_3.reefer","units_count":33,"fill_ratio":1,"trailer_place":0}],"tradeaux.grimsby":[{"target":"transinet.sheffield","urgency":2,"shortest_distance_km":105,"ferry_time":0,"ferry_price":0,"cargo":"cargo.iced_coffee","company_truck":"man_6x4_b","trailer_variant":"trailer.scs_dry_a","trailer_definition":"trailer_def.scs.box.single_3.dryvan","units_count":33,"fill_ratio":1,"trailer_place":0}],"batisse_wind.montpellier":[{"target":"wilnet_trans.limoges","urgency":2,"shortest_distance_km":397,"ferry_time":0,"ferry_price":0,"cargo":"cargo.empty_palet","company_truck":"iveco_6x2_a","trailer_variant":"trailer.scs_curt_s","trailer_definition":"trailer_def.scs.box.single_3.curtain","units_count":33,"fill_ratio":1,"trailer_place":0}],"gomme_monde.clermont":[{"target":"fle.calvi","urgency":1,"shortest_distance_km":620,"ferry_time":840,"ferry_price":1193,"cargo":"cargo.aircft_tires","company_truck":"scania_streamline_4x2_a","trailer_variant":"trailer.scs_dry_s","trailer_definition":"trailer_def.scs.box.single_3.dryvan","units_count":33,"fill_ratio":1,"trailer_place":0},{"target":"globeur.bourges","urgency":1,"shortest_distance_km":183,"ferry_time":0,"ferry_price":0,"cargo":"cargo.used_packag","company_truck":"iveco_4x2_b","trailer_variant":"trailer.scs_dry","trailer_definition":"trailer_def.scs.box.single_3.dryvan","units_count":33,"fill_ratio":1,"trailer_place":0}],"trameri.liverpool":[{"target":"batisse_wind.brest","urgency":2,"shortest_distance_km":512,"ferry_time":420,"ferry_price":910,"cargo":"cargo.forklifts","company_truck":"daf_xf_euro6_6x4_c","trailer_variant":"trailer.overweight.forklifts","trailer_definition":"trailer_def.forklifts.overweight.forklifts","units_count":100,"fill_ratio":1,"trailer_place":0}],"trameri.plymouth":[{"target":"mvm_carriere.bordeaux","urgency":1,"shortest_distance_km":746,"ferry_time":420,"ferry_price":910,"cargo":"cargo.emptytank","company_truck":"iveco_4x2_a","trailer_variant":"trailer.scs_flat_c_g","trailer_definition":"trailer_def.scs.flatbed.single_3.container","units_count":2,"fill_ratio":1,"trailer_place":0}],"tree_et.zurich":[{"target":"nos_pat_cf.clermont","urgency":2,"shortest_distance_km":646,"ferry_time":0,"ferry_price":0,"cargo":"cargo.wshavings","company_truck":"man_6x4_b","trailer_variant":"trailer.s_ki_solid.cover","trailer_definition":"trailer_def.wshavings.s_ki_solid.cover","units_count":100,"fill_ratio":1,"trailer_place":0},{"target":"gnt.bastia","urgency":0,"shortest_distance_km":840,"ferry_time":840,"ferry_price":1193,"cargo":"cargo.sawpanels","company_truck":"scania_s_6x4_730","trailer_variant":"trailer.scs_dry_a","trailer_definition":"trailer_def.scs.box.single_3.dryvan","units_count":33,"fill_ratio":1,"trailer_place":0},{"target":"mvm_carriere.porto_vecchi","urgency":2,"shortest_distance_km":707,"ferry_time":840,"ferry_price":1193,"cargo":"cargo.excavator","company_truck":"renault_magnum_6x4_a","trailer_variant":"trailer.overweight.excavator","trailer_definition":"trailer_def.excavator.overweight.excavator","units_count":94,"fill_ratio":1,"trailer_place":0}],"batisse_base.rennes":[{"target":"voitureux.lehavre","urgency":2,"shortest_distance_km":418,"ferry_time":0,"ferry_price":0,"cargo":"cargo.forklifts","company_truck":"scania_streamline_4x2_a","trailer_variant":"trailer.overweight.forklifts","trailer_definition":"trailer_def.forklifts.overweight.forklifts","units_count":100,"fill_ratio":1,"trailer_place":0}],"wilnet_trans.marseille":[{"target":"tradeaux.ajaccio","urgency":0,"shortest_distance_km":163,"ferry_time":840,"ferry_price":1193,"cargo":"cargo.chem_sorbent","company_truck":"scania_4x2_c","trailer_variant":"trailer.scs_curt_s","trailer_definition":"trailer_def.scs.box.single_3.curtain","units_count":33,"fill_ratio":1,"trailer_place":0},{"target":"tradeaux.ajaccio","urgency":1,"shortest_distance_km":163,"ferry_time":840,"ferry_price":1193,"cargo":"cargo.milk_t","company_truck":"man_6x4_b","trailer_variant":"trailer.scs_fodt","trailer_definition":"trailer_def.scs.foodtank.single_3.paint","units_count":27,"fill_ratio":1,"trailer_place":0}],"ika_bohag.clermont":[{"target":"wilnet_trans.limoges","urgency":2,"shortest_distance_km":273,"ferry_time":0,"ferry_price":0,"cargo":"cargo.empty_palet","company_truck":"mercedes_actros_2014_4x2_a","trailer_variant":"trailer.scs_dry_a","trailer_definition":"trailer_def.scs.box.single_3.dryvan","units_count":33,"fill_ratio":1,"trailer_place":0}],"sellplan.geneve":[{"target":"lisette_log.nice","urgency":1,"shortest_distance_km":572,"ferry_time":0,"ferry_price":0,"cargo":"cargo.used_packag","company_truck":"man_tgx_euro6_4x2_xxl","trailer_variant":"trailer.scs_dry_a","trailer_definition":"trailer_def.scs.box.single_3.dryvan","units_count":33,"fill_ratio":1,"trailer_place":0}],"fle.bastia":[{"target":"wilnet_trans.porto_vecchi","urgency":1,"shortest_distance_km":152,"ferry_time":0,"ferry_price":0,"cargo":"cargo.cut_flowers","company_truck":"renault_premium_4x2_a","trailer_variant":"trailer.scs_ref","trailer_definition":"trailer_def.scs.box.single_3.reefer","units_count":33,"fill_ratio":1,"trailer_place":0}],"nbfc.berlin":[{"target":"tradeaux.prague","urgency":2,"shortest_distance_km":326,"ferry_time":0,"ferry_price":0,"cargo":"cargo.boric_acid","company_truck":"scania_4x2_b","trailer_variant":"trailer.scs_dry_a","trailer_definition":"trailer_def.scs.box.single_3.dryvan","units_count":33,"fill_ratio":1,"trailer_place":0}],"kaarfor.edinburgh":[{"target":"lisette_log.lemans","urgency":2,"shortest_distance_km":1225,"ferry_time":35,"ferry_price":300,"cargo":"cargo.used_plast_c","company_truck":"scania_r_6x2_450","trailer_variant":"trailer.scs_flat_c_r","trailer_definition":"trailer_def.scs.flatbed.single_3.container","units_count":33,"fill_ratio":1,"trailer_place":0}],"skoda.prague":[{"target":"lisette_log.ajaccio","urgency":1,"shortest_distance_km":1496,"ferry_time":840,"ferry_price":1193,"cargo":"cargo.used_packag","company_truck":"scania_s_4x2_580","trailer_variant":"trailer.scs_dry_ms","trailer_definition":"trailer_def.scs.box.single_3.dryvan_m","units_count":33,"fill_ratio":1,"trailer_place":0}],"tradeaux.nice":[{"target":"lisette_log.larochelle","urgency":1,"shortest_distance_km":1069,"ferry_time":0,"ferry_price":0,"cargo":"cargo.electronics","company_truck":"mercedes_4x2_b","trailer_variant":"trailer.scs_dry","trailer_definition":"trailer_def.scs.box.single_3.dryvan","units_count":33,"fill_ratio":1,"trailer_place":0}],"dans_jardin.lemans":[{"target":"wilnet_trans.lemans","urgency":1,"shortest_distance_km":301,"ferry_time":0,"ferry_price":0,"cargo":"cargo.carrots","company_truck":"man_6x4_b","trailer_variant":"trailer.scs_curt_a","trailer_definition":"trailer_def.scs.box.single_3.curtain","units_count":33,"fill_ratio":1,"trailer_place":0}],"dans_jardin.bourges":[{"target":"eolo_lines.porto_vecchi","urgency":0,"shortest_distance_km":653,"ferry_time":840,"ferry_price":1193,"cargo":"cargo.olives","company_truck":"scania_4x2_b","trailer_variant":"trailer.scs_dry_ms","trailer_definition":"trailer_def.scs.box.single_3.dryvan_m","units_count":33,"fill_ratio":1,"trailer_place":0}],"tradeaux.ajaccio":[{"target":"fle.calvi","urgency":0,"shortest_distance_km":54,"ferry_time":0,"ferry_price":0,"cargo":"cargo.med_equip","company_truck":"mercedes_4x2_c","trailer_variant":"trailer.scs_ref_s","trailer_definition":"trailer_def.scs.box.single_3.reefer","units_count":33,"fill_ratio":1,"trailer_place":0}],"mvm_carriere.bastia":[{"target":"batisse_base.calvi","urgency":0,"shortest_distance_km":120,"ferry_time":0,"ferry_price":0,"cargo":"cargo.stones","company_truck":"mercedes_4x2_a","trailer_variant":"trailer.s_ki_solid.cover","trailer_definition":"trailer_def.stones.s_ki_solid.cover","units_count":100,"fill_ratio":1,"trailer_place":0}],"dans_jardin.nantes":[{"target":"wilnet_trans.nantes","urgency":0,"shortest_distance_km":84,"ferry_time":0,"ferry_price":0,"cargo":"cargo.apples_c","company_truck":"renault_magnum_6x2_a","trailer_variant":"trailer.scs_gosck20","trailer_definition":"trailer_def.scs.gooseneck.singl_3e_20.container","units_count":15,"fill_ratio":1,"trailer_place":0},{"target":"lisette_log.roscoff","urgency":0,"shortest_distance_km":341,"ferry_time":0,"ferry_price":0,"cargo":"cargo.carrots_c","company_truck":"mercedes_actros_2014_4x2_c","trailer_variant":"trailer.scs_gosck40","trailer_definition":"trailer_def.scs.gooseneck.singl_3e_40.container","units_count":30,"fill_ratio":1,"trailer_place":0}],"nucleon.laurent":[{"target":"dans_jardin.bordeaux","urgency":0,"shortest_distance_km":490,"ferry_time":0,"ferry_price":0,"cargo":"cargo.excav_soil","company_truck":"scania_s_4x2_370","trailer_variant":"trailer.s_ki_solid.cover","trailer_definition":"trailer_def.excav_soil.s_ki_solid.cover","units_count":100,"fill_ratio":1,"trailer_place":0}],"sellplan.osnabruck":[{"target":"cont_port_fr.lehavre","urgency":2,"shortest_distance_km":767,"ferry_time":0,"ferry_price":0,"cargo":"cargo.used_plast_c","company_truck":"mercedes_actros_2014_6x2_a","trailer_variant":"trailer.scs_gosck40","trailer_definition":"trailer_def.scs.gooseneck.singl_3e_40.container","units_count":30,"fill_ratio":1,"trailer_place":0}],"ika_bohag.brest":[{"target":"wilnet_trans.nantes","urgency":2,"shortest_distance_km":255,"ferry_time":0,"ferry_price":0,"cargo":"cargo.empty_palet","company_truck":"renault_premium_4x2_c","trailer_variant":"trailer.scs_curt_a","trailer_definition":"trailer_def.scs.box.single_3.curtain","units_count":33,"fill_ratio":1,"trailer_place":0}],"kaarfor.nantes":[{"target":"wilnet_trans.nantes","urgency":2,"shortest_distance_km":2,"ferry_time":0,"ferry_price":0,"cargo":"cargo.used_plast_c","company_truck":"renault_t_6x2","trailer_variant":"trailer.scs_flat_c_r","trailer_definition":"trailer_def.scs.flatbed.single_3.container","units_count":33,"fill_ratio":1,"trailer_place":0},{"target":"lisette_log.lemans","urgency":0,"shortest_distance_km":247,"ferry_time":0,"ferry_price":0,"cargo":"cargo.used_plast","company_truck":"scania_r_4x2_520","trailer_variant":"trailer.scs_dry","trailer_definition":"trailer_def.scs.box.single_3.dryvan","units_count":33,"fill_ratio":1,"trailer_place":0}],"ika_bohag.rennes":[{"target":"wilnet_trans.lemans","urgency":1,"shortest_distance_km":272,"ferry_time":0,"ferry_price":0,"cargo":"cargo.used_packag","company_truck":"scania_r_4x2_520","trailer_variant":"trailer.scs_curt_a","trailer_definition":"trailer_def.scs.box.single_3.curtain","units_count":33,"fill_ratio":1,"trailer_place":0}],"sellplan.southampton":[{"target":"lisette_log.rennes","urgency":2,"shortest_distance_km":730,"ferry_time":35,"ferry_price":300,"cargo":"cargo.used_plast_c","company_truck":"mercedes_4x2_b","trailer_variant":"trailer.scs_gosck20","trailer_definition":"trailer_def.scs.gooseneck.singl_3e_20.container","units_count":15,"fill_ratio":1,"trailer_place":0}],"sellplan.torino":[{"target":"tradeaux.nice","urgency":0,"shortest_distance_km":262,"ferry_time":0,"ferry_price":0,"cargo":"cargo.used_plast","company_truck":"scania_4x2_b","trailer_variant":"trailer.scs_curt_s","trailer_definition":"trailer_def.scs.box.single_3.curtain","units_count":33,"fill_ratio":1,"trailer_place":0}],"mvm_carriere.nice":[{"target":"tradeaux.nice","urgency":0,"shortest_distance_km":76,"ferry_time":0,"ferry_price":0,"cargo":"cargo.gravel","company_truck":"scania_streamline_6x2_b","trailer_variant":"trailer.s_ki_solid.gravel","trailer_definition":"trailer_def.gravel.s_ki_solid.gravel","units_count":100,"fill_ratio":1,"trailer_place":0}],"fle.clermont":[{"target":"globeur.bourges","urgency":0,"shortest_distance_km":188,"ferry_time":0,"ferry_price":0,"cargo":"cargo.med_equip","company_truck":"man_6x4_b","trailer_variant":"trailer.scs_dry_s","trailer_definition":"trailer_def.scs.box.single_3.dryvan","units_count":33,"fill_ratio":1,"trailer_place":0},{"target":"globeur.bourges","urgency":1,"shortest_distance_km":188,"ferry_time":0,"ferry_price":0,"cargo":"cargo.cut_flowers","company_truck":"renault_premium_6x4_a","trailer_variant":"trailer.scs_ref","trailer_definition":"trailer_def.scs.box.single_3.reefer","units_count":33,"fill_ratio":1,"trailer_place":0}],"wilnet_trans.porto_vecchi":[{"target":"gnt.bastia","urgency":0,"shortest_distance_km":145,"ferry_time":0,"ferry_price":0,"cargo":"cargo.lavender","company_truck":"mercedes_actros_2014_6x2_a","trailer_variant":"trailer.scs_dry_ms","trailer_definition":"trailer_def.scs.box.single_3.dryvan_m","units_count":33,"fill_ratio":1,"trailer_place":0},{"target":"tradeaux.nice","urgency":1,"shortest_distance_km":255,"ferry_time":840,"ferry_price":1193,"cargo":"cargo.emptytank","company_truck":"mercedes_4x2","trailer_variant":"trailer.scs_flat_c_g","trailer_definition":"trailer_def.scs.flatbed.single_3.container","units_count":2,"fill_ratio":1,"trailer_place":0}],"eolo_lines.porto_vecchi":[{"target":"gnt.bastia","urgency":2,"shortest_distance_km":145,"ferry_time":0,"ferry_price":0,"cargo":"cargo.limonades","company_truck":"renault_premium_6x4_a","trailer_variant":"trailer.scs_curt_s","trailer_definition":"trailer_def.scs.box.single_3.curtain","units_count":33,"fill_ratio":1,"trailer_place":0}],"boisserie.lemans":[{"target":"lisette_log.rennes","urgency":2,"shortest_distance_km":237,"ferry_time":0,"ferry_price":0,"cargo":"cargo.wshavings","company_truck":"renault_magnum_6x4_a","trailer_variant":"trailer.s_ki_solid.cover","trailer_definition":"trailer_def.wshavings.s_ki_solid.cover","units_count":100,"fill_ratio":1,"trailer_place":0},{"target":"lisette_log.lemans","urgency":0,"shortest_distance_km":125,"ferry_time":0,"ferry_price":0,"cargo":"cargo.sawpanels","company_truck":"scania_s_4x2_580","trailer_variant":"trailer.scs_curt_a","trailer_definition":"trailer_def.scs.box.single_3.curtain","units_count":33,"fill_ratio":1,"trailer_place":0},{"target":"wilnet_trans.lemans","urgency":0,"shortest_distance_km":127,"ferry_time":0,"ferry_price":0,"cargo":"cargo.corks","company_truck":"scania_6x4_a","trailer_variant":"trailer.scs_curt_s","trailer_definition":"trailer_def.scs.box.single_3.curtain","units_count":33,"fill_ratio":1,"trailer_place":0}],"dans_jardin.bastia":[{"target":"wilnet_trans.limoges","urgency":1,"shortest_distance_km":755,"ferry_time":840,"ferry_price":1193,"cargo":"cargo.carrots","company_truck":"renault_magnum_6x4_a","trailer_variant":"trailer.scs_dry","trailer_definition":"trailer_def.scs.box.single_3.dryvan","units_count":33,"fill_ratio":1,"trailer_place":0},{"target":"wilnet_trans.marseille","urgency":0,"shortest_distance_km":102,"ferry_time":840,"ferry_price":1193,"cargo":"cargo.lavender","company_truck":"mercedes_6x4_a","trailer_variant":"trailer.scs_dry_ms","trailer_definition":"trailer_def.scs.box.single_3.dryvan_m","units_count":33,"fill_ratio":1,"trailer_place":0}],"bhv.limoges":[{"target":"wilnet_trans.limoges","urgency":2,"shortest_distance_km":1,"ferry_time":0,"ferry_price":0,"cargo":"cargo.mondeos","company_truck":"scania_s_6x2_450","trailer_variant":"trailer.car_trans","trailer_definition":"trailer_def.mondeos.car_trans","units_count":100,"fill_ratio":1,"trailer_place":0}],"lisette_log.ajaccio":[{"target":"bhb_raffin.marseille","urgency":2,"shortest_distance_km":256,"ferry_time":840,"ferry_price":1193,"cargo":"cargo.empty_palet","company_truck":"scania_streamline_4x2_b","trailer_variant":"trailer.scs_curt_a","trailer_definition":"trailer_def.scs.box.single_3.curtain","units_count":33,"fill_ratio":1,"trailer_place":0},{"target":"renar.calvi","urgency":2,"shortest_distance_km":73,"ferry_time":0,"ferry_price":0,"cargo":"cargo.wshavings","company_truck":"mercedes_4x2_c","trailer_variant":"trailer.s_ki_solid.cover","trailer_definition":"trailer_def.wshavings.s_ki_solid.cover","units_count":100,"fill_ratio":1,"trailer_place":0}],"batisse_wind.brest":[{"target":"tradeaux.brest","urgency":2,"shortest_distance_km":74,"ferry_time":0,"ferry_price":0,"cargo":"cargo.empty_palet","company_truck":"man_6x4_b","trailer_variant":"trailer.scs_dry_ms","trailer_definition":"trailer_def.scs.box.single_3.dryvan_m","units_count":33,"fill_ratio":1,"trailer_place":0}],"posped.strasbourg":[{"target":"stokes.zurich","urgency":2,"shortest_distance_km":217,"ferry_time":0,"ferry_price":0,"cargo":"cargo.iced_coffee","company_truck":"daf_4x2_b","trailer_variant":"trailer.scs_dry_m","trailer_definition":"trailer_def.scs.box.single_3.dryvan_m","units_count":33,"fill_ratio":1,"trailer_place":0}],"posped.linz":[{"target":"transinet.salzburg","urgency":0,"shortest_distance_km":143,"ferry_time":0,"ferry_price":0,"cargo":"cargo.soy_milk_t","company_truck":"man_6x4_b","trailer_variant":"trailer.scs_fodt","trailer_definition":"trailer_def.scs.foodtank.single_3.paint","units_count":26,"fill_ratio":1,"trailer_place":0}],"posped.verona":[{"target":"lisette_log.nice","urgency":0,"shortest_distance_km":506,"ferry_time":0,"ferry_price":0,"cargo":"cargo.apples_c","company_truck":"renault_premium_6x4_a","trailer_variant":"trailer.scs_flat_c_r","trailer_definition":"trailer_def.scs.flatbed.single_3.container","units_count":33,"fill_ratio":1,"trailer_place":0},{"target":"lisette_log.bordeaux","urgency":0,"shortest_distance_km":1298,"ferry_time":0,"ferry_price":0,"cargo":"cargo.harvest_bins","company_truck":"renault_t_6x2","trailer_variant":"trailer.scs_curt_a","trailer_definition":"trailer_def.scs.box.single_3.curtain","units_count":33,"fill_ratio":1,"trailer_place":0}],"trameri.innsbruck":[{"target":"tradeaux.nice","urgency":1,"shortest_distance_km":731,"ferry_time":0,"ferry_price":0,"cargo":"cargo.overweight","company_truck":"daf_6x2_a","trailer_variant":"trailer.scs_flat_b","trailer_definition":"trailer_def.scs.flatbed.single_3.flatbed_w","units_count":1,"fill_ratio":1,"trailer_place":0}],"euroacres.salzburg":[{"target":"gnt.bastia","urgency":0,"shortest_distance_km":1275,"ferry_time":840,"ferry_price":1193,"cargo":"cargo.goat_cheese","company_truck":"scania_streamline_4x2_c","trailer_variant":"trailer.scs_ref","trailer_definition":"trailer_def.scs.box.single_3.reefer","units_count":33,"fill_ratio":1,"trailer_place":0}],"subse.brest":[{"target":"lisette_log.roscoff","urgency":2,"shortest_distance_km":59,"ferry_time":0,"ferry_price":0,"cargo":"cargo.iced_coffee","company_truck":"daf_xf_euro6_6x2_a","trailer_variant":"trailer.scs_dry_ms","trailer_definition":"trailer_def.scs.box.single_3.dryvan_m","units_count":33,"fill_ratio":1,"trailer_place":0}],"ika_bohag.bordeaux":[{"target":"globeur.bordeaux","urgency":2,"shortest_distance_km":17,"ferry_time":0,"ferry_price":0,"cargo":"cargo.empty_palet","company_truck":"scania_r_6x2_450","trailer_variant":"trailer.scs_curt","trailer_definition":"trailer_def.scs.box.single_3.curtain","units_count":33,"fill_ratio":1,"trailer_place":0}],"kaarfor.limoges":[{"target":"wilnet_trans.nantes","urgency":1,"shortest_distance_km":411,"ferry_time":0,"ferry_price":0,"cargo":"cargo.used_packag","company_truck":"man_4x2_a","trailer_variant":"trailer.scs_curt","trailer_definition":"trailer_def.scs.box.single_3.curtain","units_count":33,"fill_ratio":1,"trailer_place":0}],"mvm_carriere.porto_vecchi":[{"target":"batisse_base.calvi","urgency":0,"shortest_distance_km":224,"ferry_time":0,"ferry_price":0,"cargo":"cargo.stones","company_truck":"daf_4x2_b","trailer_variant":"trailer.s_ki_solid.cover","trailer_definition":"trailer_def.stones.s_ki_solid.cover","units_count":100,"fill_ratio":1,"trailer_place":0}],"stokes.poznan":[{"target":"lkwlog.brno","urgency":0,"shortest_distance_km":436,"ferry_time":0,"ferry_price":0,"cargo":"cargo.post_packag","company_truck":"scania_streamline_6x4_a","trailer_variant":"trailer.scs_dry_ms","trailer_definition":"trailer_def.scs.box.single_3.dryvan_m","units_count":33,"fill_ratio":1,"trailer_place":0}]}