{"lkwlog.felixstowe":[{"target":"transinet.dortmund","urgency":0,"shortest_distance_km":821,"ferry_time":35,"ferry_price":300,"cargo":"cargo.locomotive","company_truck":"heavy/daf_6x4","trailer_variant":"trailer.goldhofer.mpa_k_flat14.vossloh_g6","trailer_definition":"trailer_def.locomotive.goldhofer.mpa_k_flat14.vossloh_g6","units_count":100,"fill_ratio":1,"trailer_place":0}],"tree_et.leipzig":[{"target":"transinet.dresden","urgency":0,"shortest_distance_km":150,"ferry_time":0,"ferry_price":0,"cargo":"cargo.mobile_crane","company_truck":"heavy/scania_s_6x4","trailer_variant":"trailer.goldhofer.mpa_k_flat14.t_c_3160","trailer_definition":"trailer_def.mobile_crane.goldhofer.mpa_k_flat14.t_c_3160","units_count":100,"fill_ratio":1,"trailer_place":0}],"itcc.liege":[{"target":"tradeaux.paris","urgency":0,"shortest_distance_km":365,"ferry_time":0,"ferry_price":0,"cargo":"cargo.concr_beams","company_truck":"heavy/man_6x4","trailer_variant":"trailer.goldhofer.stz_vl.conc_beam","trailer_definition":"trailer_def.concr_beams.goldhofer.stz_vl.conc_beam","units_count":100,"fill_ratio":1,"trailer_place":0}],"lkwlog.calais":[{"target":"tradeaux.rostock","urgency":0,"shortest_distance_km":1024,"ferry_time":0,"ferry_price":0,"cargo":"cargo.transformat","company_truck":"heavy/mercedes_6x4","trailer_variant":"trailer.goldhofer.stz_vl.transformer","trailer_definition":"trailer_def.transformat.goldhofer.stz_vl.transformer","units_count":100,"fill_ratio":1,"trailer_place":0}],"sanbuilders.erfurt":[{"target":"transinet.osnabruck","urgency":1,"shortest_distance_km":417,"ferry_time":0,"ferry_price":0,"cargo":"cargo.dozer","company_truck":"heavy/mercedes_6x4","trailer_variant":"trailer.goldhofer.mpa_k_flat14.k_d155ax_5","trailer_definition":"trailer_def.dozer.goldhofer.mpa_k_flat14.k_d155ax_5","units_count":100,"fill_ratio":1,"trailer_place":0}],"sanbuilders.london":[{"target":"transinet.southampton","urgency":1,"shortest_distance_km":160,"ferry_time":0,"ferry_price":0,"cargo":"cargo.dozer","company_truck":"heavy/scania_s_6x4","trailer_variant":"trailer.goldhofer.mpa_k_flat14.k_d155ax_5","trailer_definition":"trailer_def.dozer.goldhofer.mpa_k_flat14.k_d155ax_5","units_count":100,"fill_ratio":1,"trailer_place":0}],"sanbuilders.birmingham":[{"target":"stokes.cardiff","urgency":1,"shortest_distance_km":229,"ferry_time":0,"ferry_price":0,"cargo":"cargo.dozer","company_truck":"heavy/daf_6x4","trailer_variant":"trailer.goldhofer.mpa_k_flat14.k_d155ax_5","trailer_definition":"trailer_def.dozer.goldhofer.mpa_k_flat14.k_d155ax_5","units_count":100,"fill_ratio":1,"trailer_place":0}],"sanbuilders.lyon":[{"target":"stokes.calais","urgency":1,"shortest_distance_km":786,"ferry_time":0,"ferry_price":0,"cargo":"cargo.dozer","company_truck":"heavy/scania_r_8x4","trailer_variant":"trailer.goldhofer.mpa_k_flat14.k_d155ax_5","trailer_definition":"trailer_def.dozer.goldhofer.mpa_k_flat14.k_d155ax_5","units_count":100,"fill_ratio":1,"trailer_place":0}],"sanbuilders.rotterdam":[{"target":"quarry.reims","urgency":1,"shortest_distance_km":344,"ferry_time":0,"ferry_price":0,"cargo":"cargo.dozer","company_truck":"heavy/renault_t_6x2","trailer_variant":"trailer.goldhofer.mpa_k_flat14.k_d155ax_5","trailer_definition":"trailer_def.dozer.goldhofer.mpa_k_flat14.k_d155ax_5","units_count":100,"fill_ratio":1,"trailer_place":0}]}