{"voitureux.paris":[{"target":"tras_med.roma","urgency":2,"shortest_distance_km":1470,"ferry_time":0,"ferry_price":0,"cargo":"cargo.used_battery","company_truck":"scania_s_6x4_730","trailer_variant":"trailer.scs_dry_a","trailer_definition":"trailer_def.scs.box.single_3.dryvan","units_count":33,"fill_ratio":1,"trailer_place":1}],"wgcc.frankfurt":[{"target":"lkwlog.stuttgart","urgency":2,"shortest_distance_km":233,"ferry_time":0,"ferry_price":0,"cargo":"cargo.carbn_pwdr_c","company_truck":"daf_4x2_b","trailer_variant":"trailer.scs_gosck20","trailer_definition":"trailer_def.scs.gooseneck.singl_3e_20.container","units_count":15,"fill_ratio":1,"trailer_place":0}],"tradeaux.klagenfurt":[{"target":"lkwlog.graz","urgency":0,"shortest_distance_km":118,"ferry_time":0,"ferry_price":0,"cargo":"cargo.sq_tub","company_truck":"daf_xf_euro6_6x4_c","trailer_variant":"trailer.scs_flat_c_r","trailer_definition":"trailer_def.scs.flatbed.single_3.container","units_count":2,"fill_ratio":1,"trailer_place":0}],"c_navale.olbia":[{"target":"te_logistica.firenze","urgency":0,"shortest_distance_km":788,"ferry_time":840,"ferry_price":879,"cargo":"cargo.scrap_metals","company_truck":"daf_xf_euro6_6x2_a","trailer_variant":"trailer.s_ki_solid.cover","trailer_definition":"trailer_def.scrap_metals.s_ki_solid.cover","units_count":100,"fill_ratio":1,"trailer_place":0},{"target":"te_logistica.cagliari","urgency":1,"shortest_distance_km":246,"ferry_time":0,"ferry_price":0,"cargo":"cargo.used_packag","company_truck":"scania_4x2_b","trailer_variant":"trailer.scs_curt_s","trailer_definition":"trailer_def.scs.box.single_3.curtain","units_count":33,"fill_ratio":1,"trailer_place":0}],"costruzi_win.palermo":[{"target":"cnp.napoli","urgency":2,"shortest_distance_km":721,"ferry_time":20,"ferry_price":347,"cargo":"cargo.empty_palet","company_truck":"iveco_4x2_c","trailer_variant":"trailer.scs_dry_s","trailer_definition":"trailer_def.scs.box.single_3.dryvan","units_count":33,"fill_ratio":1,"trailer_place":0}],"sal.pescara":[{"target":"tesore_gust.napoli","urgency":2,"shortest_distance_km":221,"ferry_time":0,"ferry_price":0,"cargo":"cargo.empty_palet","company_truck":"daf_xf_euro6_4x2_a","trailer_variant":"trailer.scs_dry_s","trailer_definition":"trailer_def.scs.box.single_3.dryvan","units_count":33,"fill_ratio":1,"trailer_place":0}],"ika_bohag.pescara":[{"target":"exomar.ancona","urgency":1,"shortest_distance_km":165,"ferry_time":0,"ferry_price":0,"cargo":"cargo.used_packag","company_truck":"renault_t_6x2","trailer_variant":"trailer.scs_curt_a","trailer_definition":"trailer_def.scs.box.single_3.curtain","units_count":33,"fill_ratio":1,"trailer_place":0}],"wgcc.munchen":[{"target":"cargotras.olbia","urgency":1,"shortest_distance_km":1445,"ferry_time":840,"ferry_price":879,"cargo":"cargo.emptytank","company_truck":"iveco_4x2_a","trailer_variant":"trailer.scs_flat_c_r","trailer_definition":"trailer_def.scs.flatbed.single_3.container","units_count":2,"fill_ratio":1,"trailer_place":0}],"transinet.brussel":[{"target":"lkwlog.dover","urgency":2,"shortest_distance_km":233,"ferry_time":91,"ferry_price":384,"cargo":"cargo.mtl_coil","company_truck":"man_tgx_euro6_4x2_xl","trailer_variant":"trailer.scs_flat_b","trailer_definition":"trailer_def.scs.flatbed.single_3.flatbed_w","units_count":2,"fill_ratio":1,"trailer_place":0}],"lkwlog.graz":[{"target":"te_logistica.firenze","urgency":2,"shortest_distance_km":678,"ferry_time":0,"ferry_price":0,"cargo":"cargo.glass_packed","company_truck":"scania_r_6x2_450","trailer_variant":"trailer.gls_trailer","trailer_definition":"trailer_def.glass_packed.gls_trailer","units_count":100,"fill_ratio":1,"trailer_place":0}],"cesare_smar.sassari":[{"target":"cargotras.olbia","urgency":0,"shortest_distance_km":95,"ferry_time":0,"ferry_price":0,"cargo":"cargo.used_plast","company_truck":"mercedes_actros_2014_4x2_a","trailer_variant":"trailer.scs_dry_ms","trailer_definition":"trailer_def.scs.box.single_3.dryvan_m","units_count":33,"fill_ratio":1,"trailer_place":0}],"aci.genova":[{"target":"tras_med.genova","urgency":0,"shortest_distance_km":3,"ferry_time":0,"ferry_price":0,"cargo":"cargo.med_equip","company_truck":"renault_premium_6x2_a","trailer_variant":"trailer.scs_ref","trailer_definition":"trailer_def.scs.box.single_3.reefer","units_count":33,"fill_ratio":1,"trailer_place":0}],"costruzi_win.pescara":[{"target":"fui.olbia","urgency":2,"shortest_distance_km":470,"ferry_time":840,"ferry_price":879,"cargo":"cargo.forklifts","company_truck":"renault_t_4x2","trailer_variant":"trailer.overweight.forklifts","trailer_definition":"trailer_def.forklifts.overweight.forklifts","units_count":100,"fill_ratio":1,"trailer_place":0},{"target":"exomar.ancona","urgency":2,"shortest_distance_km":230,"ferry_time":0,"ferry_price":0,"cargo":"cargo.empty_palet","company_truck":"mercedes_actros_2014_6x4_b","trailer_variant":"trailer.scs_curt_a","trailer_definition":"trailer_def.scs.box.single_3.curtain","units_count":33,"fill_ratio":1,"trailer_place":0}],"tras_med.catania":[{"target":"cesare_smar.sassari","urgency":1,"shortest_distance_km":421,"ferry_time":720,"ferry_price":778,"cargo":"cargo.pesto","company_truck":"scania_r_4x2_520","trailer_variant":"trailer.scs_curt_a","trailer_definition":"trailer_def.scs.box.single_3.curtain","units_count":33,"fill_ratio":1,"trailer_place":0}],"ika_bohag.catania":[{"target":"cargotras.catanzaro","urgency":2,"shortest_distance_km":302,"ferry_time":20,"ferry_price":347,"cargo":"cargo.empty_palet","company_truck":"mercedes_4x2_c","trailer_variant":"trailer.scs_dry_ms","trailer_definition":"trailer_def.scs.box.single_3.dryvan_m","units_count":33,"fill_ratio":1,"trailer_place":0}],"cargotras.livorno":[{"target":"tras_med.genova","urgency":2,"shortest_distance_km":250,"ferry_time":0,"ferry_price":0,"cargo":"cargo.wallpanels","company_truck":"renault_magnum_4x2_a","trailer_variant":"trailer.panel_trans.wall","trailer_definition":"trailer_def.wallpanels.panel_trans.wall","units_count":100,"fill_ratio":1,"trailer_place":0}],"te_logistica.parma":[{"target":"tras_med.genova","urgency":2,"shortest_distance_km":260,"ferry_time":0,"ferry_price":0,"cargo":"cargo.glass_packed","company_truck":"man_6x4_b","trailer_variant":"trailer.gls_trailer","trailer_definition":"trailer_def.glass_packed.gls_trailer","units_count":100,"fill_ratio":1,"trailer_place":0}],"piac.cassino":[{"target":"te_logistica.napoli","urgency":2,"shortest_distance_km":122,"ferry_time":0,"ferry_price":0,"cargo":"cargo.used_plast_c","company_truck":"scania_6x4_a","trailer_variant":"trailer.scs_flat_c_g","trailer_definition":"trailer_def.scs.flatbed.single_3.container","units_count":33,"fill_ratio":1,"trailer_place":0},{"target":"tesore_gust.parma","urgency":2,"shortest_distance_km":551,"ferry_time":0,"ferry_price":0,"cargo":"cargo.empty_palet","company_truck":"iveco_4x2_a","trailer_variant":"trailer.scs_curt","trailer_definition":"trailer_def.scs.box.single_3.curtain","units_count":33,"fill_ratio":1,"trailer_place":0}],"pp_chimica.terni":[{"target":"quadrelli.pescara","urgency":1,"shortest_distance_km":259,"ferry_time":0,"ferry_price":0,"cargo":"cargo.dynamite","company_truck":"man_6x4_b","trailer_variant":"trailer.scs_curt_s","trailer_definition":"trailer_def.scs.box.single_3.curtain","units_count":33,"fill_ratio":1,"trailer_place":0}],"fui.catanzaro":[{"target":"exomar.taranto","urgency":0,"shortest_distance_km":177,"ferry_time":0,"ferry_price":0,"cargo":"cargo.tomatoes","company_truck":"scania_4x2_b","trailer_variant":"trailer.scs_ref_s","trailer_definition":"trailer_def.scs.box.single_3.reefer","units_count":33,"fill_ratio":1,"trailer_place":0}],"tras_med.cagliari":[{"target":"cargotras.olbia","urgency":0,"shortest_distance_km":245,"ferry_time":0,"ferry_price":0,"cargo":"cargo.metal_pipes","company_truck":"renault_t_6x2","trailer_variant":"trailer.scs_flat_c_r","trailer_definition":"trailer_def.scs.flatbed.single_3.container","units_count":2,"fill_ratio":1,"trailer_place":0}],"ika_bohag.ancona":[{"target":"exomar.olbia","urgency":1,"shortest_distance_km":744,"ferry_time":840,"ferry_price":879,"cargo":"cargo.used_packag","company_truck":"scania_s_4x2_580","trailer_variant":"trailer.scs_dry_ms","trailer_definition":"trailer_def.scs.box.single_3.dryvan_m","units_count":33,"fill_ratio":1,"trailer_place":0},{"target":"tesore_gust.roma","urgency":2,"shortest_distance_km":281,"ferry_time":0,"ferry_price":0,"cargo":"cargo.empty_palet","company_truck":"renault_premium_4x2_c","trailer_variant":"trailer.scs_dry","trailer_definition":"trailer_def.scs.box.single_3.dryvan","units_count":33,"fill_ratio":1,"trailer_place":0}],"cargotras.milano":[{"target":"stokes.nurnberg","urgency":1,"shortest_distance_km":752,"ferry_time":0,"ferry_price":0,"cargo":"cargo.exhausts_c","company_truck":"man_6x4_b","trailer_variant":"trailer.scs_flat_c_g","trailer_definition":"trailer_def.scs.flatbed.single_3.container","units_count":33,"fill_ratio":1,"trailer_place":0}],"acc.terni":[{"target":"libellula.bologna","urgency":0,"shortest_distance_km":332,"ferry_time":0,"ferry_price":0,"cargo":"cargo.sq_tub","company_truck":"renault_magnum_6x4_a","trailer_variant":"trailer.scs_flat_r","trailer_definition":"trailer_def.scs.flatbed.single_3.flatbed_w","units_count":2,"fill_ratio":1,"trailer_place":0},{"target":"sal.terni","urgency":2,"shortest_distance_km":91,"ferry_time":0,"ferry_price":0,"cargo":"cargo.excavator","company_truck":"daf_xf_euro6_4x2_c","trailer_variant":"trailer.overweight.excavator","trailer_definition":"trailer_def.excavator.overweight.excavator","units_count":100,"fill_ratio":1,"trailer_place":0},{"target":"tras_med.roma","urgency":2,"shortest_distance_km":115,"ferry_time":0,"ferry_price":0,"cargo":"cargo.forklifts","company_truck":"scania_r_4x2_370","trailer_variant":"trailer.overweight.forklifts","trailer_definition":"trailer_def.forklifts.overweight.forklifts","units_count":100,"fill_ratio":1,"trailer_place":0}],"ika_bohag.roma":[{"target":"cargotras.olbia","urgency":1,"shortest_distance_km":531,"ferry_time":840,"ferry_price":879,"cargo":"cargo.used_packag","company_truck":"mercedes_actros_2014_4x2_a","trailer_variant":"trailer.scs_curt_a","trailer_definition":"trailer_def.scs.box.single_3.curtain","units_count":33,"fill_ratio":1,"trailer_place":0},{"target":"tras_med.catania","urgency":2,"shortest_distance_km":820,"ferry_time":20,"ferry_price":347,"cargo":"cargo.empty_palet","company_truck":"mercedes_4x2_a","trailer_variant":"trailer.scs_dry_s","trailer_definition":"trailer_def.scs.box.single_3.dryvan","units_count":33,"fill_ratio":1,"trailer_place":0}],"cont_port_it.napoli":[{"target":"tras_med.cagliari","urgency":1,"shortest_distance_km":38,"ferry_time":840,"ferry_price":879,"cargo":"cargo.beverages_c","company_truck":"scania_s_6x2_450","trailer_variant":"trailer.scs_flat_c_g","trailer_definition":"trailer_def.scs.flatbed.single_3.container","units_count":33,"fill_ratio":1,"trailer_place":0},{"target":"te_logistica.cagliari","urgency":0,"shortest_distance_km":12,"ferry_time":840,"ferry_price":879,"cargo":"cargo.carrots_c","company_truck":"mercedes_4x2","trailer_variant":"trailer.scs_gosck20","trailer_definition":"trailer_def.scs.gooseneck.singl_3e_20.container","units_count":15,"fill_ratio":1,"trailer_place":0}],"tras_med.bari":[{"target":"cargotras.olbia","urgency":2,"shortest_distance_km":506,"ferry_time":840,"ferry_price":879,"cargo":"cargo.rooflights","company_truck":"mercedes_4x2_b","trailer_variant":"trailer.scs_curt","trailer_definition":"trailer_def.scs.box.single_3.curtain","units_count":33,"fill_ratio":1,"trailer_place":0}],"acc.catania":[{"target":"te_logistica.sassari","urgency":1,"shortest_distance_km":421,"ferry_time":720,"ferry_price":778,"cargo":"cargo.emptytank","company_truck":"man_6x4_b","trailer_variant":"trailer.scs_flat_c_r","trailer_definition":"trailer_def.scs.flatbed.single_3.container","units_count":2,"fill_ratio":1,"trailer_place":0},{"target":"sal.sassari","urgency":0,"shortest_distance_km":370,"ferry_time":720,"ferry_price":778,"cargo":"cargo.hipresstank","company_truck":"iveco_4x2_a","trailer_variant":"trailer.scs_flat_c_g","trailer_definition":"trailer_def.scs.flatbed.single_3.container","units_count":2,"fill_ratio":1,"trailer_place":0},{"target":"tesore_gust.napoli","urgency":2,"shortest_distance_km":602,"ferry_time":20,"ferry_price":347,"cargo":"cargo.forklifts","company_truck":"mercedes_actros_2014_4x2_c","trailer_variant":"trailer.overweight.forklifts","trailer_definition":"trailer_def.forklifts.overweight.forklifts","units_count":100,"fill_ratio":1,"trailer_place":0}],"marmo.livorno":[{"target":"costruzi_fla.catanzaro","urgency":0,"shortest_distance_km":987,"ferry_time":0,"ferry_price":0,"cargo":"cargo.marb_blck","company_truck":"daf_4x2_a","trailer_variant":"trailer.scs_flat_b","trailer_definition":"trailer_def.scs.flatbed.single_3.flatbed_w","units_count":2,"fill_ratio":1,"trailer_place":0}],"aaa.pescara":[{"target":"cargotras.pescara","urgency":2,"shortest_distance_km":1,"ferry_time":0,"ferry_price":0,"cargo":"cargo.car_it","company_truck":"daf_4x2_a","trailer_variant":"trailer.car_it","trailer_definition":"trailer_def.car_it.car_it","units_count":100,"fill_ratio":1,"trailer_place":0}],"fattoria_f.napoli":[{"target":"exomar.ancona","urgency":0,"shortest_distance_km":610,"ferry_time":0,"ferry_price":0,"cargo":"cargo.prosciutto","company_truck":"scania_s_6x4_730","trailer_variant":"trailer.scs_ins_s","trailer_definition":"trailer_def.scs.box.single_3.insulated","units_count":33,"fill_ratio":1,"trailer_place":0},{"target":"te_logistica.napoli","urgency":1,"shortest_distance_km":188,"ferry_time":0,"ferry_price":0,"cargo":"cargo.drymilk","company_truck":"mercedes_4x2_b","trailer_variant":"trailer.scs_dry_ms","trailer_definition":"trailer_def.scs.box.single_3.dryvan_m","units_count":33,"fill_ratio":1,"trailer_place":0}],"cnp.catania":[{"target":"acc.catania","urgency":2,"shortest_distance_km":51,"ferry_time":0,"ferry_price":0,"cargo":"cargo.carbn_pwdr_c","company_truck":"scania_streamline_4x2_c","trailer_variant":"trailer.scs_flat_c_r","trailer_definition":"trailer_def.scs.flatbed.single_3.container","units_count":33,"fill_ratio":1,"trailer_place":0}],"te_logistica.firenze":[{"target":"costruzi_hal.genova","urgency":2,"shortest_distance_km":268,"ferry_time":0,"ferry_price":0,"cargo":"cargo.glass","company_truck":"man_6x4_b","trailer_variant":"trailer.panel_trans.glass","trailer_definition":"trailer_def.glass.panel_trans.glass","units_count":100,"fill_ratio":1,"trailer_place":0}],"kaarfor.poznan":[{"target":"te_logistica.cagliari","urgency":1,"shortest_distance_km":1882,"ferry_time":840,"ferry_price":879,"cargo":"cargo.used_packag","company_truck":"scania_s_6x2_450","trailer_variant":"trailer.scs_dry_s","trailer_definition":"trailer_def.scs.box.single_3.dryvan","units_count":33,"fill_ratio":1,"trailer_place":0}],"libellula.ancona":[{"target":"tras_med.catania","urgency":0,"shortest_distance_km":1053,"ferry_time":20,"ferry_price":347,"cargo":"cargo.scooters","company_truck":"mercedes_actros_2014_4x2_a","trailer_variant":"trailer.scs_dry","trailer_definition":"trailer_def.scs.box.single_3.dryvan","units_count":33,"fill_ratio":1,"trailer_place":0}],"spinelli.parma":[{"target":"tesore_gust.firenze","urgency":2,"shortest_distance_km":235,"ferry_time":0,"ferry_price":0,"cargo":"cargo.forklifts","company_truck":"man_tgx_euro6_4x2_xxl","trailer_variant":"trailer.overweight.forklifts","trailer_definition":"trailer_def.forklifts.overweight.forklifts","units_count":100,"fill_ratio":1,"trailer_place":0},{"target":"exomar.bologna","urgency":1,"shortest_distance_km":181,"ferry_time":0,"ferry_price":0,"cargo":"cargo.used_packag","company_truck":"daf_4x2_a","trailer_variant":"trailer.scs_curt_a","trailer_definition":"trailer_def.scs.box.single_3.curtain","units_count":33,"fill_ratio":1,"trailer_place":0}],"fui.firenze":[{"target":"cargotras.livorno","urgency":0,"shortest_distance_km":153,"ferry_time":0,"ferry_price":0,"cargo":"cargo.olive_oil","company_truck":"man_6x4_b","trailer_variant":"trailer.scs_dry_ms","trailer_definition":"trailer_def.scs.box.single_3.dryvan_m","units_count":33,"fill_ratio":1,"trailer_place":0}],"quadrelli.bari":[{"target":"costruzi_fla.catanzaro","urgency":2,"shortest_distance_km":351,"ferry_time":0,"ferry_price":0,"cargo":"cargo.marb_blck2","company_truck":"renault_t_6x2","trailer_variant":"trailer.scs_flat_r","trailer_definition":"trailer_def.scs.flatbed.single_3.flatbed_w","units_count":2,"fill_ratio":1,"trailer_place":0}],"sal.terni":[{"target":"marmo.firenze","urgency":0,"shortest_distance_km":332,"ferry_time":0,"ferry_price":0,"cargo":"cargo.digger500","company_truck":"mercedes_4x2_c","trailer_variant":"trailer.overweight.digger500","trailer_definition":"trailer_def.digger500.overweight.digger500","units_count":100,"fill_ratio":1,"trailer_place":0}],"costruzi_win.taranto":[{"target":"cnp.taranto","urgency":2,"shortest_distance_km":99,"ferry_time":0,"ferry_price":0,"cargo":"cargo.empty_palet","company_truck":"renault_t_4x2h","trailer_variant":"trailer.scs_curt_s","trailer_definition":"trailer_def.scs.box.single_3.curtain","units_count":33,"fill_ratio":1,"trailer_place":0}],"te_logistica.cagliari":[{"target":"cargotras.sassari","urgency":1,"shortest_distance_km":204,"ferry_time":0,"ferry_price":0,"cargo":"cargo.emptytank","company_truck":"man_6x4_b","trailer_variant":"trailer.scs_flat_c_r","trailer_definition":"trailer_def.scs.flatbed.single_3.container","units_count":2,"fill_ratio":1,"trailer_place":0}],"costruzi_bas.firenze":[{"target":"exomar.roma","urgency":1,"shortest_distance_km":312,"ferry_time":0,"ferry_price":0,"cargo":"cargo.diggers","company_truck":"mercedes_actros_2014_4x2_c","trailer_variant":"trailer.overweight.digger","trailer_definition":"trailer_def.diggers.overweight.digger","units_count":100,"fill_ratio":1,"trailer_place":0},{"target":"marmo.firenze","urgency":2,"shortest_distance_km":153,"ferry_time":0,"ferry_price":0,"cargo":"cargo.digger1000","company_truck":"scania_r_4x2_370","trailer_variant":"trailer.overweight.digger1000","trailer_definition":"trailer_def.digger1000.overweight.digger1000","units_count":100,"fill_ratio":1,"trailer_place":0}],"ika_bohag.bologna":[{"target":"te_logistica.napoli","urgency":2,"shortest_distance_km":653,"ferry_time":0,"ferry_price":0,"cargo":"cargo.empty_palet","company_truck":"renault_t_4x2","trailer_variant":"trailer.scs_dry_a","trailer_definition":"trailer_def.scs.box.single_3.dryvan","units_count":33,"fill_ratio":1,"trailer_place":0}],"spinelli.cassino":[{"target":"cnp.ancona","urgency":2,"shortest_distance_km":408,"ferry_time":0,"ferry_price":0,"cargo":"cargo.empty_palet","company_truck":"scania_r_6x4_650","trailer_variant":"trailer.scs_dry_m","trailer_definition":"trailer_def.scs.box.single_3.dryvan_m","units_count":33,"fill_ratio":1,"trailer_place":0}],"eolo_lines.palermo":[{"target":"tras_med.cagliari","urgency":2,"shortest_distance_km":37,"ferry_time":720,"ferry_price":778,"cargo":"cargo.limonades","company_truck":"renault_magnum_6x2_a","trailer_variant":"trailer.scs_dry","trailer_definition":"trailer_def.scs.box.single_3.dryvan","units_count":33,"fill_ratio":1,"trailer_place":0},{"target":"te_logistica.messina","urgency":1,"shortest_distance_km":208,"ferry_time":0,"ferry_price":0,"cargo":"cargo.mozzarela","company_truck":"mercedes_4x2_c","trailer_variant":"trailer.scs_ref","trailer_definition":"trailer_def.scs.box.single_3.reefer","units_count":33,"fill_ratio":1,"trailer_place":0}],"libellula.livorno":[{"target":"cargotras.livorno","urgency":0,"shortest_distance_km":32,"ferry_time":0,"ferry_price":0,"cargo":"cargo.motorcycles","company_truck":"man_tgx_euro6_4x2_xxl","trailer_variant":"trailer.scs_dry","trailer_definition":"trailer_def.scs.box.single_3.dryvan","units_count":33,"fill_ratio":1,"trailer_place":0}],"eolo_lines.napoli":[{"target":"cargotras.sassari","urgency":1,"shortest_distance_km":215,"ferry_time":840,"ferry_price":879,"cargo":"cargo.pesto","company_truck":"scania_4x2_b","trailer_variant":"trailer.scs_curt_s","trailer_definition":"trailer_def.scs.box.single_3.curtain","units_count":33,"fill_ratio":1,"trailer_place":0}],"quadrelli.pescara":[{"target":"fui.catanzaro","urgency":0,"shortest_distance_km":472,"ferry_time":0,"ferry_price":0,"cargo":"cargo.excav_soil","company_truck":"scania_4x2_b","trailer_variant":"trailer.s_ki_solid.cover","trailer_definition":"trailer_def.excav_soil.s_ki_solid.cover","units_count":100,"fill_ratio":1,"trailer_place":0}],"tras_med.roma":[{"target":"cargotras.pescara","urgency":1,"shortest_distance_km":223,"ferry_time":0,"ferry_price":0,"cargo":"cargo.pesto","company_truck":"scania_s_6x4_730","trailer_variant":"trailer.scs_dry_ms","trailer_definition":"trailer_def.scs.box.single_3.dryvan_m","units_count":33,"fill_ratio":1,"trailer_place":0}],"piac.napoli":[{"target":"te_logistica.sassari","urgency":2,"shortest_distance_km":220,"ferry_time":840,"ferry_price":879,"cargo":"cargo.used_plast_c","company_truck":"daf_xf_euro6_6x2_a","trailer_variant":"trailer.scs_flat_c_r","trailer_definition":"trailer_def.scs.flatbed.single_3.container","units_count":33,"fill_ratio":1,"trailer_place":0}],"cargotras.catanzaro":[{"target":"marmo.firenze","urgency":2,"shortest_distance_km":827,"ferry_time":0,"ferry_price":0,"cargo":"cargo.excavator","company_truck":"mercedes_actros_2014_4x2_b","trailer_variant":"trailer.overweight.excavator","trailer_definition":"trailer_def.excavator.overweight.excavator","units_count":100,"fill_ratio":1,"trailer_place":0}],"exomar.taranto":[{"target":"cargotras.pescara","urgency":0,"shortest_distance_km":369,"ferry_time":0,"ferry_price":0,"cargo":"cargo.med_equip","company_truck":"mercedes_4x2_b","trailer_variant":"trailer.scs_curt_a","trailer_definition":"trailer_def.scs.box.single_3.curtain","units_count":33,"fill_ratio":1,"trailer_place":0}],"cnp.taranto":[{"target":"cont_port_it.napoli","urgency":2,"shortest_distance_km":271,"ferry_time":0,"ferry_price":0,"cargo":"cargo.carbn_pwdr_c","company_truck":"renault_magnum_6x2_a","trailer_variant":"trailer.scs_flat_c_r","trailer_definition":"trailer_def.scs.flatbed.single_3.container","units_count":33,"fill_ratio":1,"trailer_place":0},{"target":"acc.taranto","urgency":0,"shortest_distance_km":9,"ferry_time":0,"ferry_price":0,"cargo":"cargo.motor_oil","company_truck":"scania_r_4x2_520","trailer_variant":"trailer.scs_curt","trailer_definition":"trailer_def.scs.box.single_3.curtain","units_count":33,"fill_ratio":1,"trailer_place":0}],"libellula.bologna":[{"target":"cargotras.livorno","urgency":2,"shortest_distance_km":189,"ferry_time":0,"ferry_price":0,"cargo":"cargo.empty_palet","company_truck":"mercedes_4x2_c","trailer_variant":"trailer.scs_dry_ms","trailer_definition":"trailer_def.scs.box.single_3.dryvan_m","units_count":33,"fill_ratio":1,"trailer_place":0}],"posped.kiel":[{"target":"trameri.wroclaw","urgency":2,"shortest_distance_km":706,"ferry_time":0,"ferry_price":0,"cargo":"cargo.mtl_coil","company_truck":"scania_streamline_4x2_c","trailer_variant":"trailer.scs_flat_r","trailer_definition":"trailer_def.scs.flatbed.single_3.flatbed_w","units_count":2,"fill_ratio":1,"trailer_place":0}],"ika_bohag.milano":[{"target":"te_logistica.cagliari","urgency":2,"shortest_distance_km":827,"ferry_time":840,"ferry_price":879,"cargo":"cargo.empty_palet","company_truck":"renault_premium_6x2_a","trailer_variant":"trailer.scs_dry_ms","trailer_definition":"trailer_def.scs.box.single_3.dryvan_m","units_count":33,"fill_ratio":1,"trailer_place":0}],"fattoria_f.roma":[{"target":"tras_med.genova","urgency":2,"shortest_distance_km":631,"ferry_time":0,"ferry_price":0,"cargo":"cargo.milk","company_truck":"mercedes_actros_2014_4x2_c","trailer_variant":"trailer.scs_dry_ms","trailer_definition":"trailer_def.scs.box.single_3.dryvan_m","units_count":33,"fill_ratio":1,"trailer_place":0}],"costruzi_win.cagliari":[{"target":"piac.napoli","urgency":2,"shortest_distance_km":106,"ferry_time":840,"ferry_price":879,"cargo":"cargo.forklifts","company_truck":"mercedes_4x2_b","trailer_variant":"trailer.overweight.forklifts","trailer_definition":"trailer_def.forklifts.overweight.forklifts","units_count":100,"fill_ratio":1,"trailer_place":0}],"te_logistica.messina":[{"target":"cargotras.palermo","urgency":0,"shortest_distance_km":208,"ferry_time":0,"ferry_price":0,"cargo":"cargo.pasta","company_truck":"scania_4x2_c","trailer_variant":"trailer.scs_dry_ms","trailer_definition":"trailer_def.scs.box.single_3.dryvan_m","units_count":33,"fill_ratio":1,"trailer_place":0},{"target":"tras_med.bari","urgency":0,"shortest_distance_km":424,"ferry_time":20,"ferry_price":347,"cargo":"cargo.goat_cheese","company_truck":"scania_streamline_4x2_c","trailer_variant":"trailer.scs_ref","trailer_definition":"trailer_def.scs.box.single_3.reefer","units_count":33,"fill_ratio":1,"trailer_place":0},{"target":"quadrelli.catania","urgency":2,"shortest_distance_km":173,"ferry_time":0,"ferry_price":0,"cargo":"cargo.digger1000","company_truck":"daf_xf_euro6_4x2_a","trailer_variant":"trailer.overweight.digger1000","trailer_definition":"trailer_def.digger1000.overweight.digger1000","units_count":100,"fill_ratio":1,"trailer_place":0},{"target":"cargotras.palermo","urgency":0,"shortest_distance_km":208,"ferry_time":0,"ferry_price":0,"cargo":"cargo.tableware","company_truck":"mercedes_4x2_b","trailer_variant":"trailer.scs_dry_ms","trailer_definition":"trailer_def.scs.box.single_3.dryvan_m","units_count":33,"fill_ratio":1,"trailer_place":0}],"aci.cagliari":[{"target":"te_logistica.napoli","urgency":0,"shortest_distance_km":55,"ferry_time":840,"ferry_price":879,"cargo":"cargo.med_equip","company_truck":"scania_streamline_6x2_b","trailer_variant":"trailer.scs_curt_a","trailer_definition":"trailer_def.scs.box.single_3.curtain","units_count":33,"fill_ratio":1,"trailer_place":0}],"cnp.ancona":[{"target":"cont_port_it.bari","urgency":0,"shortest_distance_km":478,"ferry_time":0,"ferry_price":0,"cargo":"cargo.motor_oil_c","company_truck":"scania_streamline_4x2_c","trailer_variant":"trailer.scs_flat_c_g","trailer_definition":"trailer_def.scs.flatbed.single_3.container","units_count":33,"fill_ratio":1,"trailer_place":0}],"te_logistica.napoli":[{"target":"cesare_smar.sassari","urgency":1,"shortest_distance_km":239,"ferry_time":840,"ferry_price":879,"cargo":"cargo.beverages_c","company_truck":"man_tgx_euro6_6x4_xlx","trailer_variant":"trailer.scs_flat_c_r","trailer_definition":"trailer_def.scs.flatbed.single_3.container","units_count":33,"fill_ratio":1,"trailer_place":0}],"eolo_lines.cagliari":[{"target":"te_logistica.napoli","urgency":2,"shortest_distance_km":22,"ferry_time":840,"ferry_price":879,"cargo":"cargo.seal_bearing","company_truck":"iveco_4x2_a","trailer_variant":"trailer.scs_dry_ms","trailer_definition":"trailer_def.scs.box.single_3.dryvan_m","units_count":33,"fill_ratio":1,"trailer_place":0},{"target":"cesare_smar.palermo","urgency":1,"shortest_distance_km":5,"ferry_time":720,"ferry_price":778,"cargo":"cargo.nuts","company_truck":"scania_streamline_6x2_b","trailer_variant":"trailer.scs_dry_s","trailer_definition":"trailer_def.scs.box.single_3.dryvan","units_count":33,"fill_ratio":1,"trailer_place":0}],"cnp.livorno":[{"target":"cargotras.livorno","urgency":2,"shortest_distance_km":1,"ferry_time":0,"ferry_price":0,"cargo":"cargo.carbn_pwdr_c","company_truck":"daf_4x2_a","trailer_variant":"trailer.scs_gosck220","trailer_definition":"trailer_def.scs.gooseneck.singl_3e_220.container","units_count":30,"fill_ratio":1,"trailer_place":0}],"eurogoodies.venezia":[{"target":"exomar.bologna","urgency":2,"shortest_distance_km":181,"ferry_time":0,"ferry_price":0,"cargo":"cargo.flour","company_truck":"renault_t_4x2h","trailer_variant":"trailer.scs_dry_m","trailer_definition":"trailer_def.scs.box.single_3.dryvan_m","units_count":33,"fill_ratio":1,"trailer_place":0},{"target":"exomar.bologna","urgency":2,"shortest_distance_km":181,"ferry_time":0,"ferry_price":0,"cargo":"cargo.beans","company_truck":"man_tgx_euro6_4x2_xxl","trailer_variant":"trailer.scs_dry_s","trailer_definition":"trailer_def.scs.box.single_3.dryvan","units_count":33,"fill_ratio":1,"trailer_place":0}],"transinet.torino":[{"target":"te_logistica.messina","urgency":1,"shortest_distance_km":1288,"ferry_time":20,"ferry_price":347,"cargo":"cargo.milk_t","company_truck":"man_6x4_b","trailer_variant":"trailer.scs_fodt","trailer_definition":"trailer_def.scs.foodtank.single_3.paint","units_count":27,"fill_ratio":1,"trailer_place":0}],"trameri.klagenfurt":[{"target":"tras_med.cagliari","urgency":2,"shortest_distance_km":1173,"ferry_time":840,"ferry_price":879,"cargo":"cargo.roof_tiles","company_truck":"daf_6x2_a","trailer_variant":"trailer.scs_dry_ms","trailer_definition":"trailer_def.scs.box.single_3.dryvan_m","units_count":33,"fill_ratio":1,"trailer_place":0}],"fui.catania":[{"target":"cargotras.palermo","urgency":0,"shortest_distance_km":166,"ferry_time":0,"ferry_price":0,"cargo":"cargo.olive_oil_t","company_truck":"daf_4x2_b","trailer_variant":"trailer.scs_fodt","trailer_definition":"trailer_def.scs.foodtank.single_3.paint","units_count":30,"fill_ratio":1,"trailer_place":0}],"eolo_lines.messina":[{"target":"te_logistica.messina","urgency":1,"shortest_distance_km":1,"ferry_time":0,"ferry_price":0,"cargo":"cargo.chem_sorb_c","company_truck":"scania_r_4x2_370","trailer_variant":"trailer.scs_gosck20","trailer_definition":"trailer_def.scs.gooseneck.singl_3e_20.container","units_count":15,"fill_ratio":1,"trailer_place":0},{"target":"te_logistica.cagliari","urgency":0,"shortest_distance_km":223,"ferry_time":720,"ferry_price":778,"cargo":"cargo.prosciutto","company_truck":"iveco_4x2_c","trailer_variant":"trailer.scs_ref","trailer_definition":"trailer_def.scs.box.single_3.reefer","units_count":33,"fill_ratio":1,"trailer_place":0}],"itcc.sheffield":[{"target":"tradeaux.lille","urgency":0,"shortest_distance_km":565,"ferry_time":35,"ferry_price":300,"cargo":"cargo.sq_tub","company_truck":"daf_xf_euro6_4x2_b","trailer_variant":"trailer.scs_flat_c_g","trailer_definition":"trailer_def.scs.flatbed.single_3.container","units_count":1,"fill_ratio":1,"trailer_place":0}],"cargotras.palermo":[{"target":"costruzi_win.palermo","urgency":1,"shortest_distance_km":87,"ferry_time":0,"ferry_price":0,"cargo":"cargo.electronics","company_truck":"daf_4x2_a","trailer_variant":"trailer.scs_dry_s","trailer_definition":"trailer_def.scs.box.single_3.dryvan","units_count":33,"fill_ratio":1,"trailer_place":0},{"target":"fui.olbia","urgency":0,"shortest_distance_km":209,"ferry_time":720,"ferry_price":778,"cargo":"cargo.fertilizer","company_truck":"daf_6x2_a","trailer_variant":"trailer.scs_brick_r","trailer_definition":"trailer_def.scs.flatbed.single_3.brick","units_count":33,"fill_ratio":1,"trailer_place":0}],"libellula.milano":[{"target":"tradeaux.geneve","urgency":0,"shortest_distance_km":429,"ferry_time":0,"ferry_price":0,"cargo":"cargo.motorcycles","company_truck":"mercedes_4x2","trailer_variant":"trailer.scs_dry_s","trailer_definition":"trailer_def.scs.box.single_3.dryvan","units_count":33,"fill_ratio":1,"trailer_place":0}],"cesare_smar.pescara":[{"target":"tras_med.roma","urgency":2,"shortest_distance_km":240,"ferry_time":0,"ferry_price":0,"cargo":"cargo.used_plast_c","company_truck":"scania_s_4x2_370","trailer_variant":"trailer.scs_gosck220","trailer_definition":"trailer_def.scs.gooseneck.singl_3e_220.container","units_count":30,"fill_ratio":1,"trailer_place":0},{"target":"tras_med.bari","urgency":1,"shortest_distance_km":324,"ferry_time":0,"ferry_price":0,"cargo":"cargo.used_packag","company_truck":"mercedes_actros_2014_6x2_a","trailer_variant":"trailer.scs_dry_a","trailer_definition":"trailer_def.scs.box.single_3.dryvan","units_count":33,"fill_ratio":1,"trailer_place":0},{"target":"tras_med.roma","urgency":2,"shortest_distance_km":240,"ferry_time":0,"ferry_price":0,"cargo":"cargo.empty_palet","company_truck":"renault_premium_6x4_a","trailer_variant":"trailer.scs_dry","trailer_definition":"trailer_def.scs.box.single_3.dryvan","units_count":33,"fill_ratio":1,"trailer_place":0}],"spinelli.milano":[{"target":"posped.linz","urgency":2,"shortest_distance_km":739,"ferry_time":0,"ferry_price":0,"cargo":"cargo.moto_tires","company_truck":"mercedes_actros_2014_4x2_a","trailer_variant":"trailer.scs_dry","trailer_definition":"trailer_def.scs.box.single_3.dryvan","units_count":33,"fill_ratio":1,"trailer_place":0}],"acc.taranto":[{"target":"te_logistica.napoli","urgency":1,"shortest_distance_km":276,"ferry_time":0,"ferry_price":0,"cargo":"cargo.iron_pipes","company_truck":"scania_r_6x2_450","trailer_variant":"trailer.scs_log","trailer_definition":"trailer_def.scs.log.single_3.steel","units_count":2,"fill_ratio":1,"trailer_place":0}],"fui.roma":[{"target":"cargotras.pescara","urgency":0,"shortest_distance_km":324,"ferry_time":0,"ferry_price":0,"cargo":"cargo.olive_oil_t","company_truck":"scania_4x2_b","trailer_variant":"trailer.scs_fodt","trailer_definition":"trailer_def.scs.foodtank.single_3.paint","units_count":30,"fill_ratio":1,"trailer_place":0}],"quadrelli.catania":[{"target":"fui.olbia","urgency":0,"shortest_distance_km":454,"ferry_time":720,"ferry_price":778,"cargo":"cargo.excav_soil","company_truck":"renault_premium_4x2_c","trailer_variant":"trailer.s_ki_solid.cover","trailer_definition":"trailer_def.excav_soil.s_ki_solid.cover","units_count":100,"fill_ratio":1,"trailer_place":0}],"eolo_lines.sangiovanni":[{"target":"tras_med.roma","urgency":1,"shortest_distance_km":665,"ferry_time":0,"ferry_price":0,"cargo":"cargo.carrots","company_truck":"mercedes_6x2_b","trailer_variant":"trailer.scs_dry","trailer_definition":"trailer_def.scs.box.single_3.dryvan","units_count":33,"fill_ratio":1,"trailer_place":0},{"target":"te_logistica.napoli","urgency":0,"shortest_distance_km":459,"ferry_time":0,"ferry_price":0,"cargo":"cargo.chem_sorbent","company_truck":"renault_premium_6x4_a","trailer_variant":"trailer.scs_curt_a","trailer_definition":"trailer_def.scs.box.single_3.curtain","units_count":33,"fill_ratio":1,"trailer_place":0},{"target":"cesare_smar.pescara","urgency":0,"shortest_distance_km":677,"ferry_time":0,"ferry_price":0,"cargo":"cargo.clothes","company_truck":"daf_xf_euro6_6x2_a","trailer_variant":"trailer.scs_curt_s","trailer_definition":"trailer_def.scs.box.single_3.curtain","units_count":33,"fill_ratio":1,"trailer_place":0}],"c_navale.ancona":[{"target":"tesore_gust.parma","urgency":2,"shortest_distance_km":337,"ferry_time":0,"ferry_price":0,"cargo":"cargo.empty_palet","company_truck":"man_tgx_euro6_4x2_xxl","trailer_variant":"trailer.scs_dry_ms","trailer_definition":"trailer_def.scs.box.single_3.dryvan_m","units_count":33,"fill_ratio":1,"trailer_place":0}],"kaarfor.frankfurt":[{"target":"te_logistica.napoli","urgency":1,"shortest_distance_km":1499,"ferry_time":0,"ferry_price":0,"cargo":"cargo.used_packag","company_truck":"scania_6x4_a","trailer_variant":"trailer.scs_dry_m","trailer_definition":"trailer_def.scs.box.single_3.dryvan_m","units_count":33,"fill_ratio":1,"trailer_place":0}],"exomar.olbia":[{"target":"cargotras.palermo","urgency":1,"shortest_distance_km":265,"ferry_time":720,"ferry_price":778,"cargo":"cargo.exhausts_c","company_truck":"man_6x4_b","trailer_variant":"trailer.scs_gosck220","trailer_definition":"trailer_def.scs.gooseneck.singl_3e_220.container","units_count":30,"fill_ratio":1,"trailer_place":0}],"cesare_smar.palermo":[{"target":"te_logistica.messina","urgency":0,"shortest_distance_km":206,"ferry_time":0,"ferry_price":0,"cargo":"cargo.used_plast","company_truck":"scania_s_4x2_580","trailer_variant":"trailer.scs_dry_s","trailer_definition":"trailer_def.scs.box.single_3.dryvan","units_count":33,"fill_ratio":1,"trailer_place":0},{"target":"te_logistica.cagliari","urgency":2,"shortest_distance_km":16,"ferry_time":720,"ferry_price":778,"cargo":"cargo.used_plast_c","company_truck":"daf_xf_euro6_6x4_c","trailer_variant":"trailer.scs_gosck40","trailer_definition":"trailer_def.scs.gooseneck.singl_3e_40.container","units_count":30,"fill_ratio":1,"trailer_place":0}],"aci.milano":[{"target":"posped.graz","urgency":2,"shortest_distance_km":687,"ferry_time":0,"ferry_price":0,"cargo":"cargo.frsh_herbs","company_truck":"mercedes_4x2_a","trailer_variant":"trailer.scs_ref_s","trailer_definition":"trailer_def.scs.box.single_3.reefer","units_count":33,"fill_ratio":1,"trailer_place":0}],"sellplan.venezia":[{"target":"cargotras.olbia","urgency":1,"shortest_distance_km":1042,"ferry_time":840,"ferry_price":879,"cargo":"cargo.used_packag","company_truck":"renault_premium_6x4_a","trailer_variant":"trailer.scs_dry_a","trailer_definition":"trailer_def.scs.box.single_3.dryvan","units_count":33,"fill_ratio":1,"trailer_place":0},{"target":"cnp.ancona","urgency":2,"shortest_distance_km":350,"ferry_time":0,"ferry_price":0,"cargo":"cargo.empty_palet","company_truck":"mercedes_actros_2014_4x2_a","trailer_variant":"trailer.scs_curt","trailer_definition":"trailer_def.scs.box.single_3.curtain","units_count":33,"fill_ratio":1,"trailer_place":0}],"cargotras.pescara":[{"target":"exomar.taranto","urgency":1,"shortest_distance_km":410,"ferry_time":0,"ferry_price":0,"cargo":"cargo.carrots","company_truck":"scania_r_4x2_520","trailer_variant":"trailer.scs_curt_a","trailer_definition":"trailer_def.scs.box.single_3.curtain","units_count":33,"fill_ratio":1,"trailer_place":0},{"target":"te_logistica.parma","urgency":2,"shortest_distance_km":519,"ferry_time":0,"ferry_price":0,"cargo":"cargo.beef_meat","company_truck":"renault_premium_4x2_a","trailer_variant":"trailer.scs_ref_a","trailer_definition":"trailer_def.scs.box.single_3.reefer","units_count":33,"fill_ratio":1,"trailer_place":0}],"cont_port_it.ancona":[{"target":"exomar.ancona","urgency":0,"shortest_distance_km":96,"ferry_time":0,"ferry_price":0,"cargo":"cargo.carrots_c","company_truck":"daf_xf_euro6_4x2_a","trailer_variant":"trailer.scs_gosck40","trailer_definition":"trailer_def.scs.gooseneck.singl_3e_40.container","units_count":30,"fill_ratio":1,"trailer_place":0},{"target":"libellula.bologna","urgency":1,"shortest_distance_km":241,"ferry_time":0,"ferry_price":0,"cargo":"cargo.exhausts_c","company_truck":"daf_xf_euro6_6x2_a","trailer_variant":"trailer.scs_gosck20","trailer_definition":"trailer_def.scs.gooseneck.singl_3e_20.container","units_count":15,"fill_ratio":1,"trailer_place":0}]}