{"euroacres.verona":[{"target":"transinet.brussel","urgency":2,"shortest_distance_km":1076,"ferry_time":0,"ferry_price":0,"cargo":"cargo.chicken_meat","company_truck":"scania_4x2_a","trailer_variant":"trailer.scs_ref","trailer_definition":"trailer_def.scs.box.single_3.reefer","units_count":33,"fill_ratio":1,"trailer_place":0},{"target":"norr_food.uppsala","urgency":2,"shortest_distance_km":1918,"ferry_time":105,"ferry_price":404,"cargo":"cargo.grass_rolls","company_truck":"iveco_4x2_a","trailer_variant":"trailer.scs_dry_s","trailer_definition":"trailer_def.scs.box.single_3.dryvan","units_count":33,"fill_ratio":1,"trailer_place":0}],"eurogoodies.mannheim":[{"target":"stokes.cardiff","urgency":1,"shortest_distance_km":1042,"ferry_time":35,"ferry_price":300,"cargo":"cargo.canned_pork","company_truck":"scania_r_6x4_650","trailer_variant":"trailer.scs_ins_a","trailer_definition":"trailer_def.scs.box.single_3.insulated","units_count":32,"fill_ratio":1,"trailer_place":0}],"renar.vaxjo":[{"target":"norr_food.vaxjo","urgency":1,"shortest_distance_km":1,"ferry_time":0,"ferry_price":0,"cargo":"cargo.carrots","company_truck":"daf_xf_euro6_4x2_a","trailer_variant":"trailer.scs_dry","trailer_definition":"trailer_def.scs.box.single_3.dryvan","units_count":33,"fill_ratio":1,"trailer_place":0},{"target":"norr_food.helsingborg","urgency":0,"shortest_distance_km":175,"ferry_time":0,"ferry_price":0,"cargo":"cargo.salt_spice_c","company_truck":"scania_r_6x4_650","trailer_variant":"trailer.scs_flat_c_r","trailer_definition":"trailer_def.scs.flatbed.single_3.container","units_count":33,"fill_ratio":1,"trailer_place":0}],"posped.birmingham":[{"target":"transinet.sheffield","urgency":0,"shortest_distance_km":148,"ferry_time":0,"ferry_price":0,"cargo":"cargo.dryers","company_truck":"mercedes_actros_2014_4x2_b","trailer_variant":"trailer.scs_dry_ms","trailer_definition":"trailer_def.scs.box.single_3.dryvan_m","units_count":33,"fill_ratio":1,"trailer_place":0}],"kaarfor.amsterdam":[{"target":"gnt.kristiansand","urgency":2,"shortest_distance_km":930,"ferry_time":195,"ferry_price":1052,"cargo":"cargo.empty_palet","company_truck":"scania_6x4_a","trailer_variant":"trailer.scs_curt_s","trailer_definition":"trailer_def.scs.box.single_3.curtain","units_count":33,"fill_ratio":1,"trailer_place":0}],"norrsken.goteborg":[{"target":"renar.vaxjo","urgency":0,"shortest_distance_km":238,"ferry_time":0,"ferry_price":0,"cargo":"cargo.grapes","company_truck":"renault_magnum_4x2_a","trailer_variant":"trailer.scs_ref_a","trailer_definition":"trailer_def.scs.box.single_3.reefer","units_count":33,"fill_ratio":1,"trailer_place":0}],"nbfc.london":[{"target":"ns_chem.stockholm","urgency":1,"shortest_distance_km":2097,"ferry_time":35,"ferry_price":300,"cargo":"cargo.chlorine","company_truck":"renault_t_4x2h","trailer_variant":"trailer.scs_flat_c_r","trailer_definition":"trailer_def.scs.flatbed.single_3.container","units_count":87,"fill_ratio":1,"trailer_place":0}],"drekkar.bergen":[{"target":"gnt.bergen","urgency":2,"shortest_distance_km":13,"ferry_time":0,"ferry_price":0,"cargo":"cargo.beverages_t","company_truck":"scania_6x4_a","trailer_variant":"trailer.scs_fodt","trailer_definition":"trailer_def.scs.foodtank.single_3.paint","units_count":30,"fill_ratio":1,"trailer_place":0}],"agronord.goteborg":[{"target":"norrsken.karlskrona","urgency":0,"shortest_distance_km":393,"ferry_time":0,"ferry_price":0,"cargo":"cargo.garlic","company_truck":"daf_xf_euro6_4x2_b","trailer_variant":"trailer.scs_dry_a","trailer_definition":"trailer_def.scs.box.single_3.dryvan","units_count":33,"fill_ratio":1,"trailer_place":0},{"target":"norrsken.goteborg","urgency":1,"shortest_distance_km":128,"ferry_time":0,"ferry_price":0,"cargo":"cargo.young_seed","company_truck":"double/daf_4x2_a","trailer_variant":"trailer.scs_curt_2","trailer_definition":"trailer_def.scs.box.double_3_2.curtain","units_count":53,"fill_ratio":1,"trailer_place":0}],"nbfc.aberdeen":[{"target":"ns_chem.kristiansand","urgency":0,"shortest_distance_km":936,"ferry_time":1335,"ferry_price":2366,"cargo":"cargo.chemicals","company_truck":"daf_xf_euro6_6x4_c","trailer_variant":"trailer.chcistern","trailer_definition":"trailer_def.chemicals.chcistern","units_count":100,"fill_ratio":1,"trailer_place":0}],"norr_food.vaxjo":[{"target":"drekkar.karlskrona","urgency":0,"shortest_distance_km":70,"ferry_time":0,"ferry_price":0,"cargo":"cargo.used_plast","company_truck":"double/renault_premium_4x2_a","trailer_variant":"trailer.scs_dry_b2","trailer_definition":"trailer_def.scs.box.bdouble_3_3.dryvan","units_count":53,"fill_ratio":1,"trailer_place":0}],"eurogoodies.liverpool":[{"target":"renar.stavanger","urgency":0,"shortest_distance_km":784,"ferry_time":1335,"ferry_price":2366,"cargo":"cargo.pnut_butter","company_truck":"man_6x4_b","trailer_variant":"trailer.scs_ins_s","trailer_definition":"trailer_def.scs.box.single_3.insulated","units_count":33,"fill_ratio":1,"trailer_place":0},{"target":"norr_food.odense","urgency":0,"shortest_distance_km":408,"ferry_time":1140,"ferry_price":1314,"cargo":"cargo.yogurt","company_truck":"man_tgx_euro6_4x2_xl","trailer_variant":"trailer.scs_ref_s","trailer_definition":"trailer_def.scs.box.single_3.reefer","units_count":33,"fill_ratio":1,"trailer_place":0}],"polar_fish.goteborg":[{"target":"norrsken.aalborg","urgency":0,"shortest_distance_km":164,"ferry_time":195,"ferry_price":677,"cargo":"cargo.atl_cod_flt","company_truck":"scania_r_4x2_370","trailer_variant":"trailer.scs_ref_a","trailer_definition":"trailer_def.scs.box.single_3.reefer","units_count":33,"fill_ratio":1,"trailer_place":0}],"aria_fd_albg.aalborg":[{"target":"norr_food.odense","urgency":1,"shortest_distance_km":214,"ferry_time":0,"ferry_price":0,"cargo":"cargo.drymilk","company_truck":"mercedes_actros_2014_6x2_a","trailer_variant":"trailer.scs_curt_a","trailer_definition":"trailer_def.scs.box.single_3.curtain","units_count":33,"fill_ratio":1,"trailer_place":0},{"target":"aria_fd_esbj.esbjerg","urgency":2,"shortest_distance_km":223,"ferry_time":0,"ferry_price":0,"cargo":"cargo.live_cattle","company_truck":"scania_4x2_b","trailer_variant":"trailer.livestock","trailer_definition":"trailer_def.live_cattle.livestock","units_count":100,"fill_ratio":1,"trailer_place":0}],"trameri.strasbourg":[{"target":"lkwlog.stuttgart","urgency":2,"shortest_distance_km":175,"ferry_time":0,"ferry_price":0,"cargo":"cargo.plast_film_c","company_truck":"scania_4x2_b","trailer_variant":"trailer.scs_gosck20","trailer_definition":"trailer_def.scs.gooseneck.singl_3e_20.container","units_count":15,"fill_ratio":1,"trailer_place":0}],"eurogoodies.dover":[{"target":"lkwlog.felixstowe","urgency":1,"shortest_distance_km":229,"ferry_time":0,"ferry_price":0,"cargo":"cargo.pears","company_truck":"iveco_4x2_a","trailer_variant":"trailer.scs_dry_m","trailer_definition":"trailer_def.scs.box.single_3.dryvan_m","units_count":33,"fill_ratio":1,"trailer_place":0}],"polarislines.kristiansand":[{"target":"gnt.bergen","urgency":1,"shortest_distance_km":543,"ferry_time":0,"ferry_price":0,"cargo":"cargo.salm_fillet","company_truck":"iveco_4x2_a","trailer_variant":"trailer.scs_ins_a","trailer_definition":"trailer_def.scs.box.single_3.insulated","units_count":33,"fill_ratio":1,"trailer_place":0},{"target":"polar_fish.stavanger","urgency":0,"shortest_distance_km":170,"ferry_time":0,"ferry_price":0,"cargo":"cargo.onion","company_truck":"double/scania_4x2_a","trailer_variant":"trailer.scs_curt_b2","trailer_definition":"trailer_def.scs.box.bdouble_3_3.curtain","units_count":53,"fill_ratio":1,"trailer_place":0},{"target":"renar.oslo","urgency":2,"shortest_distance_km":363,"ferry_time":0,"ferry_price":0,"cargo":"cargo.flour","company_truck":"double/daf_4x2_a","trailer_variant":"trailer.scs_dry_b2","trailer_definition":"trailer_def.scs.box.bdouble_3_3.dryvan","units_count":53,"fill_ratio":1,"trailer_place":0}],"norr_food.uppsala":[{"target":"nord_crown.aalborg","urgency":2,"shortest_distance_km":629,"ferry_time":195,"ferry_price":677,"cargo":"cargo.empty_palet","company_truck":"renault_magnum_4x2_a","trailer_variant":"trailer.scs_dry_m","trailer_definition":"trailer_def.scs.box.single_3.dryvan_m","units_count":33,"fill_ratio":1,"trailer_place":0}],"euroacres.liverpool":[{"target":"posped.carlisle","urgency":1,"shortest_distance_km":219,"ferry_time":0,"ferry_price":0,"cargo":"cargo.rye","company_truck":"man_6x4_b","trailer_variant":"trailer.s_ki_solid.cover","trailer_definition":"trailer_def.rye.s_ki_solid.cover","units_count":100,"fill_ratio":1,"trailer_place":0}],"eurogoodies.munchen":[{"target":"lkwlog.graz","urgency":0,"shortest_distance_km":404,"ferry_time":0,"ferry_price":0,"cargo":"cargo.wheat","company_truck":"daf_4x2_b","trailer_variant":"trailer.s_ki_solid.cover","trailer_definition":"trailer_def.wheat.s_ki_solid.cover","units_count":100,"fill_ratio":1,"trailer_place":0}],"norr_food.kobenhavn":[{"target":"drekkar.malmo","urgency":2,"shortest_distance_km":75,"ferry_time":0,"ferry_price":0,"cargo":"cargo.empty_palet","company_truck":"double/scania_4x2_a","trailer_variant":"trailer.scs_curt_2","trailer_definition":"trailer_def.scs.box.double_3_2.curtain","units_count":52,"fill_ratio":1,"trailer_place":0}],"tree_et.metz":[{"target":"posped.metz","urgency":1,"shortest_distance_km":28,"ferry_time":0,"ferry_price":0,"cargo":"cargo.wood_bark","company_truck":"scania_s_4x2_370","trailer_variant":"trailer.s_ki_solid.cover","trailer_definition":"trailer_def.wood_bark.s_ki_solid.cover","units_count":100,"fill_ratio":1,"trailer_place":0}],"norr_food.stockholm":[{"target":"gnt.kalmar","urgency":2,"shortest_distance_km":327,"ferry_time":0,"ferry_price":0,"cargo":"cargo.empty_palet","company_truck":"daf_4x2_a","trailer_variant":"trailer.scs_curt","trailer_definition":"trailer_def.scs.box.single_3.curtain","units_count":33,"fill_ratio":1,"trailer_place":0}],"nord_crown.bergen":[{"target":"gnt.bergen","urgency":2,"shortest_distance_km":12,"ferry_time":0,"ferry_price":0,"cargo":"cargo.beef_meat","company_truck":"double/iveco_4x2_a","trailer_variant":"trailer.scs_ref_2","trailer_definition":"trailer_def.scs.box.double_3_2.reefer","units_count":53,"fill_ratio":1,"trailer_place":0},{"target":"gnt.bergen","urgency":2,"shortest_distance_km":12,"ferry_time":0,"ferry_price":0,"cargo":"cargo.vinegar","company_truck":"man_6x4_b","trailer_variant":"trailer.scs_curt_a","trailer_definition":"trailer_def.scs.box.single_3.curtain","units_count":33,"fill_ratio":1,"trailer_place":0},{"target":"gnt.bergen","urgency":2,"shortest_distance_km":12,"ferry_time":0,"ferry_price":0,"cargo":"cargo.liver_paste","company_truck":"iveco_h_4x2_a","trailer_variant":"trailer.scs_ref","trailer_definition":"trailer_def.scs.box.single_3.reefer","units_count":33,"fill_ratio":1,"trailer_place":0}],"ns_oil.goteborg":[{"target":"vpc.goteborg","urgency":0,"shortest_distance_km":1,"ferry_time":0,"ferry_price":0,"cargo":"cargo.motor_oil","company_truck":"double/renault_magnum_4x2_a","trailer_variant":"trailer.scs_curt_b2","trailer_definition":"trailer_def.scs.box.bdouble_3_3.curtain","units_count":53,"fill_ratio":1,"trailer_place":0}],"tradeaux.paris":[{"target":"lkwlog.felixstowe","urgency":2,"shortest_distance_km":484,"ferry_time":35,"ferry_price":300,"cargo":"cargo.liver_paste","company_truck":"man_tgx_euro6_6x4_xlx","trailer_variant":"trailer.scs_ref","trailer_definition":"trailer_def.scs.box.single_3.reefer","units_count":33,"fill_ratio":1,"trailer_place":0}],"polar_fish.aalborg":[{"target":"norrsken.malmo","urgency":1,"shortest_distance_km":416,"ferry_time":0,"ferry_price":0,"cargo":"cargo.caviar","company_truck":"man_6x4_b","trailer_variant":"trailer.scs_ref_s","trailer_definition":"trailer_def.scs.box.single_3.reefer","units_count":33,"fill_ratio":1,"trailer_place":0}],"euroacres.groningen":[{"target":"lkwlog.amsterdam","urgency":1,"shortest_distance_km":188,"ferry_time":0,"ferry_price":0,"cargo":"cargo.rye","company_truck":"scania_4x2_a","trailer_variant":"trailer.s_ki_solid.cover","trailer_definition":"trailer_def.rye.s_ki_solid.cover","units_count":100,"fill_ratio":1,"trailer_place":0}],"polarislines.esbjerg":[{"target":"drekkar.malmo","urgency":2,"shortest_distance_km":327,"ferry_time":0,"ferry_price":0,"cargo":"cargo.sausages","company_truck":"daf_xf_euro6_4x2_a","trailer_variant":"trailer.scs_ref_a","trailer_definition":"trailer_def.scs.box.single_3.reefer","units_count":33,"fill_ratio":1,"trailer_place":0},{"target":"norr_food.kobenhavn","urgency":1,"shortest_distance_km":269,"ferry_time":0,"ferry_price":0,"cargo":"cargo.beverages","company_truck":"scania_streamline_4x2_b","trailer_variant":"trailer.scs_dry_m","trailer_definition":"trailer_def.scs.box.single_3.dryvan_m","units_count":33,"fill_ratio":1,"trailer_place":0},{"target":"norrsken.malmo","urgency":2,"shortest_distance_km":326,"ferry_time":0,"ferry_price":0,"cargo":"cargo.guard_rails","company_truck":"mercedes_4x2_b","trailer_variant":"trailer.scs_curt","trailer_definition":"trailer_def.scs.box.single_3.curtain","units_count":33,"fill_ratio":1,"trailer_place":0}],"ika_bohag.oslo":[{"target":"nord_crown.aalborg","urgency":2,"shortest_distance_km":403,"ferry_time":195,"ferry_price":1052,"cargo":"cargo.empty_palet","company_truck":"renault_magnum_6x4_a","trailer_variant":"trailer.scs_dry_a","trailer_definition":"trailer_def.scs.box.single_3.dryvan","units_count":33,"fill_ratio":1,"trailer_place":0},{"target":"norrsken.orebro","urgency":1,"shortest_distance_km":427,"ferry_time":0,"ferry_price":0,"cargo":"cargo.used_packag","company_truck":"man_6x4_b","trailer_variant":"trailer.scs_curt_a","trailer_definition":"trailer_def.scs.box.single_3.curtain","units_count":33,"fill_ratio":1,"trailer_place":0},{"target":"norr_food.linkoping","urgency":2,"shortest_distance_km":511,"ferry_time":0,"ferry_price":0,"cargo":"cargo.pot_flowers","company_truck":"scania_4x2_c","trailer_variant":"trailer.scs_ref","trailer_definition":"trailer_def.scs.box.single_3.reefer","units_count":33,"fill_ratio":1,"trailer_place":0}],"tree_et.innsbruck":[{"target":"euroacres.salzburg","urgency":1,"shortest_distance_km":231,"ferry_time":0,"ferry_price":0,"cargo":"cargo.wood_bark","company_truck":"man_6x4_b","trailer_variant":"trailer.s_ki_solid.cover","trailer_definition":"trailer_def.wood_bark.s_ki_solid.cover","units_count":100,"fill_ratio":1,"trailer_place":0},{"target":"norrsken.malmo","urgency":2,"shortest_distance_km":1097,"ferry_time":105,"ferry_price":404,"cargo":"cargo.empty_palet","company_truck":"scania_streamline_4x2_c","trailer_variant":"trailer.scs_dry","trailer_definition":"trailer_def.scs.box.single_3.dryvan","units_count":33,"fill_ratio":1,"trailer_place":0}],"eurogoodies.wien":[{"target":"cesare_smar.milano","urgency":0,"shortest_distance_km":881,"ferry_time":0,"ferry_price":0,"cargo":"cargo.salt_spice_c","company_truck":"scania_streamline_6x4_a","trailer_variant":"trailer.scs_gosck40","trailer_definition":"trailer_def.scs.gooseneck.singl_3e_40.container","units_count":30,"fill_ratio":1,"trailer_place":0},{"target":"norr_food.odense","urgency":0,"shortest_distance_km":1062,"ferry_time":105,"ferry_price":404,"cargo":"cargo.packag_food","company_truck":"scania_r_6x4_650","trailer_variant":"trailer.scs_dry_a","trailer_definition":"trailer_def.scs.box.single_3.dryvan","units_count":33,"fill_ratio":1,"trailer_place":0}],"norr_food.kalmar":[{"target":"nord_crown.aalborg","urgency":2,"shortest_distance_km":462,"ferry_time":195,"ferry_price":677,"cargo":"cargo.empty_palet","company_truck":"double/renault_magnum_4x2_a","trailer_variant":"trailer.scs_dry_2","trailer_definition":"trailer_def.scs.box.double_3_2.dryvan","units_count":48,"fill_ratio":1,"trailer_place":0}],"gnt.uppsala":[{"target":"renar.vasteraas","urgency":0,"shortest_distance_km":93,"ferry_time":0,"ferry_price":0,"cargo":"cargo.oil_filt_c","company_truck":"scania_streamline_4x2_c","trailer_variant":"trailer.scs_gosck20","trailer_definition":"trailer_def.scs.gooseneck.singl_3e_20.container","units_count":15,"fill_ratio":1,"trailer_place":0},{"target":"norr_food.uppsala","urgency":1,"shortest_distance_km":1,"ferry_time":0,"ferry_price":0,"cargo":"cargo.fresh_fish","company_truck":"double/renault_premium_4x2_a","trailer_variant":"trailer.scs_ref_b2","trailer_definition":"trailer_def.scs.box.bdouble_3_3.reefer","units_count":53,"fill_ratio":1,"trailer_place":0}],"eurogoodies.szczecin":[{"target":"drekkar.odense","urgency":2,"shortest_distance_km":423,"ferry_time":105,"ferry_price":404,"cargo":"cargo.beans","company_truck":"daf_xf_euro6_6x2_a","trailer_variant":"trailer.scs_dry_ms","trailer_definition":"trailer_def.scs.box.single_3.dryvan_m","units_count":33,"fill_ratio":1,"trailer_place":0}],"eurogoodies.groningen":[{"target":"renar.vasteraas","urgency":1,"shortest_distance_km":1401,"ferry_time":0,"ferry_price":0,"cargo":"cargo.vinegar_c","company_truck":"scania_streamline_4x2_c","trailer_variant":"trailer.scs_flat_c_g","trailer_definition":"trailer_def.scs.flatbed.single_3.container","units_count":33,"fill_ratio":1,"trailer_place":0}],"konstnr_hs.vasteraas":[{"target":"norrsken.orebro","urgency":2,"shortest_distance_km":98,"ferry_time":0,"ferry_price":0,"cargo":"cargo.empty_palet","company_truck":"double/renault_magnum_4x2_a","trailer_variant":"trailer.scs_curt_2","trailer_definition":"trailer_def.scs.box.double_3_2.curtain","units_count":53,"fill_ratio":1,"trailer_place":0}],"posped.zurich":[{"target":"lkwlog.amsterdam","urgency":0,"shortest_distance_km":819,"ferry_time":0,"ferry_price":0,"cargo":"cargo.atl_cod_flt","company_truck":"renault_magnum_6x2_a","trailer_variant":"trailer.scs_ref_a","trailer_definition":"trailer_def.scs.box.single_3.reefer","units_count":33,"fill_ratio":1,"trailer_place":0}],"nord_crown.odense":[{"target":"renar.vasteraas","urgency":1,"shortest_distance_km":791,"ferry_time":0,"ferry_price":0,"cargo":"cargo.vinegar_c","company_truck":"renault_t_4x2h","trailer_variant":"trailer.scs_gosck220","trailer_definition":"trailer_def.scs.gooseneck.singl_3e_220.container","units_count":30,"fill_ratio":1,"trailer_place":0}],"polar_fish.stavanger":[{"target":"drekkar.odense","urgency":0,"shortest_distance_km":485,"ferry_time":195,"ferry_price":1052,"cargo":"cargo.canned_tuna","company_truck":"man_6x4_b","trailer_variant":"trailer.scs_ref_b2","trailer_definition":"trailer_def.scs.box.bdouble_3_3.reefer","units_count":52,"fill_ratio":1,"trailer_place":0},{"target":"norr_food.uppsala","urgency":1,"shortest_distance_km":991,"ferry_time":0,"ferry_price":0,"cargo":"cargo.salm_fillet","company_truck":"scania_r_4x2_370","trailer_variant":"trailer.scs_ref_a","trailer_definition":"trailer_def.scs.box.single_3.reefer","units_count":33,"fill_ratio":1,"trailer_place":0}],"eurogoodies.glasgow":[{"target":"tradeaux.paris","urgency":1,"shortest_distance_km":1064,"ferry_time":35,"ferry_price":300,"cargo":"cargo.barley","company_truck":"renault_t_4x2","trailer_variant":"trailer.s_ki_solid.cover","trailer_definition":"trailer_def.barley.s_ki_solid.cover","units_count":100,"fill_ratio":1,"trailer_place":0}],"lkwlog.manchester":[{"target":"stokes.liege","urgency":1,"shortest_distance_km":862,"ferry_time":35,"ferry_price":300,"cargo":"cargo.plast_film","company_truck":"mercedes_4x2_b","trailer_variant":"trailer.scs_curt","trailer_definition":"trailer_def.scs.box.single_3.curtain","units_count":33,"fill_ratio":1,"trailer_place":0}],"polarislines.frederikshv":[{"target":"konstnr_br.linkoping","urgency":1,"shortest_distance_km":312,"ferry_time":195,"ferry_price":677,"cargo":"cargo.refl_posts","company_truck":"double/renault_magnum_4x2_a","trailer_variant":"trailer.scs_curt_b2","trailer_definition":"trailer_def.scs.box.bdouble_3_3.curtain","units_count":53,"fill_ratio":1,"trailer_place":0}],"lkwlog.duisburg":[{"target":"eurogoodies.munchen","urgency":0,"shortest_distance_km":662,"ferry_time":0,"ferry_price":0,"cargo":"cargo.canned_beef","company_truck":"scania_r_6x4_650","trailer_variant":"trailer.scs_ins_s","trailer_definition":"trailer_def.scs.box.single_3.insulated","units_count":33,"fill_ratio":1,"trailer_place":0}],"volvo_fac.goteborg":[{"target":"gnt.jonkoping","urgency":1,"shortest_distance_km":208,"ferry_time":0,"ferry_price":0,"cargo":"cargo.used_packag","company_truck":"scania_streamline_4x2_c","trailer_variant":"trailer.scs_dry_ms","trailer_definition":"trailer_def.scs.box.single_3.dryvan_m","units_count":33,"fill_ratio":1,"trailer_place":0},{"target":"volvo_dlr.goteborg","urgency":0,"shortest_distance_km":101,"ferry_time":0,"ferry_price":0,"cargo":"cargo.volvo_tr","company_truck":"scania_streamline_4x2_b","trailer_variant":"trailer.truck_trans.volvo","trailer_definition":"trailer_def.volvo_tr.truck_trans.volvo","units_count":100,"fill_ratio":1,"trailer_place":0}],"stokes.amsterdam":[{"target":"lkwlog.manchester","urgency":0,"shortest_distance_km":300,"ferry_time":660,"ferry_price":995,"cargo":"cargo.windml_tube","company_truck":"iveco_h_4x2_a","trailer_variant":"trailer.overweight.tubeair","trailer_definition":"trailer_def.windml_tube.overweight.tubeair","units_count":100,"fill_ratio":1,"trailer_place":0}],"euroacres.osnabruck":[{"target":"gnt.kristiansand","urgency":2,"shortest_distance_km":744,"ferry_time":195,"ferry_price":1052,"cargo":"cargo.cont_trees","company_truck":"double/man_euro6_4x2_xxl","trailer_variant":"trailer.scs_ins_b2","trailer_definition":"trailer_def.scs.box.bdouble_3_3.insulated","units_count":53,"fill_ratio":1,"trailer_place":0}],"polarislines.hirtshals":[{"target":"renar.oslo","urgency":2,"shortest_distance_km":366,"ferry_time":195,"ferry_price":1052,"cargo":"cargo.truck_rims_c","company_truck":"scania_4x2_a","trailer_variant":"trailer.scs_flat_c_r","trailer_definition":"trailer_def.scs.flatbed.single_3.container","units_count":33,"fill_ratio":1,"trailer_place":0}],"polarislines.oslo":[{"target":"polar_fish.goteborg","urgency":2,"shortest_distance_km":312,"ferry_time":0,"ferry_price":0,"cargo":"cargo.flour","company_truck":"mercedes_4x2","trailer_variant":"trailer.scs_curt_s","trailer_definition":"trailer_def.scs.box.single_3.curtain","units_count":33,"fill_ratio":1,"trailer_place":0},{"target":"norr_food.oslo","urgency":1,"shortest_distance_km":58,"ferry_time":0,"ferry_price":0,"cargo":"cargo.sheep_wool","company_truck":"mercedes_actros_2014_4x2_a","trailer_variant":"trailer.scs_dry_s","trailer_definition":"trailer_def.scs.box.single_3.dryvan","units_count":33,"fill_ratio":1,"trailer_place":0}],"stokes.liege":[{"target":"cargotras.milano","urgency":2,"shortest_distance_km":930,"ferry_time":0,"ferry_price":0,"cargo":"cargo.truck_rims_c","company_truck":"renault_t_4x2h","trailer_variant":"trailer.scs_gosck220","trailer_definition":"trailer_def.scs.gooseneck.singl_3e_220.container","units_count":30,"fill_ratio":1,"trailer_place":0},{"target":"gnt.helsingborg","urgency":0,"shortest_distance_km":1115,"ferry_time":0,"ferry_price":0,"cargo":"cargo.furniture","company_truck":"mercedes_6x2_b","trailer_variant":"trailer.scs_curt_a","trailer_definition":"trailer_def.scs.box.single_3.curtain","units_count":33,"fill_ratio":1,"trailer_place":0}],"ika_bohag.kalmar":[{"target":"norr_food.linkoping","urgency":2,"shortest_distance_km":193,"ferry_time":0,"ferry_price":0,"cargo":"cargo.pot_flowers","company_truck":"scania_r_6x4_650","trailer_variant":"trailer.scs_ref_a","trailer_definition":"trailer_def.scs.box.single_3.reefer","units_count":33,"fill_ratio":1,"trailer_place":0}],"euroacres.magdeburg":[{"target":"eurogoodies.metz","urgency":0,"shortest_distance_km":727,"ferry_time":0,"ferry_price":0,"cargo":"cargo.cott_cheese","company_truck":"daf_xf_euro6_6x4_c","trailer_variant":"trailer.scs_ref_a","trailer_definition":"trailer_def.scs.box.single_3.reefer","units_count":33,"fill_ratio":1,"trailer_place":0}],"polarislines.bergen":[{"target":"drekkar.bergen","urgency":1,"shortest_distance_km":15,"ferry_time":0,"ferry_price":0,"cargo":"cargo.sheep_wool","company_truck":"scania_6x4_a","trailer_variant":"trailer.scs_curt_a","trailer_definition":"trailer_def.scs.box.single_3.curtain","units_count":33,"fill_ratio":1,"trailer_place":0},{"target":"gnt.bergen","urgency":0,"shortest_distance_km":3,"ferry_time":0,"ferry_price":0,"cargo":"cargo.elect_wiring","company_truck":"man_tgx_euro6_6x4_xlx","trailer_variant":"trailer.scs_dry","trailer_definition":"trailer_def.scs.box.single_3.dryvan","units_count":33,"fill_ratio":1,"trailer_place":0},{"target":"nord_crown.bergen","urgency":1,"shortest_distance_km":15,"ferry_time":0,"ferry_price":0,"cargo":"cargo.clothes_c","company_truck":"daf_xf_euro6_4x2_c","trailer_variant":"trailer.scs_flat_c_g","trailer_definition":"trailer_def.scs.flatbed.single_3.container","units_count":33,"fill_ratio":1,"trailer_place":0},{"target":"gnt.bergen","urgency":0,"shortest_distance_km":3,"ferry_time":0,"ferry_price":0,"cargo":"cargo.pet_food","company_truck":"iveco_6x2_a","trailer_variant":"trailer.scs_dry_ms","trailer_definition":"trailer_def.scs.box.single_3.dryvan_m","units_count":33,"fill_ratio":1,"trailer_place":0}],"bjork.vaxjo":[{"target":"agronord.kalmar","urgency":1,"shortest_distance_km":179,"ferry_time":0,"ferry_price":0,"cargo":"cargo.wood_bark","company_truck":"iveco_6x2_a","trailer_variant":"trailer.s_ki_solid.cover","trailer_definition":"trailer_def.wood_bark.s_ki_solid.cover","units_count":100,"fill_ratio":1,"trailer_place":0}],"euroacres.plymouth":[{"target":"stokes.plymouth","urgency":0,"shortest_distance_km":2,"ferry_time":0,"ferry_price":0,"cargo":"cargo.onion","company_truck":"mercedes_actros_2014_6x4_b","trailer_variant":"trailer.scs_dry_ms","trailer_definition":"trailer_def.scs.box.single_3.dryvan_m","units_count":33,"fill_ratio":1,"trailer_place":0}],"vitas_pwr.esbjerg":[{"target":"drekkar.linkoping","urgency":0,"shortest_distance_km":715,"ferry_time":0,"ferry_price":0,"cargo":"cargo.windml_tube","company_truck":"man_6x4_b","trailer_variant":"trailer.overweight.tubeair","trailer_definition":"trailer_def.windml_tube.overweight.tubeair","units_count":100,"fill_ratio":1,"trailer_place":0}],"itcc.szczecin":[{"target":"konstnr_hs.helsingborg","urgency":2,"shortest_distance_km":451,"ferry_time":105,"ferry_price":404,"cargo":"cargo.wallpanels","company_truck":"scania_4x2_b","trailer_variant":"trailer.panel_trans.wall","trailer_definition":"trailer_def.wallpanels.panel_trans.wall","units_count":85,"fill_ratio":1,"trailer_place":0}],"gnt.helsingborg":[{"target":"drekkar.karlskrona","urgency":0,"shortest_distance_km":167,"ferry_time":0,"ferry_price":0,"cargo":"cargo.canned_beef","company_truck":"daf_xf_euro6_6x4_c","trailer_variant":"trailer.scs_ref","trailer_definition":"trailer_def.scs.box.single_3.reefer","units_count":33,"fill_ratio":1,"trailer_place":0},{"target":"norrsken.malmo","urgency":0,"shortest_distance_km":51,"ferry_time":0,"ferry_price":0,"cargo":"cargo.grapes","company_truck":"scania_streamline_4x2_b","trailer_variant":"trailer.scs_ref_s","trailer_definition":"trailer_def.scs.box.single_3.reefer","units_count":33,"fill_ratio":1,"trailer_place":0}],"euroacres.carlisle":[{"target":"drekkar.karlskrona","urgency":0,"shortest_distance_km":801,"ferry_time":1140,"ferry_price":1314,"cargo":"cargo.digger500","company_truck":"renault_premium_6x4_a","trailer_variant":"trailer.overweight.digger500","trailer_definition":"trailer_def.digger500.overweight.digger500","units_count":100,"fill_ratio":1,"trailer_place":0}],"eurogoodies.lille":[{"target":"tradeaux.rostock","urgency":2,"shortest_distance_km":923,"ferry_time":0,"ferry_price":0,"cargo":"cargo.sausages","company_truck":"daf_4x2_a","trailer_variant":"trailer.scs_ref_s","trailer_definition":"trailer_def.scs.box.single_3.reefer","units_count":33,"fill_ratio":1,"trailer_place":0}],"aria_fd_esbj.esbjerg":[{"target":"norrsken.aalborg","urgency":2,"shortest_distance_km":250,"ferry_time":0,"ferry_price":0,"cargo":"cargo.beef_meat","company_truck":"man_6x4_b","trailer_variant":"trailer.scs_ref_a","trailer_definition":"trailer_def.scs.box.single_3.reefer","units_count":33,"fill_ratio":1,"trailer_place":0},{"target":"aria_fd_trbg.trelleborg","urgency":2,"shortest_distance_km":358,"ferry_time":0,"ferry_price":0,"cargo":"cargo.live_cattle","company_truck":"scania_r_4x2_520","trailer_variant":"trailer.livestock","trailer_definition":"trailer_def.live_cattle.livestock","units_count":100,"fill_ratio":1,"trailer_place":0}],"ns_oil.stavanger":[{"target":"cont_port.esbjerg","urgency":0,"shortest_distance_km":502,"ferry_time":195,"ferry_price":1052,"cargo":"cargo.motor_oil_c","company_truck":"renault_premium_4x2_c","trailer_variant":"trailer.scs_gosck40","trailer_definition":"trailer_def.scs.gooseneck.singl_3e_40.container","units_count":30,"fill_ratio":1,"trailer_place":0}],"gnt.kalmar":[{"target":"renar.vasteraas","urgency":1,"shortest_distance_km":453,"ferry_time":0,"ferry_price":0,"cargo":"cargo.truck_batt_c","company_truck":"scania_s_4x2_370","trailer_variant":"trailer.scs_gosck20","trailer_definition":"trailer_def.scs.gooseneck.singl_3e_20.container","units_count":15,"fill_ratio":1,"trailer_place":0},{"target":"norrsken.karlskrona","urgency":0,"shortest_distance_km":109,"ferry_time":0,"ferry_price":0,"cargo":"cargo.tableware","company_truck":"scania_s_4x2_580","trailer_variant":"trailer.scs_curt_s","trailer_definition":"trailer_def.scs.box.single_3.curtain","units_count":33,"fill_ratio":1,"trailer_place":0}],"bcp.munchen":[{"target":"posped.zurich","urgency":0,"shortest_distance_km":319,"ferry_time":0,"ferry_price":0,"cargo":"cargo.empty_barr","company_truck":"scania_4x2_a","trailer_variant":"trailer.scs_dry_m","trailer_definition":"trailer_def.scs.box.single_3.dryvan_m","units_count":33,"fill_ratio":1,"trailer_place":0}],"ms_stein.stavanger":[{"target":"konstnr.oslo","urgency":0,"shortest_distance_km":465,"ferry_time":0,"ferry_price":0,"cargo":"cargo.stones","company_truck":"daf_4x2_a","trailer_variant":"trailer.s_ki_solid.cover","trailer_definition":"trailer_def.stones.s_ki_solid.cover","units_count":100,"fill_ratio":1,"trailer_place":0},{"target":"renar.kobenhavn","urgency":2,"shortest_distance_km":655,"ferry_time":195,"ferry_price":1052,"cargo":"cargo.digger1000","company_truck":"scania_s_6x2_450","trailer_variant":"trailer.overweight.digger1000","trailer_definition":"trailer_def.digger1000.overweight.digger1000","units_count":100,"fill_ratio":1,"trailer_place":0}],"eurogoodies.dijon":[{"target":"stokes.amsterdam","urgency":0,"shortest_distance_km":749,"ferry_time":0,"ferry_price":0,"cargo":"cargo.garlic","company_truck":"mercedes_4x2_a","trailer_variant":"trailer.scs_curt_s","trailer_definition":"trailer_def.scs.box.single_3.curtain","units_count":33,"fill_ratio":1,"trailer_place":0}],"tree_et.hannover":[{"target":"gnt.kristiansand","urgency":0,"shortest_distance_km":686,"ferry_time":195,"ferry_price":1052,"cargo":"cargo.lumber","company_truck":"renault_premium_6x2_a","trailer_variant":"trailer.scs_flat_c_r","trailer_definition":"trailer_def.scs.flatbed.single_3.container","units_count":2,"fill_ratio":1,"trailer_place":0}],"gnt.jonkoping":[{"target":"drekkar.karlskrona","urgency":1,"shortest_distance_km":195,"ferry_time":0,"ferry_price":0,"cargo":"cargo.caviar","company_truck":"scania_r_4x2_520","trailer_variant":"trailer.scs_ref_a","trailer_definition":"trailer_def.scs.box.single_3.reefer","units_count":33,"fill_ratio":1,"trailer_place":0}],"itcc.rostock":[{"target":"gnt.helsingborg","urgency":2,"shortest_distance_km":291,"ferry_time":105,"ferry_price":404,"cargo":"cargo.largetubes","company_truck":"iveco_h_4x2_a","trailer_variant":"trailer.scs_flat_b","trailer_definition":"trailer_def.scs.flatbed.single_3.flatbed_w","units_count":2,"fill_ratio":1,"trailer_place":0}],"polarislines.nynashamn":[{"target":"gnt.uppsala","urgency":2,"shortest_distance_km":109,"ferry_time":0,"ferry_price":0,"cargo":"cargo.chimney_syst","company_truck":"scania_s_6x2_450","trailer_variant":"trailer.scs_dry","trailer_definition":"trailer_def.scs.box.single_3.dryvan","units_count":33,"fill_ratio":1,"trailer_place":0}],"euroacres.berlin":[{"target":"eurogoodies.berlin","urgency":1,"shortest_distance_km":1,"ferry_time":0,"ferry_price":0,"cargo":"cargo.pork_meat","company_truck":"daf_xf_euro6_4x2_c","trailer_variant":"trailer.scs_ref_s","trailer_definition":"trailer_def.scs.box.single_3.reefer","units_count":33,"fill_ratio":1,"trailer_place":0}],"ms_stein.oslo":[{"target":"konstnr.oslo","urgency":0,"shortest_distance_km":105,"ferry_time":0,"ferry_price":0,"cargo":"cargo.stones","company_truck":"iveco_4x2_a","trailer_variant":"trailer.s_ki_solid.cover","trailer_definition":"trailer_def.stones.s_ki_solid.cover","units_count":100,"fill_ratio":1,"trailer_place":0}],"stokes.kiel":[{"target":"eurogoodies.kiel","urgency":1,"shortest_distance_km":1,"ferry_time":0,"ferry_price":0,"cargo":"cargo.caviar","company_truck":"double/scania_streamline_4x2_a","trailer_variant":"trailer.scs_ins_2","trailer_definition":"trailer_def.scs.box.double_3_2.insulated","units_count":37,"fill_ratio":1,"trailer_place":0},{"target":"gnt.jonkoping","urgency":2,"shortest_distance_km":695,"ferry_time":0,"ferry_price":0,"cargo":"cargo.mondeos","company_truck":"renault_premium_4x2_c","trailer_variant":"trailer.car_trans2","trailer_definition":"trailer_def.mondeos.car_trans2","units_count":100,"fill_ratio":1,"trailer_place":0}],"ns_chem.kristiansand":[{"target":"polarislines.goteborg","urgency":2,"shortest_distance_km":83,"ferry_time":390,"ferry_price":1729,"cargo":"cargo.graph_grease","company_truck":"scania_r_4x2_520","trailer_variant":"trailer.scs_dry_a","trailer_definition":"trailer_def.scs.box.single_3.dryvan","units_count":33,"fill_ratio":1,"trailer_place":0}],"stokes.calais":[{"target":"lkwlog.amsterdam","urgency":0,"shortest_distance_km":428,"ferry_time":0,"ferry_price":0,"cargo":"cargo.onion","company_truck":"scania_6x2_b","trailer_variant":"trailer.scs_curt_s","trailer_definition":"trailer_def.scs.box.single_3.curtain","units_count":33,"fill_ratio":1,"trailer_place":0}],"eurogoodies.klagenfurt":[{"target":"stokes.zurich","urgency":1,"shortest_distance_km":643,"ferry_time":0,"ferry_price":0,"cargo":"cargo.pears","company_truck":"scania_r_6x2_450","trailer_variant":"trailer.scs_dry_a","trailer_definition":"trailer_def.scs.box.single_3.dryvan","units_count":33,"fill_ratio":1,"trailer_place":0}],"tradeaux.rostock":[{"target":"norrsken.malmo","urgency":0,"shortest_distance_km":230,"ferry_time":105,"ferry_price":404,"cargo":"cargo.scrap_metals","company_truck":"daf_6x2_a","trailer_variant":"trailer.s_ki_solid.cover","trailer_definition":"trailer_def.scrap_metals.s_ki_solid.cover","units_count":100,"fill_ratio":1,"trailer_place":0},{"target":"gnt.kalmar","urgency":1,"shortest_distance_km":507,"ferry_time":105,"ferry_price":404,"cargo":"cargo.rye","company_truck":"mercedes_4x2","trailer_variant":"trailer.s_ki_solid.cover","trailer_definition":"trailer_def.rye.s_ki_solid.cover","units_count":100,"fill_ratio":1,"trailer_place":0}],"transinet.osnabruck":[{"target":"posped.koln","urgency":0,"shortest_distance_km":208,"ferry_time":0,"ferry_price":0,"cargo":"cargo.empty_barr","company_truck":"daf_4x2_b","trailer_variant":"trailer.scs_dry_a","trailer_definition":"trailer_def.scs.box.single_3.dryvan","units_count":33,"fill_ratio":1,"trailer_place":0}],"nord_crown.aalborg":[{"target":"polar_fish.goteborg","urgency":2,"shortest_distance_km":152,"ferry_time":195,"ferry_price":677,"cargo":"cargo.vinegar","company_truck":"double/daf_4x2_a","trailer_variant":"trailer.scs_curt_2","trailer_definition":"trailer_def.scs.box.double_3_2.curtain","units_count":53,"fill_ratio":1,"trailer_place":0}],"ika_bohag.stavanger":[{"target":"drekkar.odense","urgency":1,"shortest_distance_km":485,"ferry_time":195,"ferry_price":1052,"cargo":"cargo.used_packag","company_truck":"scania_streamline_4x2_c","trailer_variant":"trailer.scs_dry_s","trailer_definition":"trailer_def.scs.box.single_3.dryvan","units_count":33,"fill_ratio":1,"trailer_place":0},{"target":"gnt.bergen","urgency":2,"shortest_distance_km":426,"ferry_time":0,"ferry_price":0,"cargo":"cargo.pot_flowers","company_truck":"daf_xf_euro6_6x4_c","trailer_variant":"trailer.scs_ref_a","trailer_definition":"trailer_def.scs.box.single_3.reefer","units_count":33,"fill_ratio":1,"trailer_place":0}],"polar_fish.bergen":[{"target":"drekkar.bergen","urgency":1,"shortest_distance_km":1,"ferry_time":0,"ferry_price":0,"cargo":"cargo.salm_fillet","company_truck":"man_6x4_b","trailer_variant":"trailer.scs_ins_b2","trailer_definition":"trailer_def.scs.box.bdouble_3_3.insulated","units_count":53,"fill_ratio":1,"trailer_place":0},{"target":"norr_food.helsingborg","urgency":1,"shortest_distance_km":941,"ferry_time":0,"ferry_price":0,"cargo":"cargo.caviar","company_truck":"scania_streamline_6x2_b","trailer_variant":"trailer.scs_ref_s","trailer_definition":"trailer_def.scs.box.single_3.reefer","units_count":33,"fill_ratio":1,"trailer_place":0}],"polarislines.stavanger":[{"target":"renar.stavanger","urgency":1,"shortest_distance_km":25,"ferry_time":0,"ferry_price":0,"cargo":"cargo.truck_rims","company_truck":"mercedes_actros_2014_4x2_c","trailer_variant":"trailer.scs_dry_a","trailer_definition":"trailer_def.scs.box.single_3.dryvan","units_count":33,"fill_ratio":1,"trailer_place":0}],"norrsken.malmo":[{"target":"norr_food.vaxjo","urgency":1,"shortest_distance_km":215,"ferry_time":0,"ferry_price":0,"cargo":"cargo.vinegar_c","company_truck":"scania_streamline_6x2_b","trailer_variant":"trailer.scs_flat_c_g","trailer_definition":"trailer_def.scs.flatbed.single_3.container","units_count":33,"fill_ratio":1,"trailer_place":0}],"vitas_pwr.aalborg":[{"target":"konstnr_wind.gedser","urgency":0,"shortest_distance_km":443,"ferry_time":0,"ferry_price":0,"cargo":"cargo.windml_tube","company_truck":"scania_s_6x4_730","trailer_variant":"trailer.overweight.tubeair","trailer_definition":"trailer_def.windml_tube.overweight.tubeair","units_count":100,"fill_ratio":1,"trailer_place":0},{"target":"konstnr_wind.esbjerg","urgency":2,"shortest_distance_km":234,"ferry_time":0,"ferry_price":0,"cargo":"cargo.windml_eng","company_truck":"iveco_4x2_b","trailer_variant":"trailer.overweight.windplant","trailer_definition":"trailer_def.windml_eng.overweight.windplant","units_count":100,"fill_ratio":1,"trailer_place":0}],"nord_crown.orebro":[{"target":"norr_food.stockholm","urgency":0,"shortest_distance_km":176,"ferry_time":0,"ferry_price":0,"cargo":"cargo.lamb_stom","company_truck":"double/scania_s_4x2","trailer_variant":"trailer.scs_ref_2","trailer_definition":"trailer_def.scs.box.double_3_2.reefer","units_count":53,"fill_ratio":1,"trailer_place":0},{"target":"norrsken.aalborg","urgency":2,"shortest_distance_km":493,"ferry_time":195,"ferry_price":677,"cargo":"cargo.sausages","company_truck":"man_4x2_c","trailer_variant":"trailer.scs_ref_a","trailer_definition":"trailer_def.scs.box.single_3.reefer","units_count":33,"fill_ratio":1,"trailer_place":0},{"target":"renar.vasteraas","urgency":0,"shortest_distance_km":98,"ferry_time":0,"ferry_price":0,"cargo":"cargo.pet_food","company_truck":"mercedes_actros_2014_6x2_a","trailer_variant":"trailer.scs_curt_a","trailer_definition":"trailer_def.scs.box.single_3.curtain","units_count":33,"fill_ratio":1,"trailer_place":0}],"konstnr.stockholm":[{"target":"nord_sten.linkoping","urgency":2,"shortest_distance_km":211,"ferry_time":0,"ferry_price":0,"cargo":"cargo.excavator","company_truck":"mercedes_4x2_a","trailer_variant":"trailer.overweight.excavator","trailer_definition":"trailer_def.excavator.overweight.excavator","units_count":100,"fill_ratio":1,"trailer_place":0}],"trameri.wroclaw":[{"target":"gnt.uppsala","urgency":2,"shortest_distance_km":1368,"ferry_time":105,"ferry_price":404,"cargo":"cargo.plast_film_c","company_truck":"man_6x4_b","trailer_variant":"trailer.scs_gosck40","trailer_definition":"trailer_def.scs.gooseneck.singl_3e_40.container","units_count":30,"fill_ratio":1,"trailer_place":0}],"renar.kobenhavn":[{"target":"drekkar.odense","urgency":1,"shortest_distance_km":125,"ferry_time":0,"ferry_price":0,"cargo":"cargo.vinegar_c","company_truck":"man_6x4_b","trailer_variant":"trailer.scs_gosck40","trailer_definition":"trailer_def.scs.gooseneck.singl_3e_40.container","units_count":30,"fill_ratio":1,"trailer_place":0}],"eurogoodies.cardiff":[{"target":"stokes.calais","urgency":0,"shortest_distance_km":413,"ferry_time":91,"ferry_price":384,"cargo":"cargo.smokd_eel","company_truck":"scania_4x2_b","trailer_variant":"trailer.scs_ref_a","trailer_definition":"trailer_def.scs.box.single_3.reefer","units_count":33,"fill_ratio":1,"trailer_place":0}],"posped.metz":[{"target":"tradeaux.lyon","urgency":1,"shortest_distance_km":427,"ferry_time":0,"ferry_price":0,"cargo":"cargo.barley","company_truck":"man_tgx_euro6_4x2_xxl","trailer_variant":"trailer.s_ki_solid.cover","trailer_definition":"trailer_def.barley.s_ki_solid.cover","units_count":100,"fill_ratio":1,"trailer_place":0}],"ika_bohag.uppsala":[{"target":"norrsken.orebro","urgency":1,"shortest_distance_km":175,"ferry_time":0,"ferry_price":0,"cargo":"cargo.used_packag","company_truck":"man_6x4_b","trailer_variant":"trailer.scs_dry_s","trailer_definition":"trailer_def.scs.box.single_3.dryvan","units_count":33,"fill_ratio":1,"trailer_place":0},{"target":"norrsken.aalborg","urgency":2,"shortest_distance_km":638,"ferry_time":195,"ferry_price":677,"cargo":"cargo.pot_flowers","company_truck":"man_6x4_b","trailer_variant":"trailer.scs_ref_a","trailer_definition":"trailer_def.scs.box.single_3.reefer","units_count":33,"fill_ratio":1,"trailer_place":0}],"euroacres.bremen":[{"target":"drekkar.linkoping","urgency":1,"shortest_distance_km":1030,"ferry_time":0,"ferry_price":0,"cargo":"cargo.milk_t","company_truck":"scania_streamline_6x2_b","trailer_variant":"trailer.scs_fodt","trailer_definition":"trailer_def.scs.foodtank.single_3.paint","units_count":23,"fill_ratio":1,"trailer_place":0}],"euroacres.wien":[{"target":"drekkar.malmo","urgency":0,"shortest_distance_km":1045,"ferry_time":105,"ferry_price":404,"cargo":"cargo.garlic","company_truck":"renault_t_6x2","trailer_variant":"trailer.scs_dry_m","trailer_definition":"trailer_def.scs.box.single_3.dryvan_m","units_count":33,"fill_ratio":1,"trailer_place":0}],"trameri.lyon":[{"target":"renar.oslo","urgency":2,"shortest_distance_km":2166,"ferry_time":0,"ferry_price":0,"cargo":"cargo.rooflights","company_truck":"scania_streamline_6x4_a","trailer_variant":"trailer.scs_curt_s","trailer_definition":"trailer_def.scs.box.single_3.curtain","units_count":33,"fill_ratio":1,"trailer_place":0}],"eurogoodies.osnabruck":[{"target":"transinet.dortmund","urgency":2,"shortest_distance_km":146,"ferry_time":0,"ferry_price":0,"cargo":"cargo.smokd_sprats","company_truck":"double/mercedes_actros_2014_4x2_a","trailer_variant":"trailer.scs_ref_2","trailer_definition":"trailer_def.scs.box.double_3_2.reefer","units_count":29,"fill_ratio":1,"trailer_place":0},{"target":"polarislines.nynashamn","urgency":0,"shortest_distance_km":1296,"ferry_time":0,"ferry_price":0,"cargo":"cargo.honey","company_truck":"man_6x4_b","trailer_variant":"trailer.scs_curt_2","trailer_definition":"trailer_def.scs.box.double_3_2.curtain","units_count":30,"fill_ratio":1,"trailer_place":0}],"drekkar.malmo":[{"target":"nord_sten.kalmar","urgency":0,"shortest_distance_km":388,"ferry_time":0,"ferry_price":0,"cargo":"cargo.digger500","company_truck":"scania_s_6x4_730","trailer_variant":"trailer.overweight.digger500","trailer_definition":"trailer_def.digger500.overweight.digger500","units_count":100,"fill_ratio":1,"trailer_place":0},{"target":"norrsken.malmo","urgency":1,"shortest_distance_km":3,"ferry_time":0,"ferry_price":0,"cargo":"cargo.plumb_suppl","company_truck":"renault_premium_6x4_a","trailer_variant":"trailer.scs_curt_a","trailer_definition":"trailer_def.scs.box.single_3.curtain","units_count":33,"fill_ratio":1,"trailer_place":0}],"sag_tre.oslo":[{"target":"agronord.kristiansand","urgency":1,"shortest_distance_km":336,"ferry_time":0,"ferry_price":0,"cargo":"cargo.wood_bark","company_truck":"man_6x4_b","trailer_variant":"trailer.s_ki_solid.cover","trailer_definition":"trailer_def.wood_bark.s_ki_solid.cover","units_count":100,"fill_ratio":1,"trailer_place":0}],"tradeaux.lyon":[{"target":"gnt.uppsala","urgency":1,"shortest_distance_km":2267,"ferry_time":0,"ferry_price":0,"cargo":"cargo.canned_pork","company_truck":"scania_4x2_a","trailer_variant":"trailer.scs_ins","trailer_definition":"trailer_def.scs.box.single_3.insulated","units_count":33,"fill_ratio":1,"trailer_place":0}],"renar.stavanger":[{"target":"gnt.kristiansand","urgency":2,"shortest_distance_km":182,"ferry_time":0,"ferry_price":0,"cargo":"cargo.limonades","company_truck":"double/daf_4x2_a","trailer_variant":"trailer.scs_curt_2","trailer_definition":"trailer_def.scs.box.double_3_2.curtain","units_count":53,"fill_ratio":1,"trailer_place":0}],"drekkar.odense":[{"target":"norr_food.kobenhavn","urgency":0,"shortest_distance_km":127,"ferry_time":0,"ferry_price":0,"cargo":"cargo.salt_spice_c","company_truck":"mercedes_6x2_b","trailer_variant":"trailer.scs_flat_c_r","trailer_definition":"trailer_def.scs.flatbed.single_3.container","units_count":33,"fill_ratio":1,"trailer_place":0}],"transinet.dresden":[{"target":"eurogoodies.prague","urgency":1,"shortest_distance_km":113,"ferry_time":0,"ferry_price":0,"cargo":"cargo.rye","company_truck":"daf_4x2_b","trailer_variant":"trailer.s_ki_solid.cover","trailer_definition":"trailer_def.rye.s_ki_solid.cover","units_count":100,"fill_ratio":1,"trailer_place":0}],"euroacres.bern":[{"target":"posped.strasbourg","urgency":1,"shortest_distance_km":242,"ferry_time":0,"ferry_price":0,"cargo":"cargo.pork_meat","company_truck":"mercedes_actros_2014_4x2_b","trailer_variant":"trailer.scs_ref_s","trailer_definition":"trailer_def.scs.box.single_3.reefer","units_count":33,"fill_ratio":1,"trailer_place":0}],"lkwlog.amsterdam":[{"target":"transinet.rotterdam","urgency":1,"shortest_distance_km":79,"ferry_time":0,"ferry_price":0,"cargo":"cargo.transmis","company_truck":"double/iveco_4x2_a","trailer_variant":"trailer.scs_curt_b2","trailer_definition":"trailer_def.scs.box.bdouble_3_3.curtain","units_count":53,"fill_ratio":1,"trailer_place":0},{"target":"gnt.kristiansand","urgency":1,"shortest_distance_km":930,"ferry_time":195,"ferry_price":1052,"cargo":"cargo.brake_fluid","company_truck":"man_tgx_euro6_4x2_xxl","trailer_variant":"trailer.scs_gosck40","trailer_definition":"trailer_def.scs.gooseneck.singl_3e_40.container","units_count":30,"fill_ratio":1,"trailer_place":0}],"norr_food.helsingborg":[{"target":"norrsken.karlskrona","urgency":0,"shortest_distance_km":167,"ferry_time":0,"ferry_price":0,"cargo":"cargo.used_plast","company_truck":"double/mercedes_actros_2014_4x2_a","trailer_variant":"trailer.scs_curt_2","trailer_definition":"trailer_def.scs.box.double_3_2.curtain","units_count":53,"fill_ratio":1,"trailer_place":0}],"eurogoodies.berlin":[{"target":"transinet.dresden","urgency":0,"shortest_distance_km":202,"ferry_time":0,"ferry_price":0,"cargo":"cargo.salt_spice_c","company_truck":"scania_streamline_4x2_b","trailer_variant":"trailer.scs_flat_c_g","trailer_definition":"trailer_def.scs.flatbed.single_3.container","units_count":33,"fill_ratio":1,"trailer_place":0},{"target":"renar.vaxjo","urgency":2,"shortest_distance_km":637,"ferry_time":105,"ferry_price":404,"cargo":"cargo.sugar","company_truck":"double/iveco_4x2_a","trailer_variant":"trailer.scs_curt_b2","trailer_definition":"trailer_def.scs.box.bdouble_3_3.curtain","units_count":26,"fill_ratio":1,"trailer_place":0}],"drekkar.karlskrona":[{"target":"norr_food.vaxjo","urgency":1,"shortest_distance_km":71,"ferry_time":0,"ferry_price":0,"cargo":"cargo.fresh_fish","company_truck":"double/renault_magnum_4x2_a","trailer_variant":"trailer.scs_ref_b2","trailer_definition":"trailer_def.scs.box.bdouble_3_3.reefer","units_count":53,"fill_ratio":1,"trailer_place":0}],"lkwlog.hamburg":[{"target":"stokes.kiel","urgency":2,"shortest_distance_km":175,"ferry_time":0,"ferry_price":0,"cargo":"cargo.smokd_sprats","company_truck":"man_6x4_b","trailer_variant":"trailer.scs_ref","trailer_definition":"trailer_def.scs.box.single_3.reefer","units_count":33,"fill_ratio":1,"trailer_place":0},{"target":"ika_bohag.stavanger","urgency":2,"shortest_distance_km":734,"ferry_time":195,"ferry_price":1052,"cargo":"cargo.forklifts","company_truck":"daf_6x2_a","trailer_variant":"trailer.overweight.forklifts","trailer_definition":"trailer_def.forklifts.overweight.forklifts","units_count":100,"fill_ratio":1,"trailer_place":0}],"trameri.amsterdam":[{"target":"norrsken.orebro","urgency":0,"shortest_distance_km":1445,"ferry_time":0,"ferry_price":0,"cargo":"cargo.scrap_metals","company_truck":"renault_premium_4x2_a","trailer_variant":"trailer.s_ki_solid.cover","trailer_definition":"trailer_def.scrap_metals.s_ki_solid.cover","units_count":100,"fill_ratio":1,"trailer_place":0}],"gnt.bergen":[{"target":"drekkar.bergen","urgency":2,"shortest_distance_km":13,"ferry_time":0,"ferry_price":0,"cargo":"cargo.cont_trees","company_truck":"scania_streamline_4x2_a","trailer_variant":"trailer.scs_ref","trailer_definition":"trailer_def.scs.box.single_3.reefer","units_count":33,"fill_ratio":1,"trailer_place":0}],"sag_tre.linkoping":[{"target":"drekkar.karlskrona","urgency":2,"shortest_distance_km":303,"ferry_time":0,"ferry_price":0,"cargo":"cargo.wshavings","company_truck":"man_4x2_c","trailer_variant":"trailer.s_ki_solid.cover","trailer_definition":"trailer_def.wshavings.s_ki_solid.cover","units_count":100,"fill_ratio":1,"trailer_place":0}],"cont_port.oslo":[{"target":"drekkar.vaxjo","urgency":1,"shortest_distance_km":497,"ferry_time":0,"ferry_price":0,"cargo":"cargo.vinegar_c","company_truck":"mercedes_4x2_b","trailer_variant":"trailer.scs_gosck220","trailer_definition":"trailer_def.scs.gooseneck.singl_3e_220.container","units_count":30,"fill_ratio":1,"trailer_place":0}],"agronord.kalmar":[{"target":"gnt.jonkoping","urgency":1,"shortest_distance_km":196,"ferry_time":0,"ferry_price":0,"cargo":"cargo.apples","company_truck":"scania_4x2_c","trailer_variant":"trailer.scs_dry_s","trailer_definition":"trailer_def.scs.box.single_3.dryvan","units_count":33,"fill_ratio":1,"trailer_place":0},{"target":"norrsken.malmo","urgency":1,"shortest_distance_km":303,"ferry_time":0,"ferry_price":0,"cargo":"cargo.barley","company_truck":"renault_t_6x2","trailer_variant":"trailer.s_ki_solid.cover","trailer_definition":"trailer_def.barley.s_ki_solid.cover","units_count":100,"fill_ratio":1,"trailer_place":0}],"aria_fd_trbg.trelleborg":[{"target":"norr_food.vaxjo","urgency":0,"shortest_distance_km":235,"ferry_time":0,"ferry_price":0,"cargo":"cargo.goat_cheese","company_truck":"double/man_euro6_4x2_xxl","trailer_variant":"trailer.scs_ins_b2","trailer_definition":"trailer_def.scs.box.bdouble_3_3.insulated","units_count":53,"fill_ratio":1,"trailer_place":0},{"target":"polarislines.trelleborg","urgency":2,"shortest_distance_km":16,"ferry_time":0,"ferry_price":0,"cargo":"cargo.chicken_meat","company_truck":"double/scania_4x2_a","trailer_variant":"trailer.scs_ins_b2","trailer_definition":"trailer_def.scs.box.bdouble_3_3.insulated","units_count":53,"fill_ratio":1,"trailer_place":0}],"norr_food.oslo":[{"target":"drekkar.linkoping","urgency":1,"shortest_distance_km":511,"ferry_time":0,"ferry_price":0,"cargo":"cargo.used_packag","company_truck":"renault_t_6x2","trailer_variant":"trailer.scs_curt_a","trailer_definition":"trailer_def.scs.box.single_3.curtain","units_count":33,"fill_ratio":1,"trailer_place":0}],"polarislines.gedser":[{"target":"norrsken.aalborg","urgency":0,"shortest_distance_km":417,"ferry_time":0,"ferry_price":0,"cargo":"cargo.tableware","company_truck":"double/scania_r_4x2","trailer_variant":"trailer.scs_dry_b2","trailer_definition":"trailer_def.scs.box.bdouble_3_3.dryvan","units_count":53,"fill_ratio":1,"trailer_place":0},{"target":"norr_food.helsingborg","urgency":1,"shortest_distance_km":233,"ferry_time":0,"ferry_price":0,"cargo":"cargo.pears","company_truck":"renault_premium_6x2_a","trailer_variant":"trailer.scs_curt_a","trailer_definition":"trailer_def.scs.box.single_3.curtain","units_count":33,"fill_ratio":1,"trailer_place":0}],"eurogoodies.magdeburg":[{"target":"drekkar.malmo","urgency":0,"shortest_distance_km":503,"ferry_time":105,"ferry_price":404,"cargo":"cargo.maple_syrup","company_truck":"daf_xf_euro6_4x2_b","trailer_variant":"trailer.scs_dry_s","trailer_definition":"trailer_def.scs.box.single_3.dryvan","units_count":33,"fill_ratio":1,"trailer_place":0}],"norr_food.linkoping":[{"target":"renar.vaxjo","urgency":2,"shortest_distance_km":250,"ferry_time":0,"ferry_price":0,"cargo":"cargo.empty_palet","company_truck":"daf_xf_euro6_6x2_a","trailer_variant":"trailer.scs_dry","trailer_definition":"trailer_def.scs.box.single_3.dryvan","units_count":33,"fill_ratio":1,"trailer_place":0}],"eurogoodies.liege":[{"target":"renar.kobenhavn","urgency":1,"shortest_distance_km":1010,"ferry_time":0,"ferry_price":0,"cargo":"cargo.salm_fillet","company_truck":"renault_magnum_6x2_a","trailer_variant":"trailer.scs_ref","trailer_definition":"trailer_def.scs.box.single_3.reefer","units_count":33,"fill_ratio":1,"trailer_place":0}],"transinet.southampton":[{"target":"lkwlog.dover","urgency":0,"shortest_distance_km":222,"ferry_time":0,"ferry_price":0,"cargo":"cargo.salt_spice_c","company_truck":"daf_xf_euro6_6x4_c","trailer_variant":"trailer.scs_flat_c_r","trailer_definition":"trailer_def.scs.flatbed.single_3.container","units_count":33,"fill_ratio":1,"trailer_place":0}],"renar.oslo":[{"target":"polarislines.oslo","urgency":0,"shortest_distance_km":66,"ferry_time":0,"ferry_price":0,"cargo":"cargo.atl_cod_flt","company_truck":"daf_xf_euro6_4x2_c","trailer_variant":"trailer.scs_ins_s","trailer_definition":"trailer_def.scs.box.single_3.insulated","units_count":33,"fill_ratio":1,"trailer_place":0}],"norrsken.orebro":[{"target":"drekkar.linkoping","urgency":0,"shortest_distance_km":159,"ferry_time":0,"ferry_price":0,"cargo":"cargo.plastic_gra","company_truck":"scania_4x2_c","trailer_variant":"trailer.cement","trailer_definition":"trailer_def.plastic_gra.cement","units_count":100,"fill_ratio":1,"trailer_place":0}],"ika_bohag.odense":[{"target":"norr_food.uppsala","urgency":2,"shortest_distance_km":805,"ferry_time":0,"ferry_price":0,"cargo":"cargo.pot_flowers","company_truck":"man_6x4_b","trailer_variant":"trailer.scs_ins_a","trailer_definition":"trailer_def.scs.box.single_3.insulated","units_count":33,"fill_ratio":1,"trailer_place":0}],"posped.bratislava":[{"target":"polarislines.kristiansand","urgency":1,"shortest_distance_km":1429,"ferry_time":195,"ferry_price":1052,"cargo":"cargo.electronics","company_truck":"mercedes_actros_2014_4x2_c","trailer_variant":"trailer.scs_dry_a","trailer_definition":"trailer_def.scs.box.single_3.dryvan","units_count":33,"fill_ratio":1,"trailer_place":0}],"euroacres.torino":[{"target":"stokes.dijon","urgency":0,"shortest_distance_km":545,"ferry_time":0,"ferry_price":0,"cargo":"cargo.cott_cheese","company_truck":"scania_s_4x2_370","trailer_variant":"trailer.scs_ins_a","trailer_definition":"trailer_def.scs.box.single_3.insulated","units_count":33,"fill_ratio":1,"trailer_place":0}],"aria_fd_jnpg.jonkoping":[{"target":"renar.oslo","urgency":2,"shortest_distance_km":286,"ferry_time":0,"ferry_price":0,"cargo":"cargo.chicken_meat","company_truck":"double/renault_premium_4x2_a","trailer_variant":"trailer.scs_ref_2","trailer_definition":"trailer_def.scs.box.double_3_2.reefer","units_count":53,"fill_ratio":1,"trailer_place":0}],"drekkar.vaxjo":[{"target":"agronord.goteborg","urgency":0,"shortest_distance_km":305,"ferry_time":0,"ferry_price":0,"cargo":"cargo.mason_jars","company_truck":"double/scania_4x2_a","trailer_variant":"trailer.scs_curt_b2","trailer_definition":"trailer_def.scs.box.bdouble_3_3.curtain","units_count":53,"fill_ratio":1,"trailer_place":0},{"target":"ika_bohag.oslo","urgency":1,"shortest_distance_km":544,"ferry_time":0,"ferry_price":0,"cargo":"cargo.young_seed","company_truck":"man_6x4_b","trailer_variant":"trailer.scs_ins_a","trailer_definition":"trailer_def.scs.box.single_3.insulated","units_count":33,"fill_ratio":1,"trailer_place":0}],"tree_et.manchester":[{"target":"norrsken.malmo","urgency":0,"shortest_distance_km":520,"ferry_time":1140,"ferry_price":1314,"cargo":"cargo.lumber","company_truck":"daf_4x2_b","trailer_variant":"trailer.scs_flat_b","trailer_definition":"trailer_def.scs.flatbed.single_3.flatbed_w","units_count":2,"fill_ratio":1,"trailer_place":0}],"quarry.sheffield":[{"target":"ms_stein.kristiansand","urgency":1,"shortest_distance_km":547,"ferry_time":1335,"ferry_price":2366,"cargo":"cargo.sand","company_truck":"mercedes_actros_2014_6x4_b","trailer_variant":"trailer.s_ki_solid.sand","trailer_definition":"trailer_def.sand.s_ki_solid.sand","units_count":100,"fill_ratio":1,"trailer_place":0},{"target":"konstnr.kobenhavn","urgency":0,"shortest_distance_km":472,"ferry_time":1140,"ferry_price":1314,"cargo":"cargo.stones","company_truck":"scania_streamline_4x2_b","trailer_variant":"trailer.s_ki_solid.cover","trailer_definition":"trailer_def.stones.s_ki_solid.cover","units_count":100,"fill_ratio":1,"trailer_place":0},{"target":"norrsken.aalborg","urgency":0,"shortest_distance_km":445,"ferry_time":1140,"ferry_price":1314,"cargo":"cargo.ore","company_truck":"mercedes_actros_2014_4x2_b","trailer_variant":"trailer.s_ki_solid.ore","trailer_definition":"trailer_def.ore.s_ki_solid.ore","units_count":100,"fill_ratio":1,"trailer_place":0}],"posped.koln":[{"target":"lkwlog.luxembourg","urgency":1,"shortest_distance_km":225,"ferry_time":0,"ferry_price":0,"cargo":"cargo.frozen_hake","company_truck":"renault_premium_4x2_c","trailer_variant":"trailer.scs_ref_a","trailer_definition":"trailer_def.scs.box.single_3.reefer","units_count":33,"fill_ratio":1,"trailer_place":0}],"eurogoodies.newcastle":[{"target":"stokes.plymouth","urgency":1,"shortest_distance_km":667,"ferry_time":0,"ferry_price":0,"cargo":"cargo.sheep_wool","company_truck":"renault_premium_4x2_a","trailer_variant":"trailer.scs_dry_a","trailer_definition":"trailer_def.scs.box.single_3.dryvan","units_count":33,"fill_ratio":1,"trailer_place":0},{"target":"norrsken.malmo","urgency":2,"shortest_distance_km":557,"ferry_time":1140,"ferry_price":1314,"cargo":"cargo.liver_paste","company_truck":"scania_6x4_a","trailer_variant":"trailer.scs_ins","trailer_definition":"trailer_def.scs.box.single_3.insulated","units_count":33,"fill_ratio":1,"trailer_place":0}],"drekkar.linkoping":[{"target":"gnt.kristiansand","urgency":1,"shortest_distance_km":744,"ferry_time":0,"ferry_price":0,"cargo":"cargo.paper","company_truck":"double/daf_xf_euro6_4x2_a","trailer_variant":"trailer.scs_dry_b2","trailer_definition":"trailer_def.scs.box.bdouble_3_3.dryvan","units_count":53,"fill_ratio":1,"trailer_place":0}],"drekkar.uppsala":[{"target":"ns_chem.stockholm","urgency":0,"shortest_distance_km":103,"ferry_time":0,"ferry_price":0,"cargo":"cargo.hchemicals","company_truck":"renault_t_4x2h","trailer_variant":"trailer.chcistern","trailer_definition":"trailer_def.hchemicals.chcistern","units_count":100,"fill_ratio":1,"trailer_place":0},{"target":"gnt.jonkoping","urgency":2,"shortest_distance_km":343,"ferry_time":0,"ferry_price":0,"cargo":"cargo.sugar","company_truck":"double/daf_4x2_a","trailer_variant":"trailer.scs_dry_2","trailer_definition":"trailer_def.scs.box.double_3_2.dryvan","units_count":53,"fill_ratio":1,"trailer_place":0}],"quarry.hannover":[{"target":"konstnr.kobenhavn","urgency":2,"shortest_distance_km":631,"ferry_time":0,"ferry_price":0,"cargo":"cargo.excavator","company_truck":"iveco_4x2_c","trailer_variant":"trailer.overweight.excavator","trailer_definition":"trailer_def.excavator.overweight.excavator","units_count":94,"fill_ratio":1,"trailer_place":0},{"target":"norrsken.malmo","urgency":2,"shortest_distance_km":690,"ferry_time":0,"ferry_price":0,"cargo":"cargo.largetubes","company_truck":"scania_r_4x2_520","trailer_variant":"trailer.scs_flat_c_r","trailer_definition":"trailer_def.scs.flatbed.single_3.container","units_count":2,"fill_ratio":1,"trailer_place":0}],"konstnr.kobenhavn":[{"target":"ika_bohag.malmo","urgency":2,"shortest_distance_km":73,"ferry_time":0,"ferry_price":0,"cargo":"cargo.forklifts","company_truck":"renault_premium_6x4_a","trailer_variant":"trailer.overweight.forklifts","trailer_definition":"trailer_def.forklifts.overweight.forklifts","units_count":100,"fill_ratio":1,"trailer_place":0},{"target":"drekkar.odense","urgency":0,"shortest_distance_km":123,"ferry_time":0,"ferry_price":0,"cargo":"cargo.hipresstank","company_truck":"renault_premium_6x4_a","trailer_variant":"trailer.scs_flat_r","trailer_definition":"trailer_def.scs.flatbed.single_3.flatbed_w","units_count":2,"fill_ratio":1,"trailer_place":0}],"polarislines.trelleborg":[{"target":"volvo_fac.goteborg","urgency":1,"shortest_distance_km":349,"ferry_time":0,"ferry_price":0,"cargo":"cargo.truck_rims","company_truck":"renault_premium_6x4_a","trailer_variant":"trailer.scs_dry","trailer_definition":"trailer_def.scs.box.single_3.dryvan","units_count":33,"fill_ratio":1,"trailer_place":0},{"target":"gnt.helsingborg","urgency":1,"shortest_distance_km":73,"ferry_time":0,"ferry_price":0,"cargo":"cargo.salm_fillet","company_truck":"double/renault_magnum_4x2_a","trailer_variant":"trailer.scs_ref_2","trailer_definition":"trailer_def.scs.box.double_3_2.reefer","units_count":53,"fill_ratio":1,"trailer_place":0},{"target":"norrsken.orebro","urgency":1,"shortest_distance_km":535,"ferry_time":0,"ferry_price":0,"cargo":"cargo.refl_posts","company_truck":"renault_t_4x2h","trailer_variant":"trailer.scs_dry_ms","trailer_definition":"trailer_def.scs.box.single_3.dryvan_m","units_count":33,"fill_ratio":1,"trailer_place":0},{"target":"norr_food.kobenhavn","urgency":1,"shortest_distance_km":93,"ferry_time":0,"ferry_price":0,"cargo":"cargo.frozen_hake","company_truck":"scania_r_4x2_370","trailer_variant":"trailer.scs_ref_s","trailer_definition":"trailer_def.scs.box.single_3.reefer","units_count":33,"fill_ratio":1,"trailer_place":0}],"ika_bohag.orebro":[{"target":"norr_food.jonkoping","urgency":2,"shortest_distance_km":211,"ferry_time":0,"ferry_price":0,"cargo":"cargo.pot_flowers","company_truck":"daf_6x2_a","trailer_variant":"trailer.scs_ref","trailer_definition":"trailer_def.scs.box.single_3.reefer","units_count":33,"fill_ratio":1,"trailer_place":0},{"target":"norrsken.stockholm","urgency":2,"shortest_distance_km":225,"ferry_time":0,"ferry_price":0,"cargo":"cargo.empty_palet","company_truck":"renault_premium_4x2_a","trailer_variant":"trailer.scs_curt_a","trailer_definition":"trailer_def.scs.box.single_3.curtain","units_count":33,"fill_ratio":1,"trailer_place":0}],"ika_bohag.malmo":[{"target":"norrsken.orebro","urgency":2,"shortest_distance_km":508,"ferry_time":0,"ferry_price":0,"cargo":"cargo.empty_palet","company_truck":"man_4x2_a","trailer_variant":"trailer.scs_dry_s","trailer_definition":"trailer_def.scs.box.single_3.dryvan","units_count":33,"fill_ratio":1,"trailer_place":0}],"stokes.nurnberg":[{"target":"lkwlog.stuttgart","urgency":0,"shortest_distance_km":305,"ferry_time":0,"ferry_price":0,"cargo":"cargo.empty_barr","company_truck":"mercedes_actros_2014_4x2_c","trailer_variant":"trailer.scs_dry_m","trailer_definition":"trailer_def.scs.box.single_3.dryvan_m","units_count":33,"fill_ratio":1,"trailer_place":0}],"posped.rotterdam":[{"target":"transinet.rotterdam","urgency":2,"shortest_distance_km":1,"ferry_time":0,"ferry_price":0,"cargo":"cargo.plast_film_c","company_truck":"scania_streamline_6x2_b","trailer_variant":"trailer.scs_gosck20","trailer_definition":"trailer_def.scs.gooseneck.singl_3e_20.container","units_count":15,"fill_ratio":1,"trailer_place":0}],"norr_food.jonkoping":[{"target":"gnt.helsingborg","urgency":2,"shortest_distance_km":203,"ferry_time":0,"ferry_price":0,"cargo":"cargo.empty_palet","company_truck":"daf_4x2_a","trailer_variant":"trailer.scs_curt_a","trailer_definition":"trailer_def.scs.box.single_3.curtain","units_count":33,"fill_ratio":1,"trailer_place":0},{"target":"norrsken.karlskrona","urgency":2,"shortest_distance_km":195,"ferry_time":0,"ferry_price":0,"cargo":"cargo.used_plast_c","company_truck":"man_6x4_b","trailer_variant":"trailer.scs_gosck220","trailer_definition":"trailer_def.scs.gooseneck.singl_3e_220.container","units_count":30,"fill_ratio":1,"trailer_place":0}],"polarislines.kapellskar":[{"target":"norrsken.stockholm","urgency":1,"shortest_distance_km":124,"ferry_time":0,"ferry_price":0,"cargo":"cargo.transmis","company_truck":"double/man_4x2_a","trailer_variant":"trailer.scs_curt_2","trailer_definition":"trailer_def.scs.box.double_3_2.curtain","units_count":53,"fill_ratio":1,"trailer_place":0}],"agronord.kristiansand":[{"target":"polar_fish.aalborg","urgency":0,"shortest_distance_km":147,"ferry_time":195,"ferry_price":1052,"cargo":"cargo.tomatoes","company_truck":"double/scania_4x2_a","trailer_variant":"trailer.scs_ref_b2","trailer_definition":"trailer_def.scs.box.bdouble_3_3.reefer","units_count":53,"fill_ratio":1,"trailer_place":0},{"target":"norr_food.oslo","urgency":2,"shortest_distance_km":380,"ferry_time":0,"ferry_price":0,"cargo":"cargo.plums","company_truck":"man_6x4_b","trailer_variant":"trailer.scs_ins_2","trailer_definition":"trailer_def.scs.box.double_3_2.insulated","units_count":53,"fill_ratio":1,"trailer_place":0}],"euroacres.dover":[{"target":"eurogoodies.erfurt","urgency":0,"shortest_distance_km":829,"ferry_time":91,"ferry_price":384,"cargo":"cargo.garlic","company_truck":"mercedes_6x2_b","trailer_variant":"trailer.scs_curt","trailer_definition":"trailer_def.scs.box.single_3.curtain","units_count":33,"fill_ratio":1,"trailer_place":0}],"eurogoodies.grimsby":[{"target":"lkwlog.calais","urgency":2,"shortest_distance_km":391,"ferry_time":91,"ferry_price":384,"cargo":"cargo.sausages","company_truck":"renault_premium_6x4_a","trailer_variant":"trailer.scs_ins_s","trailer_definition":"trailer_def.scs.box.single_3.insulated","units_count":33,"fill_ratio":1,"trailer_place":0},{"target":"renar.kobenhavn","urgency":1,"shortest_distance_km":411,"ferry_time":1140,"ferry_price":1314,"cargo":"cargo.milk_t","company_truck":"man_6x4_b","trailer_variant":"trailer.scs_fodt","trailer_definition":"trailer_def.scs.foodtank.single_3.paint","units_count":23,"fill_ratio":1,"trailer_place":0}],"polarislines.goteborg":[{"target":"renar.vaxjo","urgency":0,"shortest_distance_km":269,"ferry_time":0,"ferry_price":0,"cargo":"cargo.pet_food","company_truck":"double/daf_4x2_a","trailer_variant":"trailer.scs_dry_2","trailer_definition":"trailer_def.scs.box.double_3_2.dryvan","units_count":53,"fill_ratio":1,"trailer_place":0},{"target":"gnt.helsingborg","urgency":0,"shortest_distance_km":243,"ferry_time":0,"ferry_price":0,"cargo":"cargo.clothes","company_truck":"man_6x4_b","trailer_variant":"trailer.scs_dry_a","trailer_definition":"trailer_def.scs.box.single_3.dryvan","units_count":33,"fill_ratio":1,"trailer_place":0}],"polarislines.travemunde":[{"target":"norr_food.odense","urgency":0,"shortest_distance_km":349,"ferry_time":0,"ferry_price":0,"cargo":"cargo.plant_substr","company_truck":"double/renault_premium_4x2_a","trailer_variant":"trailer.scs_curt_2","trailer_definition":"trailer_def.scs.box.double_3_2.curtain","units_count":34,"fill_ratio":1,"trailer_place":0}],"nord_crown.stavanger":[{"target":"drekkar.bergen","urgency":1,"shortest_distance_km":413,"ferry_time":0,"ferry_price":0,"cargo":"cargo.canned_pork","company_truck":"double/man_euro6_4x2_xxl","trailer_variant":"trailer.scs_ref_2","trailer_definition":"trailer_def.scs.box.double_3_2.reefer","units_count":52,"fill_ratio":1,"trailer_place":0},{"target":"renar.kobenhavn","urgency":2,"shortest_distance_km":609,"ferry_time":195,"ferry_price":1052,"cargo":"cargo.beef_meat","company_truck":"double/mercedes_actros_2014_4x2_a","trailer_variant":"trailer.scs_ref_b2","trailer_definition":"trailer_def.scs.box.bdouble_3_3.reefer","units_count":46,"fill_ratio":1,"trailer_place":0},{"target":"renar.vasteraas","urgency":1,"shortest_distance_km":901,"ferry_time":0,"ferry_price":0,"cargo":"cargo.vinegar_c","company_truck":"scania_streamline_6x4_a","trailer_variant":"trailer.scs_gosck220","trailer_definition":"trailer_def.scs.gooseneck.singl_3e_220.container","units_count":30,"fill_ratio":1,"trailer_place":0},{"target":"norr_food.oslo","urgency":0,"shortest_distance_km":485,"ferry_time":0,"ferry_price":0,"cargo":"cargo.lamb_stom","company_truck":"double/renault_magnum_4x2_a","trailer_variant":"trailer.scs_ins_b2","trailer_definition":"trailer_def.scs.box.bdouble_3_3.insulated","units_count":53,"fill_ratio":1,"trailer_place":0}],"norrsken.stockholm":[{"target":"bhv.kristiansand","urgency":2,"shortest_distance_km":815,"ferry_time":0,"ferry_price":0,"cargo":"cargo.mondeos","company_truck":"renault_premium_4x2_c","trailer_variant":"trailer.car_trans2","trailer_definition":"trailer_def.mondeos.car_trans2","units_count":100,"fill_ratio":1,"trailer_place":0}],"kaarfor.reims":[{"target":"renar.stavanger","urgency":2,"shortest_distance_km":1504,"ferry_time":195,"ferry_price":1052,"cargo":"cargo.empty_palet","company_truck":"daf_xf_euro6_4x2_a","trailer_variant":"trailer.scs_dry_a","trailer_definition":"trailer_def.scs.box.single_3.dryvan","units_count":33,"fill_ratio":1,"trailer_place":0}],"sellplan.groningen":[{"target":"gnt.kristiansand","urgency":0,"shortest_distance_km":801,"ferry_time":195,"ferry_price":1052,"cargo":"cargo.used_plast","company_truck":"iveco_4x2_b","trailer_variant":"trailer.scs_dry","trailer_definition":"trailer_def.scs.box.single_3.dryvan","units_count":33,"fill_ratio":1,"trailer_place":0}],"gnt.kristiansand":[{"target":"norrsken.aalborg","urgency":1,"shortest_distance_km":106,"ferry_time":195,"ferry_price":1052,"cargo":"cargo.carrots","company_truck":"daf_xf_euro6_6x4_c","trailer_variant":"trailer.scs_dry","trailer_definition":"trailer_def.scs.box.single_3.dryvan","units_count":33,"fill_ratio":1,"trailer_place":0},{"target":"polar_fish.goteborg","urgency":2,"shortest_distance_km":533,"ferry_time":0,"ferry_price":0,"cargo":"cargo.vinegar","company_truck":"man_6x4_b","trailer_variant":"trailer.scs_dry_m","trailer_definition":"trailer_def.scs.box.single_3.dryvan_m","units_count":33,"fill_ratio":1,"trailer_place":0}],"ika_bohag.aalborg":[{"target":"gnt.kristiansand","urgency":2,"shortest_distance_km":106,"ferry_time":195,"ferry_price":1052,"cargo":"cargo.pot_flowers","company_truck":"iveco_4x2_c","trailer_variant":"trailer.scs_ins","trailer_definition":"trailer_def.scs.box.single_3.insulated","units_count":33,"fill_ratio":1,"trailer_place":0}],"nord_sten.jonkoping":[{"target":"konstnr_br.linkoping","urgency":2,"shortest_distance_km":189,"ferry_time":0,"ferry_price":0,"cargo":"cargo.excavator","company_truck":"scania_streamline_4x2_a","trailer_variant":"trailer.overweight.excavator","trailer_definition":"trailer_def.excavator.overweight.excavator","units_count":100,"fill_ratio":1,"trailer_place":0},{"target":"konstnr_hs.vasteraas","urgency":0,"shortest_distance_km":343,"ferry_time":0,"ferry_price":0,"cargo":"cargo.stones","company_truck":"daf_xf_euro6_4x2_b","trailer_variant":"trailer.s_ki_solid.cover","trailer_definition":"trailer_def.stones.s_ki_solid.cover","units_count":100,"fill_ratio":1,"trailer_place":0}],"sanbuilders.berlin":[{"target":"bjork.vaxjo","urgency":1,"shortest_distance_km":578,"ferry_time":105,"ferry_price":404,"cargo":"cargo.diggers","company_truck":"renault_magnum_4x2_a","trailer_variant":"trailer.overweight.digger","trailer_definition":"trailer_def.diggers.overweight.digger","units_count":98,"fill_ratio":1,"trailer_place":0}],"eurogoodies.kiel":[{"target":"tradeaux.felixstowe","urgency":1,"shortest_distance_km":725,"ferry_time":480,"ferry_price":960,"cargo":"cargo.canned_pork","company_truck":"scania_streamline_4x2_a","trailer_variant":"trailer.scs_ref_s","trailer_definition":"trailer_def.scs.box.single_3.reefer","units_count":31,"fill_ratio":1,"trailer_place":0}]}