{"tree_et.birmingham":[{"target":"euroacres.carlisle","urgency":0,"shortest_distance_km":342,"ferry_time":0,"ferry_price":0,"cargo":"cargo.tractors","company_truck":"renault_t_4x2h","trailer_variant":"trailer.overweight.tractors","trailer_definition":"trailer_def.tractors.overweight.tractors","units_count":100,"fill_ratio":1,"trailer_place":0}],"stokes.dusseldorf":[{"target":"transinet.dortmund","urgency":0,"shortest_distance_km":121,"ferry_time":0,"ferry_price":0,"cargo":"cargo.tractors","company_truck":"renault_magnum_6x4_a","trailer_variant":"trailer.overweight.tractors","trailer_definition":"trailer_def.tractors.overweight.tractors","units_count":100,"fill_ratio":1,"trailer_place":0}],"quarry.stuttgart":[{"target":"tradeaux.frankfurt","urgency":0,"shortest_distance_km":147,"ferry_time":0,"ferry_price":0,"cargo":"cargo.tracks","company_truck":"man_tgx_euro6_4x2_xxl","trailer_variant":"trailer.overweight.tracks","trailer_definition":"trailer_def.tracks.overweight.tracks","units_count":100,"fill_ratio":1,"trailer_place":0}],"quarry.glasgow":[{"target":"stokes.aberdeen","urgency":0,"shortest_distance_km":222,"ferry_time":0,"ferry_price":0,"cargo":"cargo.driller","company_truck":"daf_xf_euro6_6x4_c","trailer_variant":"trailer.overweight.driller","trailer_definition":"trailer_def.driller.overweight.driller","units_count":100,"fill_ratio":1,"trailer_place":0}],"trameri.carlisle":[{"target":"tradeaux.grimsby","urgency":0,"shortest_distance_km":327,"ferry_time":0,"ferry_price":0,"cargo":"cargo.aircond","company_truck":"renault_t_4x2h","trailer_variant":"trailer.overweight.aircond","trailer_definition":"trailer_def.aircond.overweight.aircond","units_count":100,"fill_ratio":1,"trailer_place":0}],"tree_et.felixstowe":[{"target":"euroacres.cambridge","urgency":0,"shortest_distance_km":151,"ferry_time":0,"ferry_price":0,"cargo":"cargo.tractors","company_truck":"renault_t_6x2","trailer_variant":"trailer.overweight.tractors","trailer_definition":"trailer_def.tractors.overweight.tractors","units_count":100,"fill_ratio":1,"trailer_place":0}],"euroacres.dijon":[{"target":"tradeaux.geneve","urgency":2,"shortest_distance_km":172,"ferry_time":0,"ferry_price":0,"cargo":"cargo.tractor","company_truck":"daf_6x2_a","trailer_variant":"trailer.overweight.tractor","trailer_definition":"trailer_def.tractor.overweight.tractor","units_count":100,"fill_ratio":1,"trailer_place":0}],"quarry.prague":[{"target":"transinet.mannheim","urgency":0,"shortest_distance_km":528,"ferry_time":0,"ferry_price":0,"cargo":"cargo.tracks","company_truck":"scania_streamline_4x2_b","trailer_variant":"trailer.overweight.tracks","trailer_definition":"trailer_def.tracks.overweight.tracks","units_count":100,"fill_ratio":1,"trailer_place":0}],"tree_et.geneve":[{"target":"euroacres.bern","urgency":2,"shortest_distance_km":163,"ferry_time":0,"ferry_price":0,"cargo":"cargo.tractor","company_truck":"renault_t_4x2","trailer_variant":"trailer.overweight.tractor","trailer_definition":"trailer_def.tractor.overweight.tractor","units_count":100,"fill_ratio":1,"trailer_place":0}],"stokes.aberdeen":[{"target":"posped.birmingham","urgency":0,"shortest_distance_km":703,"ferry_time":0,"ferry_price":0,"cargo":"cargo.driller","company_truck":"daf_xf_euro6_4x2_c","trailer_variant":"trailer.overweight.driller","trailer_definition":"trailer_def.driller.overweight.driller","units_count":100,"fill_ratio":1,"trailer_place":0}],"stokes.wien":[{"target":"quarry.prague","urgency":0,"shortest_distance_km":388,"ferry_time":0,"ferry_price":0,"cargo":"cargo.tracks","company_truck":"mercedes_6x2_b","trailer_variant":"trailer.overweight.tracks","trailer_definition":"trailer_def.tracks.overweight.tracks","units_count":100,"fill_ratio":1,"trailer_place":0}],"tree_et.southampton":[{"target":"lkwlog.amsterdam","urgency":2,"shortest_distance_km":622,"ferry_time":35,"ferry_price":300,"cargo":"cargo.tractor","company_truck":"iveco_4x2_a","trailer_variant":"trailer.overweight.tractor","trailer_definition":"trailer_def.tractor.overweight.tractor","units_count":100,"fill_ratio":1,"trailer_place":0}]}