{"nbfc.aberdeen":[{"target":"low_field.constanta","urgency":0,"shortest_distance_km":3656,"ferry_time":35,"ferry_price":300,"cargo":"cargo.pesticide","company_truck":"scania_streamline_6x2_b","trailer_variant":"trailer.scs_flat_c_g","trailer_definition":"trailer_def.scs.flatbed.single_3.container","units_count":87,"fill_ratio":1,"trailer_place":0}],"quarry.stuttgart":[{"target":"imp_otel.calarasi","urgency":2,"shortest_distance_km":1845,"ferry_time":0,"ferry_price":0,"cargo":"cargo.largetubes","company_truck":"renault_magnum_4x2_a","trailer_variant":"trailer.scs_flat_c_g","trailer_definition":"trailer_def.scs.flatbed.single_3.container","units_count":2,"fill_ratio":1,"trailer_place":0}],"transinet.mannheim":[{"target":"cemelt_fla.bucuresti","urgency":1,"shortest_distance_km":1787,"ferry_time":0,"ferry_price":0,"cargo":"cargo.roofing_felt","company_truck":"scania_r_6x4_650","trailer_variant":"trailer.scs_dry_a","trailer_definition":"trailer_def.scs.box.single_3.dryvan","units_count":33,"fill_ratio":1,"trailer_place":0}],"wgcc.grimsby":[{"target":"cnp.burgas","urgency":0,"shortest_distance_km":3180,"ferry_time":35,"ferry_price":300,"cargo":"cargo.vent_tube","company_truck":"scania_r_6x2_450","trailer_variant":"trailer.scs_flat_b","trailer_definition":"trailer_def.scs.flatbed.single_3.flatbed_w","units_count":2,"fill_ratio":1,"trailer_place":0}],"trameri.lille":[{"target":"baltrak.tekirdag","urgency":0,"shortest_distance_km":2858,"ferry_time":0,"ferry_price":0,"cargo":"cargo.used_plast","company_truck":"scania_streamline_4x2_a","trailer_variant":"trailer.scs_dry_ms","trailer_definition":"trailer_def.scs.box.single_3.dryvan_m","units_count":33,"fill_ratio":1,"trailer_place":0}],"trameri.lyon":[{"target":"ocean_sol.varna","urgency":2,"shortest_distance_km":2419,"ferry_time":0,"ferry_price":0,"cargo":"cargo.forklifts","company_truck":"scania_r_6x2_450","trailer_variant":"trailer.overweight.forklifts","trailer_definition":"trailer_def.forklifts.overweight.forklifts","units_count":100,"fill_ratio":1,"trailer_place":0}],"eurogoodies.bern":[{"target":"balkan_loco.veli_tarnovo","urgency":0,"shortest_distance_km":1988,"ferry_time":0,"ferry_price":0,"cargo":"cargo.packag_food","company_truck":"scania_streamline_4x2_b","trailer_variant":"trailer.scs_dry","trailer_definition":"trailer_def.scs.box.single_3.dryvan","units_count":33,"fill_ratio":1,"trailer_place":0}],"trainfoundry.karlovo":[{"target":"radus_ru.varna","urgency":0,"shortest_distance_km":318,"ferry_time":0,"ferry_price":0,"cargo":"cargo.scrap_metals","company_truck":"daf_4x2_a","trailer_variant":"trailer.s_ki_solid.cover","trailer_definition":"trailer_def.scrap_metals.s_ki_solid.cover","units_count":100,"fill_ratio":1,"trailer_place":0},{"target":"imp_otel.calarasi","urgency":0,"shortest_distance_km":379,"ferry_time":0,"ferry_price":0,"cargo":"cargo.hipresstank","company_truck":"mercedes_actros_2014_4x2_b","trailer_variant":"trailer.scs_flat_c_r","trailer_definition":"trailer_def.scs.flatbed.single_3.container","units_count":2,"fill_ratio":1,"trailer_place":0}],"spinelli.pitesti":[{"target":"balkan_loco.craiova","urgency":0,"shortest_distance_km":120,"ferry_time":0,"ferry_price":0,"cargo":"cargo.scrap_metals","company_truck":"mercedes_actros_2014_4x2_b","trailer_variant":"trailer.s_ki_solid.cover","trailer_definition":"trailer_def.scrap_metals.s_ki_solid.cover","units_count":100,"fill_ratio":1,"trailer_place":0},{"target":"lognstick.istanbul","urgency":1,"shortest_distance_km":721,"ferry_time":0,"ferry_price":0,"cargo":"cargo.used_packag","company_truck":"scania_streamline_4x2_a","trailer_variant":"trailer.scs_dry_ms","trailer_definition":"trailer_def.scs.box.single_3.dryvan_m","units_count":33,"fill_ratio":1,"trailer_place":0}],"rimaf.tekirdag":[{"target":"baltrak.edirne","urgency":1,"shortest_distance_km":137,"ferry_time":0,"ferry_price":0,"cargo":"cargo.cheese","company_truck":"man_6x4_b","trailer_variant":"trailer.scs_ref_s","trailer_definition":"trailer_def.scs.box.single_3.reefer","units_count":33,"fill_ratio":1,"trailer_place":0},{"target":"lognstick.istanbul","urgency":1,"shortest_distance_km":203,"ferry_time":0,"ferry_price":0,"cargo":"cargo.milk_t","company_truck":"scania_streamline_6x4_a","trailer_variant":"trailer.scs_fodt","trailer_definition":"trailer_def.scs.foodtank.single_3.paint","units_count":30,"fill_ratio":1,"trailer_place":0}],"domdepo.edirne":[{"target":"cemelt_fla.edirne","urgency":2,"shortest_distance_km":32,"ferry_time":0,"ferry_price":0,"cargo":"cargo.chimney_syst","company_truck":"mercedes_actros_2014_4x2_b","trailer_variant":"trailer.scs_dry","trailer_definition":"trailer_def.scs.box.single_3.dryvan","units_count":33,"fill_ratio":1,"trailer_place":0},{"target":"dobr_ferm_bg.karlovo","urgency":0,"shortest_distance_km":305,"ferry_time":0,"ferry_price":0,"cargo":"cargo.excav_soil","company_truck":"mercedes_6x4_a","trailer_variant":"trailer.s_ki_solid.cover","trailer_definition":"trailer_def.excav_soil.s_ki_solid.cover","units_count":100,"fill_ratio":1,"trailer_place":0}],"scs_paper.istanbul":[{"target":"fallow.istanbul","urgency":1,"shortest_distance_km":6,"ferry_time":0,"ferry_price":0,"cargo":"cargo.paper","company_truck":"scania_4x2_c","trailer_variant":"trailer.scs_dry","trailer_definition":"trailer_def.scs.box.single_3.dryvan","units_count":33,"fill_ratio":1,"trailer_place":0},{"target":"baltrak.tekirdag","urgency":1,"shortest_distance_km":144,"ferry_time":0,"ferry_price":0,"cargo":"cargo.emptytank","company_truck":"scania_s_6x2_450","trailer_variant":"trailer.scs_flat_c_r","trailer_definition":"trailer_def.scs.flatbed.single_3.container","units_count":2,"fill_ratio":1,"trailer_place":0},{"target":"ttk_bg.sofia","urgency":1,"shortest_distance_km":582,"ferry_time":0,"ferry_price":0,"cargo":"cargo.used_packag","company_truck":"iveco_4x2_c","trailer_variant":"trailer.scs_dry","trailer_definition":"trailer_def.scs.box.single_3.dryvan","units_count":33,"fill_ratio":1,"trailer_place":0}],"kaarfor.constanta":[{"target":"cont_port.constanta","urgency":2,"shortest_distance_km":40,"ferry_time":0,"ferry_price":0,"cargo":"cargo.used_plast_c","company_truck":"daf_4x2_b","trailer_variant":"trailer.scs_gosck220","trailer_definition":"trailer_def.scs.gooseneck.singl_3e_220.container","units_count":30,"fill_ratio":1,"trailer_place":0},{"target":"ns_oil.targu_mures","urgency":2,"shortest_distance_km":660,"ferry_time":0,"ferry_price":0,"cargo":"cargo.empty_palet","company_truck":"man_tgx_euro6_4x2_xxl","trailer_variant":"trailer.scs_dry_ms","trailer_definition":"trailer_def.scs.box.single_3.dryvan_m","units_count":33,"fill_ratio":1,"trailer_place":0},{"target":"brawen.bucuresti","urgency":0,"shortest_distance_km":201,"ferry_time":0,"ferry_price":0,"cargo":"cargo.used_plast","company_truck":"mercedes_actros_2014_4x2_a","trailer_variant":"trailer.scs_curt","trailer_definition":"trailer_def.scs.box.single_3.curtain","units_count":33,"fill_ratio":1,"trailer_place":0},{"target":"fallow.istanbul","urgency":1,"shortest_distance_km":565,"ferry_time":0,"ferry_price":0,"cargo":"cargo.used_packag","company_truck":"scania_6x4_a","trailer_variant":"trailer.scs_dry_a","trailer_definition":"trailer_def.scs.box.single_3.dryvan","units_count":33,"fill_ratio":1,"trailer_place":0}],"radus_ru.ruse":[{"target":"nucleon.cernavoda","urgency":2,"shortest_distance_km":228,"ferry_time":0,"ferry_price":0,"cargo":"cargo.digger1000","company_truck":"scania_s_4x2_370","trailer_variant":"trailer.overweight.digger1000","trailer_definition":"trailer_def.digger1000.overweight.digger1000","units_count":100,"fill_ratio":1,"trailer_place":0}],"lognstick.bucuresti":[{"target":"domdepo.bucuresti","urgency":2,"shortest_distance_km":39,"ferry_time":0,"ferry_price":0,"cargo":"cargo.glass_packed","company_truck":"scania_r_6x2_450","trailer_variant":"trailer.gls_trailer","trailer_definition":"trailer_def.glass_packed.gls_trailer","units_count":100,"fill_ratio":1,"trailer_place":0},{"target":"nucleon.cernavoda","urgency":2,"shortest_distance_km":167,"ferry_time":0,"ferry_price":0,"cargo":"cargo.forklifts","company_truck":"mercedes_actros_2014_4x2_b","trailer_variant":"trailer.overweight.forklifts","trailer_definition":"trailer_def.forklifts.overweight.forklifts","units_count":100,"fill_ratio":1,"trailer_place":0}],"timberturtle.hunedoara":[{"target":"lognstick.bucuresti","urgency":0,"shortest_distance_km":582,"ferry_time":0,"ferry_price":0,"cargo":"cargo.sawpanels","company_truck":"daf_xf_euro6_4x2_b","trailer_variant":"trailer.scs_dry_ms","trailer_definition":"trailer_def.scs.box.single_3.dryvan_m","units_count":33,"fill_ratio":1,"trailer_place":0},{"target":"lognstick.hunedoara","urgency":2,"shortest_distance_km":125,"ferry_time":0,"ferry_price":0,"cargo":"cargo.excavator","company_truck":"mercedes_actros_2014_6x2_a","trailer_variant":"trailer.overweight.excavator","trailer_definition":"trailer_def.excavator.overweight.excavator","units_count":100,"fill_ratio":1,"trailer_place":0}],"nucleon.cernavoda":[{"target":"brawen.bucuresti","urgency":2,"shortest_distance_km":147,"ferry_time":0,"ferry_price":0,"cargo":"cargo.empty_palet","company_truck":"daf_xf_euro6_4x2_b","trailer_variant":"trailer.scs_curt_a","trailer_definition":"trailer_def.scs.box.single_3.curtain","units_count":33,"fill_ratio":1,"trailer_place":0},{"target":"rock_eater.varna","urgency":2,"shortest_distance_km":242,"ferry_time":0,"ferry_price":0,"cargo":"cargo.excavator","company_truck":"scania_4x2_c","trailer_variant":"trailer.overweight.excavator","trailer_definition":"trailer_def.excavator.overweight.excavator","units_count":100,"fill_ratio":1,"trailer_place":0}],"rock_eater.targu_mures":[{"target":"cemelt_fl_ru.sofia","urgency":0,"shortest_distance_km":804,"ferry_time":0,"ferry_price":0,"cargo":"cargo.stones","company_truck":"mercedes_4x2","trailer_variant":"trailer.s_ki_solid.cover","trailer_definition":"trailer_def.stones.s_ki_solid.cover","units_count":100,"fill_ratio":1,"trailer_place":0}],"renat.resita":[{"target":"balkan_loco.edirne","urgency":2,"shortest_distance_km":818,"ferry_time":0,"ferry_price":0,"cargo":"cargo.forklifts","company_truck":"mercedes_4x2_a","trailer_variant":"trailer.overweight.forklifts","trailer_definition":"trailer_def.forklifts.overweight.forklifts","units_count":100,"fill_ratio":1,"trailer_place":0},{"target":"fallow.timisoara","urgency":0,"shortest_distance_km":169,"ferry_time":0,"ferry_price":0,"cargo":"cargo.furniture","company_truck":"scania_4x2_b","trailer_variant":"trailer.scs_curt_a","trailer_definition":"trailer_def.scs.box.single_3.curtain","units_count":33,"fill_ratio":1,"trailer_place":0}],"rock_eater.hunedoara":[{"target":"domdepo.iasi","urgency":0,"shortest_distance_km":451,"ferry_time":0,"ferry_price":0,"cargo":"cargo.excav_soil","company_truck":"daf_xf_euro6_4x2_a","trailer_variant":"trailer.s_ki_solid.cover","trailer_definition":"trailer_def.excav_soil.s_ki_solid.cover","units_count":100,"fill_ratio":1,"trailer_place":0},{"target":"domdepo.cluj_napoca","urgency":0,"shortest_distance_km":366,"ferry_time":0,"ferry_price":0,"cargo":"cargo.stone_dust","company_truck":"man_tgx_euro6_4x2_xxl","trailer_variant":"trailer.s_ki_solid.cover","trailer_definition":"trailer_def.stone_dust.s_ki_solid.cover","units_count":100,"fill_ratio":1,"trailer_place":0}],"domdepo_ru.pleven":[{"target":"domdepo.tekirdag","urgency":2,"shortest_distance_km":502,"ferry_time":0,"ferry_price":0,"cargo":"cargo.bricks","company_truck":"daf_4x2_b","trailer_variant":"trailer.scs_brick_b","trailer_definition":"trailer_def.scs.flatbed.single_3.brick","units_count":33,"fill_ratio":1,"trailer_place":0}],"ika_bohag.sofia":[{"target":"balkan_loco.craiova","urgency":2,"shortest_distance_km":354,"ferry_time":0,"ferry_price":0,"cargo":"cargo.empty_palet","company_truck":"iveco_4x2_b","trailer_variant":"trailer.scs_dry","trailer_definition":"trailer_def.scs.box.single_3.dryvan","units_count":33,"fill_ratio":1,"trailer_place":0}],"baltrak.tekirdag":[{"target":"lognstick.istanbul","urgency":2,"shortest_distance_km":140,"ferry_time":0,"ferry_price":0,"cargo":"cargo.limonades","company_truck":"iveco_4x2_b","trailer_variant":"trailer.scs_dry_ms","trailer_definition":"trailer_def.scs.box.single_3.dryvan_m","units_count":33,"fill_ratio":1,"trailer_place":0}],"cemelt_fla.edirne":[{"target":"st_roza_bg.burgas","urgency":2,"shortest_distance_km":217,"ferry_time":0,"ferry_price":0,"cargo":"cargo.forklifts","company_truck":"scania_s_6x4_730","trailer_variant":"trailer.overweight.forklifts","trailer_definition":"trailer_def.forklifts.overweight.forklifts","units_count":100,"fill_ratio":1,"trailer_place":0}],"rock_eater.galati":[{"target":"dobr_ferm_bg.karlovo","urgency":2,"shortest_distance_km":448,"ferry_time":0,"ferry_price":0,"cargo":"cargo.digger1000","company_truck":"scania_s_6x4_730","trailer_variant":"trailer.overweight.digger1000","trailer_definition":"trailer_def.digger1000.overweight.digger1000","units_count":100,"fill_ratio":1,"trailer_place":0}],"ika_bohag.bucuresti":[{"target":"balkan_loco.veli_tarnovo","urgency":1,"shortest_distance_km":202,"ferry_time":0,"ferry_price":0,"cargo":"cargo.used_packag","company_truck":"mercedes_4x2","trailer_variant":"trailer.scs_dry_s","trailer_definition":"trailer_def.scs.box.single_3.dryvan","units_count":33,"fill_ratio":1,"trailer_place":0}],"ns_oil.timisoara":[{"target":"st_roza_bg.pirdop","urgency":1,"shortest_distance_km":754,"ferry_time":0,"ferry_price":0,"cargo":"cargo.kerosene","company_truck":"man_6x4_b","trailer_variant":"trailer.fuel_cistern","trailer_definition":"trailer_def.kerosene.fuel_cistern","units_count":100,"fill_ratio":1,"trailer_place":0},{"target":"imp_otel.resita","urgency":0,"shortest_distance_km":156,"ferry_time":0,"ferry_price":0,"cargo":"cargo.lpg","company_truck":"man_tgx_euro6_4x2_xl","trailer_variant":"trailer.willig.fuel_cistern","trailer_definition":"trailer_def.lpg.willig.fuel_cistern","units_count":101,"fill_ratio":1,"trailer_place":0}],"radus_ru.sofia":[{"target":"fallow.targu_mures","urgency":2,"shortest_distance_km":799,"ferry_time":0,"ferry_price":0,"cargo":"cargo.digger1000","company_truck":"scania_r_4x2_520","trailer_variant":"trailer.overweight.digger1000","trailer_definition":"trailer_def.digger1000.overweight.digger1000","units_count":100,"fill_ratio":1,"trailer_place":0},{"target":"domdepo.pitesti","urgency":2,"shortest_distance_km":433,"ferry_time":0,"ferry_price":0,"cargo":"cargo.bricks","company_truck":"iveco_4x2_b","trailer_variant":"trailer.scs_brick_b","trailer_definition":"trailer_def.scs.flatbed.single_3.brick","units_count":33,"fill_ratio":1,"trailer_place":0}],"cemelt_fl_ru.sofia":[{"target":"balkan_loco.craiova","urgency":2,"shortest_distance_km":354,"ferry_time":0,"ferry_price":0,"cargo":"cargo.forklifts","company_truck":"daf_xf_euro6_6x2_a","trailer_variant":"trailer.overweight.forklifts","trailer_definition":"trailer_def.forklifts.overweight.forklifts","units_count":100,"fill_ratio":1,"trailer_place":0}],"imp_otel.calarasi":[{"target":"dobr_ferm_bg.pleven","urgency":1,"shortest_distance_km":235,"ferry_time":0,"ferry_price":0,"cargo":"cargo.emptytank","company_truck":"renault_premium_6x4_a","trailer_variant":"trailer.scs_flat_b","trailer_definition":"trailer_def.scs.flatbed.single_3.flatbed_w","units_count":2,"fill_ratio":1,"trailer_place":0}],"domdepo.timisoara":[{"target":"lognstick.hunedoara","urgency":1,"shortest_distance_km":209,"ferry_time":0,"ferry_price":0,"cargo":"cargo.sand","company_truck":"scania_r_6x4_650","trailer_variant":"trailer.s_ki_solid.sand","trailer_definition":"trailer_def.sand.s_ki_solid.sand","units_count":100,"fill_ratio":1,"trailer_place":0}],"baltrak.istanbul":[{"target":"ocean_sol.varna","urgency":1,"shortest_distance_km":455,"ferry_time":0,"ferry_price":0,"cargo":"cargo.oil_filters","company_truck":"daf_xf_euro6_6x2_a","trailer_variant":"trailer.scs_dry_ms","trailer_definition":"trailer_def.scs.box.single_3.dryvan_m","units_count":33,"fill_ratio":1,"trailer_place":0}],"lognstick.tekirdag":[{"target":"ttk_bg.varna","urgency":1,"shortest_distance_km":487,"ferry_time":0,"ferry_price":0,"cargo":"cargo.floorpanels","company_truck":"mercedes_actros_2014_4x2_b","trailer_variant":"trailer.panel_trans.floor","trailer_definition":"trailer_def.floorpanels.panel_trans.floor","units_count":100,"fill_ratio":1,"trailer_place":0}],"rock_eater.istanbul":[{"target":"domdepo.edirne","urgency":0,"shortest_distance_km":186,"ferry_time":0,"ferry_price":0,"cargo":"cargo.stone_dust","company_truck":"man_6x4_b","trailer_variant":"trailer.s_ki_solid.cover","trailer_definition":"trailer_def.stone_dust.s_ki_solid.cover","units_count":100,"fill_ratio":1,"trailer_place":0},{"target":"low_field.edirne","urgency":0,"shortest_distance_km":233,"ferry_time":0,"ferry_price":0,"cargo":"cargo.excav_soil","company_truck":"daf_xf_euro6_6x4_c","trailer_variant":"trailer.s_ki_solid.cover","trailer_definition":"trailer_def.excav_soil.s_ki_solid.cover","units_count":100,"fill_ratio":1,"trailer_place":0}],"subse.sofia":[{"target":"fallow.istanbul","urgency":2,"shortest_distance_km":584,"ferry_time":0,"ferry_price":0,"cargo":"cargo.carb_water","company_truck":"scania_r_4x2_520","trailer_variant":"trailer.scs_curt_a","trailer_definition":"trailer_def.scs.box.single_3.curtain","units_count":33,"fill_ratio":1,"trailer_place":0},{"target":"ttk_bg.plovdiv","urgency":2,"shortest_distance_km":222,"ferry_time":0,"ferry_price":0,"cargo":"cargo.vinegar","company_truck":"renault_premium_6x2_a","trailer_variant":"trailer.scs_dry_ms","trailer_definition":"trailer_def.scs.box.single_3.dryvan_m","units_count":33,"fill_ratio":1,"trailer_place":0}],"kaarfor.pitesti":[{"target":"lognstick.bucuresti","urgency":1,"shortest_distance_km":132,"ferry_time":0,"ferry_price":0,"cargo":"cargo.used_packag","company_truck":"scania_r_6x2_450","trailer_variant":"trailer.scs_dry_ms","trailer_definition":"trailer_def.scs.box.single_3.dryvan_m","units_count":33,"fill_ratio":1,"trailer_place":0},{"target":"baltrak.tekirdag","urgency":2,"shortest_distance_km":670,"ferry_time":0,"ferry_price":0,"cargo":"cargo.empty_palet","company_truck":"man_tgx_euro6_4x2_xxl","trailer_variant":"trailer.scs_dry_a","trailer_definition":"trailer_def.scs.box.single_3.dryvan","units_count":33,"fill_ratio":1,"trailer_place":0}],"fle.timisoara":[{"target":"lognstick.hunedoara","urgency":0,"shortest_distance_km":206,"ferry_time":0,"ferry_price":0,"cargo":"cargo.med_equip","company_truck":"daf_xf_euro6_4x2_b","trailer_variant":"trailer.scs_curt","trailer_definition":"trailer_def.scs.box.single_3.curtain","units_count":33,"fill_ratio":1,"trailer_place":0}],"st_roza_bg.burgas":[{"target":"nucleon.kozloduy","urgency":0,"shortest_distance_km":380,"ferry_time":0,"ferry_price":0,"cargo":"cargo.hipresstank","company_truck":"man_tgx_euro6_6x4_xlx","trailer_variant":"trailer.scs_flat_c_g","trailer_definition":"trailer_def.scs.flatbed.single_3.container","units_count":2,"fill_ratio":1,"trailer_place":0},{"target":"domdepo_ru.pleven","urgency":1,"shortest_distance_km":283,"ferry_time":0,"ferry_price":0,"cargo":"cargo.floorpanels","company_truck":"scania_r_6x2_450","trailer_variant":"trailer.panel_trans.floor","trailer_definition":"trailer_def.floorpanels.panel_trans.floor","units_count":100,"fill_ratio":1,"trailer_place":0},{"target":"fallow.istanbul","urgency":2,"shortest_distance_km":325,"ferry_time":0,"ferry_price":0,"cargo":"cargo.largetubes","company_truck":"renault_magnum_6x2_a","trailer_variant":"trailer.scs_flat_r","trailer_definition":"trailer_def.scs.flatbed.single_3.flatbed_w","units_count":2,"fill_ratio":1,"trailer_place":0}],"kolico.sofia":[{"target":"ttk_bg.sofia","urgency":1,"shortest_distance_km":62,"ferry_time":0,"ferry_price":0,"cargo":"cargo.nonalco_beer","company_truck":"scania_4x2_a","trailer_variant":"trailer.scs_dry_a","trailer_definition":"trailer_def.scs.box.single_3.dryvan","units_count":33,"fill_ratio":1,"trailer_place":0},{"target":"balkan_loco.craiova","urgency":2,"shortest_distance_km":318,"ferry_time":0,"ferry_price":0,"cargo":"cargo.limonades","company_truck":"iveco_4x2_a","trailer_variant":"trailer.scs_dry_s","trailer_definition":"trailer_def.scs.box.single_3.dryvan","units_count":33,"fill_ratio":1,"trailer_place":0},{"target":"balkan_loco.veli_tarnovo","urgency":2,"shortest_distance_km":292,"ferry_time":0,"ferry_price":0,"cargo":"cargo.bottle_water","company_truck":"scania_r_6x2_450","trailer_variant":"trailer.scs_curt_s","trailer_definition":"trailer_def.scs.box.single_3.curtain","units_count":33,"fill_ratio":1,"trailer_place":0}],"domdepo.iasi":[{"target":"imp_otel.iasi","urgency":0,"shortest_distance_km":10,"ferry_time":0,"ferry_price":0,"cargo":"cargo.cement","company_truck":"mercedes_actros_2014_6x2_a","trailer_variant":"trailer.cement","trailer_definition":"trailer_def.cement.cement","units_count":100,"fill_ratio":1,"trailer_place":0},{"target":"lognstick.galati","urgency":0,"shortest_distance_km":188,"ferry_time":0,"ferry_price":0,"cargo":"cargo.precast_strs","company_truck":"scania_4x2_a","trailer_variant":"trailer.scs_curt","trailer_definition":"trailer_def.scs.box.single_3.curtain","units_count":33,"fill_ratio":1,"trailer_place":0}],"brawen.bacau":[{"target":"balkan_loco.veli_tarnovo","urgency":2,"shortest_distance_km":634,"ferry_time":0,"ferry_price":0,"cargo":"cargo.used_plast_c","company_truck":"renault_t_4x2","trailer_variant":"trailer.scs_flat_c_g","trailer_definition":"trailer_def.scs.flatbed.single_3.container","units_count":33,"fill_ratio":1,"trailer_place":0}],"kaarfor.hunedoara":[{"target":"fallow.timisoara","urgency":2,"shortest_distance_km":222,"ferry_time":0,"ferry_price":0,"cargo":"cargo.used_plast_c","company_truck":"scania_s_6x4_730","trailer_variant":"trailer.scs_gosck20","trailer_definition":"trailer_def.scs.gooseneck.singl_3e_20.container","units_count":15,"fill_ratio":1,"trailer_place":0},{"target":"fallow.timisoara","urgency":1,"shortest_distance_km":222,"ferry_time":0,"ferry_price":0,"cargo":"cargo.used_packag","company_truck":"man_tgx_euro6_4x2_xl","trailer_variant":"trailer.scs_dry_ms","trailer_definition":"trailer_def.scs.box.single_3.dryvan_m","units_count":33,"fill_ratio":1,"trailer_place":0}],"imp_otel.galati":[{"target":"lognstick.bucuresti","urgency":1,"shortest_distance_km":175,"ferry_time":0,"ferry_price":0,"cargo":"cargo.floorpanels","company_truck":"scania_r_4x2_370","trailer_variant":"trailer.panel_trans.floor","trailer_definition":"trailer_def.floorpanels.panel_trans.floor","units_count":100,"fill_ratio":1,"trailer_place":0},{"target":"cemelt_fla.bucuresti","urgency":1,"shortest_distance_km":214,"ferry_time":0,"ferry_price":0,"cargo":"cargo.iron_pipes","company_truck":"man_tgx_euro6_4x2_xxl","trailer_variant":"trailer.scs_log","trailer_definition":"trailer_def.scs.log.single_3.steel","units_count":2,"fill_ratio":1,"trailer_place":0},{"target":"cemelt_fla.bucuresti","urgency":0,"shortest_distance_km":214,"ferry_time":0,"ferry_price":0,"cargo":"cargo.precast_strs","company_truck":"renault_magnum_6x4_a","trailer_variant":"trailer.scs_dry_m","trailer_definition":"trailer_def.scs.box.single_3.dryvan_m","units_count":33,"fill_ratio":1,"trailer_place":0}],"renat.veli_tarnovo":[{"target":"lognstick.hunedoara","urgency":0,"shortest_distance_km":565,"ferry_time":0,"ferry_price":0,"cargo":"cargo.furniture","company_truck":"renault_premium_6x2_a","trailer_variant":"trailer.scs_curt_s","trailer_definition":"trailer_def.scs.box.single_3.curtain","units_count":33,"fill_ratio":1,"trailer_place":0},{"target":"imp_otel.resita","urgency":2,"shortest_distance_km":536,"ferry_time":0,"ferry_price":0,"cargo":"cargo.forklifts","company_truck":"scania_r_4x2_520","trailer_variant":"trailer.overweight.forklifts","trailer_definition":"trailer_def.forklifts.overweight.forklifts","units_count":100,"fill_ratio":1,"trailer_place":0}],"domdepo.bucuresti":[{"target":"domdepo_ru.pleven","urgency":0,"shortest_distance_km":150,"ferry_time":0,"ferry_price":0,"cargo":"cargo.precast_strs","company_truck":"scania_s_6x4_730","trailer_variant":"trailer.scs_dry_a","trailer_definition":"trailer_def.scs.box.single_3.dryvan","units_count":33,"fill_ratio":1,"trailer_place":0}],"low_field.galati":[{"target":"lognstick.tekirdag","urgency":0,"shortest_distance_km":782,"ferry_time":0,"ferry_price":0,"cargo":"cargo.maple_syrup","company_truck":"iveco_4x2_c","trailer_variant":"trailer.scs_dry","trailer_definition":"trailer_def.scs.box.single_3.dryvan","units_count":33,"fill_ratio":1,"trailer_place":0}],"nucleon.kozloduy":[{"target":"lognstick.bucuresti","urgency":2,"shortest_distance_km":284,"ferry_time":0,"ferry_price":0,"cargo":"cargo.empty_palet","company_truck":"man_tgx_euro6_4x2_xxl","trailer_variant":"trailer.scs_dry_m","trailer_definition":"trailer_def.scs.box.single_3.dryvan_m","units_count":33,"fill_ratio":1,"trailer_place":0},{"target":"balkan_loco.veli_tarnovo","urgency":2,"shortest_distance_km":169,"ferry_time":0,"ferry_price":0,"cargo":"cargo.digger1000","company_truck":"daf_4x2_b","trailer_variant":"trailer.overweight.digger1000","trailer_definition":"trailer_def.digger1000.overweight.digger1000","units_count":100,"fill_ratio":1,"trailer_place":0}],"cont_port.burgas":[{"target":"ttk_bg.varna","urgency":0,"shortest_distance_km":85,"ferry_time":0,"ferry_price":0,"cargo":"cargo.apples_c","company_truck":"renault_magnum_6x4_a","trailer_variant":"trailer.scs_gosck40","trailer_definition":"trailer_def.scs.gooseneck.singl_3e_40.container","units_count":30,"fill_ratio":1,"trailer_place":0}],"sporklift.cluj_napoca":[{"target":"fallow.targu_mures","urgency":2,"shortest_distance_km":233,"ferry_time":0,"ferry_price":0,"cargo":"cargo.used_battery","company_truck":"daf_4x2_b","trailer_variant":"trailer.scs_dry_ms","trailer_definition":"trailer_def.scs.box.single_3.dryvan_m","units_count":33,"fill_ratio":1,"trailer_place":0},{"target":"fallow.cluj_napoca","urgency":0,"shortest_distance_km":34,"ferry_time":0,"ferry_price":0,"cargo":"cargo.used_plast","company_truck":"scania_s_6x4_730","trailer_variant":"trailer.scs_curt","trailer_definition":"trailer_def.scs.box.single_3.curtain","units_count":33,"fill_ratio":1,"trailer_place":0},{"target":"lognstick.hunedoara","urgency":1,"shortest_distance_km":341,"ferry_time":0,"ferry_price":0,"cargo":"cargo.used_packag","company_truck":"renault_premium_6x4_a","trailer_variant":"trailer.scs_dry","trailer_definition":"trailer_def.scs.box.single_3.dryvan","units_count":33,"fill_ratio":1,"trailer_place":0}],"ns_oil.brasov":[{"target":"rock_eater.varna","urgency":2,"shortest_distance_km":506,"ferry_time":0,"ferry_price":0,"cargo":"cargo.fueltanker","company_truck":"scania_s_4x2_370","trailer_variant":"trailer.scs_flat_c_r","trailer_definition":"trailer_def.scs.flatbed.single_3.container","units_count":87,"fill_ratio":1,"trailer_place":0},{"target":"sporklift.bucuresti","urgency":1,"shortest_distance_km":270,"ferry_time":0,"ferry_price":0,"cargo":"cargo.diesel","company_truck":"daf_xf_euro6_6x2_a","trailer_variant":"trailer.willig.fuel_cistern","trailer_definition":"trailer_def.diesel.willig.fuel_cistern","units_count":100,"fill_ratio":1,"trailer_place":0},{"target":"timberturtle.brasov","urgency":1,"shortest_distance_km":96,"ferry_time":0,"ferry_price":0,"cargo":"cargo.kerosene","company_truck":"renault_magnum_4x2_a","trailer_variant":"trailer.fuel_cistern","trailer_definition":"trailer_def.kerosene.fuel_cistern","units_count":100,"fill_ratio":1,"trailer_place":0}],"cgla.calarasi":[{"target":"domdepo.tekirdag","urgency":2,"shortest_distance_km":689,"ferry_time":0,"ferry_price":0,"cargo":"cargo.glass_packed","company_truck":"scania_streamline_6x2_b","trailer_variant":"trailer.gls_trailer","trailer_definition":"trailer_def.glass_packed.gls_trailer","units_count":100,"fill_ratio":1,"trailer_place":0}],"bhv.edirne":[{"target":"baltrak.tekirdag","urgency":2,"shortest_distance_km":202,"ferry_time":0,"ferry_price":0,"cargo":"cargo.mondeos","company_truck":"renault_magnum_6x2_a","trailer_variant":"trailer.car_trans","trailer_definition":"trailer_def.mondeos.car_trans","units_count":100,"fill_ratio":1,"trailer_place":0}],"subse.veli_tarnovo":[{"target":"balkan_loco.veli_tarnovo","urgency":2,"shortest_distance_km":22,"ferry_time":0,"ferry_price":0,"cargo":"cargo.vinegar","company_truck":"iveco_h_4x2_a","trailer_variant":"trailer.scs_curt_a","trailer_definition":"trailer_def.scs.box.single_3.curtain","units_count":33,"fill_ratio":1,"trailer_place":0}],"kolico.timisoara":[{"target":"lognstick.hunedoara","urgency":1,"shortest_distance_km":227,"ferry_time":0,"ferry_price":0,"cargo":"cargo.nonalco_beer","company_truck":"man_6x4_b","trailer_variant":"trailer.scs_dry_ms","trailer_definition":"trailer_def.scs.box.single_3.dryvan_m","units_count":33,"fill_ratio":1,"trailer_place":0}],"baltrak.edirne":[{"target":"brawen.bucuresti","urgency":1,"shortest_distance_km":478,"ferry_time":0,"ferry_price":0,"cargo":"cargo.cheese","company_truck":"iveco_6x2_a","trailer_variant":"trailer.scs_ref_s","trailer_definition":"trailer_def.scs.box.single_3.reefer","units_count":33,"fill_ratio":1,"trailer_place":0}],"rock_eater.constanta":[{"target":"cemelt_fla.timisoara","urgency":0,"shortest_distance_km":803,"ferry_time":0,"ferry_price":0,"cargo":"cargo.gravel","company_truck":"renault_t_4x2","trailer_variant":"trailer.s_ki_solid.gravel","trailer_definition":"trailer_def.gravel.s_ki_solid.gravel","units_count":100,"fill_ratio":1,"trailer_place":0}],"renat.pleven":[{"target":"lognstick.tekirdag","urgency":0,"shortest_distance_km":502,"ferry_time":0,"ferry_price":0,"cargo":"cargo.furniture","company_truck":"iveco_4x2_c","trailer_variant":"trailer.scs_dry_s","trailer_definition":"trailer_def.scs.box.single_3.dryvan","units_count":33,"fill_ratio":1,"trailer_place":0},{"target":"balkan_loco.edirne","urgency":2,"shortest_distance_km":364,"ferry_time":0,"ferry_price":0,"cargo":"cargo.forklifts","company_truck":"renault_premium_6x4_a","trailer_variant":"trailer.overweight.forklifts","trailer_definition":"trailer_def.forklifts.overweight.forklifts","units_count":100,"fill_ratio":1,"trailer_place":0}],"rump.craiova":[{"target":"balkan_loco.pleven","urgency":0,"shortest_distance_km":272,"ferry_time":0,"ferry_price":0,"cargo":"cargo.used_plast","company_truck":"man_tgx_euro6_4x2_xxl","trailer_variant":"trailer.scs_dry","trailer_definition":"trailer_def.scs.box.single_3.dryvan","units_count":33,"fill_ratio":1,"trailer_place":0},{"target":"balkan_loco.pleven","urgency":2,"shortest_distance_km":272,"ferry_time":0,"ferry_price":0,"cargo":"cargo.empty_palet","company_truck":"scania_s_4x2_370","trailer_variant":"trailer.scs_curt_a","trailer_definition":"trailer_def.scs.box.single_3.curtain","units_count":33,"fill_ratio":1,"trailer_place":0},{"target":"lognstick.hunedoara","urgency":1,"shortest_distance_km":221,"ferry_time":0,"ferry_price":0,"cargo":"cargo.used_packag","company_truck":"man_6x4_b","trailer_variant":"trailer.scs_curt_a","trailer_definition":"trailer_def.scs.box.single_3.curtain","units_count":33,"fill_ratio":1,"trailer_place":0}],"low_field.edirne":[{"target":"kaarfor.bucuresti","urgency":0,"shortest_distance_km":502,"ferry_time":0,"ferry_price":0,"cargo":"cargo.potatoes","company_truck":"scania_4x2_c","trailer_variant":"trailer.scs_dry","trailer_definition":"trailer_def.scs.box.single_3.dryvan","units_count":33,"fill_ratio":1,"trailer_place":0},{"target":"balkan_loco.pleven","urgency":0,"shortest_distance_km":425,"ferry_time":0,"ferry_price":0,"cargo":"cargo.peas","company_truck":"man_tgx_euro6_6x4_xlx","trailer_variant":"trailer.scs_curt_s","trailer_definition":"trailer_def.scs.box.single_3.curtain","units_count":33,"fill_ratio":1,"trailer_place":0}],"ns_oil.targu_mures":[{"target":"imp_otel.iasi","urgency":1,"shortest_distance_km":255,"ferry_time":0,"ferry_price":0,"cargo":"cargo.oil","company_truck":"man_6x4_b","trailer_variant":"trailer.fuel_cistern","trailer_definition":"trailer_def.oil.fuel_cistern","units_count":100,"fill_ratio":1,"trailer_place":0},{"target":"imp_otel.hunedoara","urgency":0,"shortest_distance_km":222,"ferry_time":0,"ferry_price":0,"cargo":"cargo.motor_oil","company_truck":"mercedes_6x2_b","trailer_variant":"trailer.scs_dry_a","trailer_definition":"trailer_def.scs.box.single_3.dryvan","units_count":33,"fill_ratio":1,"trailer_place":0},{"target":"st_roza_bg.pirdop","urgency":0,"shortest_distance_km":721,"ferry_time":0,"ferry_price":0,"cargo":"cargo.lpg","company_truck":"mercedes_6x4_a","trailer_variant":"trailer.fuel_cistern","trailer_definition":"trailer_def.lpg.fuel_cistern","units_count":100,"fill_ratio":1,"trailer_place":0}],"renat.brasov":[{"target":"fallow.targu_mures","urgency":0,"shortest_distance_km":167,"ferry_time":0,"ferry_price":0,"cargo":"cargo.furniture","company_truck":"daf_xf_euro6_6x2_a","trailer_variant":"trailer.scs_dry_a","trailer_definition":"trailer_def.scs.box.single_3.dryvan","units_count":33,"fill_ratio":1,"trailer_place":0},{"target":"timberturtle.brasov","urgency":2,"shortest_distance_km":91,"ferry_time":0,"ferry_price":0,"cargo":"cargo.forklifts","company_truck":"mercedes_4x2_a","trailer_variant":"trailer.overweight.forklifts","trailer_definition":"trailer_def.forklifts.overweight.forklifts","units_count":100,"fill_ratio":1,"trailer_place":0}],"brawen.bucuresti":[{"target":"kaarfor.pitesti","urgency":0,"shortest_distance_km":133,"ferry_time":0,"ferry_price":0,"cargo":"cargo.peas","company_truck":"mercedes_actros_2014_4x2_b","trailer_variant":"trailer.scs_dry_s","trailer_definition":"trailer_def.scs.box.single_3.dryvan","units_count":33,"fill_ratio":1,"trailer_place":0}],"dobr_ferm_bg.pleven":[{"target":"subse.edirne","urgency":1,"shortest_distance_km":341,"ferry_time":0,"ferry_price":0,"cargo":"cargo.nuts","company_truck":"mercedes_4x2_b","trailer_variant":"trailer.scs_curt_s","trailer_definition":"trailer_def.scs.box.single_3.curtain","units_count":33,"fill_ratio":1,"trailer_place":0}],"domdepo.pitesti":[{"target":"balkan_loco.craiova","urgency":1,"shortest_distance_km":110,"ferry_time":0,"ferry_price":0,"cargo":"cargo.copp_rf_gutt","company_truck":"man_tgx_euro6_4x2_xxl","trailer_variant":"trailer.scs_curt","trailer_definition":"trailer_def.scs.box.single_3.curtain","units_count":33,"fill_ratio":1,"trailer_place":0},{"target":"scs_paper.calarasi","urgency":2,"shortest_distance_km":230,"ferry_time":0,"ferry_price":0,"cargo":"cargo.wshavings","company_truck":"renault_premium_6x4_a","trailer_variant":"trailer.s_ki_solid.cover","trailer_definition":"trailer_def.wshavings.s_ki_solid.cover","units_count":100,"fill_ratio":1,"trailer_place":0},{"target":"cemelt_fla.timisoara","urgency":2,"shortest_distance_km":455,"ferry_time":0,"ferry_price":0,"cargo":"cargo.bricks","company_truck":"iveco_4x2_c","trailer_variant":"trailer.scs_brick_r","trailer_definition":"trailer_def.scs.flatbed.single_3.brick","units_count":33,"fill_ratio":1,"trailer_place":0},{"target":"cemelt_fla.timisoara","urgency":1,"shortest_distance_km":455,"ferry_time":0,"ferry_price":0,"cargo":"cargo.roofing_felt","company_truck":"scania_r_4x2_370","trailer_variant":"trailer.scs_dry","trailer_definition":"trailer_def.scs.box.single_3.dryvan","units_count":33,"fill_ratio":1,"trailer_place":0}],"cnp.burgas":[{"target":"rock_eater.tekirdag","urgency":1,"shortest_distance_km":370,"ferry_time":0,"ferry_price":0,"cargo":"cargo.diesel","company_truck":"renault_premium_4x2_c","trailer_variant":"trailer.willig.fuel_cistern","trailer_definition":"trailer_def.diesel.willig.fuel_cistern","units_count":100,"fill_ratio":1,"trailer_place":0}],"rock_eater.sofia":[{"target":"imp_otel.galati","urgency":0,"shortest_distance_km":582,"ferry_time":0,"ferry_price":0,"cargo":"cargo.gravel","company_truck":"renault_premium_6x2_a","trailer_variant":"trailer.s_ki_solid.gravel","trailer_definition":"trailer_def.gravel.s_ki_solid.gravel","units_count":100,"fill_ratio":1,"trailer_place":0},{"target":"nucleon.kozloduy","urgency":2,"shortest_distance_km":252,"ferry_time":0,"ferry_price":0,"cargo":"cargo.excavator","company_truck":"man_6x4_b","trailer_variant":"trailer.overweight.excavator","trailer_definition":"trailer_def.excavator.overweight.excavator","units_count":100,"fill_ratio":1,"trailer_place":0},{"target":"dobr_ferm_bg.sofia","urgency":2,"shortest_distance_km":178,"ferry_time":0,"ferry_price":0,"cargo":"cargo.digger1000","company_truck":"mercedes_6x4_a","trailer_variant":"trailer.overweight.digger1000","trailer_definition":"trailer_def.digger1000.overweight.digger1000","units_count":100,"fill_ratio":1,"trailer_place":0}],"radus_ru.pleven":[{"target":"rock_eater.pirdop","urgency":1,"shortest_distance_km":382,"ferry_time":0,"ferry_price":0,"cargo":"cargo.emptytank","company_truck":"scania_s_4x2_370","trailer_variant":"trailer.scs_flat_r","trailer_definition":"trailer_def.scs.flatbed.single_3.flatbed_w","units_count":2,"fill_ratio":1,"trailer_place":0},{"target":"lognstick.bucuresti","urgency":1,"shortest_distance_km":211,"ferry_time":0,"ferry_price":0,"cargo":"cargo.diggers","company_truck":"mercedes_6x2_b","trailer_variant":"trailer.overweight.digger","trailer_definition":"trailer_def.diggers.overweight.digger","units_count":100,"fill_ratio":1,"trailer_place":0}],"rock_eater.varna":[{"target":"ttk_bg.plovdiv","urgency":2,"shortest_distance_km":411,"ferry_time":0,"ferry_price":0,"cargo":"cargo.excavator","company_truck":"man_4x2_c","trailer_variant":"trailer.overweight.excavator","trailer_definition":"trailer_def.excavator.overweight.excavator","units_count":100,"fill_ratio":1,"trailer_place":0},{"target":"balkan_loco.veli_tarnovo","urgency":0,"shortest_distance_km":198,"ferry_time":0,"ferry_price":0,"cargo":"cargo.stones","company_truck":"man_6x4_b","trailer_variant":"trailer.s_ki_solid.cover","trailer_definition":"trailer_def.stones.s_ki_solid.cover","units_count":100,"fill_ratio":1,"trailer_place":0},{"target":"domdepo.tekirdag","urgency":0,"shortest_distance_km":587,"ferry_time":0,"ferry_price":0,"cargo":"cargo.excav_soil","company_truck":"mercedes_4x2_c","trailer_variant":"trailer.s_ki_solid.cover","trailer_definition":"trailer_def.excav_soil.s_ki_solid.cover","units_count":100,"fill_ratio":1,"trailer_place":0}],"radus_ru.varna":[{"target":"cemelt_fl_ru.sofia","urgency":2,"shortest_distance_km":469,"ferry_time":0,"ferry_price":0,"cargo":"cargo.bricks","company_truck":"man_4x2_c","trailer_variant":"trailer.scs_brick_r","trailer_definition":"trailer_def.scs.flatbed.single_3.brick","units_count":33,"fill_ratio":1,"trailer_place":0},{"target":"dobr_ferm_bg.karlovo","urgency":1,"shortest_distance_km":287,"ferry_time":0,"ferry_price":0,"cargo":"cargo.emptytank","company_truck":"mercedes_actros_2014_6x4_b","trailer_variant":"trailer.scs_flat_c_r","trailer_definition":"trailer_def.scs.flatbed.single_3.container","units_count":2,"fill_ratio":1,"trailer_place":0},{"target":"lognstick.galati","urgency":2,"shortest_distance_km":318,"ferry_time":30,"ferry_price":65,"cargo":"cargo.digger1000","company_truck":"mercedes_actros_2014_6x4_b","trailer_variant":"trailer.overweight.digger1000","trailer_definition":"trailer_def.digger1000.overweight.digger1000","units_count":100,"fill_ratio":1,"trailer_place":0}],"imp_otel.resita":[{"target":"domdepo.timisoara","urgency":1,"shortest_distance_km":181,"ferry_time":0,"ferry_price":0,"cargo":"cargo.floorpanels","company_truck":"iveco_4x2_c","trailer_variant":"trailer.panel_trans.floor","trailer_definition":"trailer_def.floorpanels.panel_trans.floor","units_count":100,"fill_ratio":1,"trailer_place":0},{"target":"balkan_loco.craiova","urgency":1,"shortest_distance_km":195,"ferry_time":0,"ferry_price":0,"cargo":"cargo.iron_pipes","company_truck":"renault_magnum_6x4_a","trailer_variant":"trailer.scs_log","trailer_definition":"trailer_def.scs.log.single_3.steel","units_count":2,"fill_ratio":1,"trailer_place":0}],"sporklift.plovdiv":[{"target":"lognstick.bucuresti","urgency":2,"shortest_distance_km":390,"ferry_time":0,"ferry_price":0,"cargo":"cargo.forklifts","company_truck":"mercedes_actros_2014_6x2_a","trailer_variant":"trailer.overweight.forklifts","trailer_definition":"trailer_def.forklifts.overweight.forklifts","units_count":100,"fill_ratio":1,"trailer_place":0},{"target":"ttk_bg.plovdiv","urgency":2,"shortest_distance_km":1,"ferry_time":0,"ferry_price":0,"cargo":"cargo.used_battery","company_truck":"renault_magnum_6x2_a","trailer_variant":"trailer.scs_curt","trailer_definition":"trailer_def.scs.box.single_3.curtain","units_count":33,"fill_ratio":1,"trailer_place":0},{"target":"balkan_loco.veli_tarnovo","urgency":1,"shortest_distance_km":221,"ferry_time":0,"ferry_price":0,"cargo":"cargo.used_packag","company_truck":"scania_6x4_a","trailer_variant":"trailer.scs_dry_a","trailer_definition":"trailer_def.scs.box.single_3.dryvan","units_count":33,"fill_ratio":1,"trailer_place":0}],"kaarfor.craiova":[{"target":"brawen.bacau","urgency":0,"shortest_distance_km":531,"ferry_time":0,"ferry_price":0,"cargo":"cargo.used_plast","company_truck":"mercedes_actros_2014_6x4_b","trailer_variant":"trailer.scs_dry","trailer_definition":"trailer_def.scs.box.single_3.dryvan","units_count":33,"fill_ratio":1,"trailer_place":0},{"target":"balkan_loco.veli_tarnovo","urgency":1,"shortest_distance_km":345,"ferry_time":0,"ferry_price":0,"cargo":"cargo.used_packag","company_truck":"renault_magnum_6x2_a","trailer_variant":"trailer.scs_curt","trailer_definition":"trailer_def.scs.box.single_3.curtain","units_count":33,"fill_ratio":1,"trailer_place":0}],"st_roza_bg.pernik":[{"target":"ttk_bg.sofia","urgency":2,"shortest_distance_km":115,"ferry_time":0,"ferry_price":0,"cargo":"cargo.forklifts","company_truck":"scania_s_4x2_580","trailer_variant":"trailer.overweight.forklifts","trailer_definition":"trailer_def.forklifts.overweight.forklifts","units_count":100,"fill_ratio":1,"trailer_place":0},{"target":"imp_otel.calarasi","urgency":0,"shortest_distance_km":540,"ferry_time":0,"ferry_price":0,"cargo":"cargo.vent_tube","company_truck":"scania_4x2_a","trailer_variant":"trailer.scs_flat_c_r","trailer_definition":"trailer_def.scs.flatbed.single_3.container","units_count":2,"fill_ratio":1,"trailer_place":0},{"target":"balkan_loco.edirne","urgency":1,"shortest_distance_km":477,"ferry_time":0,"ferry_price":0,"cargo":"cargo.floorpanels","company_truck":"man_6x4_b","trailer_variant":"trailer.panel_trans.floor","trailer_definition":"trailer_def.floorpanels.panel_trans.floor","units_count":100,"fill_ratio":1,"trailer_place":0}],"ttk_bg.varna":[{"target":"domdepo.tekirdag","urgency":2,"shortest_distance_km":486,"ferry_time":0,"ferry_price":0,"cargo":"cargo.rooflights","company_truck":"daf_xf_euro6_6x4_c","trailer_variant":"trailer.scs_dry_a","trailer_definition":"trailer_def.scs.box.single_3.dryvan","units_count":33,"fill_ratio":1,"trailer_place":0}],"kaarfor.bucuresti":[{"target":"fallow.targu_mures","urgency":1,"shortest_distance_km":443,"ferry_time":0,"ferry_price":0,"cargo":"cargo.used_packag","company_truck":"renault_t_6x2","trailer_variant":"trailer.scs_dry","trailer_definition":"trailer_def.scs.box.single_3.dryvan","units_count":33,"fill_ratio":1,"trailer_place":0},{"target":"balkan_loco.ruse","urgency":0,"shortest_distance_km":94,"ferry_time":0,"ferry_price":0,"cargo":"cargo.used_plast","company_truck":"man_6x4_b","trailer_variant":"trailer.scs_dry_a","trailer_definition":"trailer_def.scs.box.single_3.dryvan","units_count":33,"fill_ratio":1,"trailer_place":0}],"dobr_ferm_bg.karlovo":[{"target":"balkan_loco.ruse","urgency":2,"shortest_distance_km":168,"ferry_time":0,"ferry_price":0,"cargo":"cargo.plums","company_truck":"daf_xf_euro6_4x2_b","trailer_variant":"trailer.scs_ref_s","trailer_definition":"trailer_def.scs.box.single_3.reefer","units_count":33,"fill_ratio":1,"trailer_place":0}],"rock_eater.pirdop":[{"target":"balkan_loco.veli_tarnovo","urgency":2,"shortest_distance_km":329,"ferry_time":0,"ferry_price":0,"cargo":"cargo.excavator","company_truck":"man_tgx_euro6_6x4_xlx","trailer_variant":"trailer.overweight.excavator","trailer_definition":"trailer_def.excavator.overweight.excavator","units_count":100,"fill_ratio":1,"trailer_place":0},{"target":"balkan_loco.ruse","urgency":0,"shortest_distance_km":391,"ferry_time":0,"ferry_price":0,"cargo":"cargo.stone_dust","company_truck":"renault_premium_6x4_a","trailer_variant":"trailer.s_ki_solid.cover","trailer_definition":"trailer_def.stone_dust.s_ki_solid.cover","units_count":100,"fill_ratio":1,"trailer_place":0}],"rock_eater.tekirdag":[{"target":"domdepo.tekirdag","urgency":0,"shortest_distance_km":57,"ferry_time":0,"ferry_price":0,"cargo":"cargo.stones","company_truck":"mercedes_6x2_b","trailer_variant":"trailer.s_ki_solid.cover","trailer_definition":"trailer_def.stones.s_ki_solid.cover","units_count":100,"fill_ratio":1,"trailer_place":0},{"target":"domdepo.tekirdag","urgency":0,"shortest_distance_km":57,"ferry_time":0,"ferry_price":0,"cargo":"cargo.excav_soil","company_truck":"scania_streamline_4x2_c","trailer_variant":"trailer.s_ki_solid.cover","trailer_definition":"trailer_def.excav_soil.s_ki_solid.cover","units_count":100,"fill_ratio":1,"trailer_place":0}],"cnp.constanta":[{"target":"balkan_loco.ruse","urgency":1,"shortest_distance_km":327,"ferry_time":0,"ferry_price":0,"cargo":"cargo.oil","company_truck":"iveco_h_4x2_a","trailer_variant":"trailer.willig.fuel_cistern","trailer_definition":"trailer_def.oil.willig.fuel_cistern","units_count":101,"fill_ratio":1,"trailer_place":0}],"scs_paper.calarasi":[{"target":"lognstick.bucuresti","urgency":1,"shortest_distance_km":89,"ferry_time":0,"ferry_price":0,"cargo":"cargo.used_packag","company_truck":"renault_premium_4x2_c","trailer_variant":"trailer.scs_dry_ms","trailer_definition":"trailer_def.scs.box.single_3.dryvan_m","units_count":33,"fill_ratio":1,"trailer_place":0}],"low_field.constanta":[{"target":"balkan_loco.pleven","urgency":2,"shortest_distance_km":381,"ferry_time":0,"ferry_price":0,"cargo":"cargo.cont_trees","company_truck":"renault_premium_4x2_a","trailer_variant":"trailer.scs_ref","trailer_definition":"trailer_def.scs.box.single_3.reefer","units_count":33,"fill_ratio":1,"trailer_place":0},{"target":"kaarfor.constanta","urgency":1,"shortest_distance_km":64,"ferry_time":0,"ferry_price":0,"cargo":"cargo.young_seed","company_truck":"man_tgx_euro6_4x2_xl","trailer_variant":"trailer.scs_dry","trailer_definition":"trailer_def.scs.box.single_3.dryvan","units_count":33,"fill_ratio":1,"trailer_place":0}],"rimaf.iasi":[{"target":"kaarfor.targu_mures","urgency":1,"shortest_distance_km":248,"ferry_time":0,"ferry_price":0,"cargo":"cargo.cheese","company_truck":"scania_streamline_6x4_a","trailer_variant":"trailer.scs_ins_s","trailer_definition":"trailer_def.scs.box.single_3.insulated","units_count":33,"fill_ratio":1,"trailer_place":0}],"fle.istanbul":[{"target":"lognstick.tekirdag","urgency":0,"shortest_distance_km":149,"ferry_time":0,"ferry_price":0,"cargo":"cargo.med_equip","company_truck":"scania_s_4x2_370","trailer_variant":"trailer.scs_dry_ms","trailer_definition":"trailer_def.scs.box.single_3.dryvan_m","units_count":33,"fill_ratio":1,"trailer_place":0},{"target":"balkan_loco.edirne","urgency":0,"shortest_distance_km":200,"ferry_time":0,"ferry_price":0,"cargo":"cargo.med_vaccine","company_truck":"daf_xf_euro6_4x2_a","trailer_variant":"trailer.scs_ins","trailer_definition":"trailer_def.scs.box.single_3.insulated","units_count":33,"fill_ratio":1,"trailer_place":0}],"dulcis.pitesti":[{"target":"baltrak.tekirdag","urgency":0,"shortest_distance_km":744,"ferry_time":0,"ferry_price":0,"cargo":"cargo.scrap_metals","company_truck":"man_6x4_b","trailer_variant":"trailer.s_ki_solid.cover","trailer_definition":"trailer_def.scrap_metals.s_ki_solid.cover","units_count":100,"fill_ratio":1,"trailer_place":0},{"target":"brawen.bucuresti","urgency":2,"shortest_distance_km":208,"ferry_time":0,"ferry_price":0,"cargo":"cargo.used_plast_c","company_truck":"man_6x4_b","trailer_variant":"trailer.scs_gosck40","trailer_definition":"trailer_def.scs.gooseneck.singl_3e_40.container","units_count":30,"fill_ratio":1,"trailer_place":0},{"target":"lognstick.istanbul","urgency":2,"shortest_distance_km":722,"ferry_time":0,"ferry_price":0,"cargo":"cargo.empty_palet","company_truck":"scania_s_6x4_730","trailer_variant":"trailer.scs_dry_a","trailer_definition":"trailer_def.scs.box.single_3.dryvan","units_count":33,"fill_ratio":1,"trailer_place":0}],"kaarfor.iasi":[{"target":"lognstick.galati","urgency":2,"shortest_distance_km":179,"ferry_time":0,"ferry_price":0,"cargo":"cargo.empty_palet","company_truck":"daf_xf_euro6_4x2_b","trailer_variant":"trailer.scs_dry","trailer_definition":"trailer_def.scs.box.single_3.dryvan","units_count":33,"fill_ratio":1,"trailer_place":0},{"target":"brawen.bacau","urgency":2,"shortest_distance_km":85,"ferry_time":0,"ferry_price":0,"cargo":"cargo.used_plast_c","company_truck":"man_tgx_euro6_4x2_xl","trailer_variant":"trailer.scs_gosck20","trailer_definition":"trailer_def.scs.gooseneck.singl_3e_20.container","units_count":15,"fill_ratio":1,"trailer_place":0},{"target":"fallow.cluj_napoca","urgency":1,"shortest_distance_km":509,"ferry_time":0,"ferry_price":0,"cargo":"cargo.used_packag","company_truck":"scania_4x2_b","trailer_variant":"trailer.scs_curt","trailer_definition":"trailer_def.scs.box.single_3.curtain","units_count":33,"fill_ratio":1,"trailer_place":0}],"rock_eater.brasov":[{"target":"timberturtle.brasov","urgency":2,"shortest_distance_km":120,"ferry_time":0,"ferry_price":0,"cargo":"cargo.excavator","company_truck":"scania_streamline_6x2_b","trailer_variant":"trailer.overweight.excavator","trailer_definition":"trailer_def.excavator.overweight.excavator","units_count":100,"fill_ratio":1,"trailer_place":0}],"fallow.istanbul":[{"target":"kaarfor.constanta","urgency":1,"shortest_distance_km":552,"ferry_time":0,"ferry_price":0,"cargo":"cargo.electronics","company_truck":"daf_xf_euro6_4x2_b","trailer_variant":"trailer.scs_curt","trailer_definition":"trailer_def.scs.box.single_3.curtain","units_count":33,"fill_ratio":1,"trailer_place":0},{"target":"lognstick.istanbul","urgency":1,"shortest_distance_km":14,"ferry_time":0,"ferry_price":0,"cargo":"cargo.copp_rf_gutt","company_truck":"renault_premium_6x4_a","trailer_variant":"trailer.scs_curt","trailer_definition":"trailer_def.scs.box.single_3.curtain","units_count":33,"fill_ratio":1,"trailer_place":0},{"target":"subse.sofia","urgency":1,"shortest_distance_km":591,"ferry_time":0,"ferry_price":0,"cargo":"cargo.almond","company_truck":"scania_r_4x2_520","trailer_variant":"trailer.scs_curt","trailer_definition":"trailer_def.scs.box.single_3.curtain","units_count":33,"fill_ratio":1,"trailer_place":0},{"target":"baltrak.tekirdag","urgency":0,"shortest_distance_km":142,"ferry_time":0,"ferry_price":0,"cargo":"cargo.carrots_c","company_truck":"man_6x4_b","trailer_variant":"trailer.scs_flat_c_r","trailer_definition":"trailer_def.scs.flatbed.single_3.container","units_count":33,"fill_ratio":1,"trailer_place":0}],"cnp.pitesti":[{"target":"ocean_sol.varna","urgency":0,"shortest_distance_km":344,"ferry_time":0,"ferry_price":0,"cargo":"cargo.motor_oil_c","company_truck":"scania_4x2_c","trailer_variant":"trailer.scs_gosck40","trailer_definition":"trailer_def.scs.gooseneck.singl_3e_40.container","units_count":30,"fill_ratio":1,"trailer_place":0}],"sporklift.karlovo":[{"target":"lognstick.bucuresti","urgency":2,"shortest_distance_km":294,"ferry_time":0,"ferry_price":0,"cargo":"cargo.used_battery","company_truck":"mercedes_actros_2014_6x2_a","trailer_variant":"trailer.scs_dry_m","trailer_definition":"trailer_def.scs.box.single_3.dryvan_m","units_count":33,"fill_ratio":1,"trailer_place":0},{"target":"ttk_bg.plovdiv","urgency":1,"shortest_distance_km":64,"ferry_time":0,"ferry_price":0,"cargo":"cargo.used_packag","company_truck":"scania_r_6x2_450","trailer_variant":"trailer.scs_dry_ms","trailer_definition":"trailer_def.scs.box.single_3.dryvan_m","units_count":33,"fill_ratio":1,"trailer_place":0},{"target":"balkan_loco.veli_tarnovo","urgency":2,"shortest_distance_km":125,"ferry_time":0,"ferry_price":0,"cargo":"cargo.used_plast_c","company_truck":"man_tgx_euro6_4x2_xxl","trailer_variant":"trailer.scs_gosck40","trailer_definition":"trailer_def.scs.gooseneck.singl_3e_40.container","units_count":30,"fill_ratio":1,"trailer_place":0},{"target":"ttk_bg.plovdiv","urgency":0,"shortest_distance_km":64,"ferry_time":0,"ferry_price":0,"cargo":"cargo.used_plast","company_truck":"scania_streamline_4x2_a","trailer_variant":"trailer.scs_dry","trailer_definition":"trailer_def.scs.box.single_3.dryvan","units_count":33,"fill_ratio":1,"trailer_place":0}],"kaarfor.ruse":[{"target":"baltrak.edirne","urgency":1,"shortest_distance_km":351,"ferry_time":0,"ferry_price":0,"cargo":"cargo.used_packag","company_truck":"scania_4x2_c","trailer_variant":"trailer.scs_dry_s","trailer_definition":"trailer_def.scs.box.single_3.dryvan","units_count":33,"fill_ratio":1,"trailer_place":0},{"target":"fallow.timisoara","urgency":2,"shortest_distance_km":633,"ferry_time":0,"ferry_price":0,"cargo":"cargo.used_plast_c","company_truck":"scania_streamline_6x2_b","trailer_variant":"trailer.scs_gosck20","trailer_definition":"trailer_def.scs.gooseneck.singl_3e_20.container","units_count":15,"fill_ratio":1,"trailer_place":0},{"target":"balkan_loco.veli_tarnovo","urgency":2,"shortest_distance_km":56,"ferry_time":0,"ferry_price":0,"cargo":"cargo.empty_palet","company_truck":"mercedes_actros_2014_4x2_a","trailer_variant":"trailer.scs_curt","trailer_definition":"trailer_def.scs.box.single_3.curtain","units_count":33,"fill_ratio":1,"trailer_place":0}],"cont_port.galati":[{"target":"brawen.bucuresti","urgency":1,"shortest_distance_km":187,"ferry_time":0,"ferry_price":0,"cargo":"cargo.vinegar_c","company_truck":"renault_t_4x2","trailer_variant":"trailer.scs_gosck220","trailer_definition":"trailer_def.scs.gooseneck.singl_3e_220.container","units_count":30,"fill_ratio":1,"trailer_place":0}],"rock_eater.burgas":[{"target":"balkan_loco.craiova","urgency":0,"shortest_distance_km":579,"ferry_time":0,"ferry_price":0,"cargo":"cargo.stone_dust","company_truck":"scania_streamline_6x2_b","trailer_variant":"trailer.s_ki_solid.cover","trailer_definition":"trailer_def.stone_dust.s_ki_solid.cover","units_count":100,"fill_ratio":1,"trailer_place":0},{"target":"domdepo.edirne","urgency":0,"shortest_distance_km":232,"ferry_time":0,"ferry_price":0,"cargo":"cargo.stones","company_truck":"daf_xf_euro6_6x4_c","trailer_variant":"trailer.s_ki_solid.cover","trailer_definition":"trailer_def.stones.s_ki_solid.cover","units_count":100,"fill_ratio":1,"trailer_place":0}],"balkan_loco.pleven":[{"target":"domdepo.pitesti","urgency":1,"shortest_distance_km":250,"ferry_time":0,"ferry_price":0,"cargo":"cargo.iron_pipes","company_truck":"man_4x2_a","trailer_variant":"trailer.scs_log","trailer_definition":"trailer_def.scs.log.single_3.steel","units_count":2,"fill_ratio":1,"trailer_place":0}],"sporklift.bucuresti":[{"target":"cont_port.galati","urgency":2,"shortest_distance_km":219,"ferry_time":0,"ferry_price":0,"cargo":"cargo.used_plast_c","company_truck":"scania_4x2_b","trailer_variant":"trailer.scs_gosck40","trailer_definition":"trailer_def.scs.gooseneck.singl_3e_40.container","units_count":30,"fill_ratio":1,"trailer_place":0},{"target":"ttk_bg.varna","urgency":2,"shortest_distance_km":249,"ferry_time":0,"ferry_price":0,"cargo":"cargo.used_battery","company_truck":"man_6x4_b","trailer_variant":"trailer.scs_curt","trailer_definition":"trailer_def.scs.box.single_3.curtain","units_count":33,"fill_ratio":1,"trailer_place":0},{"target":"fallow.timisoara","urgency":0,"shortest_distance_km":561,"ferry_time":0,"ferry_price":0,"cargo":"cargo.used_plast","company_truck":"daf_xf_euro6_6x2_a","trailer_variant":"trailer.scs_dry_a","trailer_definition":"trailer_def.scs.box.single_3.dryvan","units_count":33,"fill_ratio":1,"trailer_place":0}],"kaarfor.targu_mures":[{"target":"lognstick.galati","urgency":1,"shortest_distance_km":433,"ferry_time":0,"ferry_price":0,"cargo":"cargo.used_packag","company_truck":"man_6x4_b","trailer_variant":"trailer.scs_curt","trailer_definition":"trailer_def.scs.box.single_3.curtain","units_count":33,"fill_ratio":1,"trailer_place":0},{"target":"lognstick.bucuresti","urgency":2,"shortest_distance_km":456,"ferry_time":0,"ferry_price":0,"cargo":"cargo.used_plast_c","company_truck":"daf_6x2_a","trailer_variant":"trailer.scs_gosck20","trailer_definition":"trailer_def.scs.gooseneck.singl_3e_20.container","units_count":15,"fill_ratio":1,"trailer_place":0},{"target":"ns_oil.brasov","urgency":2,"shortest_distance_km":172,"ferry_time":0,"ferry_price":0,"cargo":"cargo.empty_palet","company_truck":"mercedes_6x4_a","trailer_variant":"trailer.scs_dry","trailer_definition":"trailer_def.scs.box.single_3.dryvan","units_count":33,"fill_ratio":1,"trailer_place":0}],"dobr_ferm_bg.sofia":[{"target":"baltrak.istanbul","urgency":0,"shortest_distance_km":776,"ferry_time":0,"ferry_price":0,"cargo":"cargo.tomatoes","company_truck":"mercedes_6x2_b","trailer_variant":"trailer.scs_ins","trailer_definition":"trailer_def.scs.box.single_3.insulated","units_count":33,"fill_ratio":1,"trailer_place":0}],"radus.tekirdag":[{"target":"rock_eater.targu_mures","urgency":2,"shortest_distance_km":1026,"ferry_time":0,"ferry_price":0,"cargo":"cargo.digger1000","company_truck":"man_4x2_c","trailer_variant":"trailer.overweight.digger1000","trailer_definition":"trailer_def.digger1000.overweight.digger1000","units_count":100,"fill_ratio":1,"trailer_place":0}],"fle.sofia":[{"target":"ttk_bg.varna","urgency":0,"shortest_distance_km":505,"ferry_time":0,"ferry_price":0,"cargo":"cargo.med_equip","company_truck":"scania_streamline_6x2_b","trailer_variant":"trailer.scs_ref","trailer_definition":"trailer_def.scs.box.single_3.reefer","units_count":33,"fill_ratio":1,"trailer_place":0}],"cemelt_fla.timisoara":[{"target":"balkan_loco.craiova","urgency":0,"shortest_distance_km":347,"ferry_time":0,"ferry_price":0,"cargo":"cargo.excav_soil","company_truck":"scania_r_4x2_370","trailer_variant":"trailer.s_ki_solid.cover","trailer_definition":"trailer_def.excav_soil.s_ki_solid.cover","units_count":100,"fill_ratio":1,"trailer_place":0}],"imp_otel.craiova":[{"target":"rock_eater.hunedoara","urgency":2,"shortest_distance_km":246,"ferry_time":0,"ferry_price":0,"cargo":"cargo.excavator","company_truck":"iveco_4x2_a","trailer_variant":"trailer.overweight.excavator","trailer_definition":"trailer_def.excavator.overweight.excavator","units_count":100,"fill_ratio":1,"trailer_place":0}],"cgla.ruse":[{"target":"renat.resita","urgency":2,"shortest_distance_km":496,"ferry_time":0,"ferry_price":0,"cargo":"cargo.glass","company_truck":"mercedes_actros_2014_4x2_c","trailer_variant":"trailer.panel_trans.glass","trailer_definition":"trailer_def.glass.panel_trans.glass","units_count":100,"fill_ratio":1,"trailer_place":0},{"target":"renat.veli_tarnovo","urgency":2,"shortest_distance_km":132,"ferry_time":0,"ferry_price":0,"cargo":"cargo.glass_packed","company_truck":"iveco_6x2_a","trailer_variant":"trailer.gls_trailer","trailer_definition":"trailer_def.glass_packed.gls_trailer","units_count":100,"fill_ratio":1,"trailer_place":0}],"st_roza_bg.pirdop":[{"target":"cemelt_fla.timisoara","urgency":1,"shortest_distance_km":778,"ferry_time":0,"ferry_price":0,"cargo":"cargo.floorpanels","company_truck":"mercedes_actros_2014_4x2_c","trailer_variant":"trailer.panel_trans.floor","trailer_definition":"trailer_def.floorpanels.panel_trans.floor","units_count":100,"fill_ratio":1,"trailer_place":0},{"target":"imp_otel.hunedoara","urgency":2,"shortest_distance_km":650,"ferry_time":0,"ferry_price":0,"cargo":"cargo.largetubes","company_truck":"mercedes_actros_2014_4x2_b","trailer_variant":"trailer.scs_log","trailer_definition":"trailer_def.scs.log.single_3.steel","units_count":2,"fill_ratio":1,"trailer_place":0}],"ttk_bg.sofia":[{"target":"rock_eater.galati","urgency":0,"shortest_distance_km":543,"ferry_time":0,"ferry_price":0,"cargo":"cargo.digger500","company_truck":"scania_s_4x2_370","trailer_variant":"trailer.overweight.digger500","trailer_definition":"trailer_def.digger500.overweight.digger500","units_count":100,"fill_ratio":1,"trailer_place":0},{"target":"balkan_loco.pleven","urgency":2,"shortest_distance_km":185,"ferry_time":0,"ferry_price":0,"cargo":"cargo.glass_packed","company_truck":"renault_magnum_6x4_a","trailer_variant":"trailer.gls_trailer","trailer_definition":"trailer_def.glass_packed.gls_trailer","units_count":100,"fill_ratio":1,"trailer_place":0},{"target":"balkan_loco.pleven","urgency":1,"shortest_distance_km":185,"ferry_time":0,"ferry_price":0,"cargo":"cargo.chem_sorb_c","company_truck":"mercedes_4x2_a","trailer_variant":"trailer.scs_gosck220","trailer_definition":"trailer_def.scs.gooseneck.singl_3e_220.container","units_count":30,"fill_ratio":1,"trailer_place":0}],"ns_oil.istanbul":[{"target":"tm_istanbul.istanbul","urgency":1,"shortest_distance_km":18,"ferry_time":0,"ferry_price":0,"cargo":"cargo.diesel","company_truck":"scania_s_4x2_370","trailer_variant":"trailer.willig.fuel_cistern","trailer_definition":"trailer_def.diesel.willig.fuel_cistern","units_count":100,"fill_ratio":1,"trailer_place":0},{"target":"sporklift.plovdiv","urgency":0,"shortest_distance_km":421,"ferry_time":0,"ferry_price":0,"cargo":"cargo.motor_oil","company_truck":"iveco_4x2_c","trailer_variant":"trailer.scs_curt_a","trailer_definition":"trailer_def.scs.box.single_3.curtain","units_count":33,"fill_ratio":1,"trailer_place":0}],"kolico.iasi":[{"target":"fallow.cluj_napoca","urgency":2,"shortest_distance_km":509,"ferry_time":0,"ferry_price":0,"cargo":"cargo.limonades","company_truck":"renault_t_6x2","trailer_variant":"trailer.scs_dry","trailer_definition":"trailer_def.scs.box.single_3.dryvan","units_count":33,"fill_ratio":1,"trailer_place":0},{"target":"brawen.bucuresti","urgency":2,"shortest_distance_km":376,"ferry_time":0,"ferry_price":0,"cargo":"cargo.carb_water","company_truck":"daf_xf_euro6_4x2_b","trailer_variant":"trailer.scs_dry_m","trailer_definition":"trailer_def.scs.box.single_3.dryvan_m","units_count":33,"fill_ratio":1,"trailer_place":0},{"target":"brawen.bacau","urgency":2,"shortest_distance_km":85,"ferry_time":0,"ferry_price":0,"cargo":"cargo.bottle_water","company_truck":"scania_6x4_a","trailer_variant":"trailer.scs_dry","trailer_definition":"trailer_def.scs.box.single_3.dryvan","units_count":33,"fill_ratio":1,"trailer_place":0}],"kaarfor.edirne":[{"target":"balkan_loco.edirne","urgency":1,"shortest_distance_km":1,"ferry_time":0,"ferry_price":0,"cargo":"cargo.used_packag","company_truck":"renault_t_4x2","trailer_variant":"trailer.scs_curt_s","trailer_definition":"trailer_def.scs.box.single_3.curtain","units_count":33,"fill_ratio":1,"trailer_place":0},{"target":"subse.edirne","urgency":2,"shortest_distance_km":1,"ferry_time":0,"ferry_price":0,"cargo":"cargo.empty_palet","company_truck":"scania_4x2_c","trailer_variant":"trailer.scs_dry","trailer_definition":"trailer_def.scs.box.single_3.dryvan","units_count":33,"fill_ratio":1,"trailer_place":0},{"target":"balkan_loco.edirne","urgency":0,"shortest_distance_km":1,"ferry_time":0,"ferry_price":0,"cargo":"cargo.used_plast","company_truck":"iveco_4x2_b","trailer_variant":"trailer.scs_dry_m","trailer_definition":"trailer_def.scs.box.single_3.dryvan_m","units_count":33,"fill_ratio":1,"trailer_place":0}],"ocean_sol.mangalia":[{"target":"brawen.bucuresti","urgency":0,"shortest_distance_km":236,"ferry_time":0,"ferry_price":0,"cargo":"cargo.princess","company_truck":"scania_s_6x4_730","trailer_variant":"trailer.overweight.boat","trailer_definition":"trailer_def.princess.overweight.boat","units_count":100,"fill_ratio":1,"trailer_place":0},{"target":"brawen.bucuresti","urgency":0,"shortest_distance_km":236,"ferry_time":0,"ferry_price":0,"cargo":"cargo.scrap_metals","company_truck":"scania_s_6x2_450","trailer_variant":"trailer.s_ki_solid.cover","trailer_definition":"trailer_def.scrap_metals.s_ki_solid.cover","units_count":100,"fill_ratio":1,"trailer_place":0}]}