{"euroacres.verona":[{"target":"eurogoodies.dover","urgency":2,"shortest_distance_km":1246,"ferry_time":91,"ferry_price":384,"cargo":"cargo.beef_meat","company_truck":"man_6x4_b","trailer_variant":"trailer.scs_ref_a","trailer_definition":"trailer_def.scs.box.single_3.reefer","units_count":33,"fill_ratio":1,"trailer_place":0},{"target":"kaarfor.verona","urgency":0,"shortest_distance_km":58,"ferry_time":0,"ferry_price":0,"cargo":"cargo.apples_c","company_truck":"man_4x2_c","trailer_variant":"trailer.scs_gosck40","trailer_definition":"trailer_def.scs.gooseneck.singl_3e_40.container","units_count":30,"fill_ratio":1,"trailer_place":0}],"eurogoodies.mannheim":[{"target":"sellplan.southampton","urgency":0,"shortest_distance_km":820,"ferry_time":35,"ferry_price":300,"cargo":"cargo.apples_c","company_truck":"scania_s_6x4_730","trailer_variant":"trailer.scs_gosck220","trailer_definition":"trailer_def.scs.gooseneck.singl_3e_220.container","units_count":30,"fill_ratio":1,"trailer_place":0},{"target":"sellplan.magdeburg","urgency":0,"shortest_distance_km":525,"ferry_time":0,"ferry_price":0,"cargo":"cargo.tomatoes","company_truck":"mercedes_6x4_a","trailer_variant":"trailer.scs_ref_a","trailer_definition":"trailer_def.scs.box.single_3.reefer","units_count":33,"fill_ratio":1,"trailer_place":0}],"tesore_gust.milano":[{"target":"tradeaux.lyon","urgency":2,"shortest_distance_km":422,"ferry_time":0,"ferry_price":0,"cargo":"cargo.bottle_water","company_truck":"man_4x2_c","trailer_variant":"trailer.scs_dry_a","trailer_definition":"trailer_def.scs.box.single_3.dryvan","units_count":33,"fill_ratio":1,"trailer_place":0}],"sellplan.wien":[{"target":"lkwlog.stuttgart","urgency":2,"shortest_distance_km":605,"ferry_time":0,"ferry_price":0,"cargo":"cargo.empty_palet","company_truck":"scania_r_6x4_650","trailer_variant":"trailer.scs_curt_s","trailer_definition":"trailer_def.scs.box.single_3.curtain","units_count":33,"fill_ratio":1,"trailer_place":1},{"target":"lkwlog.graz","urgency":1,"shortest_distance_km":179,"ferry_time":0,"ferry_price":0,"cargo":"cargo.used_packag","company_truck":"daf_4x2_b","trailer_variant":"trailer.scs_curt","trailer_definition":"trailer_def.scs.box.single_3.curtain","units_count":33,"fill_ratio":1,"trailer_place":1}],"kaarfor.strasbourg":[{"target":"transinet.brussel","urgency":1,"shortest_distance_km":441,"ferry_time":0,"ferry_price":0,"cargo":"cargo.used_packag","company_truck":"scania_streamline_4x2_c","trailer_variant":"trailer.scs_dry_ms","trailer_definition":"trailer_def.scs.box.single_3.dryvan_m","units_count":33,"fill_ratio":1,"trailer_place":0}],"posped.birmingham":[{"target":"eurogoodies.lille","urgency":2,"shortest_distance_km":490,"ferry_time":35,"ferry_price":300,"cargo":"cargo.carb_water","company_truck":"man_6x4_b","trailer_variant":"trailer.scs_dry_ms","trailer_definition":"trailer_def.scs.box.single_3.dryvan_m","units_count":29,"fill_ratio":1,"trailer_place":0},{"target":"itcc.sheffield","urgency":1,"shortest_distance_km":148,"ferry_time":0,"ferry_price":0,"cargo":"cargo.diesel","company_truck":"mercedes_actros_2014_4x2_a","trailer_variant":"trailer.fuel_cistern","trailer_definition":"trailer_def.diesel.fuel_cistern","units_count":94,"fill_ratio":1,"trailer_place":0},{"target":"lkwlog.amsterdam","urgency":1,"shortest_distance_km":830,"ferry_time":35,"ferry_price":300,"cargo":"cargo.copp_rf_gutt","company_truck":"mercedes_4x2_b","trailer_variant":"trailer.scs_dry_m","trailer_definition":"trailer_def.scs.box.single_3.dryvan_m","units_count":33,"fill_ratio":1,"trailer_place":0}],"kaarfor.amsterdam":[{"target":"lkwlog.amsterdam","urgency":1,"shortest_distance_km":1,"ferry_time":0,"ferry_price":0,"cargo":"cargo.used_packag","company_truck":"renault_magnum_6x2_a","trailer_variant":"trailer.scs_dry_ms","trailer_definition":"trailer_def.scs.box.single_3.dryvan_m","units_count":33,"fill_ratio":1,"trailer_place":0},{"target":"stokes.liege","urgency":0,"shortest_distance_km":254,"ferry_time":0,"ferry_price":0,"cargo":"cargo.used_plast","company_truck":"man_6x4_b","trailer_variant":"trailer.scs_dry","trailer_definition":"trailer_def.scs.box.single_3.dryvan","units_count":33,"fill_ratio":1,"trailer_place":0},{"target":"transinet.brussel","urgency":2,"shortest_distance_km":212,"ferry_time":0,"ferry_price":0,"cargo":"cargo.used_plast_c","company_truck":"man_6x4_b","trailer_variant":"trailer.scs_gosck40","trailer_definition":"trailer_def.scs.gooseneck.singl_3e_40.container","units_count":30,"fill_ratio":1,"trailer_place":0}],"wgcc.frankfurt":[{"target":"nbfc.duisburg","urgency":1,"shortest_distance_km":327,"ferry_time":0,"ferry_price":0,"cargo":"cargo.lead","company_truck":"scania_s_6x2_450","trailer_variant":"trailer.scs_flat_c_r","trailer_definition":"trailer_def.scs.flatbed.single_3.container","units_count":87,"fill_ratio":1,"trailer_place":0},{"target":"posped.strasbourg","urgency":0,"shortest_distance_km":241,"ferry_time":0,"ferry_price":0,"cargo":"cargo.petrol","company_truck":"man_6x4_b","trailer_variant":"trailer.fuel_cistern","trailer_definition":"trailer_def.petrol.fuel_cistern","units_count":100,"fill_ratio":1,"trailer_place":0},{"target":"nbfc.liverpool","urgency":2,"shortest_distance_km":1215,"ferry_time":35,"ferry_price":300,"cargo":"cargo.sodium","company_truck":"man_tgx_euro6_6x4_xlx","trailer_variant":"trailer.scs_gosck40","trailer_definition":"trailer_def.scs.gooseneck.singl_3e_40.container","units_count":80,"fill_ratio":1,"trailer_place":0}],"eurogoodies.reims":[{"target":"posped.metz","urgency":2,"shortest_distance_km":161,"ferry_time":0,"ferry_price":0,"cargo":"cargo.sugar","company_truck":"man_6x4_b","trailer_variant":"trailer.scs_curt_s","trailer_definition":"trailer_def.scs.box.single_3.curtain","units_count":33,"fill_ratio":1,"trailer_place":0}],"lkwlog.felixstowe":[{"target":"transinet.rotterdam","urgency":1,"shortest_distance_km":129,"ferry_time":480,"ferry_price":960,"cargo":"cargo.milk_t","company_truck":"man_tgx_euro6_4x2_xxl","trailer_variant":"trailer.scs_fodt","trailer_definition":"trailer_def.scs.foodtank.single_3.paint","units_count":23,"fill_ratio":1,"trailer_place":0},{"target":"transinet.rotterdam","urgency":0,"shortest_distance_km":129,"ferry_time":480,"ferry_price":960,"cargo":"cargo.gravel","company_truck":"renault_t_4x2","trailer_variant":"trailer.s_ki_solid.gravel","trailer_definition":"trailer_def.gravel.s_ki_solid.gravel","units_count":100,"fill_ratio":1,"trailer_place":0}],"nbfc.london":[{"target":"wgcc.manchester","urgency":0,"shortest_distance_km":368,"ferry_time":0,"ferry_price":0,"cargo":"cargo.motor_oil_c","company_truck":"man_4x2_c","trailer_variant":"trailer.scs_gosck220","trailer_definition":"trailer_def.scs.gooseneck.singl_3e_220.container","units_count":30,"fill_ratio":1,"trailer_place":0},{"target":"wgcc.manchester","urgency":2,"shortest_distance_km":368,"ferry_time":0,"ferry_price":0,"cargo":"cargo.sodium","company_truck":"iveco_h_4x2_a","trailer_variant":"trailer.scs_flat_c_g","trailer_definition":"trailer_def.scs.flatbed.single_3.container","units_count":87,"fill_ratio":1,"trailer_place":0},{"target":"wgcc.manchester","urgency":0,"shortest_distance_km":368,"ferry_time":0,"ferry_price":0,"cargo":"cargo.ammunition","company_truck":"mercedes_4x2_b","trailer_variant":"trailer.scs_curt","trailer_definition":"trailer_def.scs.box.single_3.curtain","units_count":33,"fill_ratio":1,"trailer_place":0}],"sellplan.dresden":[{"target":"stokes.nurnberg","urgency":2,"shortest_distance_km":388,"ferry_time":0,"ferry_price":0,"cargo":"cargo.used_plast_c","company_truck":"daf_6x2_a","trailer_variant":"trailer.scs_flat_c_r","trailer_definition":"trailer_def.scs.flatbed.single_3.container","units_count":33,"fill_ratio":1,"trailer_place":0},{"target":"transinet.szczecin","urgency":2,"shortest_distance_km":349,"ferry_time":0,"ferry_price":0,"cargo":"cargo.empty_palet","company_truck":"renault_premium_6x4_a","trailer_variant":"trailer.scs_dry_ms","trailer_definition":"trailer_def.scs.box.single_3.dryvan_m","units_count":32,"fill_ratio":1,"trailer_place":0},{"target":"tradeaux.prague","urgency":1,"shortest_distance_km":115,"ferry_time":0,"ferry_price":0,"cargo":"cargo.used_packag","company_truck":"renault_premium_4x2_c","trailer_variant":"trailer.scs_dry_ms","trailer_definition":"trailer_def.scs.box.single_3.dryvan_m","units_count":33,"fill_ratio":1,"trailer_place":0}],"tree_et.dortmund":[{"target":"stokes.dusseldorf","urgency":2,"shortest_distance_km":120,"ferry_time":0,"ferry_price":0,"cargo":"cargo.wshavings","company_truck":"mercedes_actros_2014_4x2_c","trailer_variant":"trailer.s_ki_solid.cover","trailer_definition":"trailer_def.wshavings.s_ki_solid.cover","units_count":100,"fill_ratio":1,"trailer_place":0},{"target":"quarry.stuttgart","urgency":0,"shortest_distance_km":368,"ferry_time":0,"ferry_price":0,"cargo":"cargo.digger500","company_truck":"scania_r_4x2_520","trailer_variant":"trailer.overweight.digger500","trailer_definition":"trailer_def.digger500.overweight.digger500","units_count":100,"fill_ratio":1,"trailer_place":0}],"wgcc.bratislava":[{"target":"nbfc.linz","urgency":1,"shortest_distance_km":223,"ferry_time":0,"ferry_price":0,"cargo":"cargo.emptytank","company_truck":"mercedes_actros_2014_4x2_b","trailer_variant":"trailer.scs_flat_b","trailer_definition":"trailer_def.scs.flatbed.single_3.flatbed_w","units_count":2,"fill_ratio":1,"trailer_place":0}],"eurogoodies.liverpool":[{"target":"transinet.sheffield","urgency":1,"shortest_distance_km":202,"ferry_time":0,"ferry_price":0,"cargo":"cargo.beverages_c","company_truck":"iveco_h_4x2_a","trailer_variant":"trailer.scs_flat_c_g","trailer_definition":"trailer_def.scs.flatbed.single_3.container","units_count":33,"fill_ratio":1,"trailer_place":0},{"target":"lkwlog.felixstowe","urgency":1,"shortest_distance_km":402,"ferry_time":0,"ferry_price":0,"cargo":"cargo.almond","company_truck":"renault_magnum_6x4_a","trailer_variant":"trailer.scs_dry_s","trailer_definition":"trailer_def.scs.box.single_3.dryvan","units_count":33,"fill_ratio":1,"trailer_place":0}],"eurogoodies.innsbruck":[{"target":"lkwlog.graz","urgency":1,"shortest_distance_km":438,"ferry_time":0,"ferry_price":0,"cargo":"cargo.icecream","company_truck":"mercedes_actros_2014_6x4_b","trailer_variant":"trailer.scs_ref","trailer_definition":"trailer_def.scs.box.single_3.reefer","units_count":33,"fill_ratio":1,"trailer_place":0},{"target":"posped.zurich","urgency":2,"shortest_distance_km":247,"ferry_time":0,"ferry_price":0,"cargo":"cargo.beverages_t","company_truck":"scania_r_6x2_450","trailer_variant":"trailer.scs_fodt","trailer_definition":"trailer_def.scs.foodtank.single_3.paint","units_count":23,"fill_ratio":1,"trailer_place":0}],"sanbuilders.nurnberg":[{"target":"transinet.rotterdam","urgency":2,"shortest_distance_km":794,"ferry_time":0,"ferry_price":0,"cargo":"cargo.forklifts","company_truck":"scania_6x4_a","trailer_variant":"trailer.overweight.forklifts","trailer_definition":"trailer_def.forklifts.overweight.forklifts","units_count":100,"fill_ratio":1,"trailer_place":0},{"target":"tree_et.frankfurt","urgency":0,"shortest_distance_km":221,"ferry_time":0,"ferry_price":0,"cargo":"cargo.digger500","company_truck":"scania_s_6x4_730","trailer_variant":"trailer.overweight.digger500","trailer_definition":"trailer_def.digger500.overweight.digger500","units_count":100,"fill_ratio":1,"trailer_place":0},{"target":"lkwlog.stuttgart","urgency":2,"shortest_distance_km":304,"ferry_time":0,"ferry_price":0,"cargo":"cargo.excavator","company_truck":"mercedes_4x2_c","trailer_variant":"trailer.overweight.excavator","trailer_definition":"trailer_def.excavator.overweight.excavator","units_count":94,"fill_ratio":1,"trailer_place":0}],"wgcc.munchen":[{"target":"nbfc.linz","urgency":0,"shortest_distance_km":278,"ferry_time":0,"ferry_price":0,"cargo":"cargo.potassium","company_truck":"mercedes_actros_2014_4x2_b","trailer_variant":"trailer.scs_gosck20","trailer_definition":"trailer_def.scs.gooseneck.singl_3e_20.container","units_count":40,"fill_ratio":1,"trailer_place":0},{"target":"transinet.brussel","urgency":2,"shortest_distance_km":806,"ferry_time":0,"ferry_price":0,"cargo":"cargo.graph_grease","company_truck":"renault_premium_6x4_a","trailer_variant":"trailer.scs_curt_s","trailer_definition":"trailer_def.scs.box.single_3.curtain","units_count":33,"fill_ratio":1,"trailer_place":0},{"target":"tree_et.stuttgart","urgency":0,"shortest_distance_km":195,"ferry_time":0,"ferry_price":0,"cargo":"cargo.pesticide","company_truck":"iveco_4x2_a","trailer_variant":"trailer.scs_gosck220","trailer_definition":"trailer_def.scs.gooseneck.singl_3e_220.container","units_count":80,"fill_ratio":1,"trailer_place":0}],"lkwlog.graz":[{"target":"posped.bratislava","urgency":1,"shortest_distance_km":215,"ferry_time":0,"ferry_price":0,"cargo":"cargo.floorpanels","company_truck":"daf_xf_euro6_6x4_c","trailer_variant":"trailer.panel_trans.floor","trailer_definition":"trailer_def.floorpanels.panel_trans.floor","units_count":82,"fill_ratio":1,"trailer_place":0}],"eurogoodies.dover":[{"target":"posped.koln","urgency":0,"shortest_distance_km":464,"ferry_time":91,"ferry_price":384,"cargo":"cargo.rice_c","company_truck":"man_6x4_b","trailer_variant":"trailer.scs_gosck220","trailer_definition":"trailer_def.scs.gooseneck.singl_3e_220.container","units_count":30,"fill_ratio":1,"trailer_place":0},{"target":"tradeaux.paris","urgency":2,"shortest_distance_km":266,"ferry_time":35,"ferry_price":300,"cargo":"cargo.oranges","company_truck":"man_6x4_b","trailer_variant":"trailer.scs_ref_s","trailer_definition":"trailer_def.scs.box.single_3.reefer","units_count":33,"fill_ratio":1,"trailer_place":0}],"quarry.stuttgart":[{"target":"wgcc.frankfurt","urgency":0,"shortest_distance_km":147,"ferry_time":0,"ferry_price":0,"cargo":"cargo.coal","company_truck":"daf_xf_euro6_6x2_a","trailer_variant":"trailer.s_ki_solid.coal","trailer_definition":"trailer_def.coal.s_ki_solid.coal","units_count":100,"fill_ratio":1,"trailer_place":0},{"target":"stokes.nurnberg","urgency":2,"shortest_distance_km":239,"ferry_time":0,"ferry_price":0,"cargo":"cargo.excavator","company_truck":"mercedes_4x2","trailer_variant":"trailer.overweight.excavator","trailer_definition":"trailer_def.excavator.overweight.excavator","units_count":94,"fill_ratio":1,"trailer_place":0}],"wgcc.manchester":[{"target":"nbfc.london","urgency":0,"shortest_distance_km":363,"ferry_time":0,"ferry_price":0,"cargo":"cargo.ammunition","company_truck":"man_6x4_b","trailer_variant":"trailer.scs_curt_s","trailer_definition":"trailer_def.scs.box.single_3.curtain","units_count":33,"fill_ratio":1,"trailer_place":0}],"tradeaux.kassel":[{"target":"trameri.dresden","urgency":2,"shortest_distance_km":430,"ferry_time":0,"ferry_price":0,"cargo":"cargo.graph_grease","company_truck":"daf_xf_euro6_4x2_a","trailer_variant":"trailer.scs_curt_s","trailer_definition":"trailer_def.scs.box.single_3.curtain","units_count":33,"fill_ratio":1,"trailer_place":0}],"euroacres.liverpool":[{"target":"posped.swansea","urgency":0,"shortest_distance_km":255,"ferry_time":0,"ferry_price":0,"cargo":"cargo.cauliflower","company_truck":"mercedes_6x4_a","trailer_variant":"trailer.scs_curt","trailer_definition":"trailer_def.scs.box.single_3.curtain","units_count":33,"fill_ratio":1,"trailer_place":0},{"target":"sellplan.london","urgency":1,"shortest_distance_km":339,"ferry_time":0,"ferry_price":0,"cargo":"cargo.carrots","company_truck":"man_tgx_euro6_6x4_xlx","trailer_variant":"trailer.scs_dry_s","trailer_definition":"trailer_def.scs.box.single_3.dryvan","units_count":33,"fill_ratio":1,"trailer_place":0}],"tree_et.metz":[{"target":"lkwlog.luxembourg","urgency":2,"shortest_distance_km":119,"ferry_time":0,"ferry_price":0,"cargo":"cargo.excavator","company_truck":"scania_streamline_4x2_c","trailer_variant":"trailer.overweight.excavator","trailer_definition":"trailer_def.excavator.overweight.excavator","units_count":100,"fill_ratio":1,"trailer_place":0}],"tradeaux.paris":[{"target":"posped.metz","urgency":0,"shortest_distance_km":320,"ferry_time":0,"ferry_price":0,"cargo":"cargo.used_plast","company_truck":"scania_6x2_b","trailer_variant":"trailer.scs_dry_ms","trailer_definition":"trailer_def.scs.box.single_3.dryvan_m","units_count":33,"fill_ratio":1,"trailer_place":0},{"target":"lisette_log.paris","urgency":0,"shortest_distance_km":95,"ferry_time":0,"ferry_price":0,"cargo":"cargo.ore","company_truck":"renault_premium_4x2_c","trailer_variant":"trailer.s_ki_solid.ore","trailer_definition":"trailer_def.ore.s_ki_solid.ore","units_count":100,"fill_ratio":1,"trailer_place":0}],"euroacres.groningen":[{"target":"eurogoodies.groningen","urgency":0,"shortest_distance_km":8,"ferry_time":0,"ferry_price":0,"cargo":"cargo.potatoes","company_truck":"iveco_4x2_a","trailer_variant":"trailer.scs_curt_a","trailer_definition":"trailer_def.scs.box.single_3.curtain","units_count":33,"fill_ratio":1,"trailer_place":0}],"posped.bremen":[{"target":"transinet.osnabruck","urgency":2,"shortest_distance_km":135,"ferry_time":0,"ferry_price":0,"cargo":"cargo.grass_rolls","company_truck":"double/renault_premium_4x2_a","trailer_variant":"trailer.scs_curt_2","trailer_definition":"trailer_def.scs.box.double_3_2.curtain","units_count":40,"fill_ratio":1,"trailer_place":0}],"eurogoodies.wien":[{"target":"sellplan.wien","urgency":2,"shortest_distance_km":1,"ferry_time":0,"ferry_price":0,"cargo":"cargo.milk","company_truck":"scania_s_4x2_370","trailer_variant":"trailer.scs_dry_a","trailer_definition":"trailer_def.scs.box.single_3.dryvan","units_count":33,"fill_ratio":1,"trailer_place":1}],"nbfc.liverpool":[{"target":"wgcc.grimsby","urgency":2,"shortest_distance_km":253,"ferry_time":0,"ferry_price":0,"cargo":"cargo.contamin","company_truck":"mercedes_4x2_a","trailer_variant":"trailer.scs_gosck220","trailer_definition":"trailer_def.scs.gooseneck.singl_3e_220.container","units_count":80,"fill_ratio":1,"trailer_place":0},{"target":"quarry.cardiff","urgency":0,"shortest_distance_km":247,"ferry_time":0,"ferry_price":0,"cargo":"cargo.explosives","company_truck":"mercedes_4x2_b","trailer_variant":"trailer.scs_curt_s","trailer_definition":"trailer_def.scs.box.single_3.curtain","units_count":33,"fill_ratio":1,"trailer_place":0}],"transinet.cambridge":[{"target":"lkwlog.dover","urgency":2,"shortest_distance_km":188,"ferry_time":0,"ferry_price":0,"cargo":"cargo.glass_packed","company_truck":"mercedes_4x2_b","trailer_variant":"trailer.gls_trailer","trailer_definition":"trailer_def.glass_packed.gls_trailer","units_count":100,"fill_ratio":1,"trailer_place":0}],"eurogoodies.szczecin":[{"target":"transinet.dresden","urgency":1,"shortest_distance_km":349,"ferry_time":0,"ferry_price":0,"cargo":"cargo.carrots","company_truck":"man_tgx_euro6_4x2_xxl","trailer_variant":"trailer.scs_dry","trailer_definition":"trailer_def.scs.box.single_3.dryvan","units_count":33,"fill_ratio":1,"trailer_place":0}],"eurogoodies.groningen":[{"target":"sellplan.groningen","urgency":0,"shortest_distance_km":1,"ferry_time":0,"ferry_price":0,"cargo":"cargo.potatoes","company_truck":"iveco_4x2_b","trailer_variant":"trailer.scs_curt_s","trailer_definition":"trailer_def.scs.box.single_3.curtain","units_count":33,"fill_ratio":1,"trailer_place":0}],"quarry.reims":[{"target":"lkwlog.amsterdam","urgency":2,"shortest_distance_km":427,"ferry_time":0,"ferry_price":0,"cargo":"cargo.fueltanker","company_truck":"mercedes_4x2_c","trailer_variant":"trailer.scs_gosck220","trailer_definition":"trailer_def.scs.gooseneck.singl_3e_220.container","units_count":80,"fill_ratio":1,"trailer_place":0},{"target":"posped.metz","urgency":2,"shortest_distance_km":191,"ferry_time":0,"ferry_price":0,"cargo":"cargo.digger1000","company_truck":"mercedes_6x2_b","trailer_variant":"trailer.overweight.digger1000","trailer_definition":"trailer_def.digger1000.overweight.digger1000","units_count":100,"fill_ratio":1,"trailer_place":0},{"target":"bcp.munchen","urgency":0,"shortest_distance_km":708,"ferry_time":0,"ferry_price":0,"cargo":"cargo.hipresstank","company_truck":"mercedes_6x2_b","trailer_variant":"trailer.scs_flat_b","trailer_definition":"trailer_def.scs.flatbed.single_3.flatbed_w","units_count":2,"fill_ratio":1,"trailer_place":0}],"nbfc.linz":[{"target":"euroacres.cambridge","urgency":1,"shortest_distance_km":1467,"ferry_time":35,"ferry_price":300,"cargo":"cargo.diesel","company_truck":"iveco_4x2_c","trailer_variant":"trailer.fuel_cistern","trailer_definition":"trailer_def.diesel.fuel_cistern","units_count":94,"fill_ratio":1,"trailer_place":0},{"target":"wgcc.bratislava","urgency":1,"shortest_distance_km":229,"ferry_time":0,"ferry_price":0,"cargo":"cargo.cyanide","company_truck":"scania_streamline_4x2_c","trailer_variant":"trailer.scs_gosck220","trailer_definition":"trailer_def.scs.gooseneck.singl_3e_220.container","units_count":80,"fill_ratio":1,"trailer_place":0}],"eurogoodies.glasgow":[{"target":"kaarfor.edinburgh","urgency":2,"shortest_distance_km":80,"ferry_time":0,"ferry_price":0,"cargo":"cargo.plums","company_truck":"scania_streamline_4x2_b","trailer_variant":"trailer.scs_ref_s","trailer_definition":"trailer_def.scs.box.single_3.reefer","units_count":33,"fill_ratio":1,"trailer_place":0},{"target":"transinet.sheffield","urgency":1,"shortest_distance_km":449,"ferry_time":0,"ferry_price":0,"cargo":"cargo.watermelons","company_truck":"man_6x4_b","trailer_variant":"trailer.scs_ref","trailer_definition":"trailer_def.scs.box.single_3.reefer","units_count":33,"fill_ratio":1,"trailer_place":0}],"lkwlog.duisburg":[{"target":"posped.koln","urgency":1,"shortest_distance_km":117,"ferry_time":0,"ferry_price":0,"cargo":"cargo.beverages","company_truck":"scania_6x2_b","trailer_variant":"trailer.scs_dry_s","trailer_definition":"trailer_def.scs.box.single_3.dryvan","units_count":31,"fill_ratio":1,"trailer_place":0}],"sellplan.newcastle":[{"target":"transinet.rotterdam","urgency":2,"shortest_distance_km":264,"ferry_time":660,"ferry_price":995,"cargo":"cargo.used_plast_c","company_truck":"renault_magnum_6x2_a","trailer_variant":"trailer.scs_gosck220","trailer_definition":"trailer_def.scs.gooseneck.singl_3e_220.container","units_count":30,"fill_ratio":1,"trailer_place":0},{"target":"stokes.aberdeen","urgency":2,"shortest_distance_km":408,"ferry_time":0,"ferry_price":0,"cargo":"cargo.empty_palet","company_truck":"man_tgx_euro6_6x4_xlx","trailer_variant":"trailer.scs_dry_a","trailer_definition":"trailer_def.scs.box.single_3.dryvan","units_count":33,"fill_ratio":1,"trailer_place":0},{"target":"tradeaux.grimsby","urgency":1,"shortest_distance_km":264,"ferry_time":0,"ferry_price":0,"cargo":"cargo.used_packag","company_truck":"mercedes_4x2_a","trailer_variant":"trailer.scs_curt","trailer_definition":"trailer_def.scs.box.single_3.curtain","units_count":33,"fill_ratio":1,"trailer_place":0}],"stokes.amsterdam":[{"target":"posped.bremen","urgency":0,"shortest_distance_km":317,"ferry_time":0,"ferry_price":0,"cargo":"cargo.tyres","company_truck":"double/man_4x2_a","trailer_variant":"trailer.scs_curt_b2","trailer_definition":"trailer_def.scs.box.bdouble_3_3.curtain","units_count":35,"fill_ratio":1,"trailer_place":0}],"cargotras.milano":[{"target":"lkwlog.venezia","urgency":2,"shortest_distance_km":261,"ferry_time":0,"ferry_price":0,"cargo":"cargo.used_plast_c","company_truck":"scania_streamline_6x4_a","trailer_variant":"trailer.scs_gosck20","trailer_definition":"trailer_def.scs.gooseneck.singl_3e_20.container","units_count":15,"fill_ratio":1,"trailer_place":0}],"euroacres.osnabruck":[{"target":"eurogoodies.liverpool","urgency":0,"shortest_distance_km":1160,"ferry_time":35,"ferry_price":300,"cargo":"cargo.grapes","company_truck":"mercedes_4x2_a","trailer_variant":"trailer.scs_ref_s","trailer_definition":"trailer_def.scs.box.single_3.reefer","units_count":33,"fill_ratio":1,"trailer_place":0}],"euroacres.magdeburg":[{"target":"stokes.amsterdam","urgency":2,"shortest_distance_km":461,"ferry_time":0,"ferry_price":0,"cargo":"cargo.straw_bales","company_truck":"mercedes_actros_2014_6x2_a","trailer_variant":"trailer.scs_flat_r","trailer_definition":"trailer_def.scs.flatbed.single_3.flatbed_w","units_count":33,"fill_ratio":1,"trailer_place":0}],"euroacres.plymouth":[{"target":"transinet.brussel","urgency":0,"shortest_distance_km":646,"ferry_time":35,"ferry_price":300,"cargo":"cargo.tomatoes","company_truck":"daf_6x2_a","trailer_variant":"trailer.scs_ins_s","trailer_definition":"trailer_def.scs.box.single_3.insulated","units_count":33,"fill_ratio":1,"trailer_place":0},{"target":"posped.birmingham","urgency":0,"shortest_distance_km":356,"ferry_time":0,"ferry_price":0,"cargo":"cargo.potatoes","company_truck":"iveco_h_4x2_a","trailer_variant":"trailer.scs_curt_s","trailer_definition":"trailer_def.scs.box.single_3.curtain","units_count":33,"fill_ratio":1,"trailer_place":0}],"tradeaux.frankfurt":[{"target":"tree_et.frankfurt","urgency":0,"shortest_distance_km":7,"ferry_time":0,"ferry_price":0,"cargo":"cargo.petrol","company_truck":"renault_magnum_4x2_a","trailer_variant":"trailer.fuel_cistern","trailer_definition":"trailer_def.petrol.fuel_cistern","units_count":100,"fill_ratio":1,"trailer_place":0}],"quarry.wroclaw":[{"target":"lkwlog.brno","urgency":1,"shortest_distance_km":267,"ferry_time":0,"ferry_price":0,"cargo":"cargo.emptytank","company_truck":"iveco_4x2_c","trailer_variant":"trailer.scs_flat_b","trailer_definition":"trailer_def.scs.flatbed.single_3.flatbed_w","units_count":2,"fill_ratio":1,"trailer_place":0}],"quarry.glasgow":[{"target":"posped.birmingham","urgency":0,"shortest_distance_km":572,"ferry_time":0,"ferry_price":0,"cargo":"cargo.hipresstank","company_truck":"man_6x4_b","trailer_variant":"trailer.scs_flat_c_r","trailer_definition":"trailer_def.scs.flatbed.single_3.container","units_count":2,"fill_ratio":1,"trailer_place":0},{"target":"wgcc.glasgow","urgency":1,"shortest_distance_km":73,"ferry_time":0,"ferry_price":0,"cargo":"cargo.emptytank","company_truck":"mercedes_6x4_a","trailer_variant":"trailer.scs_flat_c_r","trailer_definition":"trailer_def.scs.flatbed.single_3.container","units_count":2,"fill_ratio":1,"trailer_place":0},{"target":"stokes.aberdeen","urgency":1,"shortest_distance_km":222,"ferry_time":0,"ferry_price":0,"cargo":"cargo.diggers","company_truck":"scania_4x2_a","trailer_variant":"trailer.overweight.digger","trailer_definition":"trailer_def.diggers.overweight.digger","units_count":98,"fill_ratio":1,"trailer_place":0},{"target":"posped.bremen","urgency":2,"shortest_distance_km":949,"ferry_time":660,"ferry_price":995,"cargo":"cargo.fueltanker","company_truck":"man_tgx_euro6_4x2_xxl","trailer_variant":"trailer.scs_gosck40","trailer_definition":"trailer_def.scs.gooseneck.singl_3e_40.container","units_count":80,"fill_ratio":1,"trailer_place":0}],"batisse_hs.paris":[{"target":"posped.zurich","urgency":2,"shortest_distance_km":686,"ferry_time":0,"ferry_price":0,"cargo":"cargo.excavator","company_truck":"man_4x2_c","trailer_variant":"trailer.overweight.excavator","trailer_definition":"trailer_def.excavator.overweight.excavator","units_count":94,"fill_ratio":1,"trailer_place":0}],"trameri.brno":[{"target":"posped.bratislava","urgency":2,"shortest_distance_km":142,"ferry_time":0,"ferry_price":0,"cargo":"cargo.roof_tiles","company_truck":"scania_s_6x4_730","trailer_variant":"trailer.scs_dry","trailer_definition":"trailer_def.scs.box.single_3.dryvan","units_count":33,"fill_ratio":1,"trailer_place":0}],"quarry.cardiff":[{"target":"nbfc.duisburg","urgency":2,"shortest_distance_km":944,"ferry_time":35,"ferry_price":300,"cargo":"cargo.largetubes","company_truck":"renault_t_4x2h","trailer_variant":"trailer.scs_flat_c_g","trailer_definition":"trailer_def.scs.flatbed.single_3.container","units_count":2,"fill_ratio":1,"trailer_place":0},{"target":"lkwlog.calais","urgency":2,"shortest_distance_km":399,"ferry_time":91,"ferry_price":384,"cargo":"cargo.fueltanker","company_truck":"mercedes_4x2","trailer_variant":"trailer.scs_flat_c_r","trailer_definition":"trailer_def.scs.flatbed.single_3.container","units_count":87,"fill_ratio":1,"trailer_place":0},{"target":"sanbuilders.rotterdam","urgency":0,"shortest_distance_km":765,"ferry_time":35,"ferry_price":300,"cargo":"cargo.stones","company_truck":"mercedes_6x4_a","trailer_variant":"trailer.s_ki_solid.cover","trailer_definition":"trailer_def.stones.s_ki_solid.cover","units_count":100,"fill_ratio":1,"trailer_place":0}],"ika_bohag.paris":[{"target":"tradeaux.paris","urgency":2,"shortest_distance_km":8,"ferry_time":0,"ferry_price":0,"cargo":"cargo.empty_palet","company_truck":"scania_6x4_a","trailer_variant":"trailer.scs_dry_s","trailer_definition":"trailer_def.scs.box.single_3.dryvan","units_count":33,"fill_ratio":1,"trailer_place":0},{"target":"transinet.sheffield","urgency":1,"shortest_distance_km":655,"ferry_time":35,"ferry_price":300,"cargo":"cargo.used_packag","company_truck":"scania_s_6x2_450","trailer_variant":"trailer.scs_curt_s","trailer_definition":"trailer_def.scs.box.single_3.curtain","units_count":33,"fill_ratio":1,"trailer_place":0}],"eurogoodies.salzburg":[{"target":"posped.graz","urgency":0,"shortest_distance_km":242,"ferry_time":0,"ferry_price":0,"cargo":"cargo.rice","company_truck":"mercedes_actros_2014_4x2_a","trailer_variant":"trailer.scs_curt","trailer_definition":"trailer_def.scs.box.single_3.curtain","units_count":33,"fill_ratio":1,"trailer_place":0}],"itcc.rostock":[{"target":"lkwlog.venezia","urgency":1,"shortest_distance_km":1254,"ferry_time":0,"ferry_price":0,"cargo":"cargo.floorpanels","company_truck":"iveco_h_4x2_a","trailer_variant":"trailer.panel_trans.floor","trailer_definition":"trailer_def.floorpanels.panel_trans.floor","units_count":82,"fill_ratio":1,"trailer_place":0}],"tree_et.frankfurt":[{"target":"transinet.osnabruck","urgency":2,"shortest_distance_km":382,"ferry_time":0,"ferry_price":0,"cargo":"cargo.wshavings","company_truck":"mercedes_4x2_b","trailer_variant":"trailer.s_ki_solid.cover","trailer_definition":"trailer_def.wshavings.s_ki_solid.cover","units_count":100,"fill_ratio":1,"trailer_place":0},{"target":"sanbuilders.nurnberg","urgency":0,"shortest_distance_km":228,"ferry_time":0,"ferry_price":0,"cargo":"cargo.lumber","company_truck":"iveco_h_4x2_a","trailer_variant":"trailer.scs_flat_c_r","trailer_definition":"trailer_def.scs.flatbed.single_3.container","units_count":2,"fill_ratio":1,"trailer_place":0},{"target":"posped.koln","urgency":0,"shortest_distance_km":291,"ferry_time":0,"ferry_price":0,"cargo":"cargo.digger500","company_truck":"renault_t_6x2","trailer_variant":"trailer.overweight.digger500","trailer_definition":"trailer_def.digger500.overweight.digger500","units_count":100,"fill_ratio":1,"trailer_place":0}],"trameri.dresden":[{"target":"transinet.dresden","urgency":2,"shortest_distance_km":1,"ferry_time":0,"ferry_price":0,"cargo":"cargo.chimney_syst","company_truck":"renault_premium_6x4_a","trailer_variant":"trailer.scs_dry","trailer_definition":"trailer_def.scs.box.single_3.dryvan","units_count":33,"fill_ratio":1,"trailer_place":0},{"target":"transinet.dresden","urgency":0,"shortest_distance_km":1,"ferry_time":0,"ferry_price":0,"cargo":"cargo.scrap_metals","company_truck":"scania_streamline_4x2_b","trailer_variant":"trailer.s_ki_solid.cover","trailer_definition":"trailer_def.scrap_metals.s_ki_solid.cover","units_count":100,"fill_ratio":1,"trailer_place":0}],"trameri.mannheim":[{"target":"transinet.mannheim","urgency":2,"shortest_distance_km":2,"ferry_time":0,"ferry_price":0,"cargo":"cargo.sandwch_pnls","company_truck":"man_4x2_c","trailer_variant":"trailer.scs_dry_ms","trailer_definition":"trailer_def.scs.box.single_3.dryvan_m","units_count":33,"fill_ratio":1,"trailer_place":0},{"target":"posped.verona","urgency":2,"shortest_distance_km":735,"ferry_time":0,"ferry_price":0,"cargo":"cargo.chimney_syst","company_truck":"scania_6x4_a","trailer_variant":"trailer.scs_curt","trailer_definition":"trailer_def.scs.box.single_3.curtain","units_count":33,"fill_ratio":1,"trailer_place":0}],"euroacres.berlin":[{"target":"eurogoodies.leipzig","urgency":0,"shortest_distance_km":190,"ferry_time":0,"ferry_price":0,"cargo":"cargo.potatoes","company_truck":"double/scania_r_4x2","trailer_variant":"trailer.scs_dry_b2","trailer_definition":"trailer_def.scs.box.bdouble_3_3.dryvan","units_count":22,"fill_ratio":1,"trailer_place":0}],"eurogoodies.metz":[{"target":"tradeaux.prague","urgency":2,"shortest_distance_km":712,"ferry_time":0,"ferry_price":0,"cargo":"cargo.beverages_t","company_truck":"man_6x4_b","trailer_variant":"trailer.scs_fodt","trailer_definition":"trailer_def.scs.foodtank.single_3.paint","units_count":27,"fill_ratio":1,"trailer_place":0}],"eurogoodies.klagenfurt":[{"target":"lkwlog.graz","urgency":1,"shortest_distance_km":115,"ferry_time":0,"ferry_price":0,"cargo":"cargo.almond","company_truck":"scania_6x2_b","trailer_variant":"trailer.scs_curt_a","trailer_definition":"trailer_def.scs.box.single_3.curtain","units_count":33,"fill_ratio":1,"trailer_place":0},{"target":"posped.graz","urgency":0,"shortest_distance_km":113,"ferry_time":0,"ferry_price":0,"cargo":"cargo.chewing_gums","company_truck":"scania_r_4x2_520","trailer_variant":"trailer.scs_dry_m","trailer_definition":"trailer_def.scs.box.single_3.dryvan_m","units_count":33,"fill_ratio":1,"trailer_place":0}],"kaarfor.munchen":[{"target":"stokes.nurnberg","urgency":0,"shortest_distance_km":194,"ferry_time":0,"ferry_price":0,"cargo":"cargo.used_plast","company_truck":"scania_s_6x4_730","trailer_variant":"trailer.scs_dry_m","trailer_definition":"trailer_def.scs.box.single_3.dryvan_m","units_count":33,"fill_ratio":1,"trailer_place":0},{"target":"posped.strasbourg","urgency":2,"shortest_distance_km":371,"ferry_time":0,"ferry_price":0,"cargo":"cargo.empty_palet","company_truck":"man_6x4_b","trailer_variant":"trailer.scs_dry_s","trailer_definition":"trailer_def.scs.box.single_3.dryvan","units_count":33,"fill_ratio":1,"trailer_place":0}],"tradeaux.felixstowe":[{"target":"sanbuilders.edinburgh","urgency":0,"shortest_distance_km":680,"ferry_time":0,"ferry_price":0,"cargo":"cargo.outdr_flr_tl","company_truck":"renault_t_4x2","trailer_variant":"trailer.scs_dry_a","trailer_definition":"trailer_def.scs.box.single_3.dryvan","units_count":33,"fill_ratio":1,"trailer_place":0},{"target":"transinet.sheffield","urgency":1,"shortest_distance_km":328,"ferry_time":0,"ferry_price":0,"cargo":"cargo.almond","company_truck":"daf_6x2_a","trailer_variant":"trailer.scs_dry_m","trailer_definition":"trailer_def.scs.box.single_3.dryvan_m","units_count":33,"fill_ratio":1,"trailer_place":0}],"transinet.osnabruck":[{"target":"posped.bremen","urgency":2,"shortest_distance_km":148,"ferry_time":0,"ferry_price":0,"cargo":"cargo.chocolate","company_truck":"man_tgx_euro6_4x2_xl","trailer_variant":"trailer.scs_dry_a","trailer_definition":"trailer_def.scs.box.single_3.dryvan","units_count":30,"fill_ratio":1,"trailer_place":0}],"eurogoodies.leipzig":[{"target":"transinet.dresden","urgency":0,"shortest_distance_km":160,"ferry_time":0,"ferry_price":0,"cargo":"cargo.cauliflower","company_truck":"scania_6x4_a","trailer_variant":"trailer.scs_ref_a","trailer_definition":"trailer_def.scs.box.single_3.reefer","units_count":33,"fill_ratio":1,"trailer_place":0}],"fcp.torino":[{"target":"tradeaux.rostock","urgency":2,"shortest_distance_km":1434,"ferry_time":0,"ferry_price":0,"cargo":"cargo.mondeos","company_truck":"scania_streamline_4x2_b","trailer_variant":"trailer.car_trans3","trailer_definition":"trailer_def.mondeos.car_trans3","units_count":100,"fill_ratio":1,"trailer_place":0}],"tree_et.liege":[{"target":"tradeaux.geneve","urgency":2,"shortest_distance_km":614,"ferry_time":0,"ferry_price":0,"cargo":"cargo.wshavings","company_truck":"man_6x4_b","trailer_variant":"trailer.s_ki_solid.cover","trailer_definition":"trailer_def.wshavings.s_ki_solid.cover","units_count":100,"fill_ratio":1,"trailer_place":0},{"target":"transinet.salzburg","urgency":0,"shortest_distance_km":842,"ferry_time":0,"ferry_price":0,"cargo":"cargo.sawpanels","company_truck":"man_tgx_euro6_4x2_xxl","trailer_variant":"trailer.scs_dry","trailer_definition":"trailer_def.scs.box.single_3.dryvan","units_count":33,"fill_ratio":1,"trailer_place":0}],"sanbuilders.hamburg":[{"target":"tree_et.aberdeen","urgency":1,"shortest_distance_km":1134,"ferry_time":660,"ferry_price":995,"cargo":"cargo.diggers","company_truck":"scania_s_6x2_450","trailer_variant":"trailer.overweight.digger","trailer_definition":"trailer_def.diggers.overweight.digger","units_count":98,"fill_ratio":1,"trailer_place":0},{"target":"posped.rotterdam","urgency":2,"shortest_distance_km":484,"ferry_time":0,"ferry_price":0,"cargo":"cargo.empty_palet","company_truck":"double/scania_4x2_a","trailer_variant":"trailer.scs_dry_2","trailer_definition":"trailer_def.scs.box.double_3_2.dryvan","units_count":24,"fill_ratio":1,"trailer_place":0}],"tree_et.bratislava":[{"target":"sanbuilders.nurnberg","urgency":0,"shortest_distance_km":548,"ferry_time":0,"ferry_price":0,"cargo":"cargo.sawpanels","company_truck":"mercedes_actros_2014_6x4_b","trailer_variant":"trailer.scs_dry_ms","trailer_definition":"trailer_def.scs.box.single_3.dryvan_m","units_count":33,"fill_ratio":1,"trailer_place":0}],"sellplan.sheffield":[{"target":"lkwlog.manchester","urgency":2,"shortest_distance_km":113,"ferry_time":0,"ferry_price":0,"cargo":"cargo.used_plast_c","company_truck":"iveco_h_4x2_a","trailer_variant":"trailer.scs_flat_c_g","trailer_definition":"trailer_def.scs.flatbed.single_3.container","units_count":33,"fill_ratio":1,"trailer_place":0},{"target":"transinet.sheffield","urgency":0,"shortest_distance_km":1,"ferry_time":0,"ferry_price":0,"cargo":"cargo.used_plast","company_truck":"scania_streamline_4x2_b","trailer_variant":"trailer.scs_curt","trailer_definition":"trailer_def.scs.box.single_3.curtain","units_count":33,"fill_ratio":1,"trailer_place":0},{"target":"tradeaux.hannover","urgency":1,"shortest_distance_km":1188,"ferry_time":35,"ferry_price":300,"cargo":"cargo.used_packag","company_truck":"renault_premium_4x2_a","trailer_variant":"trailer.scs_curt_a","trailer_definition":"trailer_def.scs.box.single_3.curtain","units_count":33,"fill_ratio":1,"trailer_place":0}],"wgcc.grimsby":[{"target":"itcc.sheffield","urgency":0,"shortest_distance_km":108,"ferry_time":0,"ferry_price":0,"cargo":"cargo.chemicals","company_truck":"renault_t_6x2","trailer_variant":"trailer.chcistern","trailer_definition":"trailer_def.chemicals.chcistern","units_count":100,"fill_ratio":1,"trailer_place":0},{"target":"sanbuilders.luxembourg","urgency":1,"shortest_distance_km":798,"ferry_time":35,"ferry_price":300,"cargo":"cargo.kerosene","company_truck":"man_6x4_b","trailer_variant":"trailer.fuel_cistern","trailer_definition":"trailer_def.kerosene.fuel_cistern","units_count":100,"fill_ratio":1,"trailer_place":0},{"target":"euroacres.brussel","urgency":2,"shortest_distance_km":638,"ferry_time":35,"ferry_price":300,"cargo":"cargo.forklifts","company_truck":"scania_s_4x2_580","trailer_variant":"trailer.overweight.forklifts","trailer_definition":"trailer_def.forklifts.overweight.forklifts","units_count":100,"fill_ratio":1,"trailer_place":0}],"euroacres.bremen":[{"target":"transinet.southampton","urgency":2,"shortest_distance_km":942,"ferry_time":35,"ferry_price":300,"cargo":"cargo.straw_bales","company_truck":"scania_s_4x2_370","trailer_variant":"trailer.scs_dry_ms","trailer_definition":"trailer_def.scs.box.single_3.dryvan_m","units_count":33,"fill_ratio":1,"trailer_place":0},{"target":"kaarfor.strasbourg","urgency":0,"shortest_distance_km":649,"ferry_time":0,"ferry_price":0,"cargo":"cargo.goat_cheese","company_truck":"renault_premium_4x2_a","trailer_variant":"trailer.scs_ins","trailer_definition":"trailer_def.scs.box.single_3.insulated","units_count":33,"fill_ratio":1,"trailer_place":0}],"euroacres.nurnberg":[{"target":"sellplan.wien","urgency":2,"shortest_distance_km":496,"ferry_time":0,"ferry_price":0,"cargo":"cargo.cont_trees","company_truck":"daf_4x2_b","trailer_variant":"trailer.scs_ins_s","trailer_definition":"trailer_def.scs.box.single_3.insulated","units_count":33,"fill_ratio":1,"trailer_place":0},{"target":"stokes.nurnberg","urgency":2,"shortest_distance_km":22,"ferry_time":0,"ferry_price":0,"cargo":"cargo.grass_rolls","company_truck":"double/scania_s_4x2","trailer_variant":"trailer.scs_dry_2","trailer_definition":"trailer_def.scs.box.double_3_2.dryvan","units_count":35,"fill_ratio":1,"trailer_place":0}],"euroacres.wien":[{"target":"lkwlog.graz","urgency":0,"shortest_distance_km":191,"ferry_time":0,"ferry_price":0,"cargo":"cargo.grapes","company_truck":"scania_streamline_4x2_c","trailer_variant":"trailer.scs_ins_a","trailer_definition":"trailer_def.scs.box.single_3.insulated","units_count":33,"fill_ratio":1,"trailer_place":0}],"trameri.liverpool":[{"target":"transinet.brussel","urgency":2,"shortest_distance_km":749,"ferry_time":35,"ferry_price":300,"cargo":"cargo.sandwch_pnls","company_truck":"scania_s_6x2_450","trailer_variant":"trailer.scs_dry_m","trailer_definition":"trailer_def.scs.box.single_3.dryvan_m","units_count":33,"fill_ratio":1,"trailer_place":0},{"target":"sanbuilders.newcastle","urgency":2,"shortest_distance_km":287,"ferry_time":0,"ferry_price":0,"cargo":"cargo.chimney_syst","company_truck":"renault_premium_4x2_a","trailer_variant":"trailer.scs_dry_s","trailer_definition":"trailer_def.scs.box.single_3.dryvan","units_count":33,"fill_ratio":1,"trailer_place":0},{"target":"transinet.brussel","urgency":2,"shortest_distance_km":749,"ferry_time":35,"ferry_price":300,"cargo":"cargo.rooflights","company_truck":"daf_xf_euro6_6x4_c","trailer_variant":"trailer.scs_dry_m","trailer_definition":"trailer_def.scs.box.single_3.dryvan_m","units_count":33,"fill_ratio":1,"trailer_place":0}],"trameri.plymouth":[{"target":"stokes.plymouth","urgency":1,"shortest_distance_km":1,"ferry_time":0,"ferry_price":0,"cargo":"cargo.emptytank","company_truck":"man_6x4_b","trailer_variant":"trailer.scs_flat_c_g","trailer_definition":"trailer_def.scs.flatbed.single_3.container","units_count":2,"fill_ratio":1,"trailer_place":0},{"target":"lkwlog.manchester","urgency":2,"shortest_distance_km":495,"ferry_time":0,"ferry_price":0,"cargo":"cargo.used_plast_c","company_truck":"scania_r_4x2_520","trailer_variant":"trailer.scs_flat_c_r","trailer_definition":"trailer_def.scs.flatbed.single_3.container","units_count":33,"fill_ratio":1,"trailer_place":0},{"target":"posped.swansea","urgency":2,"shortest_distance_km":306,"ferry_time":0,"ferry_price":0,"cargo":"cargo.sandwch_pnls","company_truck":"man_6x4_b","trailer_variant":"trailer.scs_dry_s","trailer_definition":"trailer_def.scs.box.single_3.dryvan","units_count":33,"fill_ratio":1,"trailer_place":0}],"tree_et.stuttgart":[{"target":"sanbuilders.salzburg","urgency":2,"shortest_distance_km":352,"ferry_time":0,"ferry_price":0,"cargo":"cargo.excavator","company_truck":"daf_xf_euro6_4x2_c","trailer_variant":"trailer.overweight.excavator","trailer_definition":"trailer_def.excavator.overweight.excavator","units_count":94,"fill_ratio":1,"trailer_place":0},{"target":"tradeaux.hannover","urgency":0,"shortest_distance_km":548,"ferry_time":0,"ferry_price":0,"cargo":"cargo.sawpanels","company_truck":"renault_magnum_4x2_a","trailer_variant":"trailer.scs_curt_s","trailer_definition":"trailer_def.scs.box.single_3.curtain","units_count":33,"fill_ratio":1,"trailer_place":0}],"quarry.prague":[{"target":"tradeaux.kassel","urgency":2,"shortest_distance_km":503,"ferry_time":0,"ferry_price":0,"cargo":"cargo.excavator","company_truck":"mercedes_4x2_a","trailer_variant":"trailer.overweight.excavator","trailer_definition":"trailer_def.excavator.overweight.excavator","units_count":94,"fill_ratio":1,"trailer_place":0},{"target":"tradeaux.frankfurt","urgency":2,"shortest_distance_km":364,"ferry_time":0,"ferry_price":0,"cargo":"cargo.largetubes","company_truck":"scania_4x2_b","trailer_variant":"trailer.scs_flat_b","trailer_definition":"trailer_def.scs.flatbed.single_3.flatbed_w","units_count":2,"fill_ratio":1,"trailer_place":0},{"target":"trameri.wroclaw","urgency":2,"shortest_distance_km":307,"ferry_time":0,"ferry_price":0,"cargo":"cargo.fueltanker","company_truck":"renault_premium_4x2_a","trailer_variant":"trailer.scs_flat_c_r","trailer_definition":"trailer_def.scs.flatbed.single_3.container","units_count":87,"fill_ratio":1,"trailer_place":0},{"target":"euroacres.cambridge","urgency":1,"shortest_distance_km":1358,"ferry_time":35,"ferry_price":300,"cargo":"cargo.emptytank","company_truck":"renault_premium_6x2_a","trailer_variant":"trailer.scs_flat_b","trailer_definition":"trailer_def.scs.flatbed.single_3.flatbed_w","units_count":2,"fill_ratio":1,"trailer_place":0}],"wgcc.glasgow":[{"target":"nbfc.liverpool","urgency":2,"shortest_distance_km":375,"ferry_time":0,"ferry_price":0,"cargo":"cargo.phosphor","company_truck":"iveco_4x2_b","trailer_variant":"trailer.scs_gosck220","trailer_definition":"trailer_def.scs.gooseneck.singl_3e_220.container","units_count":80,"fill_ratio":1,"trailer_place":0},{"target":"nbfc.berlin","urgency":1,"shortest_distance_km":1815,"ferry_time":35,"ferry_price":300,"cargo":"cargo.cyanide","company_truck":"iveco_4x2_c","trailer_variant":"trailer.scs_flat_c_g","trailer_definition":"trailer_def.scs.flatbed.single_3.container","units_count":87,"fill_ratio":1,"trailer_place":0},{"target":"trameri.carlisle","urgency":0,"shortest_distance_km":179,"ferry_time":0,"ferry_price":0,"cargo":"cargo.hipresstank","company_truck":"scania_streamline_4x2_a","trailer_variant":"trailer.scs_flat_r","trailer_definition":"trailer_def.scs.flatbed.single_3.flatbed_w","units_count":2,"fill_ratio":1,"trailer_place":0},{"target":"nbfc.aberdeen","urgency":1,"shortest_distance_km":236,"ferry_time":0,"ferry_price":0,"cargo":"cargo.lead","company_truck":"man_6x4_b","trailer_variant":"trailer.scs_flat_c_g","trailer_definition":"trailer_def.scs.flatbed.single_3.container","units_count":87,"fill_ratio":1,"trailer_place":0}],"kaarfor.edinburgh":[{"target":"posped.london","urgency":2,"shortest_distance_km":623,"ferry_time":0,"ferry_price":0,"cargo":"cargo.used_plast_c","company_truck":"man_6x4_b","trailer_variant":"trailer.scs_gosck40","trailer_definition":"trailer_def.scs.gooseneck.singl_3e_40.container","units_count":30,"fill_ratio":1,"trailer_place":0},{"target":"tradeaux.grimsby","urgency":2,"shortest_distance_km":420,"ferry_time":0,"ferry_price":0,"cargo":"cargo.empty_palet","company_truck":"mercedes_4x2_c","trailer_variant":"trailer.scs_dry_s","trailer_definition":"trailer_def.scs.box.single_3.dryvan","units_count":33,"fill_ratio":1,"trailer_place":0},{"target":"stokes.aberdeen","urgency":1,"shortest_distance_km":237,"ferry_time":0,"ferry_price":0,"cargo":"cargo.used_packag","company_truck":"mercedes_actros_2014_6x4_b","trailer_variant":"trailer.scs_curt","trailer_definition":"trailer_def.scs.box.single_3.curtain","units_count":33,"fill_ratio":1,"trailer_place":0}],"eurogoodies.berlin":[{"target":"tradeaux.prague","urgency":0,"shortest_distance_km":328,"ferry_time":0,"ferry_price":0,"cargo":"cargo.apples_c","company_truck":"scania_streamline_4x2_a","trailer_variant":"trailer.scs_gosck40","trailer_definition":"trailer_def.scs.gooseneck.singl_3e_40.container","units_count":30,"fill_ratio":1,"trailer_place":0}],"trameri.amsterdam":[{"target":"transinet.hamburg","urgency":2,"shortest_distance_km":419,"ferry_time":0,"ferry_price":0,"cargo":"cargo.used_plast_c","company_truck":"scania_4x2_b","trailer_variant":"trailer.scs_flat_c_r","trailer_definition":"trailer_def.scs.flatbed.single_3.container","units_count":33,"fill_ratio":1,"trailer_place":0},{"target":"tree_et.leipzig","urgency":2,"shortest_distance_km":689,"ferry_time":0,"ferry_price":0,"cargo":"cargo.fueltanker","company_truck":"iveco_4x2_c","trailer_variant":"trailer.scs_gosck40","trailer_definition":"trailer_def.scs.gooseneck.singl_3e_40.container","units_count":80,"fill_ratio":1,"trailer_place":0}],"eurogoodies.erfurt":[{"target":"stokes.nurnberg","urgency":1,"shortest_distance_km":229,"ferry_time":0,"ferry_price":0,"cargo":"cargo.vinegar_c","company_truck":"scania_s_6x2_450","trailer_variant":"trailer.scs_gosck220","trailer_definition":"trailer_def.scs.gooseneck.singl_3e_220.container","units_count":30,"fill_ratio":1,"trailer_place":0}],"trameri.swansea":[{"target":"tree_et.southampton","urgency":2,"shortest_distance_km":276,"ferry_time":0,"ferry_price":0,"cargo":"cargo.forklifts","company_truck":"iveco_4x2_a","trailer_variant":"trailer.overweight.forklifts","trailer_definition":"trailer_def.forklifts.overweight.forklifts","units_count":100,"fill_ratio":1,"trailer_place":0}],"stokes.aberdeen":[{"target":"wgcc.glasgow","urgency":1,"shortest_distance_km":239,"ferry_time":0,"ferry_price":0,"cargo":"cargo.overweight","company_truck":"scania_streamline_4x2_b","trailer_variant":"trailer.scs_flat_c_g","trailer_definition":"trailer_def.scs.flatbed.single_3.container","units_count":1,"fill_ratio":1,"trailer_place":0},{"target":"nbfc.aberdeen","urgency":2,"shortest_distance_km":1,"ferry_time":0,"ferry_price":0,"cargo":"cargo.largetubes","company_truck":"man_tgx_euro6_6x4_xlx","trailer_variant":"trailer.scs_log","trailer_definition":"trailer_def.scs.log.single_3.steel","units_count":2,"fill_ratio":1,"trailer_place":0},{"target":"eurogoodies.glasgow","urgency":0,"shortest_distance_km":237,"ferry_time":0,"ferry_price":0,"cargo":"cargo.grapes","company_truck":"scania_6x4_a","trailer_variant":"trailer.scs_ref_a","trailer_definition":"trailer_def.scs.box.single_3.reefer","units_count":33,"fill_ratio":1,"trailer_place":0}],"eurogoodies.liege":[{"target":"tradeaux.rostock","urgency":2,"shortest_distance_km":725,"ferry_time":0,"ferry_price":0,"cargo":"cargo.milk","company_truck":"renault_magnum_6x2_a","trailer_variant":"trailer.scs_curt_a","trailer_definition":"trailer_def.scs.box.single_3.curtain","units_count":33,"fill_ratio":1,"trailer_place":0}],"transinet.southampton":[{"target":"stokes.plymouth","urgency":2,"shortest_distance_km":257,"ferry_time":0,"ferry_price":0,"cargo":"cargo.vinegar","company_truck":"man_4x2_c","trailer_variant":"trailer.scs_curt_s","trailer_definition":"trailer_def.scs.box.single_3.curtain","units_count":33,"fill_ratio":1,"trailer_place":0}],"euroacres.swansea":[{"target":"transinet.mannheim","urgency":2,"shortest_distance_km":1080,"ferry_time":35,"ferry_price":300,"cargo":"cargo.plums","company_truck":"scania_r_4x2_370","trailer_variant":"trailer.scs_ins_a","trailer_definition":"trailer_def.scs.box.single_3.insulated","units_count":33,"fill_ratio":1,"trailer_place":0}],"posped.swansea":[{"target":"kaarfor.swansea","urgency":1,"shortest_distance_km":1,"ferry_time":0,"ferry_price":0,"cargo":"cargo.apples","company_truck":"man_6x4_b","trailer_variant":"trailer.scs_dry_ms","trailer_definition":"trailer_def.scs.box.single_3.dryvan_m","units_count":33,"fill_ratio":1,"trailer_place":0},{"target":"nbfc.calais","urgency":0,"shortest_distance_km":456,"ferry_time":91,"ferry_price":384,"cargo":"cargo.fertilizer","company_truck":"scania_s_6x4_730","trailer_variant":"trailer.scs_brick_b","trailer_definition":"trailer_def.scs.flatbed.single_3.brick","units_count":33,"fill_ratio":1,"trailer_place":0}],"fcp.dusseldorf":[{"target":"quarry.hannover","urgency":2,"shortest_distance_km":354,"ferry_time":0,"ferry_price":0,"cargo":"cargo.digger1000","company_truck":"renault_magnum_6x4_a","trailer_variant":"trailer.overweight.digger1000","trailer_definition":"trailer_def.digger1000.overweight.digger1000","units_count":100,"fill_ratio":1,"trailer_place":0}],"sellplan.rostock":[{"target":"stokes.kiel","urgency":0,"shortest_distance_km":190,"ferry_time":0,"ferry_price":0,"cargo":"cargo.used_plast","company_truck":"double/man_euro6_4x2_xxl","trailer_variant":"trailer.scs_dry_2","trailer_definition":"trailer_def.scs.box.double_3_2.dryvan","units_count":53,"fill_ratio":1,"trailer_place":0}],"eurogoodies.newcastle":[{"target":"lkwlog.amsterdam","urgency":2,"shortest_distance_km":340,"ferry_time":660,"ferry_price":995,"cargo":"cargo.beef_meat","company_truck":"man_6x4_b","trailer_variant":"trailer.scs_ref_a","trailer_definition":"trailer_def.scs.box.single_3.reefer","units_count":33,"fill_ratio":1,"trailer_place":0},{"target":"lkwlog.manchester","urgency":1,"shortest_distance_km":230,"ferry_time":0,"ferry_price":0,"cargo":"cargo.carrots","company_truck":"mercedes_actros_2014_4x2_a","trailer_variant":"trailer.scs_curt","trailer_definition":"trailer_def.scs.box.single_3.curtain","units_count":33,"fill_ratio":1,"trailer_place":0}],"sellplan.london":[{"target":"posped.birmingham","urgency":2,"shortest_distance_km":196,"ferry_time":0,"ferry_price":0,"cargo":"cargo.empty_palet","company_truck":"iveco_4x2_a","trailer_variant":"trailer.scs_dry_ms","trailer_definition":"trailer_def.scs.box.single_3.dryvan_m","units_count":32,"fill_ratio":1,"trailer_place":0},{"target":"lkwlog.calais","urgency":2,"shortest_distance_km":123,"ferry_time":91,"ferry_price":384,"cargo":"cargo.used_plast_c","company_truck":"renault_t_4x2","trailer_variant":"trailer.scs_gosck220","trailer_definition":"trailer_def.scs.gooseneck.singl_3e_220.container","units_count":30,"fill_ratio":1,"trailer_place":0}],"sanbuilders.birmingham":[{"target":"euroacres.salzburg","urgency":0,"shortest_distance_km":1498,"ferry_time":35,"ferry_price":300,"cargo":"cargo.digger500","company_truck":"renault_premium_6x4_a","trailer_variant":"trailer.overweight.digger500","trailer_definition":"trailer_def.digger500.overweight.digger500","units_count":100,"fill_ratio":1,"trailer_place":0}],"spinelli.milano":[{"target":"sellplan.torino","urgency":0,"shortest_distance_km":189,"ferry_time":0,"ferry_price":0,"cargo":"cargo.tyres","company_truck":"daf_xf_euro6_4x2_c","trailer_variant":"trailer.scs_dry_m","trailer_definition":"trailer_def.scs.box.single_3.dryvan_m","units_count":33,"fill_ratio":1,"trailer_place":0},{"target":"cargotras.milano","urgency":0,"shortest_distance_km":119,"ferry_time":0,"ferry_price":0,"cargo":"cargo.scrap_metals","company_truck":"scania_s_4x2_580","trailer_variant":"trailer.s_ki_solid.cover","trailer_definition":"trailer_def.scrap_metals.s_ki_solid.cover","units_count":100,"fill_ratio":1,"trailer_place":0}],"kaarfor.frankfurt":[{"target":"transinet.dortmund","urgency":2,"shortest_distance_km":297,"ferry_time":0,"ferry_price":0,"cargo":"cargo.empty_palet","company_truck":"double/mercedes_actros_2014_4x2_a","trailer_variant":"trailer.scs_dry_b2","trailer_definition":"trailer_def.scs.box.bdouble_3_3.dryvan","units_count":23,"fill_ratio":1,"trailer_place":0},{"target":"stokes.zurich","urgency":0,"shortest_distance_km":369,"ferry_time":0,"ferry_price":0,"cargo":"cargo.used_plast","company_truck":"iveco_4x2_c","trailer_variant":"trailer.scs_dry_ms","trailer_definition":"trailer_def.scs.box.single_3.dryvan_m","units_count":33,"fill_ratio":1,"trailer_place":0},{"target":"lkwlog.stuttgart","urgency":1,"shortest_distance_km":233,"ferry_time":0,"ferry_price":0,"cargo":"cargo.used_packag","company_truck":"man_4x2_a","trailer_variant":"trailer.scs_curt","trailer_definition":"trailer_def.scs.box.single_3.curtain","units_count":33,"fill_ratio":1,"trailer_place":0}],"trameri.hannover":[{"target":"lkwlog.amsterdam","urgency":1,"shortest_distance_km":342,"ferry_time":0,"ferry_price":0,"cargo":"cargo.used_packag","company_truck":"daf_4x2_a","trailer_variant":"trailer.scs_curt_s","trailer_definition":"trailer_def.scs.box.single_3.curtain","units_count":33,"fill_ratio":1,"trailer_place":0}],"stokes.nurnberg":[{"target":"sellplan.wien","urgency":2,"shortest_distance_km":484,"ferry_time":0,"ferry_price":0,"cargo":"cargo.beef_meat","company_truck":"scania_s_6x4_730","trailer_variant":"trailer.scs_ref_a","trailer_definition":"trailer_def.scs.box.single_3.reefer","units_count":33,"fill_ratio":1,"trailer_place":0},{"target":"tradeaux.felixstowe","urgency":0,"shortest_distance_km":1160,"ferry_time":35,"ferry_price":300,"cargo":"cargo.peas","company_truck":"man_6x4_b","trailer_variant":"trailer.scs_curt_a","trailer_definition":"trailer_def.scs.box.single_3.curtain","units_count":33,"fill_ratio":1,"trailer_place":0}],"posped.rotterdam":[{"target":"stokes.nurnberg","urgency":1,"shortest_distance_km":785,"ferry_time":0,"ferry_price":0,"cargo":"cargo.fireworks","company_truck":"double/scania_streamline_4x2_a","trailer_variant":"trailer.scs_curt_b2","trailer_definition":"trailer_def.scs.box.bdouble_3_3.curtain","units_count":53,"fill_ratio":1,"trailer_place":0}],"bcp.verona":[{"target":"stokes.wien","urgency":0,"shortest_distance_km":666,"ferry_time":0,"ferry_price":0,"cargo":"cargo.digger500","company_truck":"daf_xf_euro6_6x2_a","trailer_variant":"trailer.overweight.digger500","trailer_definition":"trailer_def.digger500.overweight.digger500","units_count":100,"fill_ratio":1,"trailer_place":0}],"trameri.nurnberg":[{"target":"transinet.salzburg","urgency":1,"shortest_distance_km":307,"ferry_time":0,"ferry_price":0,"cargo":"cargo.emptytank","company_truck":"daf_xf_euro6_4x2_a","trailer_variant":"trailer.scs_flat_c_r","trailer_definition":"trailer_def.scs.flatbed.single_3.container","units_count":2,"fill_ratio":1,"trailer_place":0}],"tree_et.southampton":[{"target":"lisette_log.paris","urgency":0,"shortest_distance_km":382,"ferry_time":35,"ferry_price":300,"cargo":"cargo.sawpanels","company_truck":"scania_4x2_a","trailer_variant":"trailer.scs_dry_s","trailer_definition":"trailer_def.scs.box.single_3.dryvan","units_count":33,"fill_ratio":1,"trailer_place":0}],"posped.strasbourg":[{"target":"stokes.wien","urgency":1,"shortest_distance_km":761,"ferry_time":0,"ferry_price":0,"cargo":"cargo.fireworks","company_truck":"man_4x2_c","trailer_variant":"trailer.scs_curt_s","trailer_definition":"trailer_def.scs.box.single_3.curtain","units_count":33,"fill_ratio":1,"trailer_place":0}],"posped.linz":[{"target":"quarry.prague","urgency":2,"shortest_distance_km":334,"ferry_time":0,"ferry_price":0,"cargo":"cargo.digger1000","company_truck":"man_6x4_b","trailer_variant":"trailer.overweight.digger1000","trailer_definition":"trailer_def.digger1000.overweight.digger1000","units_count":100,"fill_ratio":1,"trailer_place":0}],"kaarfor.cambridge":[{"target":"stokes.cardiff","urgency":2,"shortest_distance_km":397,"ferry_time":0,"ferry_price":0,"cargo":"cargo.empty_palet","company_truck":"scania_streamline_4x2_b","trailer_variant":"trailer.scs_curt","trailer_definition":"trailer_def.scs.box.single_3.curtain","units_count":33,"fill_ratio":1,"trailer_place":0},{"target":"lkwlog.felixstowe","urgency":1,"shortest_distance_km":159,"ferry_time":0,"ferry_price":0,"cargo":"cargo.used_packag","company_truck":"mercedes_6x2_b","trailer_variant":"trailer.scs_curt_a","trailer_definition":"trailer_def.scs.box.single_3.curtain","units_count":33,"fill_ratio":1,"trailer_place":0}],"trameri.innsbruck":[{"target":"posped.zurich","urgency":0,"shortest_distance_km":247,"ferry_time":0,"ferry_price":0,"cargo":"cargo.scrap_metals","company_truck":"mercedes_6x4_a","trailer_variant":"trailer.s_ki_solid.cover","trailer_definition":"trailer_def.scrap_metals.s_ki_solid.cover","units_count":100,"fill_ratio":1,"trailer_place":0},{"target":"transinet.salzburg","urgency":1,"shortest_distance_km":196,"ferry_time":0,"ferry_price":0,"cargo":"cargo.electronics","company_truck":"man_6x4_b","trailer_variant":"trailer.scs_curt","trailer_definition":"trailer_def.scs.box.single_3.curtain","units_count":33,"fill_ratio":1,"trailer_place":0},{"target":"euroacres.verona","urgency":2,"shortest_distance_km":235,"ferry_time":0,"ferry_price":0,"cargo":"cargo.forklifts","company_truck":"mercedes_6x4_a","trailer_variant":"trailer.overweight.forklifts","trailer_definition":"trailer_def.forklifts.overweight.forklifts","units_count":100,"fill_ratio":1,"trailer_place":0}],"eurogoodies.bremen":[{"target":"lkwlog.luxembourg","urgency":2,"shortest_distance_km":516,"ferry_time":0,"ferry_price":0,"cargo":"cargo.beef_meat","company_truck":"man_4x2_c","trailer_variant":"trailer.scs_ref_a","trailer_definition":"trailer_def.scs.box.single_3.reefer","units_count":33,"fill_ratio":1,"trailer_place":0}],"wgcc.rotterdam":[{"target":"itcc.glasgow","urgency":1,"shortest_distance_km":486,"ferry_time":660,"ferry_price":995,"cargo":"cargo.kerosene","company_truck":"renault_t_4x2h","trailer_variant":"trailer.fuel_cistern","trailer_definition":"trailer_def.kerosene.fuel_cistern","units_count":100,"fill_ratio":1,"trailer_place":0},{"target":"nbfc.duisburg","urgency":1,"shortest_distance_km":330,"ferry_time":0,"ferry_price":0,"cargo":"cargo.lead","company_truck":"mercedes_actros_2014_6x4_b","trailer_variant":"trailer.scs_flat_c_r","trailer_definition":"trailer_def.scs.flatbed.single_3.container","units_count":87,"fill_ratio":1,"trailer_place":0}],"sanbuilders.rotterdam":[{"target":"tree_et.felixstowe","urgency":1,"shortest_distance_km":133,"ferry_time":480,"ferry_price":960,"cargo":"cargo.diggers","company_truck":"mercedes_actros_2014_4x2_c","trailer_variant":"trailer.overweight.digger","trailer_definition":"trailer_def.diggers.overweight.digger","units_count":98,"fill_ratio":1,"trailer_place":0},{"target":"lkwlog.manchester","urgency":0,"shortest_distance_km":223,"ferry_time":660,"ferry_price":995,"cargo":"cargo.digger500","company_truck":"renault_magnum_6x4_a","trailer_variant":"trailer.overweight.digger500","trailer_definition":"trailer_def.digger500.overweight.digger500","units_count":100,"fill_ratio":1,"trailer_place":0}],"kaarfor.reims":[{"target":"posped.metz","urgency":0,"shortest_distance_km":161,"ferry_time":0,"ferry_price":0,"cargo":"cargo.used_plast","company_truck":"scania_s_4x2_580","trailer_variant":"trailer.scs_dry","trailer_definition":"trailer_def.scs.box.single_3.dryvan","units_count":33,"fill_ratio":1,"trailer_place":0}],"transinet.hamburg":[{"target":"eurogoodies.bremen","urgency":1,"shortest_distance_km":117,"ferry_time":0,"ferry_price":0,"cargo":"cargo.nonalco_beer","company_truck":"double/mercedes_actros_2014_4x2_a","trailer_variant":"trailer.scs_curt_b2","trailer_definition":"trailer_def.scs.box.bdouble_3_3.curtain","units_count":26,"fill_ratio":1,"trailer_place":0},{"target":"eurogoodies.dusseldorf","urgency":0,"shortest_distance_km":405,"ferry_time":0,"ferry_price":0,"cargo":"cargo.canned_beans","company_truck":"double/mercedes_4x2_a","trailer_variant":"trailer.scs_curt_b2","trailer_definition":"trailer_def.scs.box.bdouble_3_3.curtain","units_count":35,"fill_ratio":1,"trailer_place":0},{"target":"kaarfor.reims","urgency":1,"shortest_distance_km":794,"ferry_time":0,"ferry_price":0,"cargo":"cargo.electronics","company_truck":"man_6x4_b","trailer_variant":"trailer.scs_dry_m","trailer_definition":"trailer_def.scs.box.single_3.dryvan_m","units_count":33,"fill_ratio":1,"trailer_place":0},{"target":"tradeaux.hannover","urgency":0,"shortest_distance_km":172,"ferry_time":0,"ferry_price":0,"cargo":"cargo.rice","company_truck":"scania_streamline_4x2_c","trailer_variant":"trailer.scs_curt_a","trailer_definition":"trailer_def.scs.box.single_3.curtain","units_count":33,"fill_ratio":1,"trailer_place":0}],"sellplan.groningen":[{"target":"lkwlog.amsterdam","urgency":2,"shortest_distance_km":179,"ferry_time":0,"ferry_price":0,"cargo":"cargo.used_plast_c","company_truck":"man_6x4_b","trailer_variant":"trailer.scs_flat_c_r","trailer_definition":"trailer_def.scs.flatbed.single_3.container","units_count":33,"fill_ratio":1,"trailer_place":0},{"target":"stokes.amsterdam","urgency":0,"shortest_distance_km":179,"ferry_time":0,"ferry_price":0,"cargo":"cargo.used_plast","company_truck":"scania_streamline_6x4_a","trailer_variant":"trailer.scs_dry_ms","trailer_definition":"trailer_def.scs.box.single_3.dryvan_m","units_count":33,"fill_ratio":1,"trailer_place":0}],"stokes.poznan":[{"target":"transinet.szczecin","urgency":2,"shortest_distance_km":226,"ferry_time":0,"ferry_price":0,"cargo":"cargo.milk","company_truck":"renault_t_4x2h","trailer_variant":"trailer.scs_curt","trailer_definition":"trailer_def.scs.box.single_3.curtain","units_count":33,"fill_ratio":1,"trailer_place":0}]}