{"sellplan.wien":[{"target":"posped.bystrica","urgency":2,"shortest_distance_km":252,"ferry_time":0,"ferry_price":0,"cargo":"cargo.used_plast_c","company_truck":"renault_magnum_6x2_a","trailer_variant":"trailer.scs_gosck20","trailer_definition":"trailer_def.scs.gooseneck.singl_3e_20.container","units_count":15,"fill_ratio":1,"trailer_place":1}],"nbfc.ostrava":[{"target":"euroacres.debrecen","urgency":0,"shortest_distance_km":610,"ferry_time":0,"ferry_price":0,"cargo":"cargo.pesticide","company_truck":"renault_premium_6x2_a","trailer_variant":"trailer.scs_flat_c_g","trailer_definition":"trailer_def.scs.flatbed.single_3.container","units_count":87,"fill_ratio":1,"trailer_place":0},{"target":"quarry.katowice","urgency":0,"shortest_distance_km":142,"ferry_time":0,"ferry_price":0,"cargo":"cargo.explosives","company_truck":"daf_xf_euro6_6x4_c","trailer_variant":"trailer.scs_curt_s","trailer_definition":"trailer_def.scs.box.single_3.curtain","units_count":33,"fill_ratio":1,"trailer_place":0}],"kaarfor.lublin":[{"target":"stokes.katowice","urgency":2,"shortest_distance_km":309,"ferry_time":0,"ferry_price":0,"cargo":"cargo.used_plast_c","company_truck":"scania_6x2_b","trailer_variant":"trailer.scs_gosck20","trailer_definition":"trailer_def.scs.gooseneck.singl_3e_20.container","units_count":15,"fill_ratio":1,"trailer_place":0},{"target":"lkwlog.gdansk","urgency":1,"shortest_distance_km":439,"ferry_time":0,"ferry_price":0,"cargo":"cargo.used_packag","company_truck":"mercedes_actros_2014_4x2_a","trailer_variant":"trailer.scs_dry_s","trailer_definition":"trailer_def.scs.box.single_3.dryvan","units_count":33,"fill_ratio":1,"trailer_place":0}],"tree_et.dortmund":[{"target":"euroacres.bialystok","urgency":0,"shortest_distance_km":1048,"ferry_time":0,"ferry_price":0,"cargo":"cargo.lumber","company_truck":"scania_s_6x4_730","trailer_variant":"trailer.scs_flat_c_r","trailer_definition":"trailer_def.scs.flatbed.single_3.container","units_count":2,"fill_ratio":1,"trailer_place":0}],"wgcc.gdansk":[{"target":"fcp.olsztyn","urgency":1,"shortest_distance_km":163,"ferry_time":0,"ferry_price":0,"cargo":"cargo.magnesium","company_truck":"mercedes_actros_2014_4x2_c","trailer_variant":"trailer.scs_gosck40","trailer_definition":"trailer_def.scs.gooseneck.singl_3e_40.container","units_count":80,"fill_ratio":1,"trailer_place":0},{"target":"tradeaux.olsztyn","urgency":0,"shortest_distance_km":163,"ferry_time":0,"ferry_price":0,"cargo":"cargo.fertilizer","company_truck":"man_tgx_euro6_6x4_xlx","trailer_variant":"trailer.scs_curt","trailer_definition":"trailer_def.scs.box.single_3.curtain","units_count":33,"fill_ratio":1,"trailer_place":0}],"tree_et.bialystok":[{"target":"posped.lublin","urgency":2,"shortest_distance_km":229,"ferry_time":0,"ferry_price":0,"cargo":"cargo.wshavings","company_truck":"renault_premium_6x2_a","trailer_variant":"trailer.s_ki_solid.cover","trailer_definition":"trailer_def.wshavings.s_ki_solid.cover","units_count":100,"fill_ratio":1,"trailer_place":0},{"target":"tradeaux.olsztyn","urgency":2,"shortest_distance_km":268,"ferry_time":0,"ferry_price":0,"cargo":"cargo.excavator","company_truck":"scania_streamline_6x4_a","trailer_variant":"trailer.overweight.excavator","trailer_definition":"trailer_def.excavator.overweight.excavator","units_count":94,"fill_ratio":1,"trailer_place":0},{"target":"tradeaux.krakow","urgency":2,"shortest_distance_km":437,"ferry_time":0,"ferry_price":0,"cargo":"cargo.forklifts","company_truck":"man_tgx_euro6_4x2_xl","trailer_variant":"trailer.overweight.forklifts","trailer_definition":"trailer_def.forklifts.overweight.forklifts","units_count":100,"fill_ratio":1,"trailer_place":0},{"target":"sanbuilders.warszawa","urgency":0,"shortest_distance_km":181,"ferry_time":0,"ferry_price":0,"cargo":"cargo.digger500","company_truck":"daf_6x2_a","trailer_variant":"trailer.overweight.digger500","trailer_definition":"trailer_def.digger500.overweight.digger500","units_count":100,"fill_ratio":1,"trailer_place":0}],"wgcc.munchen":[{"target":"nbfc.budapest","urgency":2,"shortest_distance_km":715,"ferry_time":0,"ferry_price":0,"cargo":"cargo.mercuric","company_truck":"scania_streamline_4x2_b","trailer_variant":"trailer.scs_flat_c_g","trailer_definition":"trailer_def.scs.flatbed.single_3.container","units_count":87,"fill_ratio":1,"trailer_place":0}],"lkwlog.graz":[{"target":"tradeaux.budapest","urgency":1,"shortest_distance_km":340,"ferry_time":0,"ferry_price":0,"cargo":"cargo.oil_filters","company_truck":"scania_s_4x2_580","trailer_variant":"trailer.scs_dry_s","trailer_definition":"trailer_def.scs.box.single_3.dryvan","units_count":33,"fill_ratio":1,"trailer_place":0}],"nbfc.duisburg":[{"target":"bcp.gdansk","urgency":0,"shortest_distance_km":1016,"ferry_time":0,"ferry_price":0,"cargo":"cargo.chemicals","company_truck":"renault_premium_4x2_c","trailer_variant":"trailer.chcistern","trailer_definition":"trailer_def.chemicals.chcistern","units_count":100,"fill_ratio":1,"trailer_place":0}],"sanbuilders.krakow":[{"target":"stokes.bystrica","urgency":2,"shortest_distance_km":207,"ferry_time":0,"ferry_price":0,"cargo":"cargo.excavator","company_truck":"daf_xf_euro6_4x2_b","trailer_variant":"trailer.overweight.excavator","trailer_definition":"trailer_def.excavator.overweight.excavator","units_count":94,"fill_ratio":1,"trailer_place":0},{"target":"lkwlog.lodz","urgency":2,"shortest_distance_km":217,"ferry_time":0,"ferry_price":0,"cargo":"cargo.empty_palet","company_truck":"renault_premium_4x2_c","trailer_variant":"trailer.scs_dry_s","trailer_definition":"trailer_def.scs.box.single_3.dryvan","units_count":33,"fill_ratio":1,"trailer_place":0}],"tree_et.olsztyn":[{"target":"lkwlog.lodz","urgency":2,"shortest_distance_km":279,"ferry_time":0,"ferry_price":0,"cargo":"cargo.wshavings","company_truck":"daf_6x2_a","trailer_variant":"trailer.s_ki_solid.cover","trailer_definition":"trailer_def.wshavings.s_ki_solid.cover","units_count":100,"fill_ratio":1,"trailer_place":0},{"target":"tradeaux.olsztyn","urgency":2,"shortest_distance_km":7,"ferry_time":0,"ferry_price":0,"cargo":"cargo.excavator","company_truck":"scania_s_4x2_580","trailer_variant":"trailer.overweight.excavator","trailer_definition":"trailer_def.excavator.overweight.excavator","units_count":94,"fill_ratio":1,"trailer_place":0}],"itcc.kosice":[{"target":"tradeaux.budapest","urgency":2,"shortest_distance_km":224,"ferry_time":0,"ferry_price":0,"cargo":"cargo.largetubes","company_truck":"man_tgx_euro6_4x2_xxl","trailer_variant":"trailer.scs_flat_c_r","trailer_definition":"trailer_def.scs.flatbed.single_3.container","units_count":2,"fill_ratio":1,"trailer_place":0}],"tree_et.katowice":[{"target":"tradeaux.krakow","urgency":2,"shortest_distance_km":80,"ferry_time":0,"ferry_price":0,"cargo":"cargo.forklifts","company_truck":"mercedes_actros_2014_6x2_a","trailer_variant":"trailer.overweight.forklifts","trailer_definition":"trailer_def.forklifts.overweight.forklifts","units_count":100,"fill_ratio":1,"trailer_place":0}],"posped.bremen":[{"target":"lkwlog.gdansk","urgency":0,"shortest_distance_km":838,"ferry_time":0,"ferry_price":0,"cargo":"cargo.med_equip","company_truck":"daf_xf_euro6_4x2_a","trailer_variant":"trailer.scs_curt_s","trailer_definition":"trailer_def.scs.box.single_3.curtain","units_count":33,"fill_ratio":1,"trailer_place":0}],"trameri.budapest":[{"target":"posped.katowice","urgency":2,"shortest_distance_km":433,"ferry_time":0,"ferry_price":0,"cargo":"cargo.rooflights","company_truck":"scania_4x2_a","trailer_variant":"trailer.scs_curt_a","trailer_definition":"trailer_def.scs.box.single_3.curtain","units_count":33,"fill_ratio":1,"trailer_place":0}],"lkwlog.kosice":[{"target":"transinet.debrecen","urgency":0,"shortest_distance_km":179,"ferry_time":0,"ferry_price":0,"cargo":"cargo.radiators","company_truck":"renault_t_4x2h","trailer_variant":"trailer.scs_curt","trailer_definition":"trailer_def.scs.box.single_3.curtain","units_count":33,"fill_ratio":1,"trailer_place":0},{"target":"sanbuilders.krakow","urgency":2,"shortest_distance_km":315,"ferry_time":0,"ferry_price":0,"cargo":"cargo.sandwch_pnls","company_truck":"renault_t_4x2h","trailer_variant":"trailer.scs_dry_s","trailer_definition":"trailer_def.scs.box.single_3.dryvan","units_count":33,"fill_ratio":1,"trailer_place":0},{"target":"eurogoodies.bystrica","urgency":0,"shortest_distance_km":248,"ferry_time":0,"ferry_price":0,"cargo":"cargo.rice","company_truck":"daf_xf_euro6_4x2_a","trailer_variant":"trailer.scs_dry_a","trailer_definition":"trailer_def.scs.box.single_3.dryvan","units_count":33,"fill_ratio":1,"trailer_place":0}],"sellplan.magdeburg":[{"target":"posped.lublin","urgency":1,"shortest_distance_km":712,"ferry_time":0,"ferry_price":0,"cargo":"cargo.used_packag","company_truck":"scania_4x2_c","trailer_variant":"trailer.scs_dry_ms","trailer_definition":"trailer_def.scs.box.single_3.dryvan_m","units_count":33,"fill_ratio":1,"trailer_place":0}],"sellplan.klagenfurt":[{"target":"transinet.ostrava","urgency":2,"shortest_distance_km":507,"ferry_time":0,"ferry_price":0,"cargo":"cargo.empty_palet","company_truck":"scania_s_4x2_370","trailer_variant":"trailer.scs_dry_a","trailer_definition":"trailer_def.scs.box.single_3.dryvan","units_count":33,"fill_ratio":1,"trailer_place":0}],"kaarfor.ostrava":[{"target":"posped.warszawa","urgency":0,"shortest_distance_km":347,"ferry_time":0,"ferry_price":0,"cargo":"cargo.used_plast","company_truck":"man_6x4_b","trailer_variant":"trailer.scs_dry_ms","trailer_definition":"trailer_def.scs.box.single_3.dryvan_m","units_count":33,"fill_ratio":1,"trailer_place":0},{"target":"stokes.bystrica","urgency":2,"shortest_distance_km":279,"ferry_time":0,"ferry_price":0,"cargo":"cargo.empty_palet","company_truck":"scania_4x2_a","trailer_variant":"trailer.scs_curt_s","trailer_definition":"trailer_def.scs.box.single_3.curtain","units_count":33,"fill_ratio":1,"trailer_place":0},{"target":"tradeaux.budapest","urgency":2,"shortest_distance_km":448,"ferry_time":0,"ferry_price":0,"cargo":"cargo.used_plast_c","company_truck":"man_4x2_c","trailer_variant":"trailer.scs_flat_c_r","trailer_definition":"trailer_def.scs.flatbed.single_3.container","units_count":33,"fill_ratio":1,"trailer_place":0}],"trameri.brno":[{"target":"bcp.kosice","urgency":1,"shortest_distance_km":503,"ferry_time":0,"ferry_price":0,"cargo":"cargo.electronics","company_truck":"renault_magnum_6x2_a","trailer_variant":"trailer.scs_curt_a","trailer_definition":"trailer_def.scs.box.single_3.curtain","units_count":33,"fill_ratio":1,"trailer_place":0},{"target":"posped.bystrica","urgency":0,"shortest_distance_km":324,"ferry_time":0,"ferry_price":0,"cargo":"cargo.used_plast","company_truck":"renault_premium_6x4_a","trailer_variant":"trailer.scs_dry_ms","trailer_definition":"trailer_def.scs.box.single_3.dryvan_m","units_count":33,"fill_ratio":1,"trailer_place":0}],"itcc.linz":[{"target":"transinet.ostrava","urgency":2,"shortest_distance_km":445,"ferry_time":0,"ferry_price":0,"cargo":"cargo.wallpanels","company_truck":"mercedes_6x4_a","trailer_variant":"trailer.panel_trans.wall","trailer_definition":"trailer_def.wallpanels.panel_trans.wall","units_count":85,"fill_ratio":1,"trailer_place":0}],"kaarfor.poznan":[{"target":"transinet.bialystok","urgency":2,"shortest_distance_km":397,"ferry_time":0,"ferry_price":0,"cargo":"cargo.used_plast_c","company_truck":"man_tgx_euro6_6x4_xlx","trailer_variant":"trailer.scs_gosck40","trailer_definition":"trailer_def.scs.gooseneck.singl_3e_40.container","units_count":30,"fill_ratio":1,"trailer_place":0}],"tree_et.bystrica":[{"target":"stokes.katowice","urgency":1,"shortest_distance_km":222,"ferry_time":0,"ferry_price":0,"cargo":"cargo.diggers","company_truck":"scania_streamline_4x2_b","trailer_variant":"trailer.overweight.digger","trailer_definition":"trailer_def.diggers.overweight.digger","units_count":98,"fill_ratio":1,"trailer_place":0}],"nbfc.budapest":[{"target":"trameri.szeged","urgency":0,"shortest_distance_km":139,"ferry_time":0,"ferry_price":0,"cargo":"cargo.motor_oil","company_truck":"scania_4x2_c","trailer_variant":"trailer.scs_dry_ms","trailer_definition":"trailer_def.scs.box.single_3.dryvan_m","units_count":33,"fill_ratio":1,"trailer_place":0}],"posped.warszawa":[{"target":"stokes.katowice","urgency":2,"shortest_distance_km":248,"ferry_time":0,"ferry_price":0,"cargo":"cargo.beverages_t","company_truck":"mercedes_actros_2014_4x2_c","trailer_variant":"trailer.scs_fodt","trailer_definition":"trailer_def.scs.foodtank.single_3.paint","units_count":23,"fill_ratio":1,"trailer_place":0}],"sellplan.lodz":[{"target":"lkwlog.lublin","urgency":2,"shortest_distance_km":247,"ferry_time":0,"ferry_price":0,"cargo":"cargo.empty_palet","company_truck":"man_4x2_a","trailer_variant":"trailer.scs_dry_m","trailer_definition":"trailer_def.scs.box.single_3.dryvan_m","units_count":32,"fill_ratio":1,"trailer_place":0}],"tradeaux.rostock":[{"target":"wgcc.gdansk","urgency":1,"shortest_distance_km":539,"ferry_time":0,"ferry_price":0,"cargo":"cargo.oil","company_truck":"scania_s_6x4_730","trailer_variant":"trailer.fuel_cistern","trailer_definition":"trailer_def.oil.fuel_cistern","units_count":100,"fill_ratio":1,"trailer_place":0}],"tree_et.graz":[{"target":"quarry.katowice","urgency":1,"shortest_distance_km":532,"ferry_time":0,"ferry_price":0,"cargo":"cargo.diggers","company_truck":"man_6x4_b","trailer_variant":"trailer.overweight.digger","trailer_definition":"trailer_def.diggers.overweight.digger","units_count":98,"fill_ratio":1,"trailer_place":0},{"target":"euroacres.debrecen","urgency":0,"shortest_distance_km":511,"ferry_time":0,"ferry_price":0,"cargo":"cargo.logs","company_truck":"scania_r_6x2_450","trailer_variant":"trailer.scs_log","trailer_definition":"trailer_def.scs.log.single_3.steel","units_count":2,"fill_ratio":1,"trailer_place":0}],"transinet.bialystok":[{"target":"posped.lublin","urgency":2,"shortest_distance_km":229,"ferry_time":0,"ferry_price":0,"cargo":"cargo.digger1000","company_truck":"iveco_4x2_b","trailer_variant":"trailer.overweight.digger1000","trailer_definition":"trailer_def.digger1000.overweight.digger1000","units_count":100,"fill_ratio":1,"trailer_place":0},{"target":"eurogoodies.olsztyn","urgency":1,"shortest_distance_km":249,"ferry_time":0,"ferry_price":0,"cargo":"cargo.drymilk","company_truck":"iveco_4x2_c","trailer_variant":"trailer.scs_dry_ms","trailer_definition":"trailer_def.scs.box.single_3.dryvan_m","units_count":33,"fill_ratio":1,"trailer_place":0},{"target":"euroacres.krakow","urgency":2,"shortest_distance_km":409,"ferry_time":0,"ferry_price":0,"cargo":"cargo.fueltanker","company_truck":"daf_xf_euro6_6x2_a","trailer_variant":"trailer.scs_gosck40","trailer_definition":"trailer_def.scs.gooseneck.singl_3e_40.container","units_count":80,"fill_ratio":1,"trailer_place":0}],"tradeaux.prague":[{"target":"posped.katowice","urgency":2,"shortest_distance_km":342,"ferry_time":0,"ferry_price":0,"cargo":"cargo.largetubes","company_truck":"mercedes_6x2_b","trailer_variant":"trailer.scs_flat_r","trailer_definition":"trailer_def.scs.flatbed.single_3.flatbed_w","units_count":2,"fill_ratio":1,"trailer_place":0}],"itcc.ostrava":[{"target":"stokes.katowice","urgency":2,"shortest_distance_km":107,"ferry_time":0,"ferry_price":0,"cargo":"cargo.wallpanels","company_truck":"renault_premium_4x2_c","trailer_variant":"trailer.panel_trans.wall","trailer_definition":"trailer_def.wallpanels.panel_trans.wall","units_count":85,"fill_ratio":1,"trailer_place":0}],"lkwlog.lublin":[{"target":"posped.warszawa","urgency":2,"shortest_distance_km":135,"ferry_time":0,"ferry_price":0,"cargo":"cargo.sugar","company_truck":"renault_magnum_6x4_a","trailer_variant":"trailer.scs_curt","trailer_definition":"trailer_def.scs.box.single_3.curtain","units_count":33,"fill_ratio":1,"trailer_place":0},{"target":"posped.warszawa","urgency":0,"shortest_distance_km":135,"ferry_time":0,"ferry_price":0,"cargo":"cargo.canned_beans","company_truck":"scania_streamline_4x2_c","trailer_variant":"trailer.scs_dry","trailer_definition":"trailer_def.scs.box.single_3.dryvan","units_count":33,"fill_ratio":1,"trailer_place":0},{"target":"sanbuilders.krakow","urgency":2,"shortest_distance_km":261,"ferry_time":0,"ferry_price":0,"cargo":"cargo.forklifts","company_truck":"man_6x4_b","trailer_variant":"trailer.overweight.forklifts","trailer_definition":"trailer_def.forklifts.overweight.forklifts","units_count":100,"fill_ratio":1,"trailer_place":0}],"trameri.krakow":[{"target":"transinet.ostrava","urgency":1,"shortest_distance_km":139,"ferry_time":0,"ferry_price":0,"cargo":"cargo.electronics","company_truck":"renault_t_4x2","trailer_variant":"trailer.scs_curt_s","trailer_definition":"trailer_def.scs.box.single_3.curtain","units_count":33,"fill_ratio":1,"trailer_place":0},{"target":"transinet.ostrava","urgency":0,"shortest_distance_km":139,"ferry_time":0,"ferry_price":0,"cargo":"cargo.scrap_metals","company_truck":"iveco_h_4x2_a","trailer_variant":"trailer.s_ki_solid.cover","trailer_definition":"trailer_def.scrap_metals.s_ki_solid.cover","units_count":100,"fill_ratio":1,"trailer_place":0}],"sanbuilders.erfurt":[{"target":"tree_et.olsztyn","urgency":0,"shortest_distance_km":826,"ferry_time":0,"ferry_price":0,"cargo":"cargo.digger500","company_truck":"renault_t_6x2","trailer_variant":"trailer.overweight.digger500","trailer_definition":"trailer_def.digger500.overweight.digger500","units_count":100,"fill_ratio":1,"trailer_place":0}],"eurogoodies.lublin":[{"target":"tradeaux.pecs","urgency":2,"shortest_distance_km":797,"ferry_time":0,"ferry_price":0,"cargo":"cargo.beef_meat","company_truck":"man_tgx_euro6_4x2_xl","trailer_variant":"trailer.scs_ref_a","trailer_definition":"trailer_def.scs.box.single_3.reefer","units_count":33,"fill_ratio":1,"trailer_place":0}],"trameri.wroclaw":[{"target":"euroacres.krakow","urgency":1,"shortest_distance_km":246,"ferry_time":0,"ferry_price":0,"cargo":"cargo.emptytank","company_truck":"man_6x4_b","trailer_variant":"trailer.scs_flat_b","trailer_definition":"trailer_def.scs.flatbed.single_3.flatbed_w","units_count":2,"fill_ratio":1,"trailer_place":0},{"target":"sanbuilders.krakow","urgency":2,"shortest_distance_km":217,"ferry_time":0,"ferry_price":0,"cargo":"cargo.roof_tiles","company_truck":"renault_t_4x2h","trailer_variant":"trailer.scs_dry","trailer_definition":"trailer_def.scs.box.single_3.dryvan","units_count":33,"fill_ratio":1,"trailer_place":0}],"sellplan.kosice":[{"target":"posped.lublin","urgency":2,"shortest_distance_km":310,"ferry_time":0,"ferry_price":0,"cargo":"cargo.used_plast_c","company_truck":"man_6x4_b","trailer_variant":"trailer.scs_flat_c_r","trailer_definition":"trailer_def.scs.flatbed.single_3.container","units_count":33,"fill_ratio":1,"trailer_place":0},{"target":"transinet.bialystok","urgency":2,"shortest_distance_km":539,"ferry_time":0,"ferry_price":0,"cargo":"cargo.empty_palet","company_truck":"scania_s_4x2_580","trailer_variant":"trailer.scs_curt","trailer_definition":"trailer_def.scs.box.single_3.curtain","units_count":33,"fill_ratio":1,"trailer_place":0}],"euroacres.brno":[{"target":"kaarfor.ostrava","urgency":1,"shortest_distance_km":202,"ferry_time":0,"ferry_price":0,"cargo":"cargo.young_seed","company_truck":"renault_t_6x2","trailer_variant":"trailer.scs_curt_s","trailer_definition":"trailer_def.scs.box.single_3.curtain","units_count":33,"fill_ratio":1,"trailer_place":0}],"bcp.berlin":[{"target":"posped.lodz","urgency":2,"shortest_distance_km":391,"ferry_time":0,"ferry_price":0,"cargo":"cargo.digger1000","company_truck":"scania_4x2_b","trailer_variant":"trailer.overweight.digger1000","trailer_definition":"trailer_def.digger1000.overweight.digger1000","units_count":100,"fill_ratio":1,"trailer_place":0}],"nbfc.berlin":[{"target":"wgcc.gdansk","urgency":0,"shortest_distance_km":493,"ferry_time":0,"ferry_price":0,"cargo":"cargo.ammunition","company_truck":"man_6x4_b","trailer_variant":"trailer.scs_curt","trailer_definition":"trailer_def.scs.box.single_3.curtain","units_count":33,"fill_ratio":1,"trailer_place":0}],"skoda.prague":[{"target":"tradeaux.olsztyn","urgency":2,"shortest_distance_km":662,"ferry_time":0,"ferry_price":0,"cargo":"cargo.used_battery","company_truck":"man_6x4_b","trailer_variant":"trailer.scs_dry_m","trailer_definition":"trailer_def.scs.box.single_3.dryvan_m","units_count":33,"fill_ratio":1,"trailer_place":0}],"tradeaux.budapest":[{"target":"lkwlog.szeged","urgency":0,"shortest_distance_km":138,"ferry_time":0,"ferry_price":0,"cargo":"cargo.radiators","company_truck":"mercedes_actros_2014_6x2_a","trailer_variant":"trailer.scs_dry_m","trailer_definition":"trailer_def.scs.box.single_3.dryvan_m","units_count":33,"fill_ratio":1,"trailer_place":0}],"stokes.warszawa":[{"target":"lkwlog.lublin","urgency":2,"shortest_distance_km":134,"ferry_time":0,"ferry_price":0,"cargo":"cargo.glass_packed","company_truck":"mercedes_actros_2014_4x2_b","trailer_variant":"trailer.gls_trailer","trailer_definition":"trailer_def.glass_packed.gls_trailer","units_count":100,"fill_ratio":1,"trailer_place":0},{"target":"tradeaux.budapest","urgency":1,"shortest_distance_km":631,"ferry_time":0,"ferry_price":0,"cargo":"cargo.paper","company_truck":"scania_r_4x2_520","trailer_variant":"trailer.scs_dry_s","trailer_definition":"trailer_def.scs.box.single_3.dryvan","units_count":33,"fill_ratio":1,"trailer_place":0}],"tradeaux.pecs":[{"target":"euroacres.pecs","urgency":1,"shortest_distance_km":14,"ferry_time":0,"ferry_price":0,"cargo":"cargo.oil","company_truck":"man_6x4_b","trailer_variant":"trailer.willig.fuel_cistern","trailer_definition":"trailer_def.oil.willig.fuel_cistern","units_count":101,"fill_ratio":1,"trailer_place":0}],"quarry.salzburg":[{"target":"posped.katowice","urgency":2,"shortest_distance_km":706,"ferry_time":0,"ferry_price":0,"cargo":"cargo.largetubes","company_truck":"mercedes_actros_2014_6x4_b","trailer_variant":"trailer.scs_flat_r","trailer_definition":"trailer_def.scs.flatbed.single_3.flatbed_w","units_count":2,"fill_ratio":1,"trailer_place":0}],"eurogoodies.erfurt":[{"target":"posped.bystrica","urgency":2,"shortest_distance_km":842,"ferry_time":0,"ferry_price":0,"cargo":"cargo.flour","company_truck":"renault_magnum_6x2_a","trailer_variant":"trailer.scs_dry_m","trailer_definition":"trailer_def.scs.box.single_3.dryvan_m","units_count":33,"fill_ratio":1,"trailer_place":0}],"posped.bystrica":[{"target":"tradeaux.budapest","urgency":0,"shortest_distance_km":179,"ferry_time":0,"ferry_price":0,"cargo":"cargo.apples_c","company_truck":"scania_6x2_b","trailer_variant":"trailer.scs_flat_c_g","trailer_definition":"trailer_def.scs.flatbed.single_3.container","units_count":33,"fill_ratio":1,"trailer_place":0}],"tree_et.poznan":[{"target":"sanbuilders.gdansk","urgency":0,"shortest_distance_km":240,"ferry_time":0,"ferry_price":0,"cargo":"cargo.lumber","company_truck":"renault_premium_6x4_a","trailer_variant":"trailer.scs_flat_r","trailer_definition":"trailer_def.scs.flatbed.single_3.flatbed_w","units_count":2,"fill_ratio":1,"trailer_place":0}],"tradeaux.krakow":[{"target":"sellplan.kosice","urgency":1,"shortest_distance_km":355,"ferry_time":0,"ferry_price":0,"cargo":"cargo.carrots","company_truck":"man_tgx_euro6_4x2_xxl","trailer_variant":"trailer.scs_dry_ms","trailer_definition":"trailer_def.scs.box.single_3.dryvan_m","units_count":33,"fill_ratio":1,"trailer_place":0}],"bcp.pecs":[{"target":"tree_et.bystrica","urgency":1,"shortest_distance_km":480,"ferry_time":0,"ferry_price":0,"cargo":"cargo.diggers","company_truck":"mercedes_actros_2014_4x2_a","trailer_variant":"trailer.overweight.digger","trailer_definition":"trailer_def.diggers.overweight.digger","units_count":98,"fill_ratio":1,"trailer_place":0}],"bcp.kosice":[{"target":"stokes.bystrica","urgency":0,"shortest_distance_km":242,"ferry_time":0,"ferry_price":0,"cargo":"cargo.used_plast","company_truck":"scania_4x2_a","trailer_variant":"trailer.scs_curt_a","trailer_definition":"trailer_def.scs.box.single_3.curtain","units_count":33,"fill_ratio":1,"trailer_place":0}],"transinet.ostrava":[{"target":"lkwlog.lodz","urgency":0,"shortest_distance_km":251,"ferry_time":0,"ferry_price":0,"cargo":"cargo.scrap_metals","company_truck":"iveco_h_4x2_a","trailer_variant":"trailer.s_ki_solid.cover","trailer_definition":"trailer_def.scrap_metals.s_ki_solid.cover","units_count":100,"fill_ratio":1,"trailer_place":0}],"sellplan.olsztyn":[{"target":"stokes.katowice","urgency":1,"shortest_distance_km":432,"ferry_time":0,"ferry_price":0,"cargo":"cargo.used_packag","company_truck":"daf_xf_euro6_4x2_a","trailer_variant":"trailer.scs_curt_s","trailer_definition":"trailer_def.scs.box.single_3.curtain","units_count":33,"fill_ratio":1,"trailer_place":0}],"eurogoodies.bremen":[{"target":"stokes.katowice","urgency":0,"shortest_distance_km":855,"ferry_time":0,"ferry_price":0,"cargo":"cargo.goat_cheese","company_truck":"scania_streamline_4x2_b","trailer_variant":"trailer.scs_ins_s","trailer_definition":"trailer_def.scs.box.single_3.insulated","units_count":33,"fill_ratio":1,"trailer_place":0}],"sanbuilders.warszawa":[{"target":"posped.warszawa","urgency":1,"shortest_distance_km":2,"ferry_time":0,"ferry_price":0,"cargo":"cargo.diggers","company_truck":"scania_streamline_4x2_b","trailer_variant":"trailer.overweight.digger","trailer_definition":"trailer_def.diggers.overweight.digger","units_count":98,"fill_ratio":1,"trailer_place":0}],"eurogoodies.debrecen":[{"target":"posped.szeged","urgency":2,"shortest_distance_km":191,"ferry_time":0,"ferry_price":0,"cargo":"cargo.limonades","company_truck":"man_tgx_euro6_4x2_xxl","trailer_variant":"trailer.scs_dry_ms","trailer_definition":"trailer_def.scs.box.single_3.dryvan_m","units_count":30,"fill_ratio":1,"trailer_place":0}],"lkwlog.szeged":[{"target":"stokes.bystrica","urgency":2,"shortest_distance_km":326,"ferry_time":0,"ferry_price":0,"cargo":"cargo.wshavings","company_truck":"mercedes_4x2_c","trailer_variant":"trailer.s_ki_solid.cover","trailer_definition":"trailer_def.wshavings.s_ki_solid.cover","units_count":100,"fill_ratio":1,"trailer_place":0}]}