{"batisse_base.clermont":[{"target":"lisette_log.bordeaux","urgency":1,"shortest_distance_km":483,"ferry_time":0,"ferry_price":0,"cargo":"cargo.diggers","company_truck":"scania_s_6x2_450","trailer_variant":"trailer.overweight.digger","trailer_definition":"trailer_def.diggers.overweight.digger","units_count":100,"fill_ratio":1,"trailer_place":0}],"gnt.bastia":[{"target":"wilnet_trans.marseille","urgency":2,"shortest_distance_km":155,"ferry_time":840,"ferry_price":1193,"cargo":"cargo.flour","company_truck":"man_tgx_euro6_6x4_xlx","trailer_variant":"trailer.scs_dry_s","trailer_definition":"trailer_def.scs.box.single_3.dryvan","units_count":33,"fill_ratio":1,"trailer_place":0}],"batisse_wind.larochelle":[{"target":"huilant.ajaccio","urgency":2,"shortest_distance_km":1089,"ferry_time":840,"ferry_price":1193,"cargo":"cargo.empty_palet","company_truck":"renault_premium_6x4_a","trailer_variant":"trailer.scs_dry_s","trailer_definition":"trailer_def.scs.box.single_3.dryvan","units_count":33,"fill_ratio":1,"trailer_place":0}],"nos_pat_cf.clermont":[{"target":"nos_pat_brg.bourges","urgency":0,"shortest_distance_km":269,"ferry_time":0,"ferry_price":0,"cargo":"cargo.live_catt_fr","company_truck":"mercedes_actros_2014_6x4_b","trailer_variant":"trailer.livestock","trailer_definition":"trailer_def.live_catt_fr.livestock","units_count":100,"fill_ratio":1,"trailer_place":0}],"mvm_carriere.bordeaux":[{"target":"batisse_road.bordeaux","urgency":0,"shortest_distance_km":80,"ferry_time":0,"ferry_price":0,"cargo":"cargo.gravel","company_truck":"scania_r_6x2_450","trailer_variant":"trailer.s_ki_solid.gravel","trailer_definition":"trailer_def.gravel.s_ki_solid.gravel","units_count":100,"fill_ratio":1,"trailer_place":0},{"target":"batisse_hs.montpellier","urgency":0,"shortest_distance_km":548,"ferry_time":0,"ferry_price":0,"cargo":"cargo.stones","company_truck":"scania_s_6x4_730","trailer_variant":"trailer.s_ki_solid.cover","trailer_definition":"trailer_def.stones.s_ki_solid.cover","units_count":100,"fill_ratio":1,"trailer_place":0}],"mvm_carriere.lemans":[{"target":"batisse_base.rennes","urgency":0,"shortest_distance_km":206,"ferry_time":0,"ferry_price":0,"cargo":"cargo.stones","company_truck":"iveco_h_4x2_a","trailer_variant":"trailer.s_ki_solid.cover","trailer_definition":"trailer_def.stones.s_ki_solid.cover","units_count":100,"fill_ratio":1,"trailer_place":0}],"kaarfor.ajaccio":[{"target":"tradeaux.ajaccio","urgency":2,"shortest_distance_km":1,"ferry_time":0,"ferry_price":0,"cargo":"cargo.empty_palet","company_truck":"daf_4x2_b","trailer_variant":"trailer.scs_dry_m","trailer_definition":"trailer_def.scs.box.single_3.dryvan_m","units_count":33,"fill_ratio":1,"trailer_place":0}],"globeur.lehavre":[{"target":"fle.clermont","urgency":2,"shortest_distance_km":664,"ferry_time":0,"ferry_price":0,"cargo":"cargo.air_mails","company_truck":"mercedes_actros_2014_4x2_c","trailer_variant":"trailer.scs_dry_s","trailer_definition":"trailer_def.scs.box.single_3.dryvan","units_count":33,"fill_ratio":1,"trailer_place":0}],"kaarfor.nice":[{"target":"globeur.montpellier","urgency":2,"shortest_distance_km":386,"ferry_time":0,"ferry_price":0,"cargo":"cargo.used_plast_c","company_truck":"mercedes_6x2_b","trailer_variant":"trailer.scs_flat_c_g","trailer_definition":"trailer_def.scs.flatbed.single_3.container","units_count":33,"fill_ratio":1,"trailer_place":0}],"lisette_log.lemans":[{"target":"batisse_road.lemans","urgency":2,"shortest_distance_km":2,"ferry_time":0,"ferry_price":0,"cargo":"cargo.glass","company_truck":"daf_4x2_b","trailer_variant":"trailer.panel_trans.glass","trailer_definition":"trailer_def.glass.panel_trans.glass","units_count":99,"fill_ratio":1,"trailer_place":0}],"fle.toulouse":[{"target":"globeur.bordeaux","urgency":0,"shortest_distance_km":312,"ferry_time":0,"ferry_price":0,"cargo":"cargo.comp_process","company_truck":"man_6x4_b","trailer_variant":"trailer.scs_dry_ms","trailer_definition":"trailer_def.scs.box.single_3.dryvan_m","units_count":33,"fill_ratio":1,"trailer_place":0},{"target":"wilnet_trans.toulouse","urgency":1,"shortest_distance_km":12,"ferry_time":0,"ferry_price":0,"cargo":"cargo.cut_flowers","company_truck":"scania_r_6x4_650","trailer_variant":"trailer.scs_ref_s","trailer_definition":"trailer_def.scs.box.single_3.reefer","units_count":33,"fill_ratio":1,"trailer_place":0}],"boisserie.marseille":[{"target":"tradeaux.toulouse","urgency":2,"shortest_distance_km":518,"ferry_time":0,"ferry_price":0,"cargo":"cargo.empty_palet","company_truck":"scania_4x2_b","trailer_variant":"trailer.scs_dry_ms","trailer_definition":"trailer_def.scs.box.single_3.dryvan_m","units_count":33,"fill_ratio":1,"trailer_place":0},{"target":"lisette_log.nice","urgency":0,"shortest_distance_km":321,"ferry_time":0,"ferry_price":0,"cargo":"cargo.lumber","company_truck":"man_4x2_a","trailer_variant":"trailer.scs_flat_r","trailer_definition":"trailer_def.scs.flatbed.single_3.flatbed_w","units_count":2,"fill_ratio":1,"trailer_place":0}],"wilnet_trans.toulouse":[{"target":"globeur.montpellier","urgency":0,"shortest_distance_km":272,"ferry_time":0,"ferry_price":0,"cargo":"cargo.gummy_bears","company_truck":"scania_r_4x2_520","trailer_variant":"trailer.scs_dry_m","trailer_definition":"trailer_def.scs.box.single_3.dryvan_m","units_count":33,"fill_ratio":1,"trailer_place":0},{"target":"lisette_log.rennes","urgency":0,"shortest_distance_km":715,"ferry_time":0,"ferry_price":0,"cargo":"cargo.tomatoes","company_truck":"renault_t_4x2h","trailer_variant":"trailer.scs_ref","trailer_definition":"trailer_def.scs.box.single_3.reefer","units_count":33,"fill_ratio":1,"trailer_place":0},{"target":"lisette_log.bordeaux","urgency":2,"shortest_distance_km":205,"ferry_time":0,"ferry_price":0,"cargo":"cargo.beef_meat","company_truck":"mercedes_4x2_c","trailer_variant":"trailer.scs_ref","trailer_definition":"trailer_def.scs.box.single_3.reefer","units_count":33,"fill_ratio":1,"trailer_place":0}],"tree_et.metz":[{"target":"subse.clermont","urgency":2,"shortest_distance_km":678,"ferry_time":0,"ferry_price":0,"cargo":"cargo.forklifts","company_truck":"renault_premium_6x4_a","trailer_variant":"trailer.overweight.forklifts","trailer_definition":"trailer_def.forklifts.overweight.forklifts","units_count":100,"fill_ratio":1,"trailer_place":0}],"gallia_ferry.roscoff":[{"target":"tradeaux.toulouse","urgency":0,"shortest_distance_km":870,"ferry_time":0,"ferry_price":0,"cargo":"cargo.concen_juice","company_truck":"scania_r_4x2_520","trailer_variant":"trailer.scs_dry_a","trailer_definition":"trailer_def.scs.box.single_3.dryvan","units_count":33,"fill_ratio":1,"trailer_place":0}],"sanbuilders.salzburg":[{"target":"lisette_log.larochelle","urgency":2,"shortest_distance_km":1539,"ferry_time":0,"ferry_price":0,"cargo":"cargo.empty_palet","company_truck":"mercedes_4x2_b","trailer_variant":"trailer.scs_dry_m","trailer_definition":"trailer_def.scs.box.single_3.dryvan_m","units_count":33,"fill_ratio":1,"trailer_place":0}],"wilnet_trans.nantes":[{"target":"globeur.rennes","urgency":0,"shortest_distance_km":140,"ferry_time":0,"ferry_price":0,"cargo":"cargo.packag_food","company_truck":"mercedes_4x2","trailer_variant":"trailer.scs_dry_a","trailer_definition":"trailer_def.scs.box.single_3.dryvan","units_count":33,"fill_ratio":1,"trailer_place":0},{"target":"lisette_log.bordeaux","urgency":0,"shortest_distance_km":474,"ferry_time":0,"ferry_price":0,"cargo":"cargo.ore","company_truck":"scania_streamline_6x4_a","trailer_variant":"trailer.s_ki_solid.ore","trailer_definition":"trailer_def.ore.s_ki_solid.ore","units_count":100,"fill_ratio":1,"trailer_place":0}],"euroacres.erfurt":[{"target":"kaarfor.bastia","urgency":1,"shortest_distance_km":1375,"ferry_time":840,"ferry_price":1193,"cargo":"cargo.young_seed","company_truck":"man_tgx_euro6_4x2_xxl","trailer_variant":"trailer.scs_ins_s","trailer_definition":"trailer_def.scs.box.single_3.insulated","units_count":33,"fill_ratio":1,"trailer_place":0}],"bcp.birmingham":[{"target":"mvm_carriere.ajaccio","urgency":0,"shortest_distance_km":1448,"ferry_time":875,"ferry_price":1493,"cargo":"cargo.digger500","company_truck":"mercedes_actros_2014_4x2_c","trailer_variant":"trailer.overweight.digger500","trailer_definition":"trailer_def.digger500.overweight.digger500","units_count":100,"fill_ratio":1,"trailer_place":0}],"wilnet_trans.limoges":[{"target":"kaarfor.limoges","urgency":1,"shortest_distance_km":1,"ferry_time":0,"ferry_price":0,"cargo":"cargo.milk_t","company_truck":"daf_xf_euro6_4x2_b","trailer_variant":"trailer.scs_fodt","trailer_definition":"trailer_def.scs.foodtank.single_3.paint","units_count":27,"fill_ratio":1,"trailer_place":0},{"target":"lisette_log.larochelle","urgency":2,"shortest_distance_km":321,"ferry_time":0,"ferry_price":0,"cargo":"cargo.iced_coffee","company_truck":"renault_t_4x2h","trailer_variant":"trailer.scs_dry_s","trailer_definition":"trailer_def.scs.box.single_3.dryvan","units_count":33,"fill_ratio":1,"trailer_place":0},{"target":"fle.clermont","urgency":2,"shortest_distance_km":234,"ferry_time":0,"ferry_price":0,"cargo":"cargo.air_mails","company_truck":"daf_xf_euro6_4x2_a","trailer_variant":"trailer.scs_curt_a","trailer_definition":"trailer_def.scs.box.single_3.curtain","units_count":33,"fill_ratio":1,"trailer_place":0}],"huilant.ajaccio":[{"target":"bhb_raffin.marseille","urgency":0,"shortest_distance_km":256,"ferry_time":840,"ferry_price":1193,"cargo":"cargo.motor_oil_c","company_truck":"scania_r_6x2_450","trailer_variant":"trailer.scs_flat_c_r","trailer_definition":"trailer_def.scs.flatbed.single_3.container","units_count":33,"fill_ratio":1,"trailer_place":0}],"dans_jardin.montpellier":[{"target":"globeur.montpellier","urgency":0,"shortest_distance_km":33,"ferry_time":0,"ferry_price":0,"cargo":"cargo.peas","company_truck":"man_6x4_b","trailer_variant":"trailer.scs_dry_s","trailer_definition":"trailer_def.scs.box.single_3.dryvan","units_count":33,"fill_ratio":1,"trailer_place":0},{"target":"globeur.montpellier","urgency":0,"shortest_distance_km":33,"ferry_time":0,"ferry_price":0,"cargo":"cargo.olives","company_truck":"renault_magnum_4x2_a","trailer_variant":"trailer.scs_curt_a","trailer_definition":"trailer_def.scs.box.single_3.curtain","units_count":33,"fill_ratio":1,"trailer_place":0},{"target":"globeur.montpellier","urgency":1,"shortest_distance_km":33,"ferry_time":0,"ferry_price":0,"cargo":"cargo.basil","company_truck":"man_6x4_b","trailer_variant":"trailer.scs_curt_s","trailer_definition":"trailer_def.scs.box.single_3.curtain","units_count":33,"fill_ratio":1,"trailer_place":0}],"mvm_carriere.limoges":[{"target":"batisse_road.bordeaux","urgency":0,"shortest_distance_km":275,"ferry_time":0,"ferry_price":0,"cargo":"cargo.gravel","company_truck":"daf_4x2_a","trailer_variant":"trailer.s_ki_solid.gravel","trailer_definition":"trailer_def.gravel.s_ki_solid.gravel","units_count":100,"fill_ratio":1,"trailer_place":0}],"quarry.reims":[{"target":"wilnet_trans.nantes","urgency":0,"shortest_distance_km":725,"ferry_time":0,"ferry_price":0,"cargo":"cargo.ore","company_truck":"scania_r_6x4_650","trailer_variant":"trailer.s_ki_solid.ore","trailer_definition":"trailer_def.ore.s_ki_solid.ore","units_count":100,"fill_ratio":1,"trailer_place":0}],"wilnet_trans.lemans":[{"target":"nos_pat_lhv.lehavre","urgency":2,"shortest_distance_km":116,"ferry_time":0,"ferry_price":0,"cargo":"cargo.digger1000","company_truck":"man_tgx_euro6_6x4_xlx","trailer_variant":"trailer.overweight.digger1000","trailer_definition":"trailer_def.digger1000.overweight.digger1000","units_count":100,"fill_ratio":1,"trailer_place":0},{"target":"globeur.rennes","urgency":0,"shortest_distance_km":152,"ferry_time":0,"ferry_price":0,"cargo":"cargo.ore","company_truck":"renault_magnum_6x4_a","trailer_variant":"trailer.s_ki_solid.ore","trailer_definition":"trailer_def.ore.s_ki_solid.ore","units_count":100,"fill_ratio":1,"trailer_place":0}],"mvm_carriere.montpellier":[{"target":"wilnet_trans.porto_vecchi","urgency":0,"shortest_distance_km":199,"ferry_time":840,"ferry_price":1193,"cargo":"cargo.stone_dust","company_truck":"man_6x4_b","trailer_variant":"trailer.s_ki_solid.cover","trailer_definition":"trailer_def.stone_dust.s_ki_solid.cover","units_count":100,"fill_ratio":1,"trailer_place":0},{"target":"tradeaux.nice","urgency":2,"shortest_distance_km":346,"ferry_time":0,"ferry_price":0,"cargo":"cargo.excavator","company_truck":"iveco_4x2_c","trailer_variant":"trailer.overweight.excavator","trailer_definition":"trailer_def.excavator.overweight.excavator","units_count":100,"fill_ratio":1,"trailer_place":0}],"quarry.lyon":[{"target":"gnt.bastia","urgency":0,"shortest_distance_km":468,"ferry_time":840,"ferry_price":1193,"cargo":"cargo.ore","company_truck":"man_6x4_b","trailer_variant":"trailer.s_ki_solid.ore","trailer_definition":"trailer_def.ore.s_ki_solid.ore","units_count":100,"fill_ratio":1,"trailer_place":0}],"kaarfor.verona":[{"target":"tradeaux.clermont","urgency":0,"shortest_distance_km":824,"ferry_time":0,"ferry_price":0,"cargo":"cargo.used_plast","company_truck":"mercedes_actros_2014_4x2_a","trailer_variant":"trailer.scs_curt_a","trailer_definition":"trailer_def.scs.box.single_3.curtain","units_count":33,"fill_ratio":1,"trailer_place":0}],"tradeaux.frankfurt":[{"target":"globeur.rennes","urgency":0,"shortest_distance_km":990,"ferry_time":0,"ferry_price":0,"cargo":"cargo.natur_rubber","company_truck":"mercedes_4x2_b","trailer_variant":"trailer.scs_curt","trailer_definition":"trailer_def.scs.box.single_3.curtain","units_count":33,"fill_ratio":1,"trailer_place":0}],"batisse_hs.montpellier":[{"target":"tradeaux.clermont","urgency":2,"shortest_distance_km":294,"ferry_time":0,"ferry_price":0,"cargo":"cargo.empty_palet","company_truck":"daf_4x2_b","trailer_variant":"trailer.scs_dry_s","trailer_definition":"trailer_def.scs.box.single_3.dryvan","units_count":33,"fill_ratio":1,"trailer_place":0},{"target":"mvm_carriere.montpellier","urgency":0,"shortest_distance_km":144,"ferry_time":0,"ferry_price":0,"cargo":"cargo.digger500","company_truck":"scania_streamline_4x2_a","trailer_variant":"trailer.overweight.digger500","trailer_definition":"trailer_def.digger500.overweight.digger500","units_count":100,"fill_ratio":1,"trailer_place":0}],"batisse_road.lemans":[{"target":"huilant.larochelle","urgency":0,"shortest_distance_km":417,"ferry_time":0,"ferry_price":0,"cargo":"cargo.hipresstank","company_truck":"scania_streamline_6x2_b","trailer_variant":"trailer.scs_flat_c_g","trailer_definition":"trailer_def.scs.flatbed.single_3.container","units_count":2,"fill_ratio":1,"trailer_place":0},{"target":"tradeaux.brest","urgency":1,"shortest_distance_km":424,"ferry_time":0,"ferry_price":0,"cargo":"cargo.diggers","company_truck":"renault_premium_4x2_a","trailer_variant":"trailer.overweight.digger","trailer_definition":"trailer_def.diggers.overweight.digger","units_count":100,"fill_ratio":1,"trailer_place":0}],"nucleon.golfech":[{"target":"dans_jardin.bordeaux","urgency":0,"shortest_distance_km":303,"ferry_time":0,"ferry_price":0,"cargo":"cargo.excav_soil","company_truck":"mercedes_actros_2014_6x2_a","trailer_variant":"trailer.s_ki_solid.cover","trailer_definition":"trailer_def.excav_soil.s_ki_solid.cover","units_count":100,"fill_ratio":1,"trailer_place":0},{"target":"batisse_road.bordeaux","urgency":2,"shortest_distance_km":291,"ferry_time":0,"ferry_price":0,"cargo":"cargo.excavator","company_truck":"renault_premium_4x2_c","trailer_variant":"trailer.overweight.excavator","trailer_definition":"trailer_def.excavator.overweight.excavator","units_count":100,"fill_ratio":1,"trailer_place":0}],"nucleon.civaux":[{"target":"dans_jardin.bordeaux","urgency":0,"shortest_distance_km":394,"ferry_time":0,"ferry_price":0,"cargo":"cargo.excav_soil","company_truck":"scania_streamline_6x2_b","trailer_variant":"trailer.s_ki_solid.cover","trailer_definition":"trailer_def.excav_soil.s_ki_solid.cover","units_count":100,"fill_ratio":1,"trailer_place":0}],"kaarfor.swansea":[{"target":"globeur.montpellier","urgency":2,"shortest_distance_km":1397,"ferry_time":35,"ferry_price":300,"cargo":"cargo.used_plast_c","company_truck":"daf_xf_euro6_6x4_c","trailer_variant":"trailer.scs_gosck40","trailer_definition":"trailer_def.scs.gooseneck.singl_3e_40.container","units_count":30,"fill_ratio":1,"trailer_place":0},{"target":"lisette_log.roscoff","urgency":1,"shortest_distance_km":315,"ferry_time":420,"ferry_price":910,"cargo":"cargo.used_packag","company_truck":"mercedes_4x2_c","trailer_variant":"trailer.scs_curt","trailer_definition":"trailer_def.scs.box.single_3.curtain","units_count":33,"fill_ratio":1,"trailer_place":0}],"stokes.zurich":[{"target":"dans_jardin.bastia","urgency":0,"shortest_distance_km":764,"ferry_time":840,"ferry_price":1193,"cargo":"cargo.sawpanels","company_truck":"daf_xf_euro6_4x2_c","trailer_variant":"trailer.scs_curt_a","trailer_definition":"trailer_def.scs.box.single_3.curtain","units_count":33,"fill_ratio":1,"trailer_place":0},{"target":"globeur.bordeaux","urgency":1,"shortest_distance_km":1033,"ferry_time":0,"ferry_price":0,"cargo":"cargo.nylon_cord","company_truck":"man_6x4_b","trailer_variant":"trailer.scs_dry","trailer_definition":"trailer_def.scs.box.single_3.dryvan","units_count":30,"fill_ratio":1,"trailer_place":0}],"kaarfor.larochelle":[{"target":"lisette_log.larochelle","urgency":2,"shortest_distance_km":80,"ferry_time":0,"ferry_price":0,"cargo":"cargo.used_plast_c","company_truck":"mercedes_actros_2014_6x2_a","trailer_variant":"trailer.scs_gosck20","trailer_definition":"trailer_def.scs.gooseneck.singl_3e_20.container","units_count":15,"fill_ratio":1,"trailer_place":0},{"target":"globeur.rennes","urgency":1,"shortest_distance_km":332,"ferry_time":0,"ferry_price":0,"cargo":"cargo.used_packag","company_truck":"man_6x4_b","trailer_variant":"trailer.scs_dry_s","trailer_definition":"trailer_def.scs.box.single_3.dryvan","units_count":33,"fill_ratio":1,"trailer_place":0}],"dans_jardin.bordeaux":[{"target":"globeur.bordeaux","urgency":0,"shortest_distance_km":17,"ferry_time":0,"ferry_price":0,"cargo":"cargo.carrots_c","company_truck":"mercedes_actros_2014_6x2_a","trailer_variant":"trailer.scs_flat_c_g","trailer_definition":"trailer_def.scs.flatbed.single_3.container","units_count":33,"fill_ratio":1,"trailer_place":0},{"target":"kaarfor.limoges","urgency":0,"shortest_distance_km":353,"ferry_time":0,"ferry_price":0,"cargo":"cargo.peas","company_truck":"mercedes_4x2_c","trailer_variant":"trailer.scs_dry","trailer_definition":"trailer_def.scs.box.single_3.dryvan","units_count":33,"fill_ratio":1,"trailer_place":0}],"tradeaux.toulouse":[{"target":"lisette_log.nice","urgency":0,"shortest_distance_km":627,"ferry_time":0,"ferry_price":0,"cargo":"cargo.protec_cloth","company_truck":"scania_s_4x2_580","trailer_variant":"trailer.scs_curt","trailer_definition":"trailer_def.scs.box.single_3.curtain","units_count":33,"fill_ratio":1,"trailer_place":0},{"target":"globeur.bordeaux","urgency":0,"shortest_distance_km":315,"ferry_time":0,"ferry_price":0,"cargo":"cargo.comp_process","company_truck":"scania_s_4x2_370","trailer_variant":"trailer.scs_dry_a","trailer_definition":"trailer_def.scs.box.single_3.dryvan","units_count":33,"fill_ratio":1,"trailer_place":0}],"voitureux.lehavre":[{"target":"globeur.lehavre","urgency":1,"shortest_distance_km":12,"ferry_time":0,"ferry_price":0,"cargo":"cargo.used_packag","company_truck":"mercedes_4x2_a","trailer_variant":"trailer.scs_curt_a","trailer_definition":"trailer_def.scs.box.single_3.curtain","units_count":33,"fill_ratio":1,"trailer_place":0}],"lisette_log.rennes":[{"target":"wilnet_trans.lemans","urgency":1,"shortest_distance_km":159,"ferry_time":0,"ferry_price":0,"cargo":"cargo.roofing_felt","company_truck":"scania_6x2_b","trailer_variant":"trailer.scs_dry_a","trailer_definition":"trailer_def.scs.box.single_3.dryvan","units_count":33,"fill_ratio":1,"trailer_place":0}],"nos_pat_lhv.lehavre":[{"target":"globeur.rennes","urgency":1,"shortest_distance_km":230,"ferry_time":0,"ferry_price":0,"cargo":"cargo.cheese","company_truck":"renault_premium_4x2_c","trailer_variant":"trailer.scs_ins_s","trailer_definition":"trailer_def.scs.box.single_3.insulated","units_count":33,"fill_ratio":1,"trailer_place":0},{"target":"nos_pat_brg.bourges","urgency":0,"shortest_distance_km":347,"ferry_time":0,"ferry_price":0,"cargo":"cargo.live_catt_fr","company_truck":"scania_4x2_c","trailer_variant":"trailer.livestock","trailer_definition":"trailer_def.live_catt_fr.livestock","units_count":100,"fill_ratio":1,"trailer_place":0}],"globeur.bordeaux":[{"target":"dans_jardin.montpellier","urgency":0,"shortest_distance_km":612,"ferry_time":0,"ferry_price":0,"cargo":"cargo.sawpanels","company_truck":"mercedes_4x2_b","trailer_variant":"trailer.scs_dry_ms","trailer_definition":"trailer_def.scs.box.single_3.dryvan_m","units_count":33,"fill_ratio":1,"trailer_place":0},{"target":"wilnet_trans.limoges","urgency":0,"shortest_distance_km":335,"ferry_time":0,"ferry_price":0,"cargo":"cargo.mason_jars","company_truck":"mercedes_4x2_a","trailer_variant":"trailer.scs_dry_s","trailer_definition":"trailer_def.scs.box.single_3.dryvan","units_count":33,"fill_ratio":1,"trailer_place":0}],"stokes.calais":[{"target":"lisette_log.paris","urgency":0,"shortest_distance_km":242,"ferry_time":0,"ferry_price":0,"cargo":"cargo.concen_juice","company_truck":"mercedes_actros_2014_4x2_a","trailer_variant":"trailer.scs_dry_ms","trailer_definition":"trailer_def.scs.box.single_3.dryvan_m","units_count":33,"fill_ratio":1,"trailer_place":0}],"transinet.szczecin":[{"target":"fle.paris","urgency":0,"shortest_distance_km":1203,"ferry_time":0,"ferry_price":0,"cargo":"cargo.post_packag","company_truck":"mercedes_4x2_a","trailer_variant":"trailer.scs_dry_ms","trailer_definition":"trailer_def.scs.box.single_3.dryvan_m","units_count":33,"fill_ratio":1,"trailer_place":0}],"fle.calvi":[{"target":"globeur.bourges","urgency":0,"shortest_distance_km":777,"ferry_time":840,"ferry_price":1193,"cargo":"cargo.med_equip","company_truck":"man_6x4_b","trailer_variant":"trailer.scs_ins_s","trailer_definition":"trailer_def.scs.box.single_3.insulated","units_count":33,"fill_ratio":1,"trailer_place":0},{"target":"wilnet_trans.marseille","urgency":0,"shortest_distance_km":217,"ferry_time":840,"ferry_price":1193,"cargo":"cargo.post_packag","company_truck":"renault_t_6x2","trailer_variant":"trailer.scs_dry","trailer_definition":"trailer_def.scs.box.single_3.dryvan","units_count":33,"fill_ratio":1,"trailer_place":0}],"kaarfor.montpellier":[{"target":"lisette_log.nice","urgency":0,"shortest_distance_km":352,"ferry_time":0,"ferry_price":0,"cargo":"cargo.used_plast","company_truck":"scania_streamline_4x2_c","trailer_variant":"trailer.scs_curt_s","trailer_definition":"trailer_def.scs.box.single_3.curtain","units_count":33,"fill_ratio":1,"trailer_place":0}],"globeur.rennes":[{"target":"wilnet_trans.toulouse","urgency":2,"shortest_distance_km":736,"ferry_time":0,"ferry_price":0,"cargo":"cargo.milk","company_truck":"scania_s_6x4_730","trailer_variant":"trailer.scs_dry_a","trailer_definition":"trailer_def.scs.box.single_3.dryvan","units_count":33,"fill_ratio":1,"trailer_place":0},{"target":"wilnet_trans.limoges","urgency":2,"shortest_distance_km":462,"ferry_time":0,"ferry_price":0,"cargo":"cargo.straw_bales","company_truck":"renault_premium_6x2_a","trailer_variant":"trailer.scs_flat_r","trailer_definition":"trailer_def.scs.flatbed.single_3.flatbed_w","units_count":33,"fill_ratio":1,"trailer_place":0}],"fle.montpellier":[{"target":"globeur.montpellier","urgency":0,"shortest_distance_km":62,"ferry_time":0,"ferry_price":0,"cargo":"cargo.med_vaccine","company_truck":"daf_xf_euro6_4x2_b","trailer_variant":"trailer.scs_ins_a","trailer_definition":"trailer_def.scs.box.single_3.insulated","units_count":33,"fill_ratio":1,"trailer_place":0},{"target":"wilnet_trans.porto_vecchi","urgency":0,"shortest_distance_km":191,"ferry_time":840,"ferry_price":1193,"cargo":"cargo.med_equip","company_truck":"daf_4x2_a","trailer_variant":"trailer.scs_dry_ms","trailer_definition":"trailer_def.scs.box.single_3.dryvan_m","units_count":33,"fill_ratio":1,"trailer_place":0}],"eolo_lines.marseille":[{"target":"kaarfor.limoges","urgency":0,"shortest_distance_km":663,"ferry_time":0,"ferry_price":0,"cargo":"cargo.tyres","company_truck":"daf_xf_euro6_4x2_a","trailer_variant":"trailer.scs_dry_a","trailer_definition":"trailer_def.scs.box.single_3.dryvan","units_count":33,"fill_ratio":1,"trailer_place":0}],"fle.nantes":[{"target":"globeur.bourges","urgency":0,"shortest_distance_km":475,"ferry_time":0,"ferry_price":0,"cargo":"cargo.med_vaccine","company_truck":"daf_xf_euro6_6x2_a","trailer_variant":"trailer.scs_ins_s","trailer_definition":"trailer_def.scs.box.single_3.insulated","units_count":33,"fill_ratio":1,"trailer_place":0},{"target":"globeur.rennes","urgency":0,"shortest_distance_km":172,"ferry_time":0,"ferry_price":0,"cargo":"cargo.post_packag","company_truck":"renault_premium_6x2_a","trailer_variant":"trailer.scs_dry_m","trailer_definition":"trailer_def.scs.box.single_3.dryvan_m","units_count":33,"fill_ratio":1,"trailer_place":0}],"voitureux.rennes":[{"target":"globeur.montpellier","urgency":1,"shortest_distance_km":930,"ferry_time":0,"ferry_price":0,"cargo":"cargo.used_packag","company_truck":"daf_4x2_a","trailer_variant":"trailer.scs_dry","trailer_definition":"trailer_def.scs.box.single_3.dryvan","units_count":33,"fill_ratio":1,"trailer_place":0},{"target":"wilnet_trans.marseille","urgency":2,"shortest_distance_km":1036,"ferry_time":0,"ferry_price":0,"cargo":"cargo.used_battery","company_truck":"renault_premium_4x2_a","trailer_variant":"trailer.scs_curt_s","trailer_definition":"trailer_def.scs.box.single_3.curtain","units_count":33,"fill_ratio":1,"trailer_place":0}],"eurogoodies.cardiff":[{"target":"wilnet_trans.nantes","urgency":0,"shortest_distance_km":543,"ferry_time":420,"ferry_price":910,"cargo":"cargo.chewing_gums","company_truck":"man_6x4_b","trailer_variant":"trailer.scs_curt_s","trailer_definition":"trailer_def.scs.box.single_3.curtain","units_count":33,"fill_ratio":1,"trailer_place":0}],"nos_pat_brg.bourges":[{"target":"tradeaux.brest","urgency":1,"shortest_distance_km":580,"ferry_time":0,"ferry_price":0,"cargo":"cargo.cheese","company_truck":"daf_xf_euro6_6x4_c","trailer_variant":"trailer.scs_ins","trailer_definition":"trailer_def.scs.box.single_3.insulated","units_count":33,"fill_ratio":1,"trailer_place":0},{"target":"globeur.bourges","urgency":2,"shortest_distance_km":77,"ferry_time":0,"ferry_price":0,"cargo":"cargo.milk","company_truck":"scania_streamline_4x2_a","trailer_variant":"trailer.scs_dry_m","trailer_definition":"trailer_def.scs.box.single_3.dryvan_m","units_count":33,"fill_ratio":1,"trailer_place":0}],"lisette_log.bordeaux":[{"target":"tradeaux.toulouse","urgency":0,"shortest_distance_km":201,"ferry_time":0,"ferry_price":0,"cargo":"cargo.precast_strs","company_truck":"scania_4x2_c","trailer_variant":"trailer.scs_dry_a","trailer_definition":"trailer_def.scs.box.single_3.dryvan","units_count":33,"fill_ratio":1,"trailer_place":0},{"target":"kaarfor.larochelle","urgency":0,"shortest_distance_km":272,"ferry_time":0,"ferry_price":0,"cargo":"cargo.clothes","company_truck":"scania_4x2_c","trailer_variant":"trailer.scs_dry_ms","trailer_definition":"trailer_def.scs.box.single_3.dryvan_m","units_count":33,"fill_ratio":1,"trailer_place":0},{"target":"globeur.bordeaux","urgency":0,"shortest_distance_km":135,"ferry_time":0,"ferry_price":0,"cargo":"cargo.packag_food","company_truck":"mercedes_actros_2014_4x2_a","trailer_variant":"trailer.scs_dry_m","trailer_definition":"trailer_def.scs.box.single_3.dryvan_m","units_count":33,"fill_ratio":1,"trailer_place":0}],"dans_jardin.porto_vecchi":[{"target":"lisette_log.nice","urgency":0,"shortest_distance_km":271,"ferry_time":840,"ferry_price":1193,"cargo":"cargo.potatoes","company_truck":"iveco_h_4x2_a","trailer_variant":"trailer.scs_curt_a","trailer_definition":"trailer_def.scs.box.single_3.curtain","units_count":33,"fill_ratio":1,"trailer_place":0}],"batisse_wind.montpellier":[{"target":"ika_bohag.montpellier","urgency":2,"shortest_distance_km":92,"ferry_time":0,"ferry_price":0,"cargo":"cargo.forklifts","company_truck":"scania_r_6x2_450","trailer_variant":"trailer.overweight.forklifts","trailer_definition":"trailer_def.forklifts.overweight.forklifts","units_count":100,"fill_ratio":1,"trailer_place":0}],"gomme_monde.clermont":[{"target":"wilnet_trans.marseille","urgency":0,"shortest_distance_km":411,"ferry_time":0,"ferry_price":0,"cargo":"cargo.scrap_metals","company_truck":"daf_xf_euro6_4x2_c","trailer_variant":"trailer.s_ki_solid.cover","trailer_definition":"trailer_def.scrap_metals.s_ki_solid.cover","units_count":100,"fill_ratio":1,"trailer_place":0}],"batisse_base.calvi":[{"target":"dans_jardin.porto_vecchi","urgency":2,"shortest_distance_km":215,"ferry_time":0,"ferry_price":0,"cargo":"cargo.forklifts","company_truck":"man_tgx_euro6_4x2_xxl","trailer_variant":"trailer.overweight.forklifts","trailer_definition":"trailer_def.forklifts.overweight.forklifts","units_count":100,"fill_ratio":1,"trailer_place":0}],"tree_et.zurich":[{"target":"wilnet_trans.porto_vecchi","urgency":0,"shortest_distance_km":695,"ferry_time":840,"ferry_price":1193,"cargo":"cargo.lumber","company_truck":"renault_magnum_6x4_a","trailer_variant":"trailer.scs_flat_c_g","trailer_definition":"trailer_def.scs.flatbed.single_3.container","units_count":2,"fill_ratio":1,"trailer_place":0}],"wilnet_trans.marseille":[{"target":"huilant.bordeaux","urgency":0,"shortest_distance_km":733,"ferry_time":0,"ferry_price":0,"cargo":"cargo.lpg","company_truck":"scania_6x2_b","trailer_variant":"trailer.willig.fuel_cistern","trailer_definition":"trailer_def.lpg.willig.fuel_cistern","units_count":101,"fill_ratio":1,"trailer_place":0},{"target":"globeur.lehavre","urgency":0,"shortest_distance_km":957,"ferry_time":0,"ferry_price":0,"cargo":"cargo.chewing_gums","company_truck":"man_4x2_c","trailer_variant":"trailer.scs_curt_a","trailer_definition":"trailer_def.scs.box.single_3.curtain","units_count":33,"fill_ratio":1,"trailer_place":0},{"target":"lisette_log.ajaccio","urgency":0,"shortest_distance_km":167,"ferry_time":840,"ferry_price":1193,"cargo":"cargo.fertilizer","company_truck":"scania_r_6x4_650","trailer_variant":"trailer.scs_dry_ms","trailer_definition":"trailer_def.scs.box.single_3.dryvan_m","units_count":33,"fill_ratio":1,"trailer_place":0}],"ika_bohag.clermont":[{"target":"subse.clermont","urgency":2,"shortest_distance_km":32,"ferry_time":0,"ferry_price":0,"cargo":"cargo.empty_palet","company_truck":"iveco_4x2_b","trailer_variant":"trailer.scs_dry_m","trailer_definition":"trailer_def.scs.box.single_3.dryvan_m","units_count":33,"fill_ratio":1,"trailer_place":0}],"tradeaux.nice":[{"target":"globeur.montpellier","urgency":0,"shortest_distance_km":384,"ferry_time":0,"ferry_price":0,"cargo":"cargo.ore","company_truck":"renault_magnum_4x2_a","trailer_variant":"trailer.s_ki_solid.ore","trailer_definition":"trailer_def.ore.s_ki_solid.ore","units_count":100,"fill_ratio":1,"trailer_place":0},{"target":"eolo_lines.porto_vecchi","urgency":0,"shortest_distance_km":260,"ferry_time":840,"ferry_price":1193,"cargo":"cargo.concen_juice","company_truck":"mercedes_4x2_c","trailer_variant":"trailer.scs_dry_s","trailer_definition":"trailer_def.scs.box.single_3.dryvan","units_count":33,"fill_ratio":1,"trailer_place":0}],"lisette_log.larochelle":[{"target":"tradeaux.nice","urgency":1,"shortest_distance_km":1074,"ferry_time":0,"ferry_price":0,"cargo":"cargo.clothes_c","company_truck":"scania_streamline_6x4_a","trailer_variant":"trailer.scs_gosck220","trailer_definition":"trailer_def.scs.gooseneck.singl_3e_220.container","units_count":30,"fill_ratio":1,"trailer_place":0},{"target":"tradeaux.toulouse","urgency":0,"shortest_distance_km":465,"ferry_time":0,"ferry_price":0,"cargo":"cargo.plastic_gra","company_truck":"scania_4x2_a","trailer_variant":"trailer.cement","trailer_definition":"trailer_def.plastic_gra.cement","units_count":100,"fill_ratio":1,"trailer_place":0}],"nbfc.calais":[{"target":"lisette_log.larochelle","urgency":1,"shortest_distance_km":819,"ferry_time":0,"ferry_price":0,"cargo":"cargo.fuel_oil","company_truck":"mercedes_actros_2014_4x2_a","trailer_variant":"trailer.fuel_cistern","trailer_definition":"trailer_def.fuel_oil.fuel_cistern","units_count":100,"fill_ratio":1,"trailer_place":0}],"marina_fr.brest":[{"target":"lisette_log.ajaccio","urgency":0,"shortest_distance_km":1428,"ferry_time":840,"ferry_price":1193,"cargo":"cargo.princess","company_truck":"daf_xf_euro6_4x2_a","trailer_variant":"trailer.overweight.boat","trailer_definition":"trailer_def.princess.overweight.boat","units_count":100,"fill_ratio":1,"trailer_place":0}],"dans_jardin.lemans":[{"target":"renar.calvi","urgency":1,"shortest_distance_km":1007,"ferry_time":840,"ferry_price":1193,"cargo":"cargo.carrots","company_truck":"scania_streamline_4x2_b","trailer_variant":"trailer.scs_curt_s","trailer_definition":"trailer_def.scs.box.single_3.curtain","units_count":33,"fill_ratio":1,"trailer_place":0},{"target":"lisette_log.rennes","urgency":1,"shortest_distance_km":268,"ferry_time":0,"ferry_price":0,"cargo":"cargo.apples","company_truck":"scania_r_4x2_520","trailer_variant":"trailer.scs_dry_m","trailer_definition":"trailer_def.scs.box.single_3.dryvan_m","units_count":33,"fill_ratio":1,"trailer_place":0},{"target":"subse.nantes","urgency":1,"shortest_distance_km":174,"ferry_time":0,"ferry_price":0,"cargo":"cargo.basil","company_truck":"iveco_4x2_a","trailer_variant":"trailer.scs_dry_ms","trailer_definition":"trailer_def.scs.box.single_3.dryvan_m","units_count":33,"fill_ratio":1,"trailer_place":0}],"fcp.poznan":[{"target":"lisette_log.larochelle","urgency":2,"shortest_distance_km":1872,"ferry_time":0,"ferry_price":0,"cargo":"cargo.mondeos","company_truck":"renault_t_4x2","trailer_variant":"trailer.car_trans","trailer_definition":"trailer_def.mondeos.car_trans","units_count":100,"fill_ratio":1,"trailer_place":0}],"dans_jardin.nantes":[{"target":"kaarfor.limoges","urgency":0,"shortest_distance_km":426,"ferry_time":0,"ferry_price":0,"cargo":"cargo.apples_c","company_truck":"scania_streamline_6x2_b","trailer_variant":"trailer.scs_flat_c_g","trailer_definition":"trailer_def.scs.flatbed.single_3.container","units_count":33,"fill_ratio":1,"trailer_place":0},{"target":"tradeaux.toulouse","urgency":1,"shortest_distance_km":623,"ferry_time":0,"ferry_price":0,"cargo":"cargo.cut_flowers","company_truck":"renault_t_6x2","trailer_variant":"trailer.scs_ref","trailer_definition":"trailer_def.scs.box.single_3.reefer","units_count":33,"fill_ratio":1,"trailer_place":0},{"target":"lisette_log.larochelle","urgency":1,"shortest_distance_km":185,"ferry_time":0,"ferry_price":0,"cargo":"cargo.carrots","company_truck":"scania_r_4x2_520","trailer_variant":"trailer.scs_dry_m","trailer_definition":"trailer_def.scs.box.single_3.dryvan_m","units_count":33,"fill_ratio":1,"trailer_place":0}],"quarry.strasbourg":[{"target":"dans_jardin.montpellier","urgency":1,"shortest_distance_km":738,"ferry_time":0,"ferry_price":0,"cargo":"cargo.emptytank","company_truck":"scania_6x4_a","trailer_variant":"trailer.scs_flat_r","trailer_definition":"trailer_def.scs.flatbed.single_3.flatbed_w","units_count":2,"fill_ratio":1,"trailer_place":0},{"target":"globeur.bourges","urgency":0,"shortest_distance_km":425,"ferry_time":0,"ferry_price":0,"cargo":"cargo.digger500","company_truck":"iveco_4x2_b","trailer_variant":"trailer.overweight.digger500","trailer_definition":"trailer_def.digger500.overweight.digger500","units_count":100,"fill_ratio":1,"trailer_place":0}],"ika_bohag.montpellier":[{"target":"globeur.bourges","urgency":2,"shortest_distance_km":497,"ferry_time":0,"ferry_price":0,"cargo":"cargo.empty_palet","company_truck":"mercedes_4x2_a","trailer_variant":"trailer.scs_dry_a","trailer_definition":"trailer_def.scs.box.single_3.dryvan","units_count":33,"fill_ratio":1,"trailer_place":0},{"target":"wilnet_trans.marseille","urgency":1,"shortest_distance_km":200,"ferry_time":0,"ferry_price":0,"cargo":"cargo.used_packag","company_truck":"scania_streamline_4x2_a","trailer_variant":"trailer.scs_dry","trailer_definition":"trailer_def.scs.box.single_3.dryvan","units_count":33,"fill_ratio":1,"trailer_place":0}],"transinet.southampton":[{"target":"tradeaux.paris","urgency":0,"shortest_distance_km":402,"ferry_time":35,"ferry_price":300,"cargo":"cargo.conc_juice_t","company_truck":"daf_6x2_a","trailer_variant":"trailer.scs_fodt","trailer_definition":"trailer_def.scs.foodtank.single_3.paint","units_count":18,"fill_ratio":1,"trailer_place":0}],"globeur.montpellier":[{"target":"ika_bohag.montpellier","urgency":2,"shortest_distance_km":71,"ferry_time":0,"ferry_price":0,"cargo":"cargo.forklifts","company_truck":"man_tgx_euro6_4x2_xxl","trailer_variant":"trailer.overweight.forklifts","trailer_definition":"trailer_def.forklifts.overweight.forklifts","units_count":100,"fill_ratio":1,"trailer_place":0},{"target":"wilnet_trans.porto_vecchi","urgency":0,"shortest_distance_km":239,"ferry_time":840,"ferry_price":1193,"cargo":"cargo.concen_juice","company_truck":"renault_t_4x2","trailer_variant":"trailer.scs_dry_s","trailer_definition":"trailer_def.scs.box.single_3.dryvan","units_count":33,"fill_ratio":1,"trailer_place":0},{"target":"wilnet_trans.limoges","urgency":2,"shortest_distance_km":390,"ferry_time":0,"ferry_price":0,"cargo":"cargo.empty_palet","company_truck":"renault_magnum_6x2_a","trailer_variant":"trailer.scs_dry_ms","trailer_definition":"trailer_def.scs.box.single_3.dryvan_m","units_count":33,"fill_ratio":1,"trailer_place":0}],"posped.swansea":[{"target":"tradeaux.brest","urgency":0,"shortest_distance_km":396,"ferry_time":420,"ferry_price":910,"cargo":"cargo.plastic_gra","company_truck":"scania_r_6x4_650","trailer_variant":"trailer.cement","trailer_definition":"trailer_def.plastic_gra.cement","units_count":100,"fill_ratio":1,"trailer_place":0}],"kaarfor.nantes":[{"target":"huilant.larochelle","urgency":2,"shortest_distance_km":163,"ferry_time":0,"ferry_price":0,"cargo":"cargo.empty_palet","company_truck":"daf_xf_euro6_6x2_a","trailer_variant":"trailer.scs_dry_ms","trailer_definition":"trailer_def.scs.box.single_3.dryvan_m","units_count":33,"fill_ratio":1,"trailer_place":0}],"transinet.torino":[{"target":"kaarfor.nice","urgency":1,"shortest_distance_km":264,"ferry_time":0,"ferry_price":0,"cargo":"cargo.carrots","company_truck":"scania_s_4x2_580","trailer_variant":"trailer.scs_dry","trailer_definition":"trailer_def.scs.box.single_3.dryvan","units_count":33,"fill_ratio":1,"trailer_place":0}],"mvm_carriere.ajaccio":[{"target":"batisse_base.calvi","urgency":0,"shortest_distance_km":134,"ferry_time":0,"ferry_price":0,"cargo":"cargo.stones","company_truck":"scania_s_4x2_580","trailer_variant":"trailer.s_ki_solid.cover","trailer_definition":"trailer_def.stones.s_ki_solid.cover","units_count":100,"fill_ratio":1,"trailer_place":0}],"ika_bohag.rennes":[{"target":"lisette_log.rennes","urgency":1,"shortest_distance_km":141,"ferry_time":0,"ferry_price":0,"cargo":"cargo.used_packag","company_truck":"man_tgx_euro6_6x4_xlx","trailer_variant":"trailer.scs_curt","trailer_definition":"trailer_def.scs.box.single_3.curtain","units_count":33,"fill_ratio":1,"trailer_place":0}],"sellplan.southampton":[{"target":"lisette_log.lemans","urgency":2,"shortest_distance_km":617,"ferry_time":35,"ferry_price":300,"cargo":"cargo.empty_palet","company_truck":"mercedes_actros_2014_4x2_a","trailer_variant":"trailer.scs_dry_ms","trailer_definition":"trailer_def.scs.box.single_3.dryvan_m","units_count":32,"fill_ratio":1,"trailer_place":0}],"fle.clermont":[{"target":"globeur.montpellier","urgency":0,"shortest_distance_km":295,"ferry_time":0,"ferry_price":0,"cargo":"cargo.post_packag","company_truck":"scania_r_6x2_450","trailer_variant":"trailer.scs_dry_a","trailer_definition":"trailer_def.scs.box.single_3.dryvan","units_count":33,"fill_ratio":1,"trailer_place":0}],"wilnet_trans.porto_vecchi":[{"target":"tradeaux.nice","urgency":0,"shortest_distance_km":255,"ferry_time":840,"ferry_price":1193,"cargo":"cargo.soy_milk_t","company_truck":"man_6x4_b","trailer_variant":"trailer.scs_fodt","trailer_definition":"trailer_def.scs.foodtank.single_3.paint","units_count":26,"fill_ratio":1,"trailer_place":0},{"target":"kaarfor.ajaccio","urgency":0,"shortest_distance_km":152,"ferry_time":0,"ferry_price":0,"cargo":"cargo.mason_jars","company_truck":"scania_s_6x4_730","trailer_variant":"trailer.scs_dry_ms","trailer_definition":"trailer_def.scs.box.single_3.dryvan_m","units_count":33,"fill_ratio":1,"trailer_place":0}],"eolo_lines.porto_vecchi":[{"target":"renar.calvi","urgency":2,"shortest_distance_km":219,"ferry_time":0,"ferry_price":0,"cargo":"cargo.limonades","company_truck":"scania_r_4x2_370","trailer_variant":"trailer.scs_curt_s","trailer_definition":"trailer_def.scs.box.single_3.curtain","units_count":33,"fill_ratio":1,"trailer_place":0}],"sellplan.london":[{"target":"globeur.bourges","urgency":1,"shortest_distance_km":693,"ferry_time":35,"ferry_price":300,"cargo":"cargo.used_packag","company_truck":"mercedes_6x2_b","trailer_variant":"trailer.scs_dry","trailer_definition":"trailer_def.scs.box.single_3.dryvan","units_count":33,"fill_ratio":1,"trailer_place":0}],"dans_jardin.bastia":[{"target":"globeur.bourges","urgency":0,"shortest_distance_km":662,"ferry_time":840,"ferry_price":1193,"cargo":"cargo.lavender","company_truck":"iveco_h_4x2_a","trailer_variant":"trailer.scs_dry_a","trailer_definition":"trailer_def.scs.box.single_3.dryvan","units_count":33,"fill_ratio":1,"trailer_place":0},{"target":"wilnet_trans.marseille","urgency":1,"shortest_distance_km":102,"ferry_time":840,"ferry_price":1193,"cargo":"cargo.cut_flowers","company_truck":"mercedes_actros_2014_6x4_b","trailer_variant":"trailer.scs_ref_s","trailer_definition":"trailer_def.scs.box.single_3.reefer","units_count":33,"fill_ratio":1,"trailer_place":0}],"kaarfor.dortmund":[{"target":"globeur.lehavre","urgency":2,"shortest_distance_km":683,"ferry_time":0,"ferry_price":0,"cargo":"cargo.empty_palet","company_truck":"mercedes_actros_2014_6x2_a","trailer_variant":"trailer.scs_curt_s","trailer_definition":"trailer_def.scs.box.single_3.curtain","units_count":33,"fill_ratio":1,"trailer_place":0}],"lisette_log.ajaccio":[{"target":"fle.calvi","urgency":0,"shortest_distance_km":70,"ferry_time":0,"ferry_price":0,"cargo":"cargo.post_packag","company_truck":"renault_magnum_4x2_a","trailer_variant":"trailer.scs_curt_s","trailer_definition":"trailer_def.scs.box.single_3.curtain","units_count":33,"fill_ratio":1,"trailer_place":0}],"tradeaux.clermont":[{"target":"wilnet_trans.porto_vecchi","urgency":2,"shortest_distance_km":413,"ferry_time":840,"ferry_price":1193,"cargo":"cargo.silica","company_truck":"daf_xf_euro6_4x2_a","trailer_variant":"trailer.scs_dry_ms","trailer_definition":"trailer_def.scs.box.single_3.dryvan_m","units_count":33,"fill_ratio":1,"trailer_place":0}],"posped.linz":[{"target":"lkwlog.luxembourg","urgency":0,"shortest_distance_km":808,"ferry_time":0,"ferry_price":0,"cargo":"cargo.comp_process","company_truck":"scania_s_6x2_450","trailer_variant":"trailer.scs_dry_m","trailer_definition":"trailer_def.scs.box.single_3.dryvan_m","units_count":33,"fill_ratio":1,"trailer_place":0}],"aci.milano":[{"target":"fle.clermont","urgency":0,"shortest_distance_km":734,"ferry_time":0,"ferry_price":0,"cargo":"cargo.post_packag","company_truck":"scania_6x2_b","trailer_variant":"trailer.scs_dry_m","trailer_definition":"trailer_def.scs.box.single_3.dryvan_m","units_count":33,"fill_ratio":1,"trailer_place":0},{"target":"tradeaux.ajaccio","urgency":1,"shortest_distance_km":738,"ferry_time":840,"ferry_price":1193,"cargo":"cargo.cut_flowers","company_truck":"man_6x4_b","trailer_variant":"trailer.scs_ref","trailer_definition":"trailer_def.scs.box.single_3.reefer","units_count":33,"fill_ratio":1,"trailer_place":0}],"ika_bohag.bordeaux":[{"target":"wilnet_trans.limoges","urgency":1,"shortest_distance_km":318,"ferry_time":0,"ferry_price":0,"cargo":"cargo.used_packag","company_truck":"scania_streamline_6x2_b","trailer_variant":"trailer.scs_curt","trailer_definition":"trailer_def.scs.box.single_3.curtain","units_count":33,"fill_ratio":1,"trailer_place":0}],"mvm_carriere.porto_vecchi":[{"target":"batisse_road.bordeaux","urgency":0,"shortest_distance_km":796,"ferry_time":840,"ferry_price":1193,"cargo":"cargo.granite_cube","company_truck":"daf_6x2_a","trailer_variant":"trailer.s_ki_solid.cover","trailer_definition":"trailer_def.granite_cube.s_ki_solid.cover","units_count":100,"fill_ratio":1,"trailer_place":0},{"target":"batisse_base.clermont","urgency":0,"shortest_distance_km":440,"ferry_time":840,"ferry_price":1193,"cargo":"cargo.stones","company_truck":"scania_6x4_a","trailer_variant":"trailer.s_ki_solid.cover","trailer_definition":"trailer_def.stones.s_ki_solid.cover","units_count":100,"fill_ratio":1,"trailer_place":0}],"lisette_log.paris":[{"target":"wilnet_trans.lemans","urgency":0,"shortest_distance_km":241,"ferry_time":0,"ferry_price":0,"cargo":"cargo.pnut_butter","company_truck":"renault_t_4x2h","trailer_variant":"trailer.scs_ins","trailer_definition":"trailer_def.scs.box.single_3.insulated","units_count":33,"fill_ratio":1,"trailer_place":0}],"nucleon.alban":[{"target":"dans_jardin.bourges","urgency":0,"shortest_distance_km":477,"ferry_time":0,"ferry_price":0,"cargo":"cargo.excav_soil","company_truck":"scania_streamline_6x4_a","trailer_variant":"trailer.s_ki_solid.cover","trailer_definition":"trailer_def.excav_soil.s_ki_solid.cover","units_count":100,"fill_ratio":1,"trailer_place":0}],"subse.nantes":[{"target":"wilnet_trans.lemans","urgency":2,"shortest_distance_km":222,"ferry_time":0,"ferry_price":0,"cargo":"cargo.carb_water","company_truck":"mercedes_actros_2014_4x2_c","trailer_variant":"trailer.scs_curt","trailer_definition":"trailer_def.scs.box.single_3.curtain","units_count":33,"fill_ratio":1,"trailer_place":0}],"lisette_log.nice":[{"target":"batisse_hs.montpellier","urgency":2,"shortest_distance_km":386,"ferry_time":0,"ferry_price":0,"cargo":"cargo.chimney_syst","company_truck":"man_4x2_a","trailer_variant":"trailer.scs_curt_a","trailer_definition":"trailer_def.scs.box.single_3.curtain","units_count":33,"fill_ratio":1,"trailer_place":0}]}