{"lkwlog.brno":[{"target":"transinet.osnabruck","urgency":0,"shortest_distance_km":885,"ferry_time":0,"ferry_price":0,"cargo":"cargo.locomotive","company_truck":"heavy/scania_streamline_8x4","trailer_variant":"trailer.goldhofer.mpa_k_flat14.vossloh_g6","trailer_definition":"trailer_def.locomotive.goldhofer.mpa_k_flat14.vossloh_g6","units_count":100,"fill_ratio":1,"trailer_place":0}],"stokes.dijon":[{"target":"lkwlog.luxembourg","urgency":1,"shortest_distance_km":337,"ferry_time":0,"ferry_price":0,"cargo":"cargo.cable_reel","company_truck":"heavy/man_tgx_euro6_8x4_xlx","trailer_variant":"trailer.goldhofer.stz_vl.coil","trailer_definition":"trailer_def.cable_reel.goldhofer.stz_vl.coil","units_count":100,"fill_ratio":1,"trailer_place":0}],"stokes.cardiff":[{"target":"nbfc.berlin","urgency":2,"shortest_distance_km":1375,"ferry_time":35,"ferry_price":300,"cargo":"cargo.metal_center","company_truck":"heavy/renault_6x4","trailer_variant":"trailer.goldhofer.stz_vl.m_centering","trailer_definition":"trailer_def.metal_center.goldhofer.stz_vl.m_centering","units_count":100,"fill_ratio":1,"trailer_place":0}],"posped.kiel":[{"target":"lkwlog.amsterdam","urgency":1,"shortest_distance_km":516,"ferry_time":0,"ferry_price":0,"cargo":"cargo.cable_reel","company_truck":"heavy/scania_r_8x4","trailer_variant":"trailer.goldhofer.stz_vl.coil","trailer_definition":"trailer_def.cable_reel.goldhofer.stz_vl.coil","units_count":100,"fill_ratio":1,"trailer_place":0}],"sanbuilders.london":[{"target":"transinet.cambridge","urgency":1,"shortest_distance_km":101,"ferry_time":0,"ferry_price":0,"cargo":"cargo.dozer","company_truck":"heavy/scania_s_6x4","trailer_variant":"trailer.goldhofer.mpa_k_flat14.k_d155ax_5","trailer_definition":"trailer_def.dozer.goldhofer.mpa_k_flat14.k_d155ax_5","units_count":100,"fill_ratio":1,"trailer_place":0}],"sanbuilders.lyon":[{"target":"posped.geneve","urgency":1,"shortest_distance_km":163,"ferry_time":0,"ferry_price":0,"cargo":"cargo.dozer","company_truck":"heavy/mercedes_actros_8x4","trailer_variant":"trailer.goldhofer.mpa_k_flat14.k_d155ax_5","trailer_definition":"trailer_def.dozer.goldhofer.mpa_k_flat14.k_d155ax_5","units_count":100,"fill_ratio":1,"trailer_place":0}]}