{"tesore_gust.milano":[{"target":"cesare_smar.milano","urgency":0,"shortest_distance_km":38,"ferry_time":0,"ferry_price":0,"cargo":"cargo.olive_oil_t","company_truck":"iveco_h_4x2_a","trailer_variant":"trailer.scs_fodt","trailer_definition":"trailer_def.scs.foodtank.single_3.paint","units_count":30,"fill_ratio":1,"trailer_place":0}],"kaarfor.strasbourg":[{"target":"cargotras.sassari","urgency":2,"shortest_distance_km":958,"ferry_time":1050,"ferry_price":1548,"cargo":"cargo.empty_palet","company_truck":"scania_streamline_4x2_a","trailer_variant":"trailer.scs_dry_ms","trailer_definition":"trailer_def.scs.box.single_3.dryvan_m","units_count":33,"fill_ratio":1,"trailer_place":0}],"cargotras.sassari":[{"target":"eolo_lines.napoli","urgency":0,"shortest_distance_km":224,"ferry_time":840,"ferry_price":879,"cargo":"cargo.radiators","company_truck":"renault_premium_6x4_a","trailer_variant":"trailer.scs_curt","trailer_definition":"trailer_def.scs.box.single_3.curtain","units_count":33,"fill_ratio":1,"trailer_place":0}],"costruzi_win.palermo":[{"target":"ika_bohag.catania","urgency":2,"shortest_distance_km":259,"ferry_time":0,"ferry_price":0,"cargo":"cargo.forklifts","company_truck":"daf_xf_euro6_4x2_b","trailer_variant":"trailer.overweight.forklifts","trailer_definition":"trailer_def.forklifts.overweight.forklifts","units_count":100,"fill_ratio":1,"trailer_place":0}],"wgcc.bratislava":[{"target":"pp_chimica.bologna","urgency":2,"shortest_distance_km":728,"ferry_time":0,"ferry_price":0,"cargo":"cargo.phosphor","company_truck":"scania_r_6x2_450","trailer_variant":"trailer.scs_gosck220","trailer_definition":"trailer_def.scs.gooseneck.singl_3e_220.container","units_count":80,"fill_ratio":1,"trailer_place":0}],"sal.pescara":[{"target":"exomar.ancona","urgency":2,"shortest_distance_km":258,"ferry_time":0,"ferry_price":0,"cargo":"cargo.wshavings","company_truck":"scania_s_6x4_730","trailer_variant":"trailer.s_ki_solid.cover","trailer_definition":"trailer_def.wshavings.s_ki_solid.cover","units_count":100,"fill_ratio":1,"trailer_place":0},{"target":"costruzi_bas.firenze","urgency":0,"shortest_distance_km":526,"ferry_time":0,"ferry_price":0,"cargo":"cargo.lumber","company_truck":"mercedes_4x2","trailer_variant":"trailer.scs_flat_c_g","trailer_definition":"trailer_def.scs.flatbed.single_3.container","units_count":2,"fill_ratio":1,"trailer_place":0}],"itcc.luxembourg":[{"target":"exomar.olbia","urgency":1,"shortest_distance_km":1092,"ferry_time":1050,"ferry_price":1548,"cargo":"cargo.overweight","company_truck":"iveco_4x2_b","trailer_variant":"trailer.scs_flat_c_g","trailer_definition":"trailer_def.scs.flatbed.single_3.container","units_count":1,"fill_ratio":1,"trailer_place":0}],"marmo.firenze":[{"target":"costruzi_bas.firenze","urgency":0,"shortest_distance_km":154,"ferry_time":0,"ferry_price":0,"cargo":"cargo.marb_blck","company_truck":"daf_xf_euro6_4x2_c","trailer_variant":"trailer.scs_flat_c_r","trailer_definition":"trailer_def.scs.flatbed.single_3.container","units_count":2,"fill_ratio":1,"trailer_place":0}],"ika_bohag.pescara":[{"target":"exomar.bologna","urgency":2,"shortest_distance_km":365,"ferry_time":0,"ferry_price":0,"cargo":"cargo.empty_palet","company_truck":"renault_premium_4x2_c","trailer_variant":"trailer.scs_dry_ms","trailer_definition":"trailer_def.scs.box.single_3.dryvan_m","units_count":33,"fill_ratio":1,"trailer_place":0},{"target":"exomar.roma","urgency":1,"shortest_distance_km":223,"ferry_time":0,"ferry_price":0,"cargo":"cargo.used_packag","company_truck":"scania_s_4x2_370","trailer_variant":"trailer.scs_dry_m","trailer_definition":"trailer_def.scs.box.single_3.dryvan_m","units_count":33,"fill_ratio":1,"trailer_place":0}],"tesore_gust.firenze":[{"target":"te_logistica.firenze","urgency":1,"shortest_distance_km":83,"ferry_time":0,"ferry_price":0,"cargo":"cargo.nonalco_beer","company_truck":"iveco_4x2_a","trailer_variant":"trailer.scs_dry_a","trailer_definition":"trailer_def.scs.box.single_3.dryvan","units_count":33,"fill_ratio":1,"trailer_place":0}],"aci.roma":[{"target":"tras_med.roma","urgency":2,"shortest_distance_km":57,"ferry_time":0,"ferry_price":0,"cargo":"cargo.frsh_herbs","company_truck":"daf_xf_euro6_4x2_b","trailer_variant":"trailer.scs_ref_a","trailer_definition":"trailer_def.scs.box.single_3.reefer","units_count":33,"fill_ratio":1,"trailer_place":0}],"cesare_smar.sassari":[{"target":"cargotras.sassari","urgency":2,"shortest_distance_km":1,"ferry_time":0,"ferry_price":0,"cargo":"cargo.empty_palet","company_truck":"man_6x4_b","trailer_variant":"trailer.scs_dry_m","trailer_definition":"trailer_def.scs.box.single_3.dryvan_m","units_count":33,"fill_ratio":1,"trailer_place":0},{"target":"tras_med.genova","urgency":0,"shortest_distance_km":617,"ferry_time":1050,"ferry_price":1548,"cargo":"cargo.used_plast","company_truck":"iveco_4x2_c","trailer_variant":"trailer.scs_dry_s","trailer_definition":"trailer_def.scs.box.single_3.dryvan","units_count":33,"fill_ratio":1,"trailer_place":0},{"target":"te_logistica.sassari","urgency":1,"shortest_distance_km":3,"ferry_time":0,"ferry_price":0,"cargo":"cargo.used_packag","company_truck":"man_4x2_a","trailer_variant":"trailer.scs_dry_ms","trailer_definition":"trailer_def.scs.box.single_3.dryvan_m","units_count":33,"fill_ratio":1,"trailer_place":0}],"costruzi_hal.sassari":[{"target":"cargotras.sassari","urgency":1,"shortest_distance_km":3,"ferry_time":0,"ferry_price":0,"cargo":"cargo.diggers","company_truck":"mercedes_actros_2014_6x4_b","trailer_variant":"trailer.overweight.digger","trailer_definition":"trailer_def.diggers.overweight.digger","units_count":100,"fill_ratio":1,"trailer_place":0}],"wgcc.manchester":[{"target":"nbfc.liverpool","urgency":2,"shortest_distance_km":64,"ferry_time":0,"ferry_price":0,"cargo":"cargo.carbn_pwdr_c","company_truck":"scania_r_4x2_520","trailer_variant":"trailer.scs_gosck40","trailer_definition":"trailer_def.scs.gooseneck.singl_3e_40.container","units_count":30,"fill_ratio":1,"trailer_place":0}],"costruzi_fla.catanzaro":[{"target":"cargotras.catanzaro","urgency":2,"shortest_distance_km":1,"ferry_time":0,"ferry_price":0,"cargo":"cargo.excavator","company_truck":"scania_4x2_a","trailer_variant":"trailer.overweight.excavator","trailer_definition":"trailer_def.excavator.overweight.excavator","units_count":100,"fill_ratio":1,"trailer_place":0},{"target":"cargotras.catanzaro","urgency":1,"shortest_distance_km":1,"ferry_time":0,"ferry_price":0,"cargo":"cargo.diggers","company_truck":"scania_s_6x4_730","trailer_variant":"trailer.overweight.digger","trailer_definition":"trailer_def.diggers.overweight.digger","units_count":100,"fill_ratio":1,"trailer_place":0}],"ika_bohag.napoli":[{"target":"tras_med.roma","urgency":1,"shortest_distance_km":246,"ferry_time":0,"ferry_price":0,"cargo":"cargo.used_packag","company_truck":"scania_4x2_c","trailer_variant":"trailer.scs_dry","trailer_definition":"trailer_def.scs.box.single_3.dryvan","units_count":33,"fill_ratio":1,"trailer_place":0},{"target":"tras_med.roma","urgency":2,"shortest_distance_km":246,"ferry_time":0,"ferry_price":0,"cargo":"cargo.empty_palet","company_truck":"scania_r_6x2_450","trailer_variant":"trailer.scs_curt","trailer_definition":"trailer_def.scs.box.single_3.curtain","units_count":33,"fill_ratio":1,"trailer_place":0}],"vitas_pwr.taranto":[{"target":"te_logistica.napoli","urgency":2,"shortest_distance_km":292,"ferry_time":0,"ferry_price":0,"cargo":"cargo.empty_palet","company_truck":"iveco_6x2_a","trailer_variant":"trailer.scs_dry","trailer_definition":"trailer_def.scs.box.single_3.dryvan","units_count":33,"fill_ratio":1,"trailer_place":0}],"sal.sassari":[{"target":"cargotras.sassari","urgency":2,"shortest_distance_km":73,"ferry_time":0,"ferry_price":0,"cargo":"cargo.empty_palet","company_truck":"daf_4x2_a","trailer_variant":"trailer.scs_dry_ms","trailer_definition":"trailer_def.scs.box.single_3.dryvan_m","units_count":33,"fill_ratio":1,"trailer_place":0}],"cont_port_it.livorno":[{"target":"cargotras.livorno","urgency":1,"shortest_distance_km":4,"ferry_time":0,"ferry_price":0,"cargo":"cargo.exhausts_c","company_truck":"man_tgx_euro6_6x4_xlx","trailer_variant":"trailer.scs_gosck20","trailer_definition":"trailer_def.scs.gooseneck.singl_3e_20.container","units_count":15,"fill_ratio":1,"trailer_place":0}],"cesare_smar.milano":[{"target":"te_logistica.parma","urgency":0,"shortest_distance_km":144,"ferry_time":0,"ferry_price":0,"cargo":"cargo.used_plast","company_truck":"renault_t_6x2","trailer_variant":"trailer.scs_dry","trailer_definition":"trailer_def.scs.box.single_3.dryvan","units_count":33,"fill_ratio":1,"trailer_place":0},{"target":"tesore_gust.parma","urgency":2,"shortest_distance_km":145,"ferry_time":0,"ferry_price":0,"cargo":"cargo.empty_palet","company_truck":"mercedes_6x4_a","trailer_variant":"trailer.scs_curt_a","trailer_definition":"trailer_def.scs.box.single_3.curtain","units_count":33,"fill_ratio":1,"trailer_place":0}],"costruzi_win.pescara":[{"target":"sal.pescara","urgency":2,"shortest_distance_km":71,"ferry_time":0,"ferry_price":0,"cargo":"cargo.forklifts","company_truck":"man_6x4_b","trailer_variant":"trailer.overweight.forklifts","trailer_definition":"trailer_def.forklifts.overweight.forklifts","units_count":100,"fill_ratio":1,"trailer_place":0}],"tras_med.catania":[{"target":"cargotras.catanzaro","urgency":1,"shortest_distance_km":302,"ferry_time":20,"ferry_price":347,"cargo":"cargo.beverages","company_truck":"daf_4x2_a","trailer_variant":"trailer.scs_dry","trailer_definition":"trailer_def.scs.box.single_3.dryvan","units_count":33,"fill_ratio":1,"trailer_place":0}],"tradeaux.paris":[{"target":"cargotras.sassari","urgency":1,"shortest_distance_km":983,"ferry_time":1050,"ferry_price":1548,"cargo":"cargo.chem_sorb_c","company_truck":"daf_xf_euro6_6x4_c","trailer_variant":"trailer.scs_gosck20","trailer_definition":"trailer_def.scs.gooseneck.singl_3e_20.container","units_count":15,"fill_ratio":1,"trailer_place":0}],"kaarfor.lyon":[{"target":"te_logistica.cagliari","urgency":1,"shortest_distance_km":659,"ferry_time":1050,"ferry_price":1548,"cargo":"cargo.used_packag","company_truck":"renault_t_6x2","trailer_variant":"trailer.scs_curt","trailer_definition":"trailer_def.scs.box.single_3.curtain","units_count":33,"fill_ratio":1,"trailer_place":0},{"target":"exomar.bologna","urgency":2,"shortest_distance_km":726,"ferry_time":0,"ferry_price":0,"cargo":"cargo.used_plast_c","company_truck":"scania_s_4x2_370","trailer_variant":"trailer.scs_flat_c_g","trailer_definition":"trailer_def.scs.flatbed.single_3.container","units_count":33,"fill_ratio":1,"trailer_place":0}],"ika_bohag.catania":[{"target":"exomar.roma","urgency":2,"shortest_distance_km":794,"ferry_time":20,"ferry_price":347,"cargo":"cargo.empty_palet","company_truck":"daf_xf_euro6_4x2_a","trailer_variant":"trailer.scs_dry_ms","trailer_definition":"trailer_def.scs.box.single_3.dryvan_m","units_count":33,"fill_ratio":1,"trailer_place":0}],"cargotras.livorno":[{"target":"tras_med.genova","urgency":2,"shortest_distance_km":250,"ferry_time":0,"ferry_price":0,"cargo":"cargo.limonades","company_truck":"scania_streamline_4x2_a","trailer_variant":"trailer.scs_dry_a","trailer_definition":"trailer_def.scs.box.single_3.dryvan","units_count":33,"fill_ratio":1,"trailer_place":0}],"te_logistica.parma":[{"target":"tras_med.genova","urgency":1,"shortest_distance_km":260,"ferry_time":0,"ferry_price":0,"cargo":"cargo.iron_pipes","company_truck":"scania_streamline_4x2_c","trailer_variant":"trailer.scs_log","trailer_definition":"trailer_def.scs.log.single_3.steel","units_count":2,"fill_ratio":1,"trailer_place":0}],"piac.cassino":[{"target":"cargotras.pescara","urgency":1,"shortest_distance_km":164,"ferry_time":0,"ferry_price":0,"cargo":"cargo.used_packag","company_truck":"scania_streamline_4x2_b","trailer_variant":"trailer.scs_dry_a","trailer_definition":"trailer_def.scs.box.single_3.dryvan","units_count":33,"fill_ratio":1,"trailer_place":0},{"target":"cargotras.livorno","urgency":2,"shortest_distance_km":458,"ferry_time":0,"ferry_price":0,"cargo":"cargo.car_it","company_truck":"daf_xf_euro6_4x2_b","trailer_variant":"trailer.car_it","trailer_definition":"trailer_def.car_it.car_it","units_count":100,"fill_ratio":1,"trailer_place":0},{"target":"exomar.ancona","urgency":2,"shortest_distance_km":315,"ferry_time":0,"ferry_price":0,"cargo":"cargo.empty_palet","company_truck":"scania_s_4x2_580","trailer_variant":"trailer.scs_dry_ms","trailer_definition":"trailer_def.scs.box.single_3.dryvan_m","units_count":33,"fill_ratio":1,"trailer_place":0}],"pp_chimica.terni":[{"target":"te_logistica.firenze","urgency":0,"shortest_distance_km":237,"ferry_time":0,"ferry_price":0,"cargo":"cargo.vent_tube","company_truck":"mercedes_actros_2014_6x2_a","trailer_variant":"trailer.scs_flat_r","trailer_definition":"trailer_def.scs.flatbed.single_3.flatbed_w","units_count":2,"fill_ratio":1,"trailer_place":0}],"bhv.paris":[{"target":"posped.rotterdam","urgency":0,"shortest_distance_km":416,"ferry_time":0,"ferry_price":0,"cargo":"cargo.iveco_vans","company_truck":"renault_premium_4x2_a","trailer_variant":"trailer.van_trans_id","trailer_definition":"trailer_def.iveco_vans.van_trans_id","units_count":100,"fill_ratio":1,"trailer_place":0}],"exomar.ancona":[{"target":"cargotras.sassari","urgency":2,"shortest_distance_km":704,"ferry_time":840,"ferry_price":879,"cargo":"cargo.mondeos","company_truck":"man_6x4_b","trailer_variant":"trailer.car_trans3","trailer_definition":"trailer_def.mondeos.car_trans3","units_count":100,"fill_ratio":1,"trailer_place":0}],"tras_med.cagliari":[{"target":"pp_chimica.terni","urgency":0,"shortest_distance_km":381,"ferry_time":840,"ferry_price":879,"cargo":"cargo.coal","company_truck":"man_4x2_c","trailer_variant":"trailer.s_ki_solid.coal","trailer_definition":"trailer_def.coal.s_ki_solid.coal","units_count":100,"fill_ratio":1,"trailer_place":0},{"target":"te_logistica.firenze","urgency":1,"shortest_distance_km":570,"ferry_time":840,"ferry_price":879,"cargo":"cargo.oil","company_truck":"renault_t_4x2","trailer_variant":"trailer.willig.fuel_cistern","trailer_definition":"trailer_def.oil.willig.fuel_cistern","units_count":101,"fill_ratio":1,"trailer_place":0},{"target":"cesare_smar.palermo","urgency":2,"shortest_distance_km":47,"ferry_time":720,"ferry_price":778,"cargo":"cargo.oranges","company_truck":"mercedes_4x2_c","trailer_variant":"trailer.scs_ins_a","trailer_definition":"trailer_def.scs.box.single_3.insulated","units_count":33,"fill_ratio":1,"trailer_place":0}],"cont_port_it.bari":[{"target":"cargotras.sassari","urgency":0,"shortest_distance_km":447,"ferry_time":840,"ferry_price":879,"cargo":"cargo.rice_c","company_truck":"daf_xf_euro6_4x2_a","trailer_variant":"trailer.scs_gosck40","trailer_definition":"trailer_def.scs.gooseneck.singl_3e_40.container","units_count":30,"fill_ratio":1,"trailer_place":0},{"target":"cargotras.livorno","urgency":1,"shortest_distance_km":749,"ferry_time":0,"ferry_price":0,"cargo":"cargo.chem_sorb_c","company_truck":"scania_4x2_b","trailer_variant":"trailer.scs_gosck20","trailer_definition":"trailer_def.scs.gooseneck.singl_3e_20.container","units_count":15,"fill_ratio":1,"trailer_place":0}],"nbfc.linz":[{"target":"pp_chimica.bologna","urgency":0,"shortest_distance_km":716,"ferry_time":0,"ferry_price":0,"cargo":"cargo.ammunition","company_truck":"man_6x4_b","trailer_variant":"trailer.scs_curt_a","trailer_definition":"trailer_def.scs.box.single_3.curtain","units_count":33,"fill_ratio":1,"trailer_place":0}],"ika_bohag.ancona":[{"target":"tesore_gust.firenze","urgency":2,"shortest_distance_km":243,"ferry_time":0,"ferry_price":0,"cargo":"cargo.empty_palet","company_truck":"scania_s_6x2_450","trailer_variant":"trailer.scs_dry","trailer_definition":"trailer_def.scs.box.single_3.dryvan","units_count":33,"fill_ratio":1,"trailer_place":0}],"aci.catanzaro":[{"target":"cargotras.catanzaro","urgency":0,"shortest_distance_km":49,"ferry_time":0,"ferry_price":0,"cargo":"cargo.med_equip","company_truck":"man_6x4_b","trailer_variant":"trailer.scs_ref","trailer_definition":"trailer_def.scs.box.single_3.reefer","units_count":33,"fill_ratio":1,"trailer_place":0}],"cargotras.milano":[{"target":"eolo_lines.palermo","urgency":2,"shortest_distance_km":1403,"ferry_time":20,"ferry_price":347,"cargo":"cargo.seal_bearing","company_truck":"iveco_4x2_a","trailer_variant":"trailer.scs_curt_s","trailer_definition":"trailer_def.scs.box.single_3.curtain","units_count":33,"fill_ratio":1,"trailer_place":0}],"acc.terni":[{"target":"te_logistica.napoli","urgency":2,"shortest_distance_km":346,"ferry_time":0,"ferry_price":0,"cargo":"cargo.wallpanels","company_truck":"renault_t_4x2","trailer_variant":"trailer.panel_trans.wall","trailer_definition":"trailer_def.wallpanels.panel_trans.wall","units_count":100,"fill_ratio":1,"trailer_place":0},{"target":"piac.parma","urgency":2,"shortest_distance_km":426,"ferry_time":0,"ferry_price":0,"cargo":"cargo.seal_bearing","company_truck":"renault_magnum_4x2_a","trailer_variant":"trailer.scs_dry_ms","trailer_definition":"trailer_def.scs.box.single_3.dryvan_m","units_count":33,"fill_ratio":1,"trailer_place":0}],"ika_bohag.roma":[{"target":"exomar.olbia","urgency":1,"shortest_distance_km":530,"ferry_time":840,"ferry_price":879,"cargo":"cargo.used_packag","company_truck":"scania_6x2_b","trailer_variant":"trailer.scs_dry_ms","trailer_definition":"trailer_def.scs.box.single_3.dryvan_m","units_count":33,"fill_ratio":1,"trailer_place":0}],"cont_port_it.napoli":[{"target":"tras_med.bari","urgency":0,"shortest_distance_km":245,"ferry_time":0,"ferry_price":0,"cargo":"cargo.rice_c","company_truck":"man_6x4_b","trailer_variant":"trailer.scs_gosck220","trailer_definition":"trailer_def.scs.gooseneck.singl_3e_220.container","units_count":30,"fill_ratio":1,"trailer_place":0},{"target":"cnp.napoli","urgency":0,"shortest_distance_km":3,"ferry_time":0,"ferry_price":0,"cargo":"cargo.motor_oil_c","company_truck":"mercedes_4x2","trailer_variant":"trailer.scs_gosck40","trailer_definition":"trailer_def.scs.gooseneck.singl_3e_40.container","units_count":30,"fill_ratio":1,"trailer_place":0}],"tras_med.bari":[{"target":"cargotras.pescara","urgency":0,"shortest_distance_km":329,"ferry_time":0,"ferry_price":0,"cargo":"cargo.goat_cheese","company_truck":"daf_6x2_a","trailer_variant":"trailer.scs_ins_a","trailer_definition":"trailer_def.scs.box.single_3.insulated","units_count":33,"fill_ratio":1,"trailer_place":0}],"itcc.szczecin":[{"target":"stokes.kiel","urgency":0,"shortest_distance_km":457,"ferry_time":0,"ferry_price":0,"cargo":"cargo.metal_pipes","company_truck":"daf_xf_euro6_4x2_c","trailer_variant":"trailer.scs_flat_b","trailer_definition":"trailer_def.scs.flatbed.single_3.flatbed_w","units_count":2,"fill_ratio":1,"trailer_place":0}],"batisse_hs.paris":[{"target":"fui.catanzaro","urgency":2,"shortest_distance_km":1907,"ferry_time":0,"ferry_price":0,"cargo":"cargo.digger1000","company_truck":"scania_4x2_c","trailer_variant":"trailer.overweight.digger1000","trailer_definition":"trailer_def.digger1000.overweight.digger1000","units_count":100,"fill_ratio":1,"trailer_place":0}],"acc.catania":[{"target":"tras_med.catania","urgency":1,"shortest_distance_km":1,"ferry_time":0,"ferry_price":0,"cargo":"cargo.perfor_frks","company_truck":"daf_xf_euro6_6x2_a","trailer_variant":"trailer.scs_dry","trailer_definition":"trailer_def.scs.box.single_3.dryvan","units_count":33,"fill_ratio":1,"trailer_place":0},{"target":"tras_med.cagliari","urgency":0,"shortest_distance_km":243,"ferry_time":720,"ferry_price":778,"cargo":"cargo.sq_tub","company_truck":"mercedes_4x2_c","trailer_variant":"trailer.scs_flat_r","trailer_definition":"trailer_def.scs.flatbed.single_3.flatbed_w","units_count":2,"fill_ratio":1,"trailer_place":0}],"marmo.livorno":[{"target":"costruzi_hal.genova","urgency":0,"shortest_distance_km":224,"ferry_time":0,"ferry_price":0,"cargo":"cargo.gravel","company_truck":"renault_premium_6x2_a","trailer_variant":"trailer.s_ki_solid.gravel","trailer_definition":"trailer_def.gravel.s_ki_solid.gravel","units_count":100,"fill_ratio":1,"trailer_place":0}],"aaa.pescara":[{"target":"exomar.bologna","urgency":0,"shortest_distance_km":381,"ferry_time":0,"ferry_price":0,"cargo":"cargo.scooters","company_truck":"scania_r_4x2_520","trailer_variant":"trailer.scs_dry_a","trailer_definition":"trailer_def.scs.box.single_3.dryvan","units_count":33,"fill_ratio":1,"trailer_place":0}],"fattoria_f.napoli":[{"target":"exomar.taranto","urgency":1,"shortest_distance_km":299,"ferry_time":0,"ferry_price":0,"cargo":"cargo.cheese","company_truck":"daf_6x2_a","trailer_variant":"trailer.scs_ref","trailer_definition":"trailer_def.scs.box.single_3.reefer","units_count":33,"fill_ratio":1,"trailer_place":0},{"target":"exomar.taranto","urgency":2,"shortest_distance_km":299,"ferry_time":0,"ferry_price":0,"cargo":"cargo.milk","company_truck":"renault_premium_6x2_a","trailer_variant":"trailer.scs_curt_s","trailer_definition":"trailer_def.scs.box.single_3.curtain","units_count":33,"fill_ratio":1,"trailer_place":0}],"kaarfor.bern":[{"target":"exomar.ancona","urgency":2,"shortest_distance_km":835,"ferry_time":0,"ferry_price":0,"cargo":"cargo.empty_palet","company_truck":"mercedes_4x2_a","trailer_variant":"trailer.scs_dry_s","trailer_definition":"trailer_def.scs.box.single_3.dryvan","units_count":33,"fill_ratio":1,"trailer_place":0},{"target":"exomar.olbia","urgency":1,"shortest_distance_km":868,"ferry_time":1050,"ferry_price":1548,"cargo":"cargo.used_packag","company_truck":"daf_xf_euro6_4x2_b","trailer_variant":"trailer.scs_dry_m","trailer_definition":"trailer_def.scs.box.single_3.dryvan_m","units_count":33,"fill_ratio":1,"trailer_place":0}],"cnp.catania":[{"target":"acc.catania","urgency":0,"shortest_distance_km":51,"ferry_time":0,"ferry_price":0,"cargo":"cargo.lpg","company_truck":"scania_s_4x2_370","trailer_variant":"trailer.willig.fuel_cistern","trailer_definition":"trailer_def.lpg.willig.fuel_cistern","units_count":101,"fill_ratio":1,"trailer_place":0}],"te_logistica.firenze":[{"target":"ika_bohag.pescara","urgency":0,"shortest_distance_km":491,"ferry_time":0,"ferry_price":0,"cargo":"cargo.plant_substr","company_truck":"scania_streamline_6x2_b","trailer_variant":"trailer.scs_curt","trailer_definition":"trailer_def.scs.box.single_3.curtain","units_count":33,"fill_ratio":1,"trailer_place":0},{"target":"cont_port_it.livorno","urgency":2,"shortest_distance_km":102,"ferry_time":0,"ferry_price":0,"cargo":"cargo.used_plast_c","company_truck":"mercedes_4x2_b","trailer_variant":"trailer.scs_gosck220","trailer_definition":"trailer_def.scs.gooseneck.singl_3e_220.container","units_count":30,"fill_ratio":1,"trailer_place":0}],"libellula.ancona":[{"target":"cargotras.pescara","urgency":1,"shortest_distance_km":268,"ferry_time":0,"ferry_price":0,"cargo":"cargo.used_packag","company_truck":"scania_4x2_c","trailer_variant":"trailer.scs_dry_ms","trailer_definition":"trailer_def.scs.box.single_3.dryvan_m","units_count":33,"fill_ratio":1,"trailer_place":0}],"spinelli.parma":[{"target":"tras_med.roma","urgency":0,"shortest_distance_km":461,"ferry_time":0,"ferry_price":0,"cargo":"cargo.scrap_metals","company_truck":"man_6x4_b","trailer_variant":"trailer.s_ki_solid.cover","trailer_definition":"trailer_def.scrap_metals.s_ki_solid.cover","units_count":100,"fill_ratio":1,"trailer_place":0}],"fui.firenze":[{"target":"te_logistica.firenze","urgency":1,"shortest_distance_km":102,"ferry_time":0,"ferry_price":0,"cargo":"cargo.pesto","company_truck":"man_6x4_b","trailer_variant":"trailer.scs_curt","trailer_definition":"trailer_def.scs.box.single_3.curtain","units_count":33,"fill_ratio":1,"trailer_place":0}],"tesore_gust.napoli":[{"target":"eolo_lines.sangiovanni","urgency":0,"shortest_distance_km":460,"ferry_time":0,"ferry_price":0,"cargo":"cargo.olive_oil","company_truck":"scania_4x2_c","trailer_variant":"trailer.scs_curt_a","trailer_definition":"trailer_def.scs.box.single_3.curtain","units_count":33,"fill_ratio":1,"trailer_place":0}],"quadrelli.bari":[{"target":"costruzi_fla.catanzaro","urgency":1,"shortest_distance_km":351,"ferry_time":0,"ferry_price":0,"cargo":"cargo.marb_slab","company_truck":"renault_t_6x2","trailer_variant":"trailer.scs_flat_c_r","trailer_definition":"trailer_def.scs.flatbed.single_3.container","units_count":2,"fill_ratio":1,"trailer_place":0}],"sal.terni":[{"target":"quadrelli.pescara","urgency":2,"shortest_distance_km":169,"ferry_time":0,"ferry_price":0,"cargo":"cargo.excavator","company_truck":"iveco_4x2_a","trailer_variant":"trailer.overweight.excavator","trailer_definition":"trailer_def.excavator.overweight.excavator","units_count":100,"fill_ratio":1,"trailer_place":0}],"te_logistica.cagliari":[{"target":"cesare_smar.pescara","urgency":0,"shortest_distance_km":298,"ferry_time":840,"ferry_price":879,"cargo":"cargo.yogurt","company_truck":"man_6x4_b","trailer_variant":"trailer.scs_ins_s","trailer_definition":"trailer_def.scs.box.single_3.insulated","units_count":33,"fill_ratio":1,"trailer_place":0},{"target":"tras_med.bari","urgency":1,"shortest_distance_km":260,"ferry_time":840,"ferry_price":879,"cargo":"cargo.floorpanels","company_truck":"daf_xf_euro6_6x4_c","trailer_variant":"trailer.panel_trans.floor","trailer_definition":"trailer_def.floorpanels.panel_trans.floor","units_count":99,"fill_ratio":1,"trailer_place":0}],"costruzi_bas.firenze":[{"target":"exomar.roma","urgency":2,"shortest_distance_km":312,"ferry_time":0,"ferry_price":0,"cargo":"cargo.digger1000","company_truck":"scania_streamline_4x2_a","trailer_variant":"trailer.overweight.digger1000","trailer_definition":"trailer_def.digger1000.overweight.digger1000","units_count":100,"fill_ratio":1,"trailer_place":0},{"target":"te_logistica.parma","urgency":2,"shortest_distance_km":173,"ferry_time":0,"ferry_price":0,"cargo":"cargo.excavator","company_truck":"scania_s_6x2_450","trailer_variant":"trailer.overweight.excavator","trailer_definition":"trailer_def.excavator.overweight.excavator","units_count":100,"fill_ratio":1,"trailer_place":0}],"marmo.palermo":[{"target":"tras_med.catania","urgency":2,"shortest_distance_km":231,"ferry_time":0,"ferry_price":0,"cargo":"cargo.excavator","company_truck":"scania_r_4x2_370","trailer_variant":"trailer.overweight.excavator","trailer_definition":"trailer_def.excavator.overweight.excavator","units_count":100,"fill_ratio":1,"trailer_place":0}],"pp_chimica.roma":[{"target":"fui.roma","urgency":0,"shortest_distance_km":219,"ferry_time":0,"ferry_price":0,"cargo":"cargo.fertilizer","company_truck":"renault_t_4x2h","trailer_variant":"trailer.scs_brick_r","trailer_definition":"trailer_def.scs.flatbed.single_3.brick","units_count":33,"fill_ratio":1,"trailer_place":0}],"cnp.napoli":[{"target":"tras_med.bari","urgency":0,"shortest_distance_km":243,"ferry_time":0,"ferry_price":0,"cargo":"cargo.petrol","company_truck":"mercedes_4x2_a","trailer_variant":"trailer.fuel_cistern","trailer_definition":"trailer_def.petrol.fuel_cistern","units_count":100,"fill_ratio":1,"trailer_place":0},{"target":"piac.bologna","urgency":0,"shortest_distance_km":643,"ferry_time":0,"ferry_price":0,"cargo":"cargo.motor_oil","company_truck":"man_4x2_a","trailer_variant":"trailer.scs_curt","trailer_definition":"trailer_def.scs.box.single_3.curtain","units_count":33,"fill_ratio":1,"trailer_place":0},{"target":"c_navale.messina","urgency":0,"shortest_distance_km":447,"ferry_time":20,"ferry_price":347,"cargo":"cargo.motor_oil_c","company_truck":"renault_t_6x2","trailer_variant":"trailer.scs_gosck40","trailer_definition":"trailer_def.scs.gooseneck.singl_3e_40.container","units_count":30,"fill_ratio":1,"trailer_place":0}],"spinelli.cassino":[{"target":"te_logistica.sassari","urgency":2,"shortest_distance_km":387,"ferry_time":840,"ferry_price":879,"cargo":"cargo.empty_palet","company_truck":"mercedes_4x2_c","trailer_variant":"trailer.scs_curt_s","trailer_definition":"trailer_def.scs.box.single_3.curtain","units_count":33,"fill_ratio":1,"trailer_place":0}],"libellula.livorno":[{"target":"tras_med.catania","urgency":2,"shortest_distance_km":1129,"ferry_time":20,"ferry_price":347,"cargo":"cargo.empty_palet","company_truck":"iveco_4x2_c","trailer_variant":"trailer.scs_dry","trailer_definition":"trailer_def.scs.box.single_3.dryvan","units_count":33,"fill_ratio":1,"trailer_place":0}],"aci.bari":[{"target":"te_logistica.napoli","urgency":0,"shortest_distance_km":238,"ferry_time":0,"ferry_price":0,"cargo":"cargo.med_equip","company_truck":"mercedes_4x2","trailer_variant":"trailer.scs_ref_s","trailer_definition":"trailer_def.scs.box.single_3.reefer","units_count":33,"fill_ratio":1,"trailer_place":0}],"quadrelli.pescara":[{"target":"cargotras.pescara","urgency":1,"shortest_distance_km":39,"ferry_time":0,"ferry_price":0,"cargo":"cargo.sand","company_truck":"mercedes_actros_2014_4x2_c","trailer_variant":"trailer.s_ki_solid.sand","trailer_definition":"trailer_def.sand.s_ki_solid.sand","units_count":100,"fill_ratio":1,"trailer_place":0},{"target":"exomar.ancona","urgency":2,"shortest_distance_km":190,"ferry_time":0,"ferry_price":0,"cargo":"cargo.digger1000","company_truck":"daf_xf_euro6_4x2_c","trailer_variant":"trailer.overweight.digger1000","trailer_definition":"trailer_def.digger1000.overweight.digger1000","units_count":100,"fill_ratio":1,"trailer_place":0}],"cargotras.olbia":[{"target":"tras_med.cagliari","urgency":0,"shortest_distance_km":255,"ferry_time":0,"ferry_price":0,"cargo":"cargo.maple_syrup","company_truck":"mercedes_6x2_b","trailer_variant":"trailer.scs_dry_a","trailer_definition":"trailer_def.scs.box.single_3.dryvan","units_count":33,"fill_ratio":1,"trailer_place":0}],"tras_med.roma":[{"target":"te_logistica.firenze","urgency":2,"shortest_distance_km":305,"ferry_time":0,"ferry_price":0,"cargo":"cargo.seal_bearing","company_truck":"mercedes_actros_2014_4x2_a","trailer_variant":"trailer.scs_dry_ms","trailer_definition":"trailer_def.scs.box.single_3.dryvan_m","units_count":33,"fill_ratio":1,"trailer_place":0},{"target":"exomar.ancona","urgency":0,"shortest_distance_km":255,"ferry_time":0,"ferry_price":0,"cargo":"cargo.scrap_metals","company_truck":"man_6x4_b","trailer_variant":"trailer.s_ki_solid.cover","trailer_definition":"trailer_def.scrap_metals.s_ki_solid.cover","units_count":100,"fill_ratio":1,"trailer_place":0},{"target":"te_logistica.cagliari","urgency":2,"shortest_distance_km":277,"ferry_time":840,"ferry_price":879,"cargo":"cargo.milk","company_truck":"renault_t_4x2h","trailer_variant":"trailer.scs_dry","trailer_definition":"trailer_def.scs.box.single_3.dryvan","units_count":33,"fill_ratio":1,"trailer_place":0}],"piac.napoli":[{"target":"tras_med.catania","urgency":2,"shortest_distance_km":582,"ferry_time":20,"ferry_price":347,"cargo":"cargo.used_plast_c","company_truck":"scania_r_4x2_520","trailer_variant":"trailer.scs_gosck20","trailer_definition":"trailer_def.scs.gooseneck.singl_3e_20.container","units_count":15,"fill_ratio":1,"trailer_place":0},{"target":"aaa.pescara","urgency":2,"shortest_distance_km":279,"ferry_time":0,"ferry_price":0,"cargo":"cargo.car_it","company_truck":"mercedes_4x2","trailer_variant":"trailer.car_it","trailer_definition":"trailer_def.car_it.car_it","units_count":100,"fill_ratio":1,"trailer_place":0}],"cargotras.catanzaro":[{"target":"te_logistica.messina","urgency":1,"shortest_distance_km":159,"ferry_time":20,"ferry_price":347,"cargo":"cargo.oil_filters","company_truck":"man_4x2_c","trailer_variant":"trailer.scs_dry_ms","trailer_definition":"trailer_def.scs.box.single_3.dryvan_m","units_count":33,"fill_ratio":1,"trailer_place":0},{"target":"te_logistica.messina","urgency":2,"shortest_distance_km":159,"ferry_time":20,"ferry_price":347,"cargo":"cargo.rooflights","company_truck":"scania_s_6x2_450","trailer_variant":"trailer.scs_dry_a","trailer_definition":"trailer_def.scs.box.single_3.dryvan","units_count":33,"fill_ratio":1,"trailer_place":0}],"c_navale.messina":[{"target":"marina_it.cagliari","urgency":0,"shortest_distance_km":213,"ferry_time":720,"ferry_price":778,"cargo":"cargo.princess","company_truck":"man_6x4_b","trailer_variant":"trailer.overweight.boat","trailer_definition":"trailer_def.princess.overweight.boat","units_count":100,"fill_ratio":1,"trailer_place":0}],"piac.bologna":[{"target":"te_logistica.firenze","urgency":1,"shortest_distance_km":138,"ferry_time":0,"ferry_price":0,"cargo":"cargo.used_packag","company_truck":"man_4x2_c","trailer_variant":"trailer.scs_curt_a","trailer_definition":"trailer_def.scs.box.single_3.curtain","units_count":33,"fill_ratio":1,"trailer_place":0},{"target":"tras_med.roma","urgency":0,"shortest_distance_km":417,"ferry_time":0,"ferry_price":0,"cargo":"cargo.scrap_metals","company_truck":"mercedes_4x2","trailer_variant":"trailer.s_ki_solid.cover","trailer_definition":"trailer_def.scrap_metals.s_ki_solid.cover","units_count":100,"fill_ratio":1,"trailer_place":0}],"fui.olbia":[{"target":"cesare_smar.palermo","urgency":0,"shortest_distance_km":221,"ferry_time":720,"ferry_price":778,"cargo":"cargo.peas","company_truck":"renault_magnum_6x4_a","trailer_variant":"trailer.scs_dry_a","trailer_definition":"trailer_def.scs.box.single_3.dryvan","units_count":33,"fill_ratio":1,"trailer_place":0}],"posped.metz":[{"target":"cargotras.sassari","urgency":2,"shortest_distance_km":901,"ferry_time":1050,"ferry_price":1548,"cargo":"cargo.beef_meat","company_truck":"man_6x4_b","trailer_variant":"trailer.scs_ref_a","trailer_definition":"trailer_def.scs.box.single_3.reefer","units_count":33,"fill_ratio":1,"trailer_place":0}],"cnp.taranto":[{"target":"acc.taranto","urgency":0,"shortest_distance_km":9,"ferry_time":0,"ferry_price":0,"cargo":"cargo.motor_oil","company_truck":"daf_xf_euro6_4x2_a","trailer_variant":"trailer.scs_dry_a","trailer_definition":"trailer_def.scs.box.single_3.dryvan","units_count":33,"fill_ratio":1,"trailer_place":0}],"comoto.suzzara":[{"target":"exomar.roma","urgency":2,"shortest_distance_km":435,"ferry_time":0,"ferry_price":0,"cargo":"cargo.empty_palet","company_truck":"man_6x4_b","trailer_variant":"trailer.scs_curt_s","trailer_definition":"trailer_def.scs.box.single_3.curtain","units_count":33,"fill_ratio":1,"trailer_place":0}],"ika_bohag.firenze":[{"target":"exomar.ancona","urgency":1,"shortest_distance_km":351,"ferry_time":0,"ferry_price":0,"cargo":"cargo.used_packag","company_truck":"mercedes_4x2_b","trailer_variant":"trailer.scs_curt_s","trailer_definition":"trailer_def.scs.box.single_3.curtain","units_count":33,"fill_ratio":1,"trailer_place":0}],"aaa.roma":[{"target":"cargotras.pescara","urgency":0,"shortest_distance_km":223,"ferry_time":0,"ferry_price":0,"cargo":"cargo.motorcycles","company_truck":"renault_t_4x2h","trailer_variant":"trailer.scs_dry","trailer_definition":"trailer_def.scs.box.single_3.dryvan","units_count":33,"fill_ratio":1,"trailer_place":0}],"fattoria_f.roma":[{"target":"te_logistica.firenze","urgency":2,"shortest_distance_km":385,"ferry_time":0,"ferry_price":0,"cargo":"cargo.milk","company_truck":"mercedes_actros_2014_6x2_a","trailer_variant":"trailer.scs_curt_a","trailer_definition":"trailer_def.scs.box.single_3.curtain","units_count":33,"fill_ratio":1,"trailer_place":0},{"target":"tras_med.roma","urgency":1,"shortest_distance_km":128,"ferry_time":0,"ferry_price":0,"cargo":"cargo.mozzarela","company_truck":"mercedes_6x2_b","trailer_variant":"trailer.scs_ref_a","trailer_definition":"trailer_def.scs.box.single_3.reefer","units_count":33,"fill_ratio":1,"trailer_place":0}],"sellplan.geneve":[{"target":"tras_med.genova","urgency":2,"shortest_distance_km":500,"ferry_time":0,"ferry_price":0,"cargo":"cargo.empty_palet","company_truck":"scania_streamline_6x2_b","trailer_variant":"trailer.scs_dry_ms","trailer_definition":"trailer_def.scs.box.single_3.dryvan_m","units_count":32,"fill_ratio":1,"trailer_place":0},{"target":"te_logistica.firenze","urgency":1,"shortest_distance_km":698,"ferry_time":0,"ferry_price":0,"cargo":"cargo.used_packag","company_truck":"renault_premium_6x4_a","trailer_variant":"trailer.scs_dry","trailer_definition":"trailer_def.scs.box.single_3.dryvan","units_count":33,"fill_ratio":1,"trailer_place":0},{"target":"te_logistica.cagliari","urgency":2,"shortest_distance_km":820,"ferry_time":1050,"ferry_price":1548,"cargo":"cargo.used_plast_c","company_truck":"man_tgx_euro6_6x4_xlx","trailer_variant":"trailer.scs_gosck20","trailer_definition":"trailer_def.scs.gooseneck.singl_3e_20.container","units_count":15,"fill_ratio":1,"trailer_place":0}],"costruzi_win.cagliari":[{"target":"tesore_gust.napoli","urgency":2,"shortest_distance_km":122,"ferry_time":840,"ferry_price":879,"cargo":"cargo.empty_palet","company_truck":"renault_t_4x2h","trailer_variant":"trailer.scs_dry_m","trailer_definition":"trailer_def.scs.box.single_3.dryvan_m","units_count":33,"fill_ratio":1,"trailer_place":0}],"eolo_lines.sassari":[{"target":"fui.olbia","urgency":1,"shortest_distance_km":205,"ferry_time":0,"ferry_price":0,"cargo":"cargo.wrk_cloth","company_truck":"mercedes_actros_2014_4x2_b","trailer_variant":"trailer.scs_curt_s","trailer_definition":"trailer_def.scs.box.single_3.curtain","units_count":33,"fill_ratio":1,"trailer_place":0}],"te_logistica.messina":[{"target":"eolo_lines.palermo","urgency":1,"shortest_distance_km":211,"ferry_time":0,"ferry_price":0,"cargo":"cargo.drymilk","company_truck":"scania_s_6x2_450","trailer_variant":"trailer.scs_dry_ms","trailer_definition":"trailer_def.scs.box.single_3.dryvan_m","units_count":33,"fill_ratio":1,"trailer_place":0},{"target":"cargotras.catanzaro","urgency":2,"shortest_distance_km":165,"ferry_time":20,"ferry_price":347,"cargo":"cargo.beverages_t","company_truck":"iveco_6x2_a","trailer_variant":"trailer.scs_fodt","trailer_definition":"trailer_def.scs.foodtank.single_3.paint","units_count":27,"fill_ratio":1,"trailer_place":0},{"target":"cargotras.palermo","urgency":0,"shortest_distance_km":208,"ferry_time":0,"ferry_price":0,"cargo":"cargo.apples_c","company_truck":"renault_t_6x2","trailer_variant":"trailer.scs_flat_c_g","trailer_definition":"trailer_def.scs.flatbed.single_3.container","units_count":33,"fill_ratio":1,"trailer_place":0},{"target":"cesare_smar.sassari","urgency":2,"shortest_distance_km":427,"ferry_time":720,"ferry_price":778,"cargo":"cargo.vinegar","company_truck":"man_6x4_b","trailer_variant":"trailer.scs_dry_ms","trailer_definition":"trailer_def.scs.box.single_3.dryvan_m","units_count":33,"fill_ratio":1,"trailer_place":0}],"aci.cagliari":[{"target":"cargotras.sassari","urgency":0,"shortest_distance_km":218,"ferry_time":0,"ferry_price":0,"cargo":"cargo.med_equip","company_truck":"scania_streamline_6x4_a","trailer_variant":"trailer.scs_dry_m","trailer_definition":"trailer_def.scs.box.single_3.dryvan_m","units_count":33,"fill_ratio":1,"trailer_place":0}],"cnp.ancona":[{"target":"cargotras.livorno","urgency":2,"shortest_distance_km":329,"ferry_time":0,"ferry_price":0,"cargo":"cargo.fueltanker","company_truck":"man_tgx_euro6_4x2_xl","trailer_variant":"trailer.scs_flat_c_r","trailer_definition":"trailer_def.scs.flatbed.single_3.container","units_count":87,"fill_ratio":1,"trailer_place":0}],"te_logistica.napoli":[{"target":"cnp.napoli","urgency":2,"shortest_distance_km":20,"ferry_time":0,"ferry_price":0,"cargo":"cargo.fueltanker","company_truck":"man_6x4_b","trailer_variant":"trailer.scs_gosck220","trailer_definition":"trailer_def.scs.gooseneck.singl_3e_220.container","units_count":80,"fill_ratio":1,"trailer_place":0},{"target":"exomar.ancona","urgency":2,"shortest_distance_km":395,"ferry_time":0,"ferry_price":0,"cargo":"cargo.mondeos","company_truck":"scania_r_6x2_450","trailer_variant":"trailer.car_trans","trailer_definition":"trailer_def.mondeos.car_trans","units_count":100,"fill_ratio":1,"trailer_place":0}],"itcc.glasgow":[{"target":"tradeaux.felixstowe","urgency":0,"shortest_distance_km":731,"ferry_time":0,"ferry_price":0,"cargo":"cargo.sq_tub","company_truck":"scania_6x2_b","trailer_variant":"trailer.scs_flat_r","trailer_definition":"trailer_def.scs.flatbed.single_3.flatbed_w","units_count":2,"fill_ratio":1,"trailer_place":0}],"eolo_lines.cagliari":[{"target":"tras_med.roma","urgency":1,"shortest_distance_km":271,"ferry_time":840,"ferry_price":879,"cargo":"cargo.mozzarela","company_truck":"mercedes_4x2","trailer_variant":"trailer.scs_ins_s","trailer_definition":"trailer_def.scs.box.single_3.insulated","units_count":33,"fill_ratio":1,"trailer_place":0},{"target":"te_logistica.napoli","urgency":0,"shortest_distance_km":22,"ferry_time":840,"ferry_price":879,"cargo":"cargo.furniture","company_truck":"mercedes_actros_2014_6x2_a","trailer_variant":"trailer.scs_dry_s","trailer_definition":"trailer_def.scs.box.single_3.dryvan","units_count":33,"fill_ratio":1,"trailer_place":0},{"target":"exomar.olbia","urgency":0,"shortest_distance_km":253,"ferry_time":0,"ferry_price":0,"cargo":"cargo.chewing_gums","company_truck":"mercedes_actros_2014_4x2_a","trailer_variant":"trailer.scs_dry","trailer_definition":"trailer_def.scs.box.single_3.dryvan","units_count":33,"fill_ratio":1,"trailer_place":0}],"posped.bratislava":[{"target":"exomar.olbia","urgency":1,"shortest_distance_km":1649,"ferry_time":840,"ferry_price":879,"cargo":"cargo.floorpanels","company_truck":"mercedes_6x4_a","trailer_variant":"trailer.panel_trans.floor","trailer_definition":"trailer_def.floorpanels.panel_trans.floor","units_count":82,"fill_ratio":1,"trailer_place":0}],"eolo_lines.messina":[{"target":"cargotras.olbia","urgency":0,"shortest_distance_km":466,"ferry_time":720,"ferry_price":778,"cargo":"cargo.furniture","company_truck":"scania_r_6x2_450","trailer_variant":"trailer.scs_dry_ms","trailer_definition":"trailer_def.scs.box.single_3.dryvan_m","units_count":33,"fill_ratio":1,"trailer_place":0},{"target":"tras_med.cagliari","urgency":2,"shortest_distance_km":248,"ferry_time":720,"ferry_price":778,"cargo":"cargo.moto_tires","company_truck":"scania_streamline_6x2_b","trailer_variant":"trailer.scs_dry_s","trailer_definition":"trailer_def.scs.box.single_3.dryvan","units_count":33,"fill_ratio":1,"trailer_place":0}],"sellplan.torino":[{"target":"tras_med.cagliari","urgency":1,"shortest_distance_km":916,"ferry_time":840,"ferry_price":879,"cargo":"cargo.used_packag","company_truck":"man_6x4_b","trailer_variant":"trailer.scs_dry","trailer_definition":"trailer_def.scs.box.single_3.dryvan","units_count":33,"fill_ratio":1,"trailer_place":0}],"cargotras.palermo":[{"target":"te_logistica.sassari","urgency":0,"shortest_distance_km":219,"ferry_time":720,"ferry_price":778,"cargo":"cargo.clothes","company_truck":"scania_r_4x2_370","trailer_variant":"trailer.scs_dry_a","trailer_definition":"trailer_def.scs.box.single_3.dryvan","units_count":33,"fill_ratio":1,"trailer_place":0},{"target":"exomar.ancona","urgency":0,"shortest_distance_km":1023,"ferry_time":20,"ferry_price":347,"cargo":"cargo.grapes","company_truck":"renault_magnum_6x2_a","trailer_variant":"trailer.scs_ref","trailer_definition":"trailer_def.scs.box.single_3.reefer","units_count":33,"fill_ratio":1,"trailer_place":0}],"te_logistica.sassari":[{"target":"exomar.olbia","urgency":2,"shortest_distance_km":96,"ferry_time":0,"ferry_price":0,"cargo":"cargo.limonades","company_truck":"scania_streamline_4x2_a","trailer_variant":"trailer.scs_dry_ms","trailer_definition":"trailer_def.scs.box.single_3.dryvan_m","units_count":33,"fill_ratio":1,"trailer_place":0},{"target":"cargotras.sassari","urgency":0,"shortest_distance_km":1,"ferry_time":0,"ferry_price":0,"cargo":"cargo.outdr_flr_tl","company_truck":"renault_magnum_6x4_a","trailer_variant":"trailer.scs_dry","trailer_definition":"trailer_def.scs.box.single_3.dryvan","units_count":33,"fill_ratio":1,"trailer_place":0}],"libellula.milano":[{"target":"exomar.bologna","urgency":0,"shortest_distance_km":326,"ferry_time":0,"ferry_price":0,"cargo":"cargo.motorcycles","company_truck":"scania_r_6x2_450","trailer_variant":"trailer.scs_dry_ms","trailer_definition":"trailer_def.scs.box.single_3.dryvan_m","units_count":33,"fill_ratio":1,"trailer_place":0},{"target":"tras_med.genova","urgency":2,"shortest_distance_km":202,"ferry_time":0,"ferry_price":0,"cargo":"cargo.empty_palet","company_truck":"renault_magnum_4x2_a","trailer_variant":"trailer.scs_dry_a","trailer_definition":"trailer_def.scs.box.single_3.dryvan","units_count":33,"fill_ratio":1,"trailer_place":0}],"cesare_smar.pescara":[{"target":"cont_port_it.bari","urgency":2,"shortest_distance_km":308,"ferry_time":0,"ferry_price":0,"cargo":"cargo.used_plast_c","company_truck":"mercedes_actros_2014_4x2_c","trailer_variant":"trailer.scs_gosck40","trailer_definition":"trailer_def.scs.gooseneck.singl_3e_40.container","units_count":30,"fill_ratio":1,"trailer_place":0},{"target":"cargotras.sassari","urgency":1,"shortest_distance_km":505,"ferry_time":840,"ferry_price":879,"cargo":"cargo.used_packag","company_truck":"scania_streamline_4x2_a","trailer_variant":"trailer.scs_dry_ms","trailer_definition":"trailer_def.scs.box.single_3.dryvan_m","units_count":33,"fill_ratio":1,"trailer_place":0},{"target":"cargotras.pescara","urgency":2,"shortest_distance_km":1,"ferry_time":0,"ferry_price":0,"cargo":"cargo.empty_palet","company_truck":"scania_s_6x4_730","trailer_variant":"trailer.scs_dry_s","trailer_definition":"trailer_def.scs.box.single_3.dryvan","units_count":33,"fill_ratio":1,"trailer_place":0}],"bcp.stuttgart":[{"target":"tesore_gust.firenze","urgency":2,"shortest_distance_km":881,"ferry_time":0,"ferry_price":0,"cargo":"cargo.forklifts","company_truck":"iveco_4x2_a","trailer_variant":"trailer.overweight.forklifts","trailer_definition":"trailer_def.forklifts.overweight.forklifts","units_count":100,"fill_ratio":1,"trailer_place":0}],"acc.taranto":[{"target":"exomar.roma","urgency":0,"shortest_distance_km":469,"ferry_time":0,"ferry_price":0,"cargo":"cargo.hipresstank","company_truck":"man_6x4_b","trailer_variant":"trailer.scs_flat_c_g","trailer_definition":"trailer_def.scs.flatbed.single_3.container","units_count":2,"fill_ratio":1,"trailer_place":0},{"target":"cargotras.olbia","urgency":2,"shortest_distance_km":528,"ferry_time":840,"ferry_price":879,"cargo":"cargo.fueltanker","company_truck":"scania_4x2_a","trailer_variant":"trailer.scs_gosck220","trailer_definition":"trailer_def.scs.gooseneck.singl_3e_220.container","units_count":80,"fill_ratio":1,"trailer_place":0}],"fui.roma":[{"target":"tras_med.roma","urgency":1,"shortest_distance_km":101,"ferry_time":0,"ferry_price":0,"cargo":"cargo.carrots","company_truck":"man_tgx_euro6_4x2_xl","trailer_variant":"trailer.scs_dry_m","trailer_definition":"trailer_def.scs.box.single_3.dryvan_m","units_count":33,"fill_ratio":1,"trailer_place":0}],"quadrelli.catania":[{"target":"fui.olbia","urgency":0,"shortest_distance_km":454,"ferry_time":720,"ferry_price":778,"cargo":"cargo.excav_soil","company_truck":"iveco_6x2_a","trailer_variant":"trailer.s_ki_solid.cover","trailer_definition":"trailer_def.excav_soil.s_ki_solid.cover","units_count":100,"fill_ratio":1,"trailer_place":0}],"eolo_lines.sangiovanni":[{"target":"te_logistica.messina","urgency":0,"shortest_distance_km":5,"ferry_time":20,"ferry_price":347,"cargo":"cargo.pasta","company_truck":"scania_s_4x2_370","trailer_variant":"trailer.scs_dry","trailer_definition":"trailer_def.scs.box.single_3.dryvan","units_count":33,"fill_ratio":1,"trailer_place":0}],"trameri.hannover":[{"target":"tras_med.genova","urgency":2,"shortest_distance_km":1161,"ferry_time":0,"ferry_price":0,"cargo":"cargo.rooflights","company_truck":"scania_4x2_a","trailer_variant":"trailer.scs_dry_s","trailer_definition":"trailer_def.scs.box.single_3.dryvan","units_count":33,"fill_ratio":1,"trailer_place":0}],"stokes.nurnberg":[{"target":"exomar.ancona","urgency":0,"shortest_distance_km":1007,"ferry_time":0,"ferry_price":0,"cargo":"cargo.vent_tube","company_truck":"scania_streamline_4x2_a","trailer_variant":"trailer.scs_flat_c_r","trailer_definition":"trailer_def.scs.flatbed.single_3.container","units_count":2,"fill_ratio":1,"trailer_place":0}],"posped.rotterdam":[{"target":"lisette_log.paris","urgency":0,"shortest_distance_km":437,"ferry_time":0,"ferry_price":0,"cargo":"cargo.metal_pipes","company_truck":"iveco_6x2_a","trailer_variant":"trailer.scs_flat_c_g","trailer_definition":"trailer_def.scs.flatbed.single_3.container","units_count":2,"fill_ratio":1,"trailer_place":0}],"euroacres.salzburg":[{"target":"exomar.olbia","urgency":2,"shortest_distance_km":1444,"ferry_time":840,"ferry_price":879,"cargo":"cargo.beef_meat","company_truck":"renault_premium_6x2_a","trailer_variant":"trailer.scs_ref","trailer_definition":"trailer_def.scs.box.single_3.reefer","units_count":33,"fill_ratio":1,"trailer_place":0}],"cesare_smar.palermo":[{"target":"cargotras.livorno","urgency":0,"shortest_distance_km":1179,"ferry_time":20,"ferry_price":347,"cargo":"cargo.used_plast","company_truck":"daf_xf_euro6_4x2_c","trailer_variant":"trailer.scs_curt_a","trailer_definition":"trailer_def.scs.box.single_3.curtain","units_count":33,"fill_ratio":1,"trailer_place":0},{"target":"te_logistica.sassari","urgency":2,"shortest_distance_km":219,"ferry_time":720,"ferry_price":778,"cargo":"cargo.used_plast_c","company_truck":"daf_xf_euro6_4x2_c","trailer_variant":"trailer.scs_flat_c_r","trailer_definition":"trailer_def.scs.flatbed.single_3.container","units_count":33,"fill_ratio":1,"trailer_place":0}],"quarry.dortmund":[{"target":"te_logistica.parma","urgency":0,"shortest_distance_km":1114,"ferry_time":0,"ferry_price":0,"cargo":"cargo.gravel","company_truck":"renault_t_4x2h","trailer_variant":"trailer.s_ki_solid.gravel","trailer_definition":"trailer_def.gravel.s_ki_solid.gravel","units_count":100,"fill_ratio":1,"trailer_place":0}],"cont_port_it.ancona":[{"target":"cnp.ancona","urgency":1,"shortest_distance_km":28,"ferry_time":0,"ferry_price":0,"cargo":"cargo.chem_sorb_c","company_truck":"iveco_6x2_a","trailer_variant":"trailer.scs_flat_c_r","trailer_definition":"trailer_def.scs.flatbed.single_3.container","units_count":33,"fill_ratio":1,"trailer_place":0}]}