{"cargotras.livorno":[{"target":"te_logistica.napoli","urgency":0,"shortest_distance_km":543,"ferry_time":0,"ferry_price":0,"cargo":"cargo.roller","company_truck":"renault_magnum_6x2_a","trailer_variant":"trailer.overweight.roller","trailer_definition":"trailer_def.roller.overweight.roller","units_count":100,"fill_ratio":1,"trailer_place":0}],"trameri.carlisle":[{"target":"sanbuilders.edinburgh","urgency":0,"shortest_distance_km":164,"ferry_time":0,"ferry_price":0,"cargo":"cargo.tube","company_truck":"scania_s_4x2_370","trailer_variant":"trailer.overweight.tube","trailer_definition":"trailer_def.tube.overweight.tube","units_count":94,"fill_ratio":1,"trailer_place":0}],"trameri.dresden":[{"target":"tradeaux.felixstowe","urgency":0,"shortest_distance_km":1277,"ferry_time":35,"ferry_price":300,"cargo":"cargo.tube","company_truck":"renault_premium_6x4_a","trailer_variant":"trailer.overweight.tube","trailer_definition":"trailer_def.tube.overweight.tube","units_count":94,"fill_ratio":1,"trailer_place":0}],"lkwlog.gdansk":[{"target":"tradeaux.olsztyn","urgency":0,"shortest_distance_km":165,"ferry_time":0,"ferry_price":0,"cargo":"cargo.roller","company_truck":"scania_streamline_6x2_b","trailer_variant":"trailer.overweight.roller","trailer_definition":"trailer_def.roller.overweight.roller","units_count":100,"fill_ratio":1,"trailer_place":0}],"sanbuilders.brno":[{"target":"gnt.kristiansand","urgency":0,"shortest_distance_km":1299,"ferry_time":195,"ferry_price":1052,"cargo":"cargo.roller","company_truck":"man_4x2_c","trailer_variant":"trailer.overweight.roller","trailer_definition":"trailer_def.roller.overweight.roller","units_count":100,"fill_ratio":1,"trailer_place":0}],"trameri.nurnberg":[{"target":"wgcc.munchen","urgency":0,"shortest_distance_km":199,"ferry_time":0,"ferry_price":0,"cargo":"cargo.tube","company_truck":"renault_t_4x2h","trailer_variant":"trailer.overweight.tube","trailer_definition":"trailer_def.tube.overweight.tube","units_count":94,"fill_ratio":1,"trailer_place":0}],"sanbuilders.edinburgh":[{"target":"transinet.sheffield","urgency":0,"shortest_distance_km":377,"ferry_time":0,"ferry_price":0,"cargo":"cargo.roller","company_truck":"iveco_h_4x2_a","trailer_variant":"trailer.overweight.roller","trailer_definition":"trailer_def.roller.overweight.roller","units_count":100,"fill_ratio":1,"trailer_place":0}],"sanbuilders.rotterdam":[{"target":"lkwlog.felixstowe","urgency":0,"shortest_distance_km":136,"ferry_time":480,"ferry_price":960,"cargo":"cargo.roller","company_truck":"scania_4x2_b","trailer_variant":"trailer.overweight.roller","trailer_definition":"trailer_def.roller.overweight.roller","units_count":100,"fill_ratio":1,"trailer_place":0}],"cargotras.pescara":[{"target":"tras_med.roma","urgency":0,"shortest_distance_km":240,"ferry_time":0,"ferry_price":0,"cargo":"cargo.tube","company_truck":"mercedes_actros_2014_6x2_a","trailer_variant":"trailer.overweight.tube","trailer_definition":"trailer_def.tube.overweight.tube","units_count":100,"fill_ratio":1,"trailer_place":0}],"stokes.poznan":[{"target":"posped.warszawa","urgency":0,"shortest_distance_km":234,"ferry_time":0,"ferry_price":0,"cargo":"cargo.tube","company_truck":"man_6x4_b","trailer_variant":"trailer.overweight.tube","trailer_definition":"trailer_def.tube.overweight.tube","units_count":94,"fill_ratio":1,"trailer_place":0}],"rosmark_ru.kaliningrad":[{"target":"rosmark.liepaja","urgency":0,"shortest_distance_km":372,"ferry_time":0,"ferry_price":0,"cargo":"cargo.tube","company_truck":"man_4x2_a","trailer_variant":"trailer.overweight.tube","trailer_definition":"trailer_def.tube.overweight.tube","units_count":94,"fill_ratio":1,"trailer_place":0}],"domdepo.tekirdag":[{"target":"lognstick.tekirdag","urgency":0,"shortest_distance_km":1,"ferry_time":0,"ferry_price":0,"cargo":"cargo.tube","company_truck":"renault_magnum_4x2_a","trailer_variant":"trailer.overweight.tube","trailer_definition":"trailer_def.tube.overweight.tube","units_count":100,"fill_ratio":1,"trailer_place":0}]}