{"renar.vaxjo":[{"target":"drekkar.odense","urgency":1,"shortest_distance_km":417,"ferry_time":0,"ferry_price":0,"cargo":"cargo.truck_rims","company_truck":"scania_s_4x2_580","trailer_variant":"trailer.scs_curt_a","trailer_definition":"trailer_def.scs.box.single_3.curtain","units_count":33,"fill_ratio":1,"trailer_place":0}],"fle.paris":[{"target":"sellplan.groningen","urgency":1,"shortest_distance_km":706,"ferry_time":0,"ferry_price":0,"cargo":"cargo.fresh_fish","company_truck":"iveco_4x2_c","trailer_variant":"trailer.scs_ref","trailer_definition":"trailer_def.scs.box.single_3.reefer","units_count":33,"fill_ratio":1,"trailer_place":0}],"voitureux.paris":[{"target":"ns_oil.aalborg","urgency":2,"shortest_distance_km":1373,"ferry_time":0,"ferry_price":0,"cargo":"cargo.empty_palet","company_truck":"iveco_4x2_b","trailer_variant":"trailer.scs_dry_m","trailer_definition":"trailer_def.scs.box.single_3.dryvan_m","units_count":33,"fill_ratio":1,"trailer_place":0},{"target":"renar.oslo","urgency":0,"shortest_distance_km":1948,"ferry_time":0,"ferry_price":0,"cargo":"cargo.scrap_metals","company_truck":"mercedes_actros_2014_4x2_c","trailer_variant":"trailer.s_ki_solid.cover","trailer_definition":"trailer_def.scrap_metals.s_ki_solid.cover","units_count":100,"fill_ratio":1,"trailer_place":0}],"eurogoodies.plymouth":[{"target":"sellplan.southampton","urgency":2,"shortest_distance_km":269,"ferry_time":0,"ferry_price":0,"cargo":"cargo.liver_paste","company_truck":"scania_s_4x2_580","trailer_variant":"trailer.scs_ins","trailer_definition":"trailer_def.scs.box.single_3.insulated","units_count":33,"fill_ratio":1,"trailer_place":0}],"tree_et.birmingham":[{"target":"euroacres.dover","urgency":0,"shortest_distance_km":321,"ferry_time":0,"ferry_price":0,"cargo":"cargo.wooden_beams","company_truck":"scania_s_6x2_450","trailer_variant":"trailer.scs_curt_s","trailer_definition":"trailer_def.scs.box.single_3.curtain","units_count":33,"fill_ratio":1,"trailer_place":0}],"norrsken.goteborg":[{"target":"aria_fd_trbg.trelleborg","urgency":0,"shortest_distance_km":296,"ferry_time":0,"ferry_price":0,"cargo":"cargo.desinfection","company_truck":"mercedes_actros_2014_6x4_b","trailer_variant":"trailer.scs_dry","trailer_definition":"trailer_def.scs.box.single_3.dryvan","units_count":33,"fill_ratio":1,"trailer_place":0}],"lkwlog.felixstowe":[{"target":"eurogoodies.wroclaw","urgency":1,"shortest_distance_km":1473,"ferry_time":35,"ferry_price":300,"cargo":"cargo.caviar","company_truck":"daf_xf_euro6_6x2_a","trailer_variant":"trailer.scs_ins_a","trailer_definition":"trailer_def.scs.box.single_3.insulated","units_count":33,"fill_ratio":1,"trailer_place":0},{"target":"norrsken.goteborg","urgency":2,"shortest_distance_km":1391,"ferry_time":480,"ferry_price":960,"cargo":"cargo.pot_flowers","company_truck":"man_tgx_euro6_4x2_xl","trailer_variant":"trailer.scs_ins","trailer_definition":"trailer_def.scs.box.single_3.insulated","units_count":33,"fill_ratio":1,"trailer_place":0}],"tradeaux.klagenfurt":[{"target":"lkwlog.brno","urgency":0,"shortest_distance_km":344,"ferry_time":0,"ferry_price":0,"cargo":"cargo.fish_chips","company_truck":"scania_r_6x4_650","trailer_variant":"trailer.scs_ref","trailer_definition":"trailer_def.scs.box.single_3.reefer","units_count":33,"fill_ratio":1,"trailer_place":0}],"drekkar.bergen":[{"target":"norr_food.kalmar","urgency":2,"shortest_distance_km":1067,"ferry_time":0,"ferry_price":0,"cargo":"cargo.plums","company_truck":"renault_premium_6x2_a","trailer_variant":"trailer.scs_ref_a","trailer_definition":"trailer_def.scs.box.single_3.reefer","units_count":33,"fill_ratio":1,"trailer_place":0},{"target":"gnt.bergen","urgency":2,"shortest_distance_km":13,"ferry_time":0,"ferry_price":0,"cargo":"cargo.cont_trees","company_truck":"double/mercedes_actros_2014_4x2_a","trailer_variant":"trailer.scs_dry_b2","trailer_definition":"trailer_def.scs.box.bdouble_3_3.dryvan","units_count":53,"fill_ratio":1,"trailer_place":0},{"target":"renar.stavanger","urgency":1,"shortest_distance_km":432,"ferry_time":0,"ferry_price":0,"cargo":"cargo.young_seed","company_truck":"mercedes_actros_2014_6x2_a","trailer_variant":"trailer.scs_dry_ms","trailer_definition":"trailer_def.scs.box.single_3.dryvan_m","units_count":33,"fill_ratio":1,"trailer_place":0}],"agronord.goteborg":[{"target":"norr_food.oslo","urgency":2,"shortest_distance_km":257,"ferry_time":0,"ferry_price":0,"cargo":"cargo.cont_trees","company_truck":"double/mercedes_actros_2014_4x2_a","trailer_variant":"trailer.scs_dry_b2","trailer_definition":"trailer_def.scs.box.bdouble_3_3.dryvan","units_count":53,"fill_ratio":1,"trailer_place":0},{"target":"norr_food.helsingborg","urgency":0,"shortest_distance_km":317,"ferry_time":0,"ferry_price":0,"cargo":"cargo.garlic","company_truck":"mercedes_actros_2014_6x2_a","trailer_variant":"trailer.scs_dry","trailer_definition":"trailer_def.scs.box.single_3.dryvan","units_count":33,"fill_ratio":1,"trailer_place":0}],"posped.geneve":[{"target":"eurogoodies.bern","urgency":1,"shortest_distance_km":130,"ferry_time":0,"ferry_price":0,"cargo":"cargo.salm_fillet","company_truck":"renault_magnum_6x4_a","trailer_variant":"trailer.scs_ins_a","trailer_definition":"trailer_def.scs.box.single_3.insulated","units_count":33,"fill_ratio":1,"trailer_place":0}],"agronord.esbjerg":[{"target":"norr_food.kobenhavn","urgency":2,"shortest_distance_km":350,"ferry_time":0,"ferry_price":0,"cargo":"cargo.beans","company_truck":"renault_magnum_6x4_a","trailer_variant":"trailer.scs_dry_m","trailer_definition":"trailer_def.scs.box.single_3.dryvan_m","units_count":33,"fill_ratio":1,"trailer_place":0},{"target":"ika_bohag.kobenhavn","urgency":1,"shortest_distance_km":350,"ferry_time":0,"ferry_price":0,"cargo":"cargo.young_seed","company_truck":"daf_xf_euro6_4x2_a","trailer_variant":"trailer.scs_ref_a","trailer_definition":"trailer_def.scs.box.single_3.reefer","units_count":33,"fill_ratio":1,"trailer_place":0}],"polar_fish.goteborg":[{"target":"drekkar.vaxjo","urgency":0,"shortest_distance_km":280,"ferry_time":0,"ferry_price":0,"cargo":"cargo.smokd_eel","company_truck":"double/scania_streamline_4x2_a","trailer_variant":"trailer.scs_ins_b2","trailer_definition":"trailer_def.scs.box.bdouble_3_3.insulated","units_count":53,"fill_ratio":1,"trailer_place":0}],"scania_fac.sodertalje":[{"target":"drekkar.vaxjo","urgency":0,"shortest_distance_km":372,"ferry_time":0,"ferry_price":0,"cargo":"cargo.scrap_metals","company_truck":"iveco_6x2_a","trailer_variant":"trailer.s_ki_solid.cover","trailer_definition":"trailer_def.scrap_metals.s_ki_solid.cover","units_count":100,"fill_ratio":1,"trailer_place":0}],"fcp.brussel":[{"target":"transinet.cambridge","urgency":0,"shortest_distance_km":479,"ferry_time":35,"ferry_price":300,"cargo":"cargo.empty_barr","company_truck":"daf_xf_euro6_4x2_b","trailer_variant":"trailer.scs_dry_a","trailer_definition":"trailer_def.scs.box.single_3.dryvan","units_count":33,"fill_ratio":1,"trailer_place":0}],"trameri.strasbourg":[{"target":"stokes.zurich","urgency":1,"shortest_distance_km":216,"ferry_time":0,"ferry_price":0,"cargo":"cargo.plast_film","company_truck":"scania_6x4_a","trailer_variant":"trailer.scs_curt","trailer_definition":"trailer_def.scs.box.single_3.curtain","units_count":33,"fill_ratio":1,"trailer_place":0}],"stokes.dusseldorf":[{"target":"transinet.hamburg","urgency":1,"shortest_distance_km":416,"ferry_time":0,"ferry_price":0,"cargo":"cargo.canned_pork","company_truck":"iveco_h_4x2_a","trailer_variant":"trailer.scs_ins_s","trailer_definition":"trailer_def.scs.box.single_3.insulated","units_count":32,"fill_ratio":1,"trailer_place":0}],"polarislines.kristiansand":[{"target":"gnt.helsingborg","urgency":1,"shortest_distance_km":738,"ferry_time":0,"ferry_price":0,"cargo":"cargo.copp_rf_gutt","company_truck":"mercedes_4x2","trailer_variant":"trailer.scs_dry_ms","trailer_definition":"trailer_def.scs.box.single_3.dryvan_m","units_count":33,"fill_ratio":1,"trailer_place":0},{"target":"norrsken.goteborg","urgency":2,"shortest_distance_km":550,"ferry_time":0,"ferry_price":0,"cargo":"cargo.flour","company_truck":"scania_s_6x2_450","trailer_variant":"trailer.scs_dry_m","trailer_definition":"trailer_def.scs.box.single_3.dryvan_m","units_count":33,"fill_ratio":1,"trailer_place":0},{"target":"norrsken.aalborg","urgency":2,"shortest_distance_km":102,"ferry_time":195,"ferry_price":1052,"cargo":"cargo.guard_rails","company_truck":"scania_s_4x2_370","trailer_variant":"trailer.scs_curt_a","trailer_definition":"trailer_def.scs.box.single_3.curtain","units_count":33,"fill_ratio":1,"trailer_place":0}],"sanbuilders.newcastle":[{"target":"nord_sten.vaxjo","urgency":2,"shortest_distance_km":767,"ferry_time":1140,"ferry_price":1314,"cargo":"cargo.excavator","company_truck":"renault_magnum_4x2_a","trailer_variant":"trailer.overweight.excavator","trailer_definition":"trailer_def.excavator.overweight.excavator","units_count":94,"fill_ratio":1,"trailer_place":0}],"ns_chem.malmo":[{"target":"renar.kobenhavn","urgency":2,"shortest_distance_km":65,"ferry_time":0,"ferry_price":0,"cargo":"cargo.graph_grease","company_truck":"mercedes_actros_2014_6x4_b","trailer_variant":"trailer.scs_dry_a","trailer_definition":"trailer_def.scs.box.single_3.dryvan","units_count":33,"fill_ratio":1,"trailer_place":0}],"nord_crown.bergen":[{"target":"polarislines.esbjerg","urgency":1,"shortest_distance_km":845,"ferry_time":195,"ferry_price":1052,"cargo":"cargo.vinegar_c","company_truck":"scania_4x2_a","trailer_variant":"trailer.scs_flat_c_g","trailer_definition":"trailer_def.scs.flatbed.single_3.container","units_count":33,"fill_ratio":1,"trailer_place":0},{"target":"norrsken.goteborg","urgency":2,"shortest_distance_km":753,"ferry_time":0,"ferry_price":0,"cargo":"cargo.sausages","company_truck":"renault_t_4x2","trailer_variant":"trailer.scs_ins","trailer_definition":"trailer_def.scs.box.single_3.insulated","units_count":33,"fill_ratio":1,"trailer_place":0},{"target":"renar.stavanger","urgency":2,"shortest_distance_km":432,"ferry_time":0,"ferry_price":0,"cargo":"cargo.liver_paste","company_truck":"double/mercedes_actros_2014_4x2_a","trailer_variant":"trailer.scs_ins_b2","trailer_definition":"trailer_def.scs.box.bdouble_3_3.insulated","units_count":53,"fill_ratio":1,"trailer_place":0},{"target":"renar.oslo","urgency":0,"shortest_distance_km":566,"ferry_time":0,"ferry_price":0,"cargo":"cargo.pet_food","company_truck":"daf_xf_euro6_4x2_b","trailer_variant":"trailer.scs_curt","trailer_definition":"trailer_def.scs.box.single_3.curtain","units_count":33,"fill_ratio":1,"trailer_place":0}],"bjork.kristiansand":[{"target":"nord_crown.odense","urgency":2,"shortest_distance_km":334,"ferry_time":195,"ferry_price":1052,"cargo":"cargo.empty_palet","company_truck":"daf_xf_euro6_4x2_a","trailer_variant":"trailer.scs_curt_s","trailer_definition":"trailer_def.scs.box.single_3.curtain","units_count":33,"fill_ratio":1,"trailer_place":0},{"target":"renar.stavanger","urgency":1,"shortest_distance_km":181,"ferry_time":0,"ferry_price":0,"cargo":"cargo.diggers","company_truck":"mercedes_4x2_b","trailer_variant":"trailer.overweight.digger","trailer_definition":"trailer_def.diggers.overweight.digger","units_count":100,"fill_ratio":1,"trailer_place":0}],"norrsken.aalborg":[{"target":"gnt.helsingborg","urgency":0,"shortest_distance_km":459,"ferry_time":0,"ferry_price":0,"cargo":"cargo.tableware","company_truck":"iveco_4x2_c","trailer_variant":"trailer.scs_dry_m","trailer_definition":"trailer_def.scs.box.single_3.dryvan_m","units_count":33,"fill_ratio":1,"trailer_place":0}],"polarislines.esbjerg":[{"target":"drekkar.odense","urgency":1,"shortest_distance_km":145,"ferry_time":0,"ferry_price":0,"cargo":"cargo.copp_rf_gutt","company_truck":"iveco_4x2_c","trailer_variant":"trailer.scs_dry_s","trailer_definition":"trailer_def.scs.box.single_3.dryvan","units_count":33,"fill_ratio":1,"trailer_place":0}],"ika_bohag.oslo":[{"target":"gnt.kristiansand","urgency":1,"shortest_distance_km":312,"ferry_time":0,"ferry_price":0,"cargo":"cargo.used_packag","company_truck":"scania_4x2_c","trailer_variant":"trailer.scs_curt","trailer_definition":"trailer_def.scs.box.single_3.curtain","units_count":33,"fill_ratio":1,"trailer_place":0}],"tree_et.innsbruck":[{"target":"euroacres.wien","urgency":0,"shortest_distance_km":462,"ferry_time":0,"ferry_price":0,"cargo":"cargo.wooden_beams","company_truck":"man_6x4_b","trailer_variant":"trailer.scs_flat_r","trailer_definition":"trailer_def.scs.flatbed.single_3.flatbed_w","units_count":33,"fill_ratio":1,"trailer_place":0}],"konstnr_wind.esbjerg":[{"target":"nord_crown.bergen","urgency":2,"shortest_distance_km":737,"ferry_time":195,"ferry_price":1052,"cargo":"cargo.empty_palet","company_truck":"man_6x4_b","trailer_variant":"trailer.scs_dry_b2","trailer_definition":"trailer_def.scs.box.bdouble_3_3.dryvan","units_count":46,"fill_ratio":1,"trailer_place":0}],"euroacres.brussel":[{"target":"polarislines.esbjerg","urgency":0,"shortest_distance_km":939,"ferry_time":0,"ferry_price":0,"cargo":"cargo.honey","company_truck":"mercedes_6x2_b","trailer_variant":"trailer.scs_dry_m","trailer_definition":"trailer_def.scs.box.single_3.dryvan_m","units_count":33,"fill_ratio":1,"trailer_place":0}],"norr_food.kalmar":[{"target":"norrsken.goteborg","urgency":2,"shortest_distance_km":320,"ferry_time":0,"ferry_price":0,"cargo":"cargo.used_plast_c","company_truck":"renault_t_4x2h","trailer_variant":"trailer.scs_gosck40","trailer_definition":"trailer_def.scs.gooseneck.singl_3e_40.container","units_count":30,"fill_ratio":1,"trailer_place":0}],"konstnr_wind.linkoping":[{"target":"ika_bohag.uppsala","urgency":2,"shortest_distance_km":257,"ferry_time":0,"ferry_price":0,"cargo":"cargo.forklifts","company_truck":"renault_premium_4x2_c","trailer_variant":"trailer.overweight.forklifts","trailer_definition":"trailer_def.forklifts.overweight.forklifts","units_count":100,"fill_ratio":1,"trailer_place":0}],"gnt.uppsala":[{"target":"renar.oslo","urgency":0,"shortest_distance_km":507,"ferry_time":0,"ferry_price":0,"cargo":"cargo.atl_cod_flt","company_truck":"double/renault_magnum_4x2_a","trailer_variant":"trailer.scs_ref_2","trailer_definition":"trailer_def.scs.box.double_3_2.reefer","units_count":53,"fill_ratio":1,"trailer_place":0}],"eurogoodies.groningen":[{"target":"sellplan.magdeburg","urgency":1,"shortest_distance_km":428,"ferry_time":0,"ferry_price":0,"cargo":"cargo.fresh_fish","company_truck":"scania_4x2_b","trailer_variant":"trailer.scs_ref_s","trailer_definition":"trailer_def.scs.box.single_3.reefer","units_count":33,"fill_ratio":1,"trailer_place":0}],"nord_crown.odense":[{"target":"norrsken.orebro","urgency":2,"shortest_distance_km":706,"ferry_time":0,"ferry_price":0,"cargo":"cargo.vinegar","company_truck":"double/scania_s_4x2","trailer_variant":"trailer.scs_dry_2","trailer_definition":"trailer_def.scs.box.double_3_2.dryvan","units_count":53,"fill_ratio":1,"trailer_place":0},{"target":"norr_food.kobenhavn","urgency":1,"shortest_distance_km":127,"ferry_time":0,"ferry_price":0,"cargo":"cargo.canned_pork","company_truck":"double/mercedes_4x2_a","trailer_variant":"trailer.scs_ins_2","trailer_definition":"trailer_def.scs.box.double_3_2.insulated","units_count":47,"fill_ratio":1,"trailer_place":0},{"target":"norr_food.helsingborg","urgency":1,"shortest_distance_km":243,"ferry_time":0,"ferry_price":0,"cargo":"cargo.vinegar_c","company_truck":"daf_6x2_a","trailer_variant":"trailer.scs_gosck40","trailer_definition":"trailer_def.scs.gooseneck.singl_3e_40.container","units_count":30,"fill_ratio":1,"trailer_place":0}],"tree_et.aberdeen":[{"target":"volvo_fac.goteborg","urgency":2,"shortest_distance_km":984,"ferry_time":1335,"ferry_price":1991,"cargo":"cargo.forklifts","company_truck":"renault_magnum_4x2_a","trailer_variant":"trailer.overweight.forklifts","trailer_definition":"trailer_def.forklifts.overweight.forklifts","units_count":100,"fill_ratio":1,"trailer_place":0}],"norr_food.odense":[{"target":"renar.vaxjo","urgency":2,"shortest_distance_km":421,"ferry_time":0,"ferry_price":0,"cargo":"cargo.used_plast_c","company_truck":"mercedes_4x2_a","trailer_variant":"trailer.scs_gosck40","trailer_definition":"trailer_def.scs.gooseneck.singl_3e_40.container","units_count":30,"fill_ratio":1,"trailer_place":0}],"polar_fish.stavanger":[{"target":"polarislines.stavanger","urgency":0,"shortest_distance_km":21,"ferry_time":0,"ferry_price":0,"cargo":"cargo.atl_cod_flt","company_truck":"man_6x4_b","trailer_variant":"trailer.scs_ins_a","trailer_definition":"trailer_def.scs.box.single_3.insulated","units_count":33,"fill_ratio":1,"trailer_place":0},{"target":"gnt.kristiansand","urgency":1,"shortest_distance_km":168,"ferry_time":0,"ferry_price":0,"cargo":"cargo.salm_fillet","company_truck":"double/iveco_h_4x2_a","trailer_variant":"trailer.scs_ins_b2","trailer_definition":"trailer_def.scs.box.bdouble_3_3.insulated","units_count":53,"fill_ratio":1,"trailer_place":0}],"lkwlog.manchester":[{"target":"cont_port.esbjerg","urgency":0,"shortest_distance_km":190,"ferry_time":1140,"ferry_price":1314,"cargo":"cargo.salt_spice_c","company_truck":"renault_magnum_4x2_a","trailer_variant":"trailer.scs_flat_c_g","trailer_definition":"trailer_def.scs.flatbed.single_3.container","units_count":33,"fill_ratio":1,"trailer_place":0}],"polarislines.frederikshv":[{"target":"norr_food.vasteraas","urgency":0,"shortest_distance_km":464,"ferry_time":195,"ferry_price":677,"cargo":"cargo.pet_food","company_truck":"double/man_4x2_a","trailer_variant":"trailer.scs_curt_2","trailer_definition":"trailer_def.scs.box.double_3_2.curtain","units_count":53,"fill_ratio":1,"trailer_place":0},{"target":"ika_bohag.orebro","urgency":0,"shortest_distance_km":341,"ferry_time":195,"ferry_price":677,"cargo":"cargo.tableware","company_truck":"scania_streamline_4x2_b","trailer_variant":"trailer.scs_dry_s","trailer_definition":"trailer_def.scs.box.single_3.dryvan","units_count":33,"fill_ratio":1,"trailer_place":0},{"target":"norrsken.stockholm","urgency":1,"shortest_distance_km":455,"ferry_time":195,"ferry_price":677,"cargo":"cargo.transmis","company_truck":"man_4x2_a","trailer_variant":"trailer.scs_dry_ms","trailer_definition":"trailer_def.scs.box.single_3.dryvan_m","units_count":33,"fill_ratio":1,"trailer_place":0},{"target":"norrsken.karlskrona","urgency":0,"shortest_distance_km":357,"ferry_time":195,"ferry_price":677,"cargo":"cargo.smokd_eel","company_truck":"iveco_6x2_a","trailer_variant":"trailer.scs_ref_s","trailer_definition":"trailer_def.scs.box.single_3.reefer","units_count":33,"fill_ratio":1,"trailer_place":0}],"stokes.amsterdam":[{"target":"tradeaux.rostock","urgency":1,"shortest_distance_km":582,"ferry_time":0,"ferry_price":0,"cargo":"cargo.wood_bark","company_truck":"iveco_h_4x2_a","trailer_variant":"trailer.s_ki_solid.cover","trailer_definition":"trailer_def.wood_bark.s_ki_solid.cover","units_count":100,"fill_ratio":1,"trailer_place":0}],"euroacres.osnabruck":[{"target":"nord_crown.orebro","urgency":2,"shortest_distance_km":1259,"ferry_time":0,"ferry_price":0,"cargo":"cargo.beans","company_truck":"mercedes_4x2_a","trailer_variant":"trailer.scs_dry_a","trailer_definition":"trailer_def.scs.box.single_3.dryvan","units_count":33,"fill_ratio":1,"trailer_place":0}],"polarislines.hirtshals":[{"target":"vpc.goteborg","urgency":0,"shortest_distance_km":131,"ferry_time":195,"ferry_price":677,"cargo":"cargo.tyres","company_truck":"double/mercedes_4x2_a","trailer_variant":"trailer.scs_dry_2","trailer_definition":"trailer_def.scs.box.double_3_2.dryvan","units_count":53,"fill_ratio":1,"trailer_place":0},{"target":"gnt.jonkoping","urgency":1,"shortest_distance_km":262,"ferry_time":195,"ferry_price":677,"cargo":"cargo.truck_rims","company_truck":"scania_s_4x2_370","trailer_variant":"trailer.scs_curt","trailer_definition":"trailer_def.scs.box.single_3.curtain","units_count":33,"fill_ratio":1,"trailer_place":0}],"polarislines.oslo":[{"target":"gnt.kristiansand","urgency":0,"shortest_distance_km":361,"ferry_time":0,"ferry_price":0,"cargo":"cargo.chem_sorbent","company_truck":"renault_premium_6x4_a","trailer_variant":"trailer.scs_dry_a","trailer_definition":"trailer_def.scs.box.single_3.dryvan","units_count":33,"fill_ratio":1,"trailer_place":0}],"stokes.liege":[{"target":"drekkar.malmo","urgency":2,"shortest_distance_km":1056,"ferry_time":0,"ferry_price":0,"cargo":"cargo.oranges","company_truck":"man_6x4_b","trailer_variant":"trailer.scs_ref_s","trailer_definition":"trailer_def.scs.box.single_3.reefer","units_count":33,"fill_ratio":1,"trailer_place":0}],"ika_bohag.kalmar":[{"target":"gnt.jonkoping","urgency":1,"shortest_distance_km":195,"ferry_time":0,"ferry_price":0,"cargo":"cargo.used_packag","company_truck":"scania_r_6x4_650","trailer_variant":"trailer.scs_dry_s","trailer_definition":"trailer_def.scs.box.single_3.dryvan","units_count":33,"fill_ratio":1,"trailer_place":0}],"polarislines.bergen":[{"target":"drekkar.bergen","urgency":1,"shortest_distance_km":15,"ferry_time":0,"ferry_price":0,"cargo":"cargo.plumb_suppl","company_truck":"man_6x4_b","trailer_variant":"trailer.scs_curt_2","trailer_definition":"trailer_def.scs.box.double_3_2.curtain","units_count":53,"fill_ratio":1,"trailer_place":0},{"target":"gnt.kristiansand","urgency":2,"shortest_distance_km":540,"ferry_time":0,"ferry_price":0,"cargo":"cargo.truck_rims_c","company_truck":"iveco_6x2_a","trailer_variant":"trailer.scs_gosck220","trailer_definition":"trailer_def.scs.gooseneck.singl_3e_220.container","units_count":30,"fill_ratio":1,"trailer_place":0},{"target":"norr_food.oslo","urgency":2,"shortest_distance_km":535,"ferry_time":0,"ferry_price":0,"cargo":"cargo.flour","company_truck":"mercedes_actros_2014_6x2_a","trailer_variant":"trailer.scs_dry_a","trailer_definition":"trailer_def.scs.box.single_3.dryvan","units_count":33,"fill_ratio":1,"trailer_place":0},{"target":"gnt.bergen","urgency":1,"shortest_distance_km":3,"ferry_time":0,"ferry_price":0,"cargo":"cargo.carrots","company_truck":"renault_premium_4x2_a","trailer_variant":"trailer.scs_curt_a","trailer_definition":"trailer_def.scs.box.single_3.curtain","units_count":33,"fill_ratio":1,"trailer_place":0}],"cont_port.esbjerg":[{"target":"norr_food.helsingborg","urgency":0,"shortest_distance_km":385,"ferry_time":0,"ferry_price":0,"cargo":"cargo.salt_spice_c","company_truck":"mercedes_actros_2014_6x4_b","trailer_variant":"trailer.scs_gosck220","trailer_definition":"trailer_def.scs.gooseneck.singl_3e_220.container","units_count":30,"fill_ratio":1,"trailer_place":0}],"vitas_pwr.esbjerg":[{"target":"gnt.kristiansand","urgency":2,"shortest_distance_km":328,"ferry_time":195,"ferry_price":1052,"cargo":"cargo.windml_eng","company_truck":"iveco_h_4x2_a","trailer_variant":"trailer.overweight.windplant","trailer_definition":"trailer_def.windml_eng.overweight.windplant","units_count":100,"fill_ratio":1,"trailer_place":0},{"target":"norrsken.aalborg","urgency":0,"shortest_distance_km":236,"ferry_time":0,"ferry_price":0,"cargo":"cargo.windml_tube","company_truck":"man_tgx_euro6_4x2_xl","trailer_variant":"trailer.overweight.tubeair","trailer_definition":"trailer_def.windml_tube.overweight.tubeair","units_count":100,"fill_ratio":1,"trailer_place":0}],"gnt.helsingborg":[{"target":"drekkar.malmo","urgency":2,"shortest_distance_km":50,"ferry_time":0,"ferry_price":0,"cargo":"cargo.cont_trees","company_truck":"man_6x4_b","trailer_variant":"trailer.scs_curt_2","trailer_definition":"trailer_def.scs.box.double_3_2.curtain","units_count":53,"fill_ratio":1,"trailer_place":0}],"eurogoodies.lille":[{"target":"posped.koln","urgency":0,"shortest_distance_km":346,"ferry_time":0,"ferry_price":0,"cargo":"cargo.garlic","company_truck":"scania_s_6x2_450","trailer_variant":"trailer.scs_dry_s","trailer_definition":"trailer_def.scs.box.single_3.dryvan","units_count":33,"fill_ratio":1,"trailer_place":0}],"aria_fd_esbj.esbjerg":[{"target":"norr_food.odense","urgency":1,"shortest_distance_km":156,"ferry_time":0,"ferry_price":0,"cargo":"cargo.sheep_wool","company_truck":"renault_premium_6x2_a","trailer_variant":"trailer.scs_dry_a","trailer_definition":"trailer_def.scs.box.single_3.dryvan","units_count":33,"fill_ratio":1,"trailer_place":0}],"ns_oil.stavanger":[{"target":"sag_tre.oslo","urgency":1,"shortest_distance_km":428,"ferry_time":0,"ferry_price":0,"cargo":"cargo.oil","company_truck":"renault_magnum_4x2_a","trailer_variant":"trailer.fuel_cistern","trailer_definition":"trailer_def.oil.fuel_cistern","units_count":100,"fill_ratio":1,"trailer_place":0}],"ika_bohag.paris":[{"target":"transinet.cambridge","urgency":2,"shortest_distance_km":460,"ferry_time":35,"ferry_price":300,"cargo":"cargo.pot_flowers","company_truck":"man_6x4_b","trailer_variant":"trailer.scs_ref","trailer_definition":"trailer_def.scs.box.single_3.reefer","units_count":33,"fill_ratio":1,"trailer_place":0}],"lkwlog.luxembourg":[{"target":"posped.verona","urgency":1,"shortest_distance_km":858,"ferry_time":0,"ferry_price":0,"cargo":"cargo.barley","company_truck":"scania_s_4x2_370","trailer_variant":"trailer.s_ki_solid.cover","trailer_definition":"trailer_def.barley.s_ki_solid.cover","units_count":100,"fill_ratio":1,"trailer_place":0}],"eurogoodies.salzburg":[{"target":"sellplan.torino","urgency":0,"shortest_distance_km":776,"ferry_time":0,"ferry_price":0,"cargo":"cargo.salt_spice_c","company_truck":"man_tgx_euro6_4x2_xxl","trailer_variant":"trailer.scs_gosck220","trailer_definition":"trailer_def.scs.gooseneck.singl_3e_220.container","units_count":30,"fill_ratio":1,"trailer_place":0}],"marina.oslo":[{"target":"polarislines.oslo","urgency":0,"shortest_distance_km":22,"ferry_time":0,"ferry_price":0,"cargo":"cargo.princess","company_truck":"daf_xf_euro6_4x2_b","trailer_variant":"trailer.overweight.boat","trailer_definition":"trailer_def.princess.overweight.boat","units_count":100,"fill_ratio":1,"trailer_place":0}],"bcp.munchen":[{"target":"posped.zurich","urgency":0,"shortest_distance_km":319,"ferry_time":0,"ferry_price":0,"cargo":"cargo.empty_barr","company_truck":"renault_magnum_6x2_a","trailer_variant":"trailer.scs_dry_s","trailer_definition":"trailer_def.scs.box.single_3.dryvan","units_count":33,"fill_ratio":1,"trailer_place":0}],"ms_stein.stavanger":[{"target":"bjork.kristiansand","urgency":2,"shortest_distance_km":204,"ferry_time":0,"ferry_price":0,"cargo":"cargo.digger1000","company_truck":"mercedes_6x4_a","trailer_variant":"trailer.overweight.digger1000","trailer_definition":"trailer_def.digger1000.overweight.digger1000","units_count":100,"fill_ratio":1,"trailer_place":0}],"eurogoodies.dijon":[{"target":"stokes.amsterdam","urgency":0,"shortest_distance_km":749,"ferry_time":0,"ferry_price":0,"cargo":"cargo.pet_food","company_truck":"man_4x2_a","trailer_variant":"trailer.scs_dry_ms","trailer_definition":"trailer_def.scs.box.single_3.dryvan_m","units_count":33,"fill_ratio":1,"trailer_place":0}],"eurogoodies.edinburgh":[{"target":"lkwlog.hamburg","urgency":1,"shortest_distance_km":918,"ferry_time":660,"ferry_price":995,"cargo":"cargo.rye","company_truck":"iveco_4x2_c","trailer_variant":"trailer.s_ki_solid.cover","trailer_definition":"trailer_def.rye.s_ki_solid.cover","units_count":100,"fill_ratio":1,"trailer_place":0}],"tree_et.hannover":[{"target":"posped.rotterdam","urgency":1,"shortest_distance_km":420,"ferry_time":0,"ferry_price":0,"cargo":"cargo.wood_bark","company_truck":"man_6x4_b","trailer_variant":"trailer.s_ki_solid.cover","trailer_definition":"trailer_def.wood_bark.s_ki_solid.cover","units_count":100,"fill_ratio":1,"trailer_place":0}],"itcc.rostock":[{"target":"drekkar.odense","urgency":1,"shortest_distance_km":260,"ferry_time":105,"ferry_price":404,"cargo":"cargo.iron_pipes","company_truck":"mercedes_6x2_b","trailer_variant":"trailer.scs_log","trailer_definition":"trailer_def.scs.log.single_3.steel","units_count":2,"fill_ratio":1,"trailer_place":0}],"euroacres.reims":[{"target":"eurogoodies.lille","urgency":1,"shortest_distance_km":251,"ferry_time":0,"ferry_price":0,"cargo":"cargo.barley","company_truck":"man_4x2_c","trailer_variant":"trailer.s_ki_solid.cover","trailer_definition":"trailer_def.barley.s_ki_solid.cover","units_count":100,"fill_ratio":1,"trailer_place":0}],"polarislines.nynashamn":[{"target":"ika_bohag.orebro","urgency":0,"shortest_distance_km":233,"ferry_time":0,"ferry_price":0,"cargo":"cargo.tableware","company_truck":"scania_s_4x2_580","trailer_variant":"trailer.scs_dry_m","trailer_definition":"trailer_def.scs.box.single_3.dryvan_m","units_count":33,"fill_ratio":1,"trailer_place":0}],"trameri.mannheim":[{"target":"lkwlog.brno","urgency":2,"shortest_distance_km":721,"ferry_time":0,"ferry_price":0,"cargo":"cargo.plast_film_c","company_truck":"scania_s_6x2_450","trailer_variant":"trailer.scs_flat_c_r","trailer_definition":"trailer_def.scs.flatbed.single_3.container","units_count":33,"fill_ratio":1,"trailer_place":0}],"euroacres.berlin":[{"target":"transinet.hamburg","urgency":1,"shortest_distance_km":288,"ferry_time":0,"ferry_price":0,"cargo":"cargo.rye","company_truck":"renault_magnum_6x2_a","trailer_variant":"trailer.s_ki_solid.cover","trailer_definition":"trailer_def.rye.s_ki_solid.cover","units_count":100,"fill_ratio":1,"trailer_place":0}],"ms_stein.oslo":[{"target":"konstnr.stockholm","urgency":0,"shortest_distance_km":605,"ferry_time":0,"ferry_price":0,"cargo":"cargo.stones","company_truck":"iveco_6x2_a","trailer_variant":"trailer.s_ki_solid.cover","trailer_definition":"trailer_def.stones.s_ki_solid.cover","units_count":100,"fill_ratio":1,"trailer_place":0},{"target":"konstnr.oslo","urgency":2,"shortest_distance_km":105,"ferry_time":0,"ferry_price":0,"cargo":"cargo.excavator","company_truck":"mercedes_actros_2014_4x2_b","trailer_variant":"trailer.overweight.excavator","trailer_definition":"trailer_def.excavator.overweight.excavator","units_count":100,"fill_ratio":1,"trailer_place":0}],"eurogoodies.prague":[{"target":"transinet.southampton","urgency":0,"shortest_distance_km":1268,"ferry_time":35,"ferry_price":300,"cargo":"cargo.cott_cheese","company_truck":"mercedes_4x2","trailer_variant":"trailer.scs_ins_s","trailer_definition":"trailer_def.scs.box.single_3.insulated","units_count":33,"fill_ratio":1,"trailer_place":0}],"tradeaux.felixstowe":[{"target":"cargotras.milano","urgency":0,"shortest_distance_km":1366,"ferry_time":35,"ferry_price":300,"cargo":"cargo.truck_batt","company_truck":"mercedes_6x2_b","trailer_variant":"trailer.scs_dry_s","trailer_definition":"trailer_def.scs.box.single_3.dryvan","units_count":33,"fill_ratio":1,"trailer_place":0}],"transinet.osnabruck":[{"target":"stokes.dusseldorf","urgency":1,"shortest_distance_km":203,"ferry_time":0,"ferry_price":0,"cargo":"cargo.canned_pork","company_truck":"renault_t_4x2","trailer_variant":"trailer.scs_ins_s","trailer_definition":"trailer_def.scs.box.single_3.insulated","units_count":32,"fill_ratio":1,"trailer_place":0}],"eurogoodies.leipzig":[{"target":"transinet.dresden","urgency":0,"shortest_distance_km":160,"ferry_time":0,"ferry_price":0,"cargo":"cargo.salt_spice_c","company_truck":"mercedes_actros_2014_6x2_a","trailer_variant":"trailer.scs_gosck220","trailer_definition":"trailer_def.scs.gooseneck.singl_3e_220.container","units_count":30,"fill_ratio":1,"trailer_place":0}],"nord_crown.aalborg":[{"target":"norrsken.aalborg","urgency":0,"shortest_distance_km":20,"ferry_time":0,"ferry_price":0,"cargo":"cargo.pet_food","company_truck":"man_6x4_b","trailer_variant":"trailer.scs_curt_s","trailer_definition":"trailer_def.scs.box.single_3.curtain","units_count":33,"fill_ratio":1,"trailer_place":0}],"lkwlog.calais":[{"target":"polarislines.esbjerg","urgency":0,"shortest_distance_km":1159,"ferry_time":0,"ferry_price":0,"cargo":"cargo.canned_beans","company_truck":"scania_s_6x4_730","trailer_variant":"trailer.scs_dry","trailer_definition":"trailer_def.scs.box.single_3.dryvan","units_count":33,"fill_ratio":1,"trailer_place":0}],"ika_bohag.stavanger":[{"target":"gnt.kristiansand","urgency":1,"shortest_distance_km":168,"ferry_time":0,"ferry_price":0,"cargo":"cargo.used_packag","company_truck":"scania_r_6x4_650","trailer_variant":"trailer.scs_dry","trailer_definition":"trailer_def.scs.box.single_3.dryvan","units_count":33,"fill_ratio":1,"trailer_place":0}],"polar_fish.bergen":[{"target":"renar.oslo","urgency":0,"shortest_distance_km":566,"ferry_time":0,"ferry_price":0,"cargo":"cargo.canned_tuna","company_truck":"double/scania_s_4x2","trailer_variant":"trailer.scs_ref_b2","trailer_definition":"trailer_def.scs.box.bdouble_3_3.reefer","units_count":53,"fill_ratio":1,"trailer_place":0},{"target":"norr_food.oslo","urgency":2,"shortest_distance_km":520,"ferry_time":0,"ferry_price":0,"cargo":"cargo.smokd_sprats","company_truck":"man_6x4_b","trailer_variant":"trailer.scs_curt_a","trailer_definition":"trailer_def.scs.box.single_3.curtain","units_count":33,"fill_ratio":1,"trailer_place":0}],"polarislines.stavanger":[{"target":"norrsken.aalborg","urgency":0,"shortest_distance_km":278,"ferry_time":195,"ferry_price":1052,"cargo":"cargo.outdr_flr_tl","company_truck":"double/iveco_h_4x2_a","trailer_variant":"trailer.scs_curt_b2","trailer_definition":"trailer_def.scs.box.bdouble_3_3.curtain","units_count":53,"fill_ratio":1,"trailer_place":0},{"target":"drekkar.bergen","urgency":2,"shortest_distance_km":418,"ferry_time":0,"ferry_price":0,"cargo":"cargo.flour","company_truck":"scania_4x2_b","trailer_variant":"trailer.scs_curt_s","trailer_definition":"trailer_def.scs.box.single_3.curtain","units_count":33,"fill_ratio":1,"trailer_place":0}],"lkwlog.dover":[{"target":"eurogoodies.berlin","urgency":0,"shortest_distance_km":982,"ferry_time":91,"ferry_price":384,"cargo":"cargo.salt_spice_c","company_truck":"mercedes_4x2_a","trailer_variant":"trailer.scs_gosck40","trailer_definition":"trailer_def.scs.gooseneck.singl_3e_40.container","units_count":30,"fill_ratio":1,"trailer_place":0}],"norrsken.malmo":[{"target":"norr_food.stockholm","urgency":0,"shortest_distance_km":515,"ferry_time":0,"ferry_price":0,"cargo":"cargo.wheat","company_truck":"iveco_h_4x2_a","trailer_variant":"trailer.s_ki_solid.cover","trailer_definition":"trailer_def.wheat.s_ki_solid.cover","units_count":100,"fill_ratio":1,"trailer_place":0}],"polarislines.karlskrona":[{"target":"drekkar.linkoping","urgency":1,"shortest_distance_km":343,"ferry_time":0,"ferry_price":0,"cargo":"cargo.truck_rims","company_truck":"daf_xf_euro6_6x2_a","trailer_variant":"trailer.scs_dry_ms","trailer_definition":"trailer_def.scs.box.single_3.dryvan_m","units_count":33,"fill_ratio":1,"trailer_place":0},{"target":"drekkar.karlskrona","urgency":2,"shortest_distance_km":16,"ferry_time":0,"ferry_price":0,"cargo":"cargo.beverages_t","company_truck":"daf_xf_euro6_4x2_c","trailer_variant":"trailer.scs_fodt","trailer_definition":"trailer_def.scs.foodtank.single_3.paint","units_count":29,"fill_ratio":1,"trailer_place":0}],"vitas_pwr.aalborg":[{"target":"gnt.jonkoping","urgency":0,"shortest_distance_km":284,"ferry_time":195,"ferry_price":677,"cargo":"cargo.windml_tube","company_truck":"scania_streamline_6x4_a","trailer_variant":"trailer.overweight.tubeair","trailer_definition":"trailer_def.windml_tube.overweight.tubeair","units_count":100,"fill_ratio":1,"trailer_place":0},{"target":"norrsken.orebro","urgency":2,"shortest_distance_km":482,"ferry_time":195,"ferry_price":677,"cargo":"cargo.empty_palet","company_truck":"double/iveco_4x2_a","trailer_variant":"trailer.scs_curt_2","trailer_definition":"trailer_def.scs.box.double_3_2.curtain","units_count":52,"fill_ratio":1,"trailer_place":0},{"target":"gnt.kalmar","urgency":2,"shortest_distance_km":465,"ferry_time":195,"ferry_price":677,"cargo":"cargo.windml_eng","company_truck":"scania_streamline_4x2_b","trailer_variant":"trailer.overweight.windplant","trailer_definition":"trailer_def.windml_eng.overweight.windplant","units_count":100,"fill_ratio":1,"trailer_place":0}],"nord_crown.orebro":[{"target":"norr_food.uppsala","urgency":0,"shortest_distance_km":188,"ferry_time":0,"ferry_price":0,"cargo":"cargo.canned_beef","company_truck":"renault_t_4x2h","trailer_variant":"trailer.scs_ref_s","trailer_definition":"trailer_def.scs.box.single_3.reefer","units_count":33,"fill_ratio":1,"trailer_place":0}],"konstnr.stockholm":[{"target":"konstnr_br.linkoping","urgency":0,"shortest_distance_km":145,"ferry_time":0,"ferry_price":0,"cargo":"cargo.hipresstank","company_truck":"scania_streamline_4x2_a","trailer_variant":"trailer.scs_flat_c_g","trailer_definition":"trailer_def.scs.flatbed.single_3.container","units_count":2,"fill_ratio":1,"trailer_place":0}],"fcp.manchester":[{"target":"ms_stein.stavanger","urgency":2,"shortest_distance_km":718,"ferry_time":1335,"ferry_price":2366,"cargo":"cargo.digger1000","company_truck":"renault_premium_6x2_a","trailer_variant":"trailer.overweight.digger1000","trailer_definition":"trailer_def.digger1000.overweight.digger1000","units_count":100,"fill_ratio":1,"trailer_place":0}],"ika_bohag.kobenhavn":[{"target":"gnt.kalmar","urgency":2,"shortest_distance_km":350,"ferry_time":0,"ferry_price":0,"cargo":"cargo.pot_flowers","company_truck":"scania_s_4x2_370","trailer_variant":"trailer.scs_ins_s","trailer_definition":"trailer_def.scs.box.single_3.insulated","units_count":33,"fill_ratio":1,"trailer_place":0},{"target":"norrsken.malmo","urgency":2,"shortest_distance_km":73,"ferry_time":0,"ferry_price":0,"cargo":"cargo.empty_palet","company_truck":"scania_r_6x2_450","trailer_variant":"trailer.scs_dry_a","trailer_definition":"trailer_def.scs.box.single_3.dryvan","units_count":33,"fill_ratio":1,"trailer_place":0}],"ika_bohag.uppsala":[{"target":"gnt.uppsala","urgency":1,"shortest_distance_km":1,"ferry_time":0,"ferry_price":0,"cargo":"cargo.used_packag","company_truck":"man_6x4_b","trailer_variant":"trailer.scs_dry_m","trailer_definition":"trailer_def.scs.box.single_3.dryvan_m","units_count":33,"fill_ratio":1,"trailer_place":0}],"eurogoodies.dusseldorf":[{"target":"stokes.dusseldorf","urgency":2,"shortest_distance_km":1,"ferry_time":0,"ferry_price":0,"cargo":"cargo.sausages","company_truck":"mercedes_actros_2014_4x2_b","trailer_variant":"trailer.scs_ins_s","trailer_definition":"trailer_def.scs.box.single_3.insulated","units_count":33,"fill_ratio":1,"trailer_place":0}],"eurogoodies.osnabruck":[{"target":"norr_food.odense","urgency":0,"shortest_distance_km":567,"ferry_time":0,"ferry_price":0,"cargo":"cargo.packag_food","company_truck":"iveco_4x2_a","trailer_variant":"trailer.scs_curt_a","trailer_definition":"trailer_def.scs.box.single_3.curtain","units_count":33,"fill_ratio":1,"trailer_place":0}],"drekkar.malmo":[{"target":"polarislines.oslo","urgency":0,"shortest_distance_km":561,"ferry_time":0,"ferry_price":0,"cargo":"cargo.oil_filt_c","company_truck":"mercedes_6x4_a","trailer_variant":"trailer.scs_flat_c_r","trailer_definition":"trailer_def.scs.flatbed.single_3.container","units_count":33,"fill_ratio":1,"trailer_place":0},{"target":"konstnr.kobenhavn","urgency":0,"shortest_distance_km":63,"ferry_time":0,"ferry_price":0,"cargo":"cargo.precast_strs","company_truck":"double/daf_4x2_a","trailer_variant":"trailer.scs_curt_b2","trailer_definition":"trailer_def.scs.box.bdouble_3_3.curtain","units_count":49,"fill_ratio":1,"trailer_place":0}],"sag_tre.oslo":[{"target":"konstnr.oslo","urgency":0,"shortest_distance_km":105,"ferry_time":0,"ferry_price":0,"cargo":"cargo.wooden_beams","company_truck":"scania_streamline_6x4_a","trailer_variant":"trailer.scs_dry","trailer_definition":"trailer_def.scs.box.single_3.dryvan","units_count":33,"fill_ratio":1,"trailer_place":0},{"target":"agronord.kristiansand","urgency":0,"shortest_distance_km":336,"ferry_time":0,"ferry_price":0,"cargo":"cargo.lumber","company_truck":"daf_xf_euro6_6x2_a","trailer_variant":"trailer.scs_flat_c_r","trailer_definition":"trailer_def.scs.flatbed.single_3.container","units_count":2,"fill_ratio":1,"trailer_place":0}],"tradeaux.geneve":[{"target":"euroacres.wroclaw","urgency":0,"shortest_distance_km":1083,"ferry_time":0,"ferry_price":0,"cargo":"cargo.desinfection","company_truck":"renault_magnum_6x4_a","trailer_variant":"trailer.scs_dry_a","trailer_definition":"trailer_def.scs.box.single_3.dryvan","units_count":33,"fill_ratio":1,"trailer_place":0}],"nord_sten.linkoping":[{"target":"konstnr_hs.vasteraas","urgency":0,"shortest_distance_km":201,"ferry_time":0,"ferry_price":0,"cargo":"cargo.stones","company_truck":"man_6x4_b","trailer_variant":"trailer.s_ki_solid.cover","trailer_definition":"trailer_def.stones.s_ki_solid.cover","units_count":100,"fill_ratio":1,"trailer_place":0},{"target":"konstnr.stockholm","urgency":0,"shortest_distance_km":208,"ferry_time":0,"ferry_price":0,"cargo":"cargo.gravel","company_truck":"scania_s_6x4_730","trailer_variant":"trailer.s_ki_solid.gravel","trailer_definition":"trailer_def.gravel.s_ki_solid.gravel","units_count":100,"fill_ratio":1,"trailer_place":0},{"target":"norrsken.karlskrona","urgency":2,"shortest_distance_km":365,"ferry_time":0,"ferry_price":0,"cargo":"cargo.digger1000","company_truck":"man_4x2_a","trailer_variant":"trailer.overweight.digger1000","trailer_definition":"trailer_def.digger1000.overweight.digger1000","units_count":100,"fill_ratio":1,"trailer_place":0}],"euroacres.dijon":[{"target":"lkwlog.luxembourg","urgency":2,"shortest_distance_km":339,"ferry_time":0,"ferry_price":0,"cargo":"cargo.chicken_meat","company_truck":"renault_premium_6x2_a","trailer_variant":"trailer.scs_ins_a","trailer_definition":"trailer_def.scs.box.single_3.insulated","units_count":33,"fill_ratio":1,"trailer_place":0}],"tree_et.stuttgart":[{"target":"euroacres.verona","urgency":0,"shortest_distance_km":630,"ferry_time":0,"ferry_price":0,"cargo":"cargo.wooden_beams","company_truck":"man_6x4_b","trailer_variant":"trailer.scs_dry_a","trailer_definition":"trailer_def.scs.box.single_3.dryvan","units_count":32,"fill_ratio":1,"trailer_place":0}],"renar.stavanger":[{"target":"polar_fish.aalborg","urgency":0,"shortest_distance_km":266,"ferry_time":195,"ferry_price":1052,"cargo":"cargo.onion","company_truck":"scania_r_4x2_520","trailer_variant":"trailer.scs_curt","trailer_definition":"trailer_def.scs.box.single_3.curtain","units_count":33,"fill_ratio":1,"trailer_place":0}],"drekkar.odense":[{"target":"konstnr.kobenhavn","urgency":2,"shortest_distance_km":125,"ferry_time":0,"ferry_price":0,"cargo":"cargo.stone_wool","company_truck":"scania_r_6x4_650","trailer_variant":"trailer.scs_dry_ms","trailer_definition":"trailer_def.scs.box.single_3.dryvan_m","units_count":33,"fill_ratio":1,"trailer_place":0},{"target":"norrsken.malmo","urgency":2,"shortest_distance_km":183,"ferry_time":0,"ferry_price":0,"cargo":"cargo.grass_rolls","company_truck":"scania_6x2_b","trailer_variant":"trailer.scs_dry_m","trailer_definition":"trailer_def.scs.box.single_3.dryvan_m","units_count":33,"fill_ratio":1,"trailer_place":0}],"transinet.dresden":[{"target":"eurogoodies.munchen","urgency":0,"shortest_distance_km":485,"ferry_time":0,"ferry_price":0,"cargo":"cargo.canned_tuna","company_truck":"scania_streamline_4x2_b","trailer_variant":"trailer.scs_ins_a","trailer_definition":"trailer_def.scs.box.single_3.insulated","units_count":33,"fill_ratio":1,"trailer_place":0}],"lkwlog.amsterdam":[{"target":"tradeaux.lille","urgency":2,"shortest_distance_km":301,"ferry_time":0,"ferry_price":0,"cargo":"cargo.pet_food_c","company_truck":"mercedes_4x2_c","trailer_variant":"trailer.scs_flat_c_g","trailer_definition":"trailer_def.scs.flatbed.single_3.container","units_count":33,"fill_ratio":1,"trailer_place":0},{"target":"norr_food.helsingborg","urgency":1,"shortest_distance_km":983,"ferry_time":0,"ferry_price":0,"cargo":"cargo.watermelons","company_truck":"scania_r_6x2_450","trailer_variant":"trailer.scs_ins_s","trailer_definition":"trailer_def.scs.box.single_3.insulated","units_count":33,"fill_ratio":1,"trailer_place":0}],"norr_food.helsingborg":[{"target":"norrsken.goteborg","urgency":2,"shortest_distance_km":207,"ferry_time":0,"ferry_price":0,"cargo":"cargo.used_plast_c","company_truck":"daf_xf_euro6_4x2_a","trailer_variant":"trailer.scs_gosck40","trailer_definition":"trailer_def.scs.gooseneck.singl_3e_40.container","units_count":30,"fill_ratio":1,"trailer_place":0}],"euroacres.cambridge":[{"target":"lkwlog.calais","urgency":0,"shortest_distance_km":198,"ferry_time":91,"ferry_price":384,"cargo":"cargo.cott_cheese","company_truck":"man_6x4_b","trailer_variant":"trailer.scs_ref","trailer_definition":"trailer_def.scs.box.single_3.reefer","units_count":33,"fill_ratio":1,"trailer_place":0}],"drekkar.karlskrona":[{"target":"renar.vaxjo","urgency":0,"shortest_distance_km":69,"ferry_time":0,"ferry_price":0,"cargo":"cargo.hipresstank","company_truck":"man_6x4_b","trailer_variant":"trailer.scs_flat_b","trailer_definition":"trailer_def.scs.flatbed.single_3.flatbed_w","units_count":2,"fill_ratio":1,"trailer_place":0},{"target":"gnt.kalmar","urgency":0,"shortest_distance_km":109,"ferry_time":0,"ferry_price":0,"cargo":"cargo.mason_jars","company_truck":"double/mercedes_4x2_a","trailer_variant":"trailer.scs_curt_b2","trailer_definition":"trailer_def.scs.box.bdouble_3_3.curtain","units_count":53,"fill_ratio":1,"trailer_place":0}],"gnt.bergen":[{"target":"drekkar.bergen","urgency":2,"shortest_distance_km":13,"ferry_time":0,"ferry_price":0,"cargo":"cargo.truck_tyres","company_truck":"renault_premium_6x2_a","trailer_variant":"trailer.scs_dry_m","trailer_definition":"trailer_def.scs.box.single_3.dryvan_m","units_count":33,"fill_ratio":1,"trailer_place":0},{"target":"drekkar.bergen","urgency":0,"shortest_distance_km":13,"ferry_time":0,"ferry_price":0,"cargo":"cargo.desinfection","company_truck":"scania_6x4_a","trailer_variant":"trailer.scs_curt_s","trailer_definition":"trailer_def.scs.box.single_3.curtain","units_count":33,"fill_ratio":1,"trailer_place":0}],"konstnr_br.linkoping":[{"target":"renar.vaxjo","urgency":1,"shortest_distance_km":251,"ferry_time":0,"ferry_price":0,"cargo":"cargo.scaffoldings","company_truck":"double/scania_r_4x2","trailer_variant":"trailer.scs_curt_2","trailer_definition":"trailer_def.scs.box.double_3_2.curtain","units_count":53,"fill_ratio":1,"trailer_place":0}],"trameri.swansea":[{"target":"transinet.cambridge","urgency":1,"shortest_distance_km":436,"ferry_time":0,"ferry_price":0,"cargo":"cargo.plast_film","company_truck":"scania_streamline_6x2_b","trailer_variant":"trailer.scs_dry","trailer_definition":"trailer_def.scs.box.single_3.dryvan","units_count":33,"fill_ratio":1,"trailer_place":0}],"eurogoodies.venezia":[{"target":"lkwlog.brno","urgency":1,"shortest_distance_km":682,"ferry_time":0,"ferry_price":0,"cargo":"cargo.pork_meat","company_truck":"man_6x4_b","trailer_variant":"trailer.scs_ref_a","trailer_definition":"trailer_def.scs.box.single_3.reefer","units_count":33,"fill_ratio":1,"trailer_place":0}],"sag_tre.linkoping":[{"target":"agronord.kalmar","urgency":0,"shortest_distance_km":199,"ferry_time":0,"ferry_price":0,"cargo":"cargo.wooden_beams","company_truck":"double/man_4x2_a","trailer_variant":"trailer.scs_curt_b2","trailer_definition":"trailer_def.scs.box.bdouble_3_3.curtain","units_count":53,"fill_ratio":1,"trailer_place":0}],"nord_sten.kalmar":[{"target":"renar.oslo","urgency":2,"shortest_distance_km":548,"ferry_time":0,"ferry_price":0,"cargo":"cargo.digger1000","company_truck":"iveco_6x2_a","trailer_variant":"trailer.overweight.digger1000","trailer_definition":"trailer_def.digger1000.overweight.digger1000","units_count":100,"fill_ratio":1,"trailer_place":0}],"stokes.aberdeen":[{"target":"norrsken.malmo","urgency":0,"shortest_distance_km":931,"ferry_time":1140,"ferry_price":1314,"cargo":"cargo.digger500","company_truck":"iveco_4x2_b","trailer_variant":"trailer.overweight.digger500","trailer_definition":"trailer_def.digger500.overweight.digger500","units_count":100,"fill_ratio":1,"trailer_place":0}],"agronord.kalmar":[{"target":"norrsken.goteborg","urgency":0,"shortest_distance_km":318,"ferry_time":0,"ferry_price":0,"cargo":"cargo.onion","company_truck":"double/mercedes_actros_2014_4x2_a","trailer_variant":"trailer.scs_curt_b2","trailer_definition":"trailer_def.scs.box.bdouble_3_3.curtain","units_count":53,"fill_ratio":1,"trailer_place":0}],"aria_fd_trbg.trelleborg":[{"target":"norr_food.kalmar","urgency":1,"shortest_distance_km":264,"ferry_time":0,"ferry_price":0,"cargo":"cargo.sheep_wool","company_truck":"scania_r_6x2_450","trailer_variant":"trailer.scs_dry_s","trailer_definition":"trailer_def.scs.box.single_3.dryvan","units_count":33,"fill_ratio":1,"trailer_place":0}],"norr_food.oslo":[{"target":"gnt.kristiansand","urgency":2,"shortest_distance_km":311,"ferry_time":0,"ferry_price":0,"cargo":"cargo.used_plast_c","company_truck":"scania_r_4x2_520","trailer_variant":"trailer.scs_flat_c_g","trailer_definition":"trailer_def.scs.flatbed.single_3.container","units_count":33,"fill_ratio":1,"trailer_place":0}],"transinet.dortmund":[{"target":"tradeaux.rostock","urgency":1,"shortest_distance_km":512,"ferry_time":0,"ferry_price":0,"cargo":"cargo.caviar","company_truck":"double/renault_magnum_4x2_a","trailer_variant":"trailer.scs_ins_b2","trailer_definition":"trailer_def.scs.box.bdouble_3_3.insulated","units_count":34,"fill_ratio":1,"trailer_place":0}],"polarislines.gedser":[{"target":"norr_food.jonkoping","urgency":0,"shortest_distance_km":433,"ferry_time":0,"ferry_price":0,"cargo":"cargo.desinfection","company_truck":"double/daf_4x2_a","trailer_variant":"trailer.scs_curt_b2","trailer_definition":"trailer_def.scs.box.bdouble_3_3.curtain","units_count":53,"fill_ratio":1,"trailer_place":0}],"sellplan.osnabruck":[{"target":"renar.vasteraas","urgency":1,"shortest_distance_km":1352,"ferry_time":0,"ferry_price":0,"cargo":"cargo.used_packag","company_truck":"man_tgx_euro6_4x2_xxl","trailer_variant":"trailer.scs_curt_s","trailer_definition":"trailer_def.scs.box.single_3.curtain","units_count":33,"fill_ratio":1,"trailer_place":0}],"euroacres.swansea":[{"target":"eurogoodies.plymouth","urgency":0,"shortest_distance_km":311,"ferry_time":0,"ferry_price":0,"cargo":"cargo.wheat","company_truck":"man_6x4_b","trailer_variant":"trailer.s_ki_solid.cover","trailer_definition":"trailer_def.wheat.s_ki_solid.cover","units_count":100,"fill_ratio":1,"trailer_place":0}],"norrsken.orebro":[{"target":"gnt.jonkoping","urgency":0,"shortest_distance_km":252,"ferry_time":0,"ferry_price":0,"cargo":"cargo.wheat","company_truck":"mercedes_actros_2014_6x4_b","trailer_variant":"trailer.s_ki_solid.cover","trailer_definition":"trailer_def.wheat.s_ki_solid.cover","units_count":100,"fill_ratio":1,"trailer_place":0}],"ika_bohag.odense":[{"target":"drekkar.bergen","urgency":2,"shortest_distance_km":837,"ferry_time":195,"ferry_price":1052,"cargo":"cargo.empty_palet","company_truck":"scania_4x2_a","trailer_variant":"trailer.scs_dry_a","trailer_definition":"trailer_def.scs.box.single_3.dryvan","units_count":33,"fill_ratio":1,"trailer_place":0}],"aria_fd_jnpg.jonkoping":[{"target":"norr_food.oslo","urgency":0,"shortest_distance_km":349,"ferry_time":0,"ferry_price":0,"cargo":"cargo.goat_cheese","company_truck":"scania_6x4_a","trailer_variant":"trailer.scs_ins_s","trailer_definition":"trailer_def.scs.box.single_3.insulated","units_count":33,"fill_ratio":1,"trailer_place":0}],"stokes.wien":[{"target":"sellplan.rostock","urgency":0,"shortest_distance_km":836,"ferry_time":0,"ferry_price":0,"cargo":"cargo.salt_spices","company_truck":"scania_r_6x4_650","trailer_variant":"trailer.scs_dry_a","trailer_definition":"trailer_def.scs.box.single_3.dryvan","units_count":33,"fill_ratio":1,"trailer_place":1}],"drekkar.vaxjo":[{"target":"norrsken.goteborg","urgency":2,"shortest_distance_km":226,"ferry_time":0,"ferry_price":0,"cargo":"cargo.stone_wool","company_truck":"double/renault_premium_4x2_a","trailer_variant":"trailer.scs_dry_2","trailer_definition":"trailer_def.scs.box.double_3_2.dryvan","units_count":53,"fill_ratio":1,"trailer_place":0}],"posped.koln":[{"target":"tradeaux.felixstowe","urgency":1,"shortest_distance_km":727,"ferry_time":35,"ferry_price":300,"cargo":"cargo.polyst_box","company_truck":"man_tgx_euro6_4x2_xxl","trailer_variant":"trailer.scs_curt","trailer_definition":"trailer_def.scs.box.single_3.curtain","units_count":33,"fill_ratio":1,"trailer_place":0}],"sellplan.rostock":[{"target":"renar.kobenhavn","urgency":2,"shortest_distance_km":174,"ferry_time":105,"ferry_price":404,"cargo":"cargo.used_plast_c","company_truck":"mercedes_6x4_a","trailer_variant":"trailer.scs_gosck20","trailer_definition":"trailer_def.scs.gooseneck.singl_3e_20.container","units_count":15,"fill_ratio":1,"trailer_place":0},{"target":"drekkar.malmo","urgency":1,"shortest_distance_km":231,"ferry_time":105,"ferry_price":404,"cargo":"cargo.used_packag","company_truck":"iveco_4x2_c","trailer_variant":"trailer.scs_dry_m","trailer_definition":"trailer_def.scs.box.single_3.dryvan_m","units_count":33,"fill_ratio":1,"trailer_place":0}],"drekkar.linkoping":[{"target":"konstnr_br.linkoping","urgency":1,"shortest_distance_km":1,"ferry_time":0,"ferry_price":0,"cargo":"cargo.scaffoldings","company_truck":"scania_6x4_a","trailer_variant":"trailer.scs_dry_s","trailer_definition":"trailer_def.scs.box.single_3.dryvan","units_count":33,"fill_ratio":1,"trailer_place":0},{"target":"norr_food.kobenhavn","urgency":1,"shortest_distance_km":478,"ferry_time":0,"ferry_price":0,"cargo":"cargo.apples","company_truck":"double/man_euro6_4x2_xxl","trailer_variant":"trailer.scs_dry_2","trailer_definition":"trailer_def.scs.box.double_3_2.dryvan","units_count":53,"fill_ratio":1,"trailer_place":0}],"transinet.salzburg":[{"target":"eurogoodies.salzburg","urgency":0,"shortest_distance_km":2,"ferry_time":0,"ferry_price":0,"cargo":"cargo.cott_cheese","company_truck":"iveco_4x2_a","trailer_variant":"trailer.scs_ins_s","trailer_definition":"trailer_def.scs.box.single_3.insulated","units_count":33,"fill_ratio":1,"trailer_place":0}],"polarislines.trelleborg":[{"target":"drekkar.vaxjo","urgency":1,"shortest_distance_km":244,"ferry_time":0,"ferry_price":0,"cargo":"cargo.clothes_c","company_truck":"man_6x4_b","trailer_variant":"trailer.scs_gosck220","trailer_definition":"trailer_def.scs.gooseneck.singl_3e_220.container","units_count":30,"fill_ratio":1,"trailer_place":0},{"target":"drekkar.odense","urgency":1,"shortest_distance_km":202,"ferry_time":0,"ferry_price":0,"cargo":"cargo.salm_fillet","company_truck":"daf_4x2_a","trailer_variant":"trailer.scs_ins_s","trailer_definition":"trailer_def.scs.box.single_3.insulated","units_count":33,"fill_ratio":1,"trailer_place":0}],"ika_bohag.orebro":[{"target":"drekkar.uppsala","urgency":2,"shortest_distance_km":231,"ferry_time":0,"ferry_price":0,"cargo":"cargo.pot_flowers","company_truck":"man_6x4_b","trailer_variant":"trailer.scs_ref","trailer_definition":"trailer_def.scs.box.single_3.reefer","units_count":33,"fill_ratio":1,"trailer_place":0}],"norr_food.jonkoping":[{"target":"drekkar.karlskrona","urgency":2,"shortest_distance_km":195,"ferry_time":0,"ferry_price":0,"cargo":"cargo.empty_palet","company_truck":"mercedes_actros_2014_6x2_a","trailer_variant":"trailer.scs_curt","trailer_definition":"trailer_def.scs.box.single_3.curtain","units_count":33,"fill_ratio":1,"trailer_place":0}],"polarislines.kapellskar":[{"target":"drekkar.uppsala","urgency":1,"shortest_distance_km":123,"ferry_time":0,"ferry_price":0,"cargo":"cargo.plumb_suppl","company_truck":"double/scania_4x2_a","trailer_variant":"trailer.scs_curt_2","trailer_definition":"trailer_def.scs.box.double_3_2.curtain","units_count":53,"fill_ratio":1,"trailer_place":0}],"agronord.kristiansand":[{"target":"renar.vaxjo","urgency":0,"shortest_distance_km":833,"ferry_time":0,"ferry_price":0,"cargo":"cargo.maple_syrup","company_truck":"renault_magnum_6x4_a","trailer_variant":"trailer.scs_curt_s","trailer_definition":"trailer_def.scs.box.single_3.curtain","units_count":33,"fill_ratio":1,"trailer_place":0}],"posped.strasbourg":[{"target":"kaarfor.reims","urgency":1,"shortest_distance_km":321,"ferry_time":0,"ferry_price":0,"cargo":"cargo.canned_pork","company_truck":"scania_s_4x2_580","trailer_variant":"trailer.scs_ref","trailer_definition":"trailer_def.scs.box.single_3.reefer","units_count":33,"fill_ratio":1,"trailer_place":0}],"norr_food.karlskrona":[{"target":"renar.kobenhavn","urgency":0,"shortest_distance_km":304,"ferry_time":0,"ferry_price":0,"cargo":"cargo.used_plast","company_truck":"scania_streamline_4x2_b","trailer_variant":"trailer.scs_dry_s","trailer_definition":"trailer_def.scs.box.single_3.dryvan","units_count":33,"fill_ratio":1,"trailer_place":0}],"euroacres.dover":[{"target":"tradeaux.kassel","urgency":1,"shortest_distance_km":683,"ferry_time":91,"ferry_price":384,"cargo":"cargo.pears","company_truck":"renault_premium_6x4_a","trailer_variant":"trailer.scs_curt_a","trailer_definition":"trailer_def.scs.box.single_3.curtain","units_count":33,"fill_ratio":1,"trailer_place":0}],"eurogoodies.grimsby":[{"target":"transinet.cambridge","urgency":1,"shortest_distance_km":230,"ferry_time":0,"ferry_price":0,"cargo":"cargo.rye","company_truck":"renault_premium_4x2_c","trailer_variant":"trailer.s_ki_solid.cover","trailer_definition":"trailer_def.rye.s_ki_solid.cover","units_count":100,"fill_ratio":1,"trailer_place":0},{"target":"gnt.helsingborg","urgency":0,"shortest_distance_km":528,"ferry_time":1140,"ferry_price":1314,"cargo":"cargo.tomatoes","company_truck":"scania_s_6x4_730","trailer_variant":"trailer.scs_ref","trailer_definition":"trailer_def.scs.box.single_3.reefer","units_count":33,"fill_ratio":1,"trailer_place":0}],"polarislines.goteborg":[{"target":"drekkar.malmo","urgency":1,"shortest_distance_km":285,"ferry_time":0,"ferry_price":0,"cargo":"cargo.canned_pork","company_truck":"mercedes_actros_2014_4x2_c","trailer_variant":"trailer.scs_ins_s","trailer_definition":"trailer_def.scs.box.single_3.insulated","units_count":33,"fill_ratio":1,"trailer_place":0},{"target":"norr_food.helsingborg","urgency":0,"shortest_distance_km":243,"ferry_time":0,"ferry_price":0,"cargo":"cargo.pet_food","company_truck":"renault_premium_4x2_c","trailer_variant":"trailer.scs_dry_s","trailer_definition":"trailer_def.scs.box.single_3.dryvan","units_count":33,"fill_ratio":1,"trailer_place":0}],"posped.verona":[{"target":"cargotras.milano","urgency":2,"shortest_distance_km":177,"ferry_time":0,"ferry_price":0,"cargo":"cargo.smokd_sprats","company_truck":"scania_streamline_4x2_a","trailer_variant":"trailer.scs_ref","trailer_definition":"trailer_def.scs.box.single_3.reefer","units_count":33,"fill_ratio":1,"trailer_place":0}],"posped.london":[{"target":"transinet.torino","urgency":2,"shortest_distance_km":1206,"ferry_time":35,"ferry_price":300,"cargo":"cargo.truck_tyres","company_truck":"scania_r_6x4_650","trailer_variant":"trailer.scs_dry_ms","trailer_definition":"trailer_def.scs.box.single_3.dryvan_m","units_count":33,"fill_ratio":1,"trailer_place":0}],"polarislines.travemunde":[{"target":"eurogoodies.kiel","urgency":0,"shortest_distance_km":98,"ferry_time":0,"ferry_price":0,"cargo":"cargo.onion","company_truck":"man_6x4_b","trailer_variant":"trailer.scs_dry_2","trailer_definition":"trailer_def.scs.box.double_3_2.dryvan","units_count":31,"fill_ratio":1,"trailer_place":0}],"ika_bohag.linkoping":[{"target":"polarislines.bergen","urgency":2,"shortest_distance_km":965,"ferry_time":0,"ferry_price":0,"cargo":"cargo.pot_flowers","company_truck":"scania_4x2_c","trailer_variant":"trailer.scs_ref_a","trailer_definition":"trailer_def.scs.box.single_3.reefer","units_count":33,"fill_ratio":1,"trailer_place":0}],"nord_crown.stavanger":[{"target":"drekkar.odense","urgency":0,"shortest_distance_km":484,"ferry_time":195,"ferry_price":1052,"cargo":"cargo.lamb_stom","company_truck":"double/mercedes_actros_2014_4x2_a","trailer_variant":"trailer.scs_ref_2","trailer_definition":"trailer_def.scs.box.double_3_2.reefer","units_count":53,"fill_ratio":1,"trailer_place":0},{"target":"gnt.kristiansand","urgency":2,"shortest_distance_km":167,"ferry_time":0,"ferry_price":0,"cargo":"cargo.sausages","company_truck":"man_6x4_b","trailer_variant":"trailer.scs_ins_b2","trailer_definition":"trailer_def.scs.box.bdouble_3_3.insulated","units_count":53,"fill_ratio":1,"trailer_place":0}],"konstnr_br.malmo":[{"target":"norrsken.malmo","urgency":1,"shortest_distance_km":3,"ferry_time":0,"ferry_price":0,"cargo":"cargo.diggers","company_truck":"mercedes_6x2_b","trailer_variant":"trailer.overweight.digger","trailer_definition":"trailer_def.diggers.overweight.digger","units_count":100,"fill_ratio":1,"trailer_place":0}],"eurogoodies.wroclaw":[{"target":"transinet.dresden","urgency":0,"shortest_distance_km":264,"ferry_time":0,"ferry_price":0,"cargo":"cargo.atl_cod_flt","company_truck":"scania_r_4x2_520","trailer_variant":"trailer.scs_ref_a","trailer_definition":"trailer_def.scs.box.single_3.reefer","units_count":33,"fill_ratio":1,"trailer_place":0}],"nord_sten.jonkoping":[{"target":"renar.vasteraas","urgency":2,"shortest_distance_km":332,"ferry_time":0,"ferry_price":0,"cargo":"cargo.digger1000","company_truck":"man_6x4_b","trailer_variant":"trailer.overweight.digger1000","trailer_definition":"trailer_def.digger1000.overweight.digger1000","units_count":100,"fill_ratio":1,"trailer_place":0}],"eurogoodies.kiel":[{"target":"transinet.hamburg","urgency":1,"shortest_distance_km":157,"ferry_time":0,"ferry_price":0,"cargo":"cargo.caviar","company_truck":"double/scania_4x2_a","trailer_variant":"trailer.scs_ref_2","trailer_definition":"trailer_def.scs.box.double_3_2.reefer","units_count":35,"fill_ratio":1,"trailer_place":0}]}