{"euroacres.wroclaw":[{"target":"lkwlog.stuttgart","urgency":2,"shortest_distance_km":715,"ferry_time":0,"ferry_price":0,"cargo":"cargo.tractor","company_truck":"renault_premium_6x4_a","trailer_variant":"trailer.overweight.tractor","trailer_definition":"trailer_def.tractor.overweight.tractor","units_count":100,"fill_ratio":1,"trailer_place":0}],"transinet.rotterdam":[{"target":"lkwlog.manchester","urgency":1,"shortest_distance_km":224,"ferry_time":660,"ferry_price":995,"cargo":"cargo.yacht","company_truck":"scania_s_6x2_450","trailer_variant":"trailer.overweight.yacht","trailer_definition":"trailer_def.yacht.overweight.yacht","units_count":100,"fill_ratio":1,"trailer_place":0}],"lkwlog.duisburg":[{"target":"stokes.nurnberg","urgency":0,"shortest_distance_km":502,"ferry_time":0,"ferry_price":0,"cargo":"cargo.driller","company_truck":"man_6x4_b","trailer_variant":"trailer.overweight.driller","trailer_definition":"trailer_def.driller.overweight.driller","units_count":100,"fill_ratio":1,"trailer_place":0}],"euroacres.carlisle":[{"target":"transinet.rotterdam","urgency":0,"shortest_distance_km":322,"ferry_time":660,"ferry_price":995,"cargo":"cargo.tractors","company_truck":"iveco_4x2_c","trailer_variant":"trailer.overweight.tractors","trailer_definition":"trailer_def.tractors.overweight.tractors","units_count":100,"fill_ratio":1,"trailer_place":0}],"tree_et.frankfurt":[{"target":"transinet.mannheim","urgency":2,"shortest_distance_km":101,"ferry_time":0,"ferry_price":0,"cargo":"cargo.tractor","company_truck":"man_6x4_b","trailer_variant":"trailer.overweight.tractor","trailer_definition":"trailer_def.tractor.overweight.tractor","units_count":100,"fill_ratio":1,"trailer_place":0}],"tree_et.bratislava":[{"target":"euroacres.reims","urgency":2,"shortest_distance_km":1116,"ferry_time":0,"ferry_price":0,"cargo":"cargo.tractor","company_truck":"mercedes_actros_2014_4x2_a","trailer_variant":"trailer.overweight.tractor","trailer_definition":"trailer_def.tractor.overweight.tractor","units_count":100,"fill_ratio":1,"trailer_place":0}],"tradeaux.lyon":[{"target":"posped.geneve","urgency":2,"shortest_distance_km":163,"ferry_time":0,"ferry_price":0,"cargo":"cargo.helicopter","company_truck":"renault_t_6x2","trailer_variant":"trailer.overweight.helicopter","trailer_definition":"trailer_def.helicopter.overweight.helicopter","units_count":100,"fill_ratio":1,"trailer_place":0}],"tree_et.geneve":[{"target":"euroacres.bern","urgency":0,"shortest_distance_km":163,"ferry_time":0,"ferry_price":0,"cargo":"cargo.tractors","company_truck":"daf_xf_euro6_4x2_b","trailer_variant":"trailer.overweight.tractors","trailer_definition":"trailer_def.tractors.overweight.tractors","units_count":100,"fill_ratio":1,"trailer_place":0}],"lkwlog.stuttgart":[{"target":"posped.zurich","urgency":0,"shortest_distance_km":206,"ferry_time":0,"ferry_price":0,"cargo":"cargo.driller","company_truck":"iveco_4x2_a","trailer_variant":"trailer.overweight.driller","trailer_definition":"trailer_def.driller.overweight.driller","units_count":100,"fill_ratio":1,"trailer_place":0}],"sanbuilders.birmingham":[{"target":"transinet.southampton","urgency":0,"shortest_distance_km":301,"ferry_time":0,"ferry_price":0,"cargo":"cargo.driller","company_truck":"renault_t_6x2","trailer_variant":"trailer.overweight.driller","trailer_definition":"trailer_def.driller.overweight.driller","units_count":100,"fill_ratio":1,"trailer_place":0}],"quarry.hannover":[{"target":"stokes.amsterdam","urgency":0,"shortest_distance_km":414,"ferry_time":0,"ferry_price":0,"cargo":"cargo.tracks","company_truck":"scania_r_4x2_520","trailer_variant":"trailer.overweight.tracks","trailer_definition":"trailer_def.tracks.overweight.tracks","units_count":100,"fill_ratio":1,"trailer_place":0}]}