{"wgcc.frankfurt":[{"target":"baltomors_ru.vyborg","urgency":0,"shortest_distance_km":2229,"ferry_time":0,"ferry_price":0,"cargo":"cargo.lpg","company_truck":"man_tgx_euro6_4x2_xxl","trailer_variant":"trailer.willig.fuel_cistern","trailer_definition":"trailer_def.lpg.willig.fuel_cistern","units_count":101,"fill_ratio":1,"trailer_place":0},{"target":"nch.tallinn","urgency":0,"shortest_distance_km":1914,"ferry_time":0,"ferry_price":0,"cargo":"cargo.sodium","company_truck":"scania_r_4x2_520","trailer_variant":"trailer.scs_flat_c_r","trailer_definition":"trailer_def.scs.flatbed.single_3.container","units_count":87,"fill_ratio":1,"trailer_place":0}],"eurogoodies.plymouth":[{"target":"suprema.tartu","urgency":1,"shortest_distance_km":2711,"ferry_time":35,"ferry_price":300,"cargo":"cargo.beverages_t","company_truck":"man_tgx_euro6_4x2_xl","trailer_variant":"trailer.scs_fodt","trailer_definition":"trailer_def.scs.foodtank.single_3.paint","units_count":23,"fill_ratio":1,"trailer_place":0}],"eurogoodies.reims":[{"target":"ateria.lahti","urgency":1,"shortest_distance_km":2212,"ferry_time":540,"ferry_price":1170,"cargo":"cargo.rice","company_truck":"scania_r_6x2_450","trailer_variant":"trailer.scs_dry_m","trailer_definition":"trailer_def.scs.box.single_3.dryvan_m","units_count":33,"fill_ratio":1,"trailer_place":0}],"quarry.stuttgart":[{"target":"cemelt_bas.kaunas","urgency":2,"shortest_distance_km":1498,"ferry_time":0,"ferry_price":0,"cargo":"cargo.stones","company_truck":"scania_6x2_b","trailer_variant":"trailer.s_ki_solid.cover","trailer_definition":"trailer_def.stones.s_ki_solid.cover","units_count":100,"fill_ratio":1,"trailer_place":0}],"tree_et.innsbruck":[{"target":"blt.kunda","urgency":1,"shortest_distance_km":2104,"ferry_time":0,"ferry_price":0,"cargo":"cargo.forklifts","company_truck":"iveco_4x2_c","trailer_variant":"trailer.overweight.forklifts","trailer_definition":"trailer_def.forklifts.overweight.forklifts","units_count":100,"fill_ratio":1,"trailer_place":0}],"euroacres.reims":[{"target":"polarislines.naantali","urgency":1,"shortest_distance_km":1937,"ferry_time":540,"ferry_price":1170,"cargo":"cargo.drymilk","company_truck":"scania_s_6x2_450","trailer_variant":"trailer.scs_curt_a","trailer_definition":"trailer_def.scs.box.single_3.curtain","units_count":33,"fill_ratio":1,"trailer_place":0}],"transinet.szczecin":[{"target":"zelenye_a.kaliningrad","urgency":0,"shortest_distance_km":636,"ferry_time":0,"ferry_price":0,"cargo":"cargo.vent_tube","company_truck":"renault_magnum_6x2_a","trailer_variant":"trailer.scs_flat_r","trailer_definition":"trailer_def.scs.flatbed.single_3.flatbed_w","units_count":2,"fill_ratio":1,"trailer_place":0}],"wgcc.glasgow":[{"target":"nch.turku","urgency":2,"shortest_distance_km":1474,"ferry_time":1680,"ferry_price":2484,"cargo":"cargo.nitrocel","company_truck":"renault_t_4x2","trailer_variant":"trailer.scs_flat_c_g","trailer_definition":"trailer_def.scs.flatbed.single_3.container","units_count":87,"fill_ratio":1,"trailer_place":0}],"sellplan.osnabruck":[{"target":"gnt.panevezys","urgency":2,"shortest_distance_km":1411,"ferry_time":0,"ferry_price":0,"cargo":"cargo.used_plast_c","company_truck":"mercedes_actros_2014_4x2_b","trailer_variant":"trailer.scs_gosck40","trailer_definition":"trailer_def.scs.gooseneck.singl_3e_40.container","units_count":30,"fill_ratio":1,"trailer_place":0}],"itcc.sheffield":[{"target":"sanbuilders.edinburgh","urgency":2,"shortest_distance_km":372,"ferry_time":0,"ferry_price":0,"cargo":"cargo.metal_beams","company_truck":"iveco_4x2_c","trailer_variant":"trailer.scs_flat_c_r","trailer_definition":"trailer_def.scs.flatbed.single_3.container","units_count":9,"fill_ratio":1,"trailer_place":0}],"quarry.hannover":[{"target":"cemelt_fl_ru.kaliningrad","urgency":2,"shortest_distance_km":835,"ferry_time":0,"ferry_price":0,"cargo":"cargo.stones","company_truck":"renault_t_4x2","trailer_variant":"trailer.s_ki_solid.cover","trailer_definition":"trailer_def.stones.s_ki_solid.cover","units_count":100,"fill_ratio":1,"trailer_place":0}],"sanbuilders.lyon":[{"target":"lintukainen.tartu","urgency":1,"shortest_distance_km":2551,"ferry_time":0,"ferry_price":0,"cargo":"cargo.excavator","company_truck":"renault_premium_6x4_a","trailer_variant":"trailer.overweight.excavator","trailer_definition":"trailer_def.excavator.overweight.excavator","units_count":94,"fill_ratio":1,"trailer_place":0}],"eurogoodies.grimsby":[{"target":"nch.kouvola","urgency":2,"shortest_distance_km":1464,"ferry_time":1680,"ferry_price":2484,"cargo":"cargo.cheese","company_truck":"daf_4x2_a","trailer_variant":"trailer.scs_ins_s","trailer_definition":"trailer_def.scs.box.single_3.insulated","units_count":33,"fill_ratio":1,"trailer_place":0}],"trameri.innsbruck":[{"target":"nch.vilnius","urgency":0,"shortest_distance_km":1495,"ferry_time":0,"ferry_price":0,"cargo":"cargo.scrap_metals","company_truck":"daf_xf_euro6_6x2_a","trailer_variant":"trailer.s_ki_solid.cover","trailer_definition":"trailer_def.scrap_metals.s_ki_solid.cover","units_count":100,"fill_ratio":1,"trailer_place":0}],"aci.milano":[{"target":"aerobalt.kaunas","urgency":0,"shortest_distance_km":1882,"ferry_time":0,"ferry_price":0,"cargo":"cargo.med_vaccine","company_truck":"scania_s_4x2_370","trailer_variant":"trailer.scs_ref_s","trailer_definition":"trailer_def.scs.box.single_3.reefer","units_count":33,"fill_ratio":1,"trailer_place":0}],"renar.turku":[{"target":"blt_ru.petersburg","urgency":1,"shortest_distance_km":662,"ferry_time":0,"ferry_price":0,"cargo":"cargo.graph_grease","company_truck":"mercedes_actros_2014_4x2_b","trailer_variant":"trailer.scs_dry_a","trailer_definition":"trailer_def.scs.box.single_3.dryvan","units_count":33,"fill_ratio":1,"trailer_place":0},{"target":"blt.tartu","urgency":1,"shortest_distance_km":403,"ferry_time":150,"ferry_price":430,"cargo":"cargo.limonades","company_truck":"scania_s_6x2_450","trailer_variant":"trailer.scs_curt","trailer_definition":"trailer_def.scs.box.single_3.curtain","units_count":32,"fill_ratio":1,"trailer_place":0}],"radus.kouvola":[{"target":"sal_fi.helsinki","urgency":2,"shortest_distance_km":242,"ferry_time":0,"ferry_price":0,"cargo":"cargo.concr_cent","company_truck":"scania_s_6x2_450","trailer_variant":"trailer.scs_flat_b","trailer_definition":"trailer_def.scs.flatbed.single_3.flatbed_w","units_count":2,"fill_ratio":1,"trailer_place":0},{"target":"rosmark_ru.vyborg","urgency":2,"shortest_distance_km":170,"ferry_time":0,"ferry_price":0,"cargo":"cargo.concr_stair","company_truck":"daf_xf_euro6_4x2_a","trailer_variant":"trailer.scs_flat_c_g","trailer_definition":"trailer_def.scs.flatbed.single_3.container","units_count":2,"fill_ratio":1,"trailer_place":0},{"target":"cemelt_fl_ru.kaliningrad","urgency":2,"shortest_distance_km":1034,"ferry_time":150,"ferry_price":430,"cargo":"cargo.bricks","company_truck":"iveco_4x2_a","trailer_variant":"trailer.scs_brick_b","trailer_definition":"trailer_def.scs.flatbed.single_3.brick","units_count":33,"fill_ratio":1,"trailer_place":0}],"radus.tartu":[{"target":"rosmark_ru.vyborg","urgency":2,"shortest_distance_km":468,"ferry_time":0,"ferry_price":0,"cargo":"cargo.diggers","company_truck":"man_6x4_b","trailer_variant":"trailer.overweight.digger","trailer_definition":"trailer_def.diggers.overweight.digger","units_count":98,"fill_ratio":1,"trailer_place":0},{"target":"nch.riga","urgency":2,"shortest_distance_km":285,"ferry_time":0,"ferry_price":0,"cargo":"cargo.concr_stair","company_truck":"scania_s_6x2_450","trailer_variant":"trailer.scs_flat_c_r","trailer_definition":"trailer_def.scs.flatbed.single_3.container","units_count":2,"fill_ratio":1,"trailer_place":0}],"baltomorsk.kaunas":[{"target":"blt.kaunas","urgency":1,"shortest_distance_km":74,"ferry_time":0,"ferry_price":0,"cargo":"cargo.empty_palet","company_truck":"renault_premium_4x2_a","trailer_variant":"trailer.scs_dry_m","trailer_definition":"trailer_def.scs.box.single_3.dryvan_m","units_count":32,"fill_ratio":1,"trailer_place":0}],"ns_chem.riga":[{"target":"nch.kouvola","urgency":1,"shortest_distance_km":574,"ferry_time":150,"ferry_price":430,"cargo":"cargo.hchemicals","company_truck":"scania_s_6x4_730","trailer_variant":"trailer.chcistern","trailer_definition":"trailer_def.hchemicals.chcistern","units_count":100,"fill_ratio":1,"trailer_place":0},{"target":"nch.riga","urgency":0,"shortest_distance_km":1,"ferry_time":0,"ferry_price":0,"cargo":"cargo.lead","company_truck":"renault_t_6x2","trailer_variant":"trailer.scs_flat_c_g","trailer_definition":"trailer_def.scs.flatbed.single_3.container","units_count":87,"fill_ratio":1,"trailer_place":0},{"target":"nch.riga","urgency":2,"shortest_distance_km":1,"ferry_time":0,"ferry_price":0,"cargo":"cargo.contamin","company_truck":"scania_streamline_6x4_a","trailer_variant":"trailer.scs_flat_c_g","trailer_definition":"trailer_def.scs.flatbed.single_3.container","units_count":87,"fill_ratio":1,"trailer_place":0}],"rosmark_ru.vyborg":[{"target":"blt_ru.petersburg","urgency":2,"shortest_distance_km":184,"ferry_time":0,"ferry_price":0,"cargo":"cargo.oranges","company_truck":"renault_premium_6x2_a","trailer_variant":"trailer.scs_ins","trailer_definition":"trailer_def.scs.box.single_3.insulated","units_count":33,"fill_ratio":1,"trailer_place":0},{"target":"blt_ru.pskov","urgency":2,"shortest_distance_km":431,"ferry_time":0,"ferry_price":0,"cargo":"cargo.used_plast_c","company_truck":"scania_s_4x2_580","trailer_variant":"trailer.scs_gosck20","trailer_definition":"trailer_def.scs.gooseneck.singl_3e_20.container","units_count":15,"fill_ratio":1,"trailer_place":0},{"target":"sal_fi.helsinki","urgency":2,"shortest_distance_km":335,"ferry_time":0,"ferry_price":0,"cargo":"cargo.diggers","company_truck":"renault_premium_6x2_a","trailer_variant":"trailer.overweight.digger","trailer_definition":"trailer_def.diggers.overweight.digger","units_count":98,"fill_ratio":1,"trailer_place":0},{"target":"lintukainen.kouvola","urgency":2,"shortest_distance_km":179,"ferry_time":0,"ferry_price":0,"cargo":"cargo.hipresstank","company_truck":"scania_6x4_a","trailer_variant":"trailer.scs_flat_r","trailer_definition":"trailer_def.scs.flatbed.single_3.flatbed_w","units_count":2,"fill_ratio":1,"trailer_place":0},{"target":"nch_ru.petersburg","urgency":2,"shortest_distance_km":215,"ferry_time":0,"ferry_price":0,"cargo":"cargo.glass_packed","company_truck":"renault_premium_4x2_a","trailer_variant":"trailer.gls_trailer","trailer_definition":"trailer_def.glass_packed.gls_trailer","units_count":100,"fill_ratio":1,"trailer_place":0}],"ns_chem.pori":[{"target":"nch.kouvola","urgency":1,"shortest_distance_km":342,"ferry_time":0,"ferry_price":0,"cargo":"cargo.arsenic","company_truck":"daf_6x2_a","trailer_variant":"trailer.scs_flat_c_g","trailer_definition":"trailer_def.scs.flatbed.single_3.container","units_count":87,"fill_ratio":1,"trailer_place":0},{"target":"nch.turku","urgency":0,"shortest_distance_km":141,"ferry_time":0,"ferry_price":0,"cargo":"cargo.hmetal","company_truck":"mercedes_actros_2014_4x2_c","trailer_variant":"trailer.scs_gosck220","trailer_definition":"trailer_def.scs.gooseneck.singl_3e_220.container","units_count":80,"fill_ratio":1,"trailer_place":0},{"target":"nch.tallinn","urgency":2,"shortest_distance_km":339,"ferry_time":150,"ferry_price":430,"cargo":"cargo.magnesium","company_truck":"man_4x2_c","trailer_variant":"trailer.scs_flat_c_g","trailer_definition":"trailer_def.scs.flatbed.single_3.container","units_count":87,"fill_ratio":1,"trailer_place":0},{"target":"viljo_paper.tampere","urgency":2,"shortest_distance_km":160,"ferry_time":0,"ferry_price":0,"cargo":"cargo.chlorine","company_truck":"renault_premium_4x2_c","trailer_variant":"trailer.scs_flat_c_r","trailer_definition":"trailer_def.scs.flatbed.single_3.container","units_count":87,"fill_ratio":1,"trailer_place":0}],"ukko.loviisa":[{"target":"renar.lahti","urgency":1,"shortest_distance_km":196,"ferry_time":0,"ferry_price":0,"cargo":"cargo.empty_palet","company_truck":"double/daf_xf_euro6_4x2_a","trailer_variant":"trailer.scs_dry_2","trailer_definition":"trailer_def.scs.box.double_3_2.dryvan","units_count":53,"fill_ratio":1,"trailer_place":0},{"target":"nch.riga","urgency":1,"shortest_distance_km":520,"ferry_time":150,"ferry_price":430,"cargo":"cargo.excavator","company_truck":"man_tgx_euro6_4x2_xl","trailer_variant":"trailer.overweight.excavator","trailer_definition":"trailer_def.excavator.overweight.excavator","units_count":94,"fill_ratio":1,"trailer_place":0}],"gnt.valmiera":[{"target":"lateds.valmiera","urgency":2,"shortest_distance_km":50,"ferry_time":0,"ferry_price":0,"cargo":"cargo.nuts","company_truck":"daf_xf_euro6_6x4_c","trailer_variant":"trailer.scs_dry_s","trailer_definition":"trailer_def.scs.box.single_3.dryvan","units_count":33,"fill_ratio":1,"trailer_place":0}],"suprema.tampere":[{"target":"sal_fi.kouvola","urgency":2,"shortest_distance_km":158,"ferry_time":0,"ferry_price":0,"cargo":"cargo.used_plast_c","company_truck":"scania_streamline_4x2_b","trailer_variant":"trailer.scs_flat_c_r","trailer_definition":"trailer_def.scs.flatbed.single_3.container","units_count":33,"fill_ratio":1,"trailer_place":0},{"target":"sal_fi.kouvola","urgency":0,"shortest_distance_km":158,"ferry_time":0,"ferry_price":0,"cargo":"cargo.used_plast","company_truck":"scania_s_4x2_580","trailer_variant":"trailer.scs_curt_s","trailer_definition":"trailer_def.scs.box.single_3.curtain","units_count":33,"fill_ratio":1,"trailer_place":0},{"target":"nch.riga","urgency":1,"shortest_distance_km":598,"ferry_time":150,"ferry_price":430,"cargo":"cargo.empty_palet","company_truck":"mercedes_4x2_b","trailer_variant":"trailer.scs_dry_a","trailer_definition":"trailer_def.scs.box.single_3.dryvan","units_count":33,"fill_ratio":1,"trailer_place":0}],"kivi.helsinki":[{"target":"lintukainen.kouvola","urgency":2,"shortest_distance_km":134,"ferry_time":0,"ferry_price":0,"cargo":"cargo.digger1000","company_truck":"daf_xf_euro6_6x2_a","trailer_variant":"trailer.overweight.digger1000","trailer_definition":"trailer_def.digger1000.overweight.digger1000","units_count":100,"fill_ratio":1,"trailer_place":0},{"target":"blt_ru.pskov","urgency":1,"shortest_distance_km":469,"ferry_time":150,"ferry_price":430,"cargo":"cargo.gravel","company_truck":"man_4x2_c","trailer_variant":"trailer.s_ki_solid.gravel","trailer_definition":"trailer_def.gravel.s_ki_solid.gravel","units_count":100,"fill_ratio":1,"trailer_place":0},{"target":"domdepo_ru.vyborg","urgency":1,"shortest_distance_km":303,"ferry_time":0,"ferry_price":0,"cargo":"cargo.stone_dust","company_truck":"scania_r_4x2_520","trailer_variant":"trailer.s_ki_solid.cover","trailer_definition":"trailer_def.stone_dust.s_ki_solid.cover","units_count":100,"fill_ratio":1,"trailer_place":0}],"bhv.parnu":[{"target":"gnt.klaipeda","urgency":2,"shortest_distance_km":470,"ferry_time":0,"ferry_price":0,"cargo":"cargo.car_balt1","company_truck":"man_6x4_b","trailer_variant":"trailer.car_trans_b","trailer_definition":"trailer_def.car_balt1.car_trans_b","units_count":100,"fill_ratio":1,"trailer_place":0},{"target":"blt.paldiski","urgency":0,"shortest_distance_km":104,"ferry_time":0,"ferry_price":0,"cargo":"cargo.mondeos","company_truck":"renault_t_4x2","trailer_variant":"trailer.car_trans","trailer_definition":"trailer_def.mondeos.car_trans","units_count":100,"fill_ratio":1,"trailer_place":0}],"rosmark.rezekne":[{"target":"nch.kouvola","urgency":2,"shortest_distance_km":698,"ferry_time":0,"ferry_price":0,"cargo":"cargo.oranges","company_truck":"man_6x4_b","trailer_variant":"trailer.scs_ref","trailer_definition":"trailer_def.scs.box.single_3.reefer","units_count":33,"fill_ratio":1,"trailer_place":0}],"blt_ru.petersburg":[{"target":"nch.vilnius","urgency":2,"shortest_distance_km":747,"ferry_time":0,"ferry_price":0,"cargo":"cargo.glass_packed","company_truck":"man_tgx_euro6_4x2_xl","trailer_variant":"trailer.gls_trailer","trailer_definition":"trailer_def.glass_packed.gls_trailer","units_count":100,"fill_ratio":1,"trailer_place":0}],"sal_fi.helsinki":[{"target":"lintukainen.kotka","urgency":2,"shortest_distance_km":197,"ferry_time":0,"ferry_price":0,"cargo":"cargo.digger1000","company_truck":"scania_s_4x2_370","trailer_variant":"trailer.overweight.digger1000","trailer_definition":"trailer_def.digger1000.overweight.digger1000","units_count":100,"fill_ratio":1,"trailer_place":0},{"target":"nch.turku","urgency":0,"shortest_distance_km":203,"ferry_time":0,"ferry_price":0,"cargo":"cargo.plastic_gra","company_truck":"scania_6x2_b","trailer_variant":"trailer.cement","trailer_definition":"trailer_def.plastic_gra.cement","units_count":100,"fill_ratio":1,"trailer_place":0}],"aerobalt.helsinki":[{"target":"nch.turku","urgency":0,"shortest_distance_km":228,"ferry_time":0,"ferry_price":0,"cargo":"cargo.med_vaccine","company_truck":"iveco_h_4x2_a","trailer_variant":"trailer.scs_ins","trailer_definition":"trailer_def.scs.box.single_3.insulated","units_count":33,"fill_ratio":1,"trailer_place":0}],"onnelik_a.tartu":[{"target":"blt.kunda","urgency":1,"shortest_distance_km":213,"ferry_time":0,"ferry_price":0,"cargo":"cargo.milk","company_truck":"man_tgx_euro6_6x4_xlx","trailer_variant":"trailer.scs_curt_a","trailer_definition":"trailer_def.scs.box.single_3.curtain","units_count":33,"fill_ratio":1,"trailer_place":0},{"target":"nch.turku","urgency":2,"shortest_distance_km":373,"ferry_time":150,"ferry_price":430,"cargo":"cargo.goat_cheese","company_truck":"scania_s_6x4_730","trailer_variant":"trailer.scs_ref_a","trailer_definition":"trailer_def.scs.box.single_3.reefer","units_count":33,"fill_ratio":1,"trailer_place":0}],"ibp.helsinki":[{"target":"ladoga.turku","urgency":0,"shortest_distance_km":310,"ferry_time":0,"ferry_price":0,"cargo":"cargo.motor_oil","company_truck":"renault_premium_4x2_c","trailer_variant":"trailer.scs_curt_s","trailer_definition":"trailer_def.scs.box.single_3.curtain","units_count":33,"fill_ratio":1,"trailer_place":0},{"target":"ns_oil_ru.pskov","urgency":0,"shortest_distance_km":628,"ferry_time":0,"ferry_price":0,"cargo":"cargo.oil","company_truck":"scania_4x2_c","trailer_variant":"trailer.fuel_cistern","trailer_definition":"trailer_def.oil.fuel_cistern","units_count":100,"fill_ratio":1,"trailer_place":0}],"lvr.riga":[{"target":"gnt.ventspils","urgency":0,"shortest_distance_km":235,"ferry_time":0,"ferry_price":0,"cargo":"cargo.scrap_metals","company_truck":"man_6x4_b","trailer_variant":"trailer.s_ki_solid.cover","trailer_definition":"trailer_def.scrap_metals.s_ki_solid.cover","units_count":100,"fill_ratio":1,"trailer_place":0}],"blt_yacht.riga":[{"target":"nch_ru.petersburg","urgency":1,"shortest_distance_km":665,"ferry_time":0,"ferry_price":0,"cargo":"cargo.princess","company_truck":"daf_4x2_b","trailer_variant":"trailer.overweight.boat","trailer_definition":"trailer_def.princess.overweight.boat","units_count":100,"fill_ratio":1,"trailer_place":0}],"ika_bohag.vilnius":[{"target":"gnt.klaipeda","urgency":1,"shortest_distance_km":279,"ferry_time":0,"ferry_price":0,"cargo":"cargo.empty_palet","company_truck":"mercedes_actros_2014_6x2_a","trailer_variant":"trailer.scs_dry_ms","trailer_definition":"trailer_def.scs.box.single_3.dryvan_m","units_count":32,"fill_ratio":1,"trailer_place":0}],"nch.kouvola":[{"target":"suprema.panevezys","urgency":2,"shortest_distance_km":719,"ferry_time":150,"ferry_price":430,"cargo":"cargo.oranges","company_truck":"scania_s_4x2_580","trailer_variant":"trailer.scs_ref_s","trailer_definition":"trailer_def.scs.box.single_3.reefer","units_count":33,"fill_ratio":1,"trailer_place":0},{"target":"gnt.valmiera","urgency":2,"shortest_distance_km":733,"ferry_time":0,"ferry_price":0,"cargo":"cargo.apples","company_truck":"mercedes_actros_2014_4x2_b","trailer_variant":"trailer.scs_dry","trailer_definition":"trailer_def.scs.box.single_3.dryvan","units_count":33,"fill_ratio":1,"trailer_place":0},{"target":"renar.kotka","urgency":1,"shortest_distance_km":92,"ferry_time":0,"ferry_price":0,"cargo":"cargo.fertilizer","company_truck":"mercedes_actros_2014_6x2_a","trailer_variant":"trailer.scs_brick_r","trailer_definition":"trailer_def.scs.flatbed.single_3.brick","units_count":33,"fill_ratio":1,"trailer_place":0}],"fintyre.tampere":[{"target":"ladoga.turku","urgency":1,"shortest_distance_km":238,"ferry_time":0,"ferry_price":0,"cargo":"cargo.tyres","company_truck":"renault_t_4x2","trailer_variant":"trailer.scs_dry","trailer_definition":"trailer_def.scs.box.single_3.dryvan","units_count":33,"fill_ratio":1,"trailer_place":0},{"target":"renar.narva","urgency":1,"shortest_distance_km":453,"ferry_time":150,"ferry_price":430,"cargo":"cargo.empty_palet","company_truck":"daf_xf_euro6_6x2_a","trailer_variant":"trailer.scs_curt_a","trailer_definition":"trailer_def.scs.box.single_3.curtain","units_count":33,"fill_ratio":1,"trailer_place":0}],"aerobalt.kaunas":[{"target":"gnt.vilnius","urgency":0,"shortest_distance_km":115,"ferry_time":0,"ferry_price":0,"cargo":"cargo.med_vaccine","company_truck":"scania_streamline_4x2_c","trailer_variant":"trailer.scs_ref_a","trailer_definition":"trailer_def.scs.box.single_3.reefer","units_count":33,"fill_ratio":1,"trailer_place":0}],"ns_chem_ru.luga":[{"target":"nch_ru.petersburg","urgency":0,"shortest_distance_km":142,"ferry_time":0,"ferry_price":0,"cargo":"cargo.neon","company_truck":"scania_r_6x4_650","trailer_variant":"trailer.scs_flat_c_g","trailer_definition":"trailer_def.scs.flatbed.single_3.container","units_count":87,"fill_ratio":1,"trailer_place":0},{"target":"ns_chem.kaunas","urgency":0,"shortest_distance_km":587,"ferry_time":0,"ferry_price":0,"cargo":"cargo.hmetal","company_truck":"scania_4x2_b","trailer_variant":"trailer.scs_gosck220","trailer_definition":"trailer_def.scs.gooseneck.singl_3e_220.container","units_count":80,"fill_ratio":1,"trailer_place":0}],"gnt.vilnius":[{"target":"bltmetal.siauliai","urgency":1,"shortest_distance_km":175,"ferry_time":0,"ferry_price":0,"cargo":"cargo.emptytank","company_truck":"scania_r_6x2_450","trailer_variant":"trailer.scs_flat_c_g","trailer_definition":"trailer_def.scs.flatbed.single_3.container","units_count":2,"fill_ratio":1,"trailer_place":0},{"target":"rosmark_ru.luga","urgency":0,"shortest_distance_km":578,"ferry_time":0,"ferry_price":0,"cargo":"cargo.mason_jars","company_truck":"man_4x2_c","trailer_variant":"trailer.scs_curt_a","trailer_definition":"trailer_def.scs.box.single_3.curtain","units_count":33,"fill_ratio":1,"trailer_place":0}],"bltmetal.siauliai":[{"target":"agrominta.utena","urgency":2,"shortest_distance_km":228,"ferry_time":0,"ferry_price":0,"cargo":"cargo.outdr_flr_tl","company_truck":"mercedes_4x2_a","trailer_variant":"trailer.scs_curt","trailer_definition":"trailer_def.scs.box.single_3.curtain","units_count":33,"fill_ratio":1,"trailer_place":0},{"target":"ns_chem.kaunas","urgency":0,"shortest_distance_km":151,"ferry_time":0,"ferry_price":0,"cargo":"cargo.vent_tube","company_truck":"man_6x4_b","trailer_variant":"trailer.scs_flat_c_g","trailer_definition":"trailer_def.scs.flatbed.single_3.container","units_count":2,"fill_ratio":1,"trailer_place":0}],"suprema.parnu":[{"target":"nch.riga","urgency":1,"shortest_distance_km":181,"ferry_time":0,"ferry_price":0,"cargo":"cargo.used_packag","company_truck":"man_tgx_euro6_4x2_xxl","trailer_variant":"trailer.scs_dry_m","trailer_definition":"trailer_def.scs.box.single_3.dryvan_m","units_count":33,"fill_ratio":1,"trailer_place":0}],"egres.kouvola":[{"target":"suprema.lahti","urgency":0,"shortest_distance_km":104,"ferry_time":0,"ferry_price":0,"cargo":"cargo.beans","company_truck":"scania_4x2_b","trailer_variant":"trailer.scs_dry","trailer_definition":"trailer_def.scs.box.single_3.dryvan","units_count":33,"fill_ratio":1,"trailer_place":0},{"target":"polarislines.ventspils","urgency":0,"shortest_distance_km":768,"ferry_time":150,"ferry_price":430,"cargo":"cargo.maple_syrup","company_truck":"man_6x4_b","trailer_variant":"trailer.scs_dry_m","trailer_definition":"trailer_def.scs.box.single_3.dryvan_m","units_count":33,"fill_ratio":1,"trailer_place":0}],"ika_bohag.helsinki":[{"target":"ns_oil.paldiski","urgency":1,"shortest_distance_km":147,"ferry_time":150,"ferry_price":430,"cargo":"cargo.empty_palet","company_truck":"man_tgx_euro6_4x2_xxl","trailer_variant":"trailer.scs_curt_a","trailer_definition":"trailer_def.scs.box.single_3.curtain","units_count":33,"fill_ratio":1,"trailer_place":0},{"target":"renar.kotka","urgency":1,"shortest_distance_km":192,"ferry_time":0,"ferry_price":0,"cargo":"cargo.used_packag","company_truck":"renault_magnum_6x4_a","trailer_variant":"trailer.scs_dry_a","trailer_definition":"trailer_def.scs.box.single_3.dryvan","units_count":33,"fill_ratio":1,"trailer_place":0}],"egres.helsinki":[{"target":"suprema.tartu","urgency":2,"shortest_distance_km":296,"ferry_time":150,"ferry_price":430,"cargo":"cargo.potatoes","company_truck":"daf_xf_euro6_6x4_c","trailer_variant":"trailer.scs_dry","trailer_definition":"trailer_def.scs.box.single_3.dryvan","units_count":33,"fill_ratio":1,"trailer_place":0},{"target":"blt.utena","urgency":2,"shortest_distance_km":679,"ferry_time":150,"ferry_price":430,"cargo":"cargo.nuts","company_truck":"mercedes_6x4_a","trailer_variant":"trailer.scs_curt","trailer_definition":"trailer_def.scs.box.single_3.curtain","units_count":33,"fill_ratio":1,"trailer_place":0}],"ns_oil.tallinn":[{"target":"ibp.naantali","urgency":0,"shortest_distance_km":285,"ferry_time":150,"ferry_price":430,"cargo":"cargo.oil","company_truck":"renault_t_6x2","trailer_variant":"trailer.fuel_cistern","trailer_definition":"trailer_def.oil.fuel_cistern","units_count":100,"fill_ratio":1,"trailer_place":0},{"target":"marina_it.tallinn","urgency":1,"shortest_distance_km":33,"ferry_time":0,"ferry_price":0,"cargo":"cargo.fueltanker","company_truck":"scania_r_6x2_450","trailer_variant":"trailer.scs_gosck40","trailer_definition":"trailer_def.scs.gooseneck.singl_3e_40.container","units_count":80,"fill_ratio":1,"trailer_place":0},{"target":"ibp.helsinki","urgency":0,"shortest_distance_km":215,"ferry_time":150,"ferry_price":430,"cargo":"cargo.motor_oil","company_truck":"man_6x4_b","trailer_variant":"trailer.scs_dry_s","trailer_definition":"trailer_def.scs.box.single_3.dryvan","units_count":33,"fill_ratio":1,"trailer_place":0}],"bltmetal.tallinn":[{"target":"renar.turku","urgency":2,"shortest_distance_km":306,"ferry_time":150,"ferry_price":430,"cargo":"cargo.iron_pipes","company_truck":"daf_xf_euro6_6x4_c","trailer_variant":"trailer.scs_log","trailer_definition":"trailer_def.scs.log.single_3.steel","units_count":2,"fill_ratio":1,"trailer_place":0},{"target":"blt.kunda","urgency":1,"shortest_distance_km":150,"ferry_time":0,"ferry_price":0,"cargo":"cargo.cement","company_truck":"scania_streamline_4x2_c","trailer_variant":"trailer.cement","trailer_definition":"trailer_def.cement.cement","units_count":100,"fill_ratio":1,"trailer_place":0},{"target":"lvr.riga","urgency":2,"shortest_distance_km":250,"ferry_time":0,"ferry_price":0,"cargo":"cargo.metal_beams","company_truck":"renault_magnum_6x4_a","trailer_variant":"trailer.scs_flat_r","trailer_definition":"trailer_def.scs.flatbed.single_3.flatbed_w","units_count":10,"fill_ratio":1,"trailer_place":0},{"target":"cemelt_fla.valmiera","urgency":0,"shortest_distance_km":323,"ferry_time":0,"ferry_price":0,"cargo":"cargo.concr_beams2","company_truck":"daf_4x2_b","trailer_variant":"trailer.scs_flat_r","trailer_definition":"trailer_def.scs.flatbed.single_3.flatbed_w","units_count":2,"fill_ratio":1,"trailer_place":0}],"cemelt_bas.kaunas":[{"target":"kivi.utena","urgency":0,"shortest_distance_km":114,"ferry_time":0,"ferry_price":0,"cargo":"cargo.digger500","company_truck":"scania_s_6x4_730","trailer_variant":"trailer.overweight.digger500","trailer_definition":"trailer_def.digger500.overweight.digger500","units_count":100,"fill_ratio":1,"trailer_place":0},{"target":"nosko.utena","urgency":1,"shortest_distance_km":125,"ferry_time":0,"ferry_price":0,"cargo":"cargo.forklifts","company_truck":"scania_s_4x2_370","trailer_variant":"trailer.overweight.forklifts","trailer_definition":"trailer_def.forklifts.overweight.forklifts","units_count":100,"fill_ratio":1,"trailer_place":0}],"cont_port.tallinn":[{"target":"rosmark_ru.luga","urgency":1,"shortest_distance_km":330,"ferry_time":0,"ferry_price":0,"cargo":"cargo.oil_filt_c","company_truck":"scania_6x2_b","trailer_variant":"trailer.scs_flat_c_g","trailer_definition":"trailer_def.scs.flatbed.single_3.container","units_count":33,"fill_ratio":1,"trailer_place":0}],"renar.kotka":[{"target":"polarislines.liepaja","urgency":2,"shortest_distance_km":759,"ferry_time":150,"ferry_price":430,"cargo":"cargo.toys","company_truck":"scania_6x2_b","trailer_variant":"trailer.scs_dry","trailer_definition":"trailer_def.scs.box.single_3.dryvan","units_count":33,"fill_ratio":1,"trailer_place":0},{"target":"blt.paldiski","urgency":2,"shortest_distance_km":306,"ferry_time":150,"ferry_price":430,"cargo":"cargo.potatoes","company_truck":"daf_xf_euro6_4x2_b","trailer_variant":"trailer.scs_dry_ms","trailer_definition":"trailer_def.scs.box.single_3.dryvan_m","units_count":32,"fill_ratio":1,"trailer_place":0}],"baltomors_ru.petersburg":[{"target":"zelenye.petersburg","urgency":2,"shortest_distance_km":239,"ferry_time":0,"ferry_price":0,"cargo":"cargo.digger1000","company_truck":"man_4x2_c","trailer_variant":"trailer.overweight.digger1000","trailer_definition":"trailer_def.digger1000.overweight.digger1000","units_count":100,"fill_ratio":1,"trailer_place":0},{"target":"domdepo_ru.luga","urgency":1,"shortest_distance_km":218,"ferry_time":0,"ferry_price":0,"cargo":"cargo.lumber","company_truck":"mercedes_actros_2014_4x2_a","trailer_variant":"trailer.scs_flat_r","trailer_definition":"trailer_def.scs.flatbed.single_3.flatbed_w","units_count":2,"fill_ratio":1,"trailer_place":0}],"blt_yacht_ru.petersburg":[{"target":"blt.tartu","urgency":0,"shortest_distance_km":275,"ferry_time":0,"ferry_price":0,"cargo":"cargo.scrap_metals","company_truck":"man_6x4_b","trailer_variant":"trailer.s_ki_solid.cover","trailer_definition":"trailer_def.scrap_metals.s_ki_solid.cover","units_count":100,"fill_ratio":1,"trailer_place":0}],"suprema.panevezys":[{"target":"blt.kaunas","urgency":1,"shortest_distance_km":158,"ferry_time":0,"ferry_price":0,"cargo":"cargo.empty_palet","company_truck":"renault_premium_4x2_c","trailer_variant":"trailer.scs_dry_ms","trailer_definition":"trailer_def.scs.box.single_3.dryvan_m","units_count":32,"fill_ratio":1,"trailer_place":0}],"domdepo.valmiera":[{"target":"renat.riga","urgency":2,"shortest_distance_km":126,"ferry_time":0,"ferry_price":0,"cargo":"cargo.sawpanels","company_truck":"scania_streamline_4x2_c","trailer_variant":"trailer.scs_dry_ms","trailer_definition":"trailer_def.scs.box.single_3.dryvan_m","units_count":33,"fill_ratio":1,"trailer_place":0},{"target":"sal_fi.helsinki","urgency":1,"shortest_distance_km":435,"ferry_time":150,"ferry_price":430,"cargo":"cargo.gravel","company_truck":"mercedes_actros_2014_4x2_c","trailer_variant":"trailer.s_ki_solid.gravel","trailer_definition":"trailer_def.gravel.s_ki_solid.gravel","units_count":100,"fill_ratio":1,"trailer_place":0}],"radus.tampere":[{"target":"blt_ru.pskov","urgency":0,"shortest_distance_km":573,"ferry_time":150,"ferry_price":430,"cargo":"cargo.concr_beams2","company_truck":"mercedes_actros_2014_4x2_b","trailer_variant":"trailer.scs_flat_b","trailer_definition":"trailer_def.scs.flatbed.single_3.flatbed_w","units_count":2,"fill_ratio":1,"trailer_place":0}],"ns_oil.klaipeda":[{"target":"bltmetal.siauliai","urgency":1,"shortest_distance_km":146,"ferry_time":0,"ferry_price":0,"cargo":"cargo.motor_oil_c","company_truck":"mercedes_4x2_a","trailer_variant":"trailer.scs_flat_c_r","trailer_definition":"trailer_def.scs.flatbed.single_3.container","units_count":33,"fill_ratio":1,"trailer_place":0},{"target":"blt.siauliai","urgency":0,"shortest_distance_km":146,"ferry_time":0,"ferry_price":0,"cargo":"cargo.oil","company_truck":"man_6x4_b","trailer_variant":"trailer.willig.fuel_cistern","trailer_definition":"trailer_def.oil.willig.fuel_cistern","units_count":101,"fill_ratio":1,"trailer_place":0},{"target":"lvr.riga","urgency":1,"shortest_distance_km":359,"ferry_time":0,"ferry_price":0,"cargo":"cargo.diesel","company_truck":"scania_r_4x2_370","trailer_variant":"trailer.fuel_cistern","trailer_definition":"trailer_def.diesel.fuel_cistern","units_count":94,"fill_ratio":1,"trailer_place":0},{"target":"lintukainen.kotka","urgency":2,"shortest_distance_km":849,"ferry_time":150,"ferry_price":430,"cargo":"cargo.kerosene","company_truck":"man_6x4_b","trailer_variant":"trailer.willig.fuel_cistern","trailer_definition":"trailer_def.kerosene.willig.fuel_cistern","units_count":100,"fill_ratio":1,"trailer_place":0},{"target":"rosmark_ru.kaliningrad","urgency":2,"shortest_distance_km":307,"ferry_time":0,"ferry_price":0,"cargo":"cargo.petrol","company_truck":"daf_xf_euro6_4x2_a","trailer_variant":"trailer.fuel_cistern","trailer_definition":"trailer_def.petrol.fuel_cistern","units_count":100,"fill_ratio":1,"trailer_place":0}],"suprema.tartu":[{"target":"sal_fi.pori","urgency":1,"shortest_distance_km":474,"ferry_time":150,"ferry_price":430,"cargo":"cargo.used_packag","company_truck":"scania_streamline_6x4_a","trailer_variant":"trailer.scs_curt_s","trailer_definition":"trailer_def.scs.box.single_3.curtain","units_count":33,"fill_ratio":1,"trailer_place":0},{"target":"sal_fi.pori","urgency":0,"shortest_distance_km":474,"ferry_time":150,"ferry_price":430,"cargo":"cargo.used_plast","company_truck":"mercedes_6x4_a","trailer_variant":"trailer.scs_curt_s","trailer_definition":"trailer_def.scs.box.single_3.curtain","units_count":33,"fill_ratio":1,"trailer_place":0}],"baltomorsk.rezekne":[{"target":"nch.riga","urgency":2,"shortest_distance_km":241,"ferry_time":0,"ferry_price":0,"cargo":"cargo.wshavings","company_truck":"renault_t_4x2h","trailer_variant":"trailer.s_ki_solid.cover","trailer_definition":"trailer_def.wshavings.s_ki_solid.cover","units_count":100,"fill_ratio":1,"trailer_place":0}],"blt_yacht.turku":[{"target":"radus.kouvola","urgency":0,"shortest_distance_km":299,"ferry_time":0,"ferry_price":0,"cargo":"cargo.scrap_metals","company_truck":"daf_xf_euro6_4x2_a","trailer_variant":"trailer.s_ki_solid.cover","trailer_definition":"trailer_def.scrap_metals.s_ki_solid.cover","units_count":100,"fill_ratio":1,"trailer_place":0}],"ladoga_ru.petersburg":[{"target":"ns_oil.paldiski","urgency":1,"shortest_distance_km":443,"ferry_time":0,"ferry_price":0,"cargo":"cargo.empty_palet","company_truck":"scania_streamline_4x2_b","trailer_variant":"trailer.scs_dry_ms","trailer_definition":"trailer_def.scs.box.single_3.dryvan_m","units_count":32,"fill_ratio":1,"trailer_place":0},{"target":"nch.kouvola","urgency":1,"shortest_distance_km":282,"ferry_time":0,"ferry_price":0,"cargo":"cargo.used_battery","company_truck":"daf_4x2_a","trailer_variant":"trailer.scs_curt_s","trailer_definition":"trailer_def.scs.box.single_3.curtain","units_count":33,"fill_ratio":1,"trailer_place":0},{"target":"rosmark_ru.luga","urgency":0,"shortest_distance_km":214,"ferry_time":0,"ferry_price":0,"cargo":"cargo.scrap_metals","company_truck":"mercedes_6x2_b","trailer_variant":"trailer.s_ki_solid.cover","trailer_definition":"trailer_def.scrap_metals.s_ki_solid.cover","units_count":100,"fill_ratio":1,"trailer_place":0}],"rosmark.riga":[{"target":"renar.parnu","urgency":1,"shortest_distance_km":162,"ferry_time":0,"ferry_price":0,"cargo":"cargo.used_packag","company_truck":"iveco_4x2_b","trailer_variant":"trailer.scs_dry_m","trailer_definition":"trailer_def.scs.box.single_3.dryvan_m","units_count":33,"fill_ratio":1,"trailer_place":0}],"baltomorsk.daugavpils":[{"target":"ns_chem.riga","urgency":1,"shortest_distance_km":211,"ferry_time":0,"ferry_price":0,"cargo":"cargo.empty_palet","company_truck":"iveco_4x2_b","trailer_variant":"trailer.scs_dry","trailer_definition":"trailer_def.scs.box.single_3.dryvan","units_count":33,"fill_ratio":1,"trailer_place":0},{"target":"rosmark.rezekne","urgency":2,"shortest_distance_km":133,"ferry_time":0,"ferry_price":0,"cargo":"cargo.sawpanels","company_truck":"renault_t_6x2","trailer_variant":"trailer.scs_dry_a","trailer_definition":"trailer_def.scs.box.single_3.dryvan","units_count":33,"fill_ratio":1,"trailer_place":0}],"kivi.kotka":[{"target":"domdepo_ru.vyborg","urgency":1,"shortest_distance_km":174,"ferry_time":0,"ferry_price":0,"cargo":"cargo.gravel","company_truck":"mercedes_4x2_c","trailer_variant":"trailer.s_ki_solid.gravel","trailer_definition":"trailer_def.gravel.s_ki_solid.gravel","units_count":100,"fill_ratio":1,"trailer_place":0}],"ika_bohag.tampere":[{"target":"nch.tallinn","urgency":1,"shortest_distance_km":254,"ferry_time":150,"ferry_price":430,"cargo":"cargo.empty_palet","company_truck":"iveco_4x2_a","trailer_variant":"trailer.scs_dry_ms","trailer_definition":"trailer_def.scs.box.single_3.dryvan_m","units_count":32,"fill_ratio":1,"trailer_place":0},{"target":"sal_fi.helsinki","urgency":1,"shortest_distance_km":180,"ferry_time":0,"ferry_price":0,"cargo":"cargo.used_packag","company_truck":"mercedes_actros_2014_6x2_a","trailer_variant":"trailer.scs_dry_s","trailer_definition":"trailer_def.scs.box.single_3.dryvan","units_count":33,"fill_ratio":1,"trailer_place":0}],"baltomors_ru.vyborg":[{"target":"renar.lahti","urgency":0,"shortest_distance_km":253,"ferry_time":0,"ferry_price":0,"cargo":"cargo.digger500","company_truck":"man_6x4_b","trailer_variant":"trailer.overweight.digger500","trailer_definition":"trailer_def.digger500.overweight.digger500","units_count":100,"fill_ratio":1,"trailer_place":0},{"target":"onnelik.parnu","urgency":1,"shortest_distance_km":602,"ferry_time":0,"ferry_price":0,"cargo":"cargo.lumber","company_truck":"renault_t_4x2","trailer_variant":"trailer.scs_flat_b","trailer_definition":"trailer_def.scs.flatbed.single_3.flatbed_w","units_count":2,"fill_ratio":1,"trailer_place":0}],"viljo_paper.tampere":[{"target":"renar.parnu","urgency":2,"shortest_distance_km":410,"ferry_time":150,"ferry_price":430,"cargo":"cargo.paper","company_truck":"scania_r_4x2_370","trailer_variant":"trailer.scs_curt","trailer_definition":"trailer_def.scs.box.single_3.curtain","units_count":33,"fill_ratio":1,"trailer_place":0},{"target":"blt.kunda","urgency":1,"shortest_distance_km":362,"ferry_time":150,"ferry_price":430,"cargo":"cargo.used_packag","company_truck":"mercedes_actros_2014_6x2_a","trailer_variant":"trailer.scs_dry","trailer_definition":"trailer_def.scs.box.single_3.dryvan","units_count":33,"fill_ratio":1,"trailer_place":0}],"blt.utena":[{"target":"gnt.panevezys","urgency":1,"shortest_distance_km":190,"ferry_time":0,"ferry_price":0,"cargo":"cargo.princess","company_truck":"daf_6x2_a","trailer_variant":"trailer.overweight.boat","trailer_definition":"trailer_def.princess.overweight.boat","units_count":100,"fill_ratio":1,"trailer_place":0}],"ns_oil.paldiski":[{"target":"nch.turku","urgency":0,"shortest_distance_km":315,"ferry_time":150,"ferry_price":430,"cargo":"cargo.oil","company_truck":"scania_s_4x2_370","trailer_variant":"trailer.willig.fuel_cistern","trailer_definition":"trailer_def.oil.willig.fuel_cistern","units_count":101,"fill_ratio":1,"trailer_place":0}],"blt.kunda":[{"target":"nch_ru.petersburg","urgency":1,"shortest_distance_km":233,"ferry_time":0,"ferry_price":0,"cargo":"cargo.rice_c","company_truck":"daf_xf_euro6_4x2_a","trailer_variant":"trailer.scs_gosck40","trailer_definition":"trailer_def.scs.gooseneck.singl_3e_40.container","units_count":30,"fill_ratio":1,"trailer_place":0},{"target":"renar.parnu","urgency":0,"shortest_distance_km":229,"ferry_time":0,"ferry_price":0,"cargo":"cargo.ore","company_truck":"man_tgx_euro6_4x2_xxl","trailer_variant":"trailer.s_ki_solid.ore","trailer_definition":"trailer_def.ore.s_ki_solid.ore","units_count":100,"fill_ratio":1,"trailer_place":0}],"lintukainen.pori":[{"target":"rosmark_ru.luga","urgency":2,"shortest_distance_km":757,"ferry_time":0,"ferry_price":0,"cargo":"cargo.logs","company_truck":"renault_t_6x2","trailer_variant":"trailer.scs_log","trailer_definition":"trailer_def.scs.log.single_3.steel","units_count":2,"fill_ratio":1,"trailer_place":0},{"target":"sal_fi.pori","urgency":1,"shortest_distance_km":14,"ferry_time":0,"ferry_price":0,"cargo":"cargo.empty_palet","company_truck":"renault_premium_4x2_c","trailer_variant":"trailer.scs_dry_m","trailer_definition":"trailer_def.scs.box.single_3.dryvan_m","units_count":33,"fill_ratio":1,"trailer_place":0}],"lintukainen.kouvola":[{"target":"egres.kouvola","urgency":2,"shortest_distance_km":24,"ferry_time":0,"ferry_price":0,"cargo":"cargo.sawpanels","company_truck":"scania_4x2_b","trailer_variant":"trailer.scs_dry_m","trailer_definition":"trailer_def.scs.box.single_3.dryvan_m","units_count":33,"fill_ratio":1,"trailer_place":0}],"agrominta.utena":[{"target":"blt.utena","urgency":2,"shortest_distance_km":30,"ferry_time":0,"ferry_price":0,"cargo":"cargo.plums","company_truck":"mercedes_6x2_b","trailer_variant":"trailer.scs_ref_s","trailer_definition":"trailer_def.scs.box.single_3.reefer","units_count":33,"fill_ratio":1,"trailer_place":0}],"ee_paper.kunda":[{"target":"renar.kotka","urgency":2,"shortest_distance_km":514,"ferry_time":0,"ferry_price":0,"cargo":"cargo.paper","company_truck":"scania_r_4x2_370","trailer_variant":"trailer.scs_dry_s","trailer_definition":"trailer_def.scs.box.single_3.dryvan","units_count":33,"fill_ratio":1,"trailer_place":0},{"target":"renar.tallinn","urgency":1,"shortest_distance_km":180,"ferry_time":0,"ferry_price":0,"cargo":"cargo.used_packag","company_truck":"renault_premium_4x2_c","trailer_variant":"trailer.scs_curt","trailer_definition":"trailer_def.scs.box.single_3.curtain","units_count":33,"fill_ratio":1,"trailer_place":0}],"baltomors_ru.pskov":[{"target":"cemelt_hal.panevezys","urgency":1,"shortest_distance_km":403,"ferry_time":0,"ferry_price":0,"cargo":"cargo.lumber","company_truck":"scania_4x2_a","trailer_variant":"trailer.scs_flat_c_g","trailer_definition":"trailer_def.scs.flatbed.single_3.container","units_count":2,"fill_ratio":1,"trailer_place":0},{"target":"renar.tallinn","urgency":2,"shortest_distance_km":343,"ferry_time":0,"ferry_price":0,"cargo":"cargo.digger1000","company_truck":"scania_4x2_b","trailer_variant":"trailer.overweight.digger1000","trailer_definition":"trailer_def.digger1000.overweight.digger1000","units_count":100,"fill_ratio":1,"trailer_place":0}],"sal_fi.pori":[{"target":"baltomors_ru.vyborg","urgency":2,"shortest_distance_km":475,"ferry_time":0,"ferry_price":0,"cargo":"cargo.diggers","company_truck":"renault_magnum_4x2_a","trailer_variant":"trailer.overweight.digger","trailer_definition":"trailer_def.diggers.overweight.digger","units_count":98,"fill_ratio":1,"trailer_place":0},{"target":"suprema.parnu","urgency":1,"shortest_distance_km":425,"ferry_time":150,"ferry_price":430,"cargo":"cargo.vinegar_c","company_truck":"renault_premium_4x2_c","trailer_variant":"trailer.scs_gosck20","trailer_definition":"trailer_def.scs.gooseneck.singl_3e_20.container","units_count":15,"fill_ratio":1,"trailer_place":0}],"polarislines.paldiski":[{"target":"pk_medved_ru.petersburg","urgency":0,"shortest_distance_km":336,"ferry_time":0,"ferry_price":0,"cargo":"cargo.clothes","company_truck":"scania_s_4x2_370","trailer_variant":"trailer.scs_dry_a","trailer_definition":"trailer_def.scs.box.single_3.dryvan","units_count":33,"fill_ratio":1,"trailer_place":0},{"target":"renar.narva","urgency":0,"shortest_distance_km":247,"ferry_time":0,"ferry_price":0,"cargo":"cargo.mason_jars","company_truck":"man_6x4_b","trailer_variant":"trailer.scs_curt_s","trailer_definition":"trailer_def.scs.box.single_3.curtain","units_count":33,"fill_ratio":1,"trailer_place":0}],"gnt.daugavpils":[{"target":"suprema.panevezys","urgency":1,"shortest_distance_km":270,"ferry_time":0,"ferry_price":0,"cargo":"cargo.tyres","company_truck":"scania_streamline_6x4_a","trailer_variant":"trailer.scs_dry_s","trailer_definition":"trailer_def.scs.box.single_3.dryvan","units_count":33,"fill_ratio":1,"trailer_place":0},{"target":"ns_chem.riga","urgency":1,"shortest_distance_km":214,"ferry_time":0,"ferry_price":0,"cargo":"cargo.hchemicals","company_truck":"mercedes_4x2_c","trailer_variant":"trailer.chcistern","trailer_definition":"trailer_def.hchemicals.chcistern","units_count":100,"fill_ratio":1,"trailer_place":0}],"domdepo_ru.vyborg":[{"target":"nch.riga","urgency":1,"shortest_distance_km":645,"ferry_time":0,"ferry_price":0,"cargo":"cargo.stone_dust","company_truck":"renault_premium_6x2_a","trailer_variant":"trailer.s_ki_solid.cover","trailer_definition":"trailer_def.stone_dust.s_ki_solid.cover","units_count":100,"fill_ratio":1,"trailer_place":0}],"ns_oil_ru.pskov":[{"target":"nch.riga","urgency":0,"shortest_distance_km":250,"ferry_time":0,"ferry_price":0,"cargo":"cargo.motor_oil","company_truck":"man_6x4_b","trailer_variant":"trailer.scs_dry","trailer_definition":"trailer_def.scs.box.single_3.dryvan","units_count":33,"fill_ratio":1,"trailer_place":0},{"target":"kivi.riga","urgency":1,"shortest_distance_km":272,"ferry_time":0,"ferry_price":0,"cargo":"cargo.fueltanker","company_truck":"man_6x4_b","trailer_variant":"trailer.scs_gosck220","trailer_definition":"trailer_def.scs.gooseneck.singl_3e_220.container","units_count":80,"fill_ratio":1,"trailer_place":0},{"target":"ns_oil.ventspils","urgency":1,"shortest_distance_km":484,"ferry_time":0,"ferry_price":0,"cargo":"cargo.motor_oil_c","company_truck":"scania_4x2_c","trailer_variant":"trailer.scs_gosck40","trailer_definition":"trailer_def.scs.gooseneck.singl_3e_40.container","units_count":30,"fill_ratio":1,"trailer_place":0}],"viln_paper.vilnius":[{"target":"bltmetal.siauliai","urgency":1,"shortest_distance_km":198,"ferry_time":0,"ferry_price":0,"cargo":"cargo.emptytank","company_truck":"renault_magnum_4x2_a","trailer_variant":"trailer.scs_flat_c_g","trailer_definition":"trailer_def.scs.flatbed.single_3.container","units_count":2,"fill_ratio":1,"trailer_place":0}],"blt.siauliai":[{"target":"renat.riga","urgency":2,"shortest_distance_km":187,"ferry_time":0,"ferry_price":0,"cargo":"cargo.paper","company_truck":"man_6x4_b","trailer_variant":"trailer.scs_curt","trailer_definition":"trailer_def.scs.box.single_3.curtain","units_count":33,"fill_ratio":1,"trailer_place":0},{"target":"suprema_ru.pskov","urgency":0,"shortest_distance_km":399,"ferry_time":0,"ferry_price":0,"cargo":"cargo.sugar","company_truck":"man_6x4_b","trailer_variant":"trailer.scs_curt_s","trailer_definition":"trailer_def.scs.box.single_3.curtain","units_count":33,"fill_ratio":1,"trailer_place":0}],"lateds.valmiera":[{"target":"nch.kouvola","urgency":0,"shortest_distance_km":601,"ferry_time":150,"ferry_price":430,"cargo":"cargo.vinegar","company_truck":"scania_6x4_a","trailer_variant":"trailer.scs_dry_ms","trailer_definition":"trailer_def.scs.box.single_3.dryvan_m","units_count":33,"fill_ratio":1,"trailer_place":0}],"suprema.kaunas":[{"target":"nch.vilnius","urgency":0,"shortest_distance_km":98,"ferry_time":0,"ferry_price":0,"cargo":"cargo.used_plast","company_truck":"scania_r_4x2_370","trailer_variant":"trailer.scs_dry_s","trailer_definition":"trailer_def.scs.box.single_3.dryvan","units_count":33,"fill_ratio":1,"trailer_place":0}],"renat.helsinki":[{"target":"baltomors_ru.pskov","urgency":1,"shortest_distance_km":408,"ferry_time":150,"ferry_price":430,"cargo":"cargo.forklifts","company_truck":"man_6x4_b","trailer_variant":"trailer.overweight.forklifts","trailer_definition":"trailer_def.forklifts.overweight.forklifts","units_count":100,"fill_ratio":1,"trailer_place":0}],"suprema_ru.kaliningrad":[{"target":"cont_port.klaipeda","urgency":2,"shortest_distance_km":264,"ferry_time":0,"ferry_price":0,"cargo":"cargo.used_plast_c","company_truck":"renault_premium_6x2_a","trailer_variant":"trailer.scs_gosck20","trailer_definition":"trailer_def.scs.gooseneck.singl_3e_20.container","units_count":15,"fill_ratio":1,"trailer_place":0}],"ns_chem.kaunas":[{"target":"agrominta.utena","urgency":1,"shortest_distance_km":144,"ferry_time":0,"ferry_price":0,"cargo":"cargo.pesticide","company_truck":"mercedes_4x2_a","trailer_variant":"trailer.scs_gosck20","trailer_definition":"trailer_def.scs.gooseneck.singl_3e_20.container","units_count":40,"fill_ratio":1,"trailer_place":0},{"target":"nch_ru.petersburg","urgency":1,"shortest_distance_km":713,"ferry_time":0,"ferry_price":0,"cargo":"cargo.arsenic","company_truck":"man_6x4_b","trailer_variant":"trailer.scs_gosck220","trailer_definition":"trailer_def.scs.gooseneck.singl_3e_220.container","units_count":80,"fill_ratio":1,"trailer_place":0},{"target":"ns_chem_ru.luga","urgency":2,"shortest_distance_km":602,"ferry_time":0,"ferry_price":0,"cargo":"cargo.contamin","company_truck":"man_6x4_b","trailer_variant":"trailer.scs_gosck20","trailer_definition":"trailer_def.scs.gooseneck.singl_3e_20.container","units_count":40,"fill_ratio":1,"trailer_place":0}],"renar.tampere":[{"target":"rosmark.liepaja","urgency":1,"shortest_distance_km":777,"ferry_time":150,"ferry_price":430,"cargo":"cargo.glass","company_truck":"renault_magnum_4x2_a","trailer_variant":"trailer.panel_trans.glass","trailer_definition":"trailer_def.glass.panel_trans.glass","units_count":90,"fill_ratio":1,"trailer_place":0}],"ika_ru.petersburg":[{"target":"ns_oil.kotka","urgency":1,"shortest_distance_km":365,"ferry_time":0,"ferry_price":0,"cargo":"cargo.empty_palet","company_truck":"man_6x4_b","trailer_variant":"trailer.scs_dry","trailer_definition":"trailer_def.scs.box.single_3.dryvan","units_count":33,"fill_ratio":1,"trailer_place":0}],"rosmark_ru.luga":[{"target":"pk_medved_ru.kaliningrad","urgency":1,"shortest_distance_km":820,"ferry_time":0,"ferry_price":0,"cargo":"cargo.rice","company_truck":"man_tgx_euro6_4x2_xxl","trailer_variant":"trailer.scs_curt","trailer_definition":"trailer_def.scs.box.single_3.curtain","units_count":33,"fill_ratio":1,"trailer_place":0}],"zelenye.petersburg":[{"target":"blt_ru.petersburg","urgency":0,"shortest_distance_km":53,"ferry_time":0,"ferry_price":0,"cargo":"cargo.tomatoes","company_truck":"renault_t_6x2","trailer_variant":"trailer.scs_ref_s","trailer_definition":"trailer_def.scs.box.single_3.reefer","units_count":33,"fill_ratio":1,"trailer_place":0},{"target":"rosmark_ru.luga","urgency":1,"shortest_distance_km":221,"ferry_time":0,"ferry_price":0,"cargo":"cargo.apples_c","company_truck":"scania_s_6x4_730","trailer_variant":"trailer.scs_flat_c_r","trailer_definition":"trailer_def.scs.flatbed.single_3.container","units_count":33,"fill_ratio":1,"trailer_place":0}],"fintyre_ru.petersburg":[{"target":"gnt.ventspils","urgency":1,"shortest_distance_km":820,"ferry_time":0,"ferry_price":0,"cargo":"cargo.used_packag","company_truck":"mercedes_actros_2014_4x2_a","trailer_variant":"trailer.scs_curt","trailer_definition":"trailer_def.scs.box.single_3.curtain","units_count":33,"fill_ratio":1,"trailer_place":0},{"target":"nch_ru.petersburg","urgency":1,"shortest_distance_km":127,"ferry_time":0,"ferry_price":0,"cargo":"cargo.tyres","company_truck":"man_6x4_b","trailer_variant":"trailer.scs_dry_s","trailer_definition":"trailer_def.scs.box.single_3.dryvan","units_count":33,"fill_ratio":1,"trailer_place":0}],"ns_oil.valmiera":[{"target":"bltmetal.siauliai","urgency":0,"shortest_distance_km":232,"ferry_time":0,"ferry_price":0,"cargo":"cargo.motor_oil","company_truck":"renault_premium_6x2_a","trailer_variant":"trailer.scs_dry","trailer_definition":"trailer_def.scs.box.single_3.dryvan","units_count":33,"fill_ratio":1,"trailer_place":0},{"target":"blt.tartu","urgency":2,"shortest_distance_km":216,"ferry_time":0,"ferry_price":0,"cargo":"cargo.petrol","company_truck":"daf_6x2_a","trailer_variant":"trailer.willig.fuel_cistern","trailer_definition":"trailer_def.petrol.willig.fuel_cistern","units_count":101,"fill_ratio":1,"trailer_place":0},{"target":"kivi.tartu","urgency":1,"shortest_distance_km":293,"ferry_time":0,"ferry_price":0,"cargo":"cargo.diesel","company_truck":"renault_magnum_4x2_a","trailer_variant":"trailer.willig.fuel_cistern","trailer_definition":"trailer_def.diesel.willig.fuel_cistern","units_count":95,"fill_ratio":1,"trailer_place":0}],"onnelik.narva":[{"target":"suprema.tartu","urgency":2,"shortest_distance_km":129,"ferry_time":0,"ferry_price":0,"cargo":"cargo.apples","company_truck":"scania_s_4x2_370","trailer_variant":"trailer.scs_dry_a","trailer_definition":"trailer_def.scs.box.single_3.dryvan","units_count":33,"fill_ratio":1,"trailer_place":0}],"eviksi_a.valmiera":[{"target":"blt_ru.petersburg","urgency":1,"shortest_distance_km":446,"ferry_time":0,"ferry_price":0,"cargo":"cargo.milk","company_truck":"mercedes_actros_2014_6x2_a","trailer_variant":"trailer.scs_dry_ms","trailer_definition":"trailer_def.scs.box.single_3.dryvan_m","units_count":33,"fill_ratio":1,"trailer_place":0},{"target":"suprema.kaunas","urgency":0,"shortest_distance_km":403,"ferry_time":0,"ferry_price":0,"cargo":"cargo.beef_meat","company_truck":"man_tgx_euro6_4x2_xl","trailer_variant":"trailer.scs_ref","trailer_definition":"trailer_def.scs.box.single_3.reefer","units_count":33,"fill_ratio":1,"trailer_place":0}],"bltmetal.pori":[{"target":"sal_fi.kouvola","urgency":0,"shortest_distance_km":282,"ferry_time":0,"ferry_price":0,"cargo":"cargo.precast_strs","company_truck":"iveco_h_4x2_a","trailer_variant":"trailer.scs_curt","trailer_definition":"trailer_def.scs.box.single_3.curtain","units_count":33,"fill_ratio":1,"trailer_place":0},{"target":"nch.turku","urgency":2,"shortest_distance_km":147,"ferry_time":0,"ferry_price":0,"cargo":"cargo.iron_pipes","company_truck":"scania_s_4x2_370","trailer_variant":"trailer.scs_log","trailer_definition":"trailer_def.scs.log.single_3.steel","units_count":2,"fill_ratio":1,"trailer_place":0},{"target":"renar.kotka","urgency":1,"shortest_distance_km":409,"ferry_time":0,"ferry_price":0,"cargo":"cargo.emptytank","company_truck":"scania_s_4x2_370","trailer_variant":"trailer.scs_flat_c_r","trailer_definition":"trailer_def.scs.flatbed.single_3.container","units_count":2,"fill_ratio":1,"trailer_place":0}],"ibp.naantali":[{"target":"ladoga.turku","urgency":1,"shortest_distance_km":74,"ferry_time":0,"ferry_price":0,"cargo":"cargo.motor_oil_c","company_truck":"man_tgx_euro6_4x2_xxl","trailer_variant":"trailer.scs_gosck40","trailer_definition":"trailer_def.scs.gooseneck.singl_3e_40.container","units_count":30,"fill_ratio":1,"trailer_place":0}],"lintukainen.tartu":[{"target":"gnt.vilnius","urgency":0,"shortest_distance_km":625,"ferry_time":0,"ferry_price":0,"cargo":"cargo.digger500","company_truck":"renault_magnum_6x2_a","trailer_variant":"trailer.overweight.digger500","trailer_definition":"trailer_def.digger500.overweight.digger500","units_count":100,"fill_ratio":1,"trailer_place":0},{"target":"eviksi_a.valmiera","urgency":2,"shortest_distance_km":221,"ferry_time":0,"ferry_price":0,"cargo":"cargo.sawpanels","company_truck":"scania_r_6x4_650","trailer_variant":"trailer.scs_curt","trailer_definition":"trailer_def.scs.box.single_3.curtain","units_count":33,"fill_ratio":1,"trailer_place":0}],"ns_oil.daugavpils":[{"target":"nch.kouvola","urgency":0,"shortest_distance_km":819,"ferry_time":0,"ferry_price":0,"cargo":"cargo.motor_oil","company_truck":"scania_6x4_a","trailer_variant":"trailer.scs_dry_ms","trailer_definition":"trailer_def.scs.box.single_3.dryvan_m","units_count":33,"fill_ratio":1,"trailer_place":0},{"target":"aerobalt.riga","urgency":2,"shortest_distance_km":301,"ferry_time":0,"ferry_price":0,"cargo":"cargo.kerosene","company_truck":"man_6x4_b","trailer_variant":"trailer.fuel_cistern","trailer_definition":"trailer_def.kerosene.fuel_cistern","units_count":100,"fill_ratio":1,"trailer_place":0},{"target":"lintukainen.kouvola","urgency":2,"shortest_distance_km":820,"ferry_time":0,"ferry_price":0,"cargo":"cargo.petrol","company_truck":"scania_r_6x4_650","trailer_variant":"trailer.fuel_cistern","trailer_definition":"trailer_def.petrol.fuel_cistern","units_count":100,"fill_ratio":1,"trailer_place":0}],"rosmark_ru.kaliningrad":[{"target":"suprema.rezekne","urgency":1,"shortest_distance_km":616,"ferry_time":0,"ferry_price":0,"cargo":"cargo.vinegar_c","company_truck":"iveco_4x2_a","trailer_variant":"trailer.scs_gosck20","trailer_definition":"trailer_def.scs.gooseneck.singl_3e_20.container","units_count":15,"fill_ratio":1,"trailer_place":0}],"renat.riga":[{"target":"sal_fi.pori","urgency":1,"shortest_distance_km":589,"ferry_time":150,"ferry_price":430,"cargo":"cargo.forklifts","company_truck":"man_6x4_b","trailer_variant":"trailer.overweight.forklifts","trailer_definition":"trailer_def.forklifts.overweight.forklifts","units_count":100,"fill_ratio":1,"trailer_place":0}],"kivi.utena":[{"target":"blt.utena","urgency":1,"shortest_distance_km":45,"ferry_time":0,"ferry_price":0,"cargo":"cargo.excavator","company_truck":"mercedes_actros_2014_4x2_a","trailer_variant":"trailer.overweight.excavator","trailer_definition":"trailer_def.excavator.overweight.excavator","units_count":94,"fill_ratio":1,"trailer_place":0},{"target":"gnt.panevezys","urgency":2,"shortest_distance_km":178,"ferry_time":0,"ferry_price":0,"cargo":"cargo.digger1000","company_truck":"mercedes_actros_2014_4x2_c","trailer_variant":"trailer.overweight.digger1000","trailer_definition":"trailer_def.digger1000.overweight.digger1000","units_count":100,"fill_ratio":1,"trailer_place":0},{"target":"blt.utena","urgency":1,"shortest_distance_km":45,"ferry_time":0,"ferry_price":0,"cargo":"cargo.gravel","company_truck":"mercedes_actros_2014_6x2_a","trailer_variant":"trailer.s_ki_solid.gravel","trailer_definition":"trailer_def.gravel.s_ki_solid.gravel","units_count":100,"fill_ratio":1,"trailer_place":0}],"blt.kaunas":[{"target":"domdepo.valmiera","urgency":0,"shortest_distance_km":413,"ferry_time":0,"ferry_price":0,"cargo":"cargo.plastic_gra","company_truck":"scania_6x2_b","trailer_variant":"trailer.cement","trailer_definition":"trailer_def.plastic_gra.cement","units_count":100,"fill_ratio":1,"trailer_place":0},{"target":"gnt.valmiera","urgency":0,"shortest_distance_km":413,"ferry_time":0,"ferry_price":0,"cargo":"cargo.copp_rf_gutt","company_truck":"scania_s_4x2_580","trailer_variant":"trailer.scs_dry_s","trailer_definition":"trailer_def.scs.box.single_3.dryvan","units_count":33,"fill_ratio":1,"trailer_place":0}],"renar.parnu":[{"target":"blt_ru.pskov","urgency":1,"shortest_distance_km":273,"ferry_time":0,"ferry_price":0,"cargo":"cargo.med_equip","company_truck":"scania_4x2_a","trailer_variant":"trailer.scs_ins","trailer_definition":"trailer_def.scs.box.single_3.insulated","units_count":33,"fill_ratio":1,"trailer_place":0},{"target":"sal_fi.kouvola","urgency":0,"shortest_distance_km":380,"ferry_time":150,"ferry_price":430,"cargo":"cargo.straw_bales","company_truck":"daf_xf_euro6_6x2_a","trailer_variant":"trailer.scs_dry_s","trailer_definition":"trailer_def.scs.box.single_3.dryvan","units_count":33,"fill_ratio":1,"trailer_place":0},{"target":"sal_fi.pori","urgency":1,"shortest_distance_km":423,"ferry_time":150,"ferry_price":430,"cargo":"cargo.chocolate","company_truck":"scania_4x2_c","trailer_variant":"trailer.scs_dry","trailer_definition":"trailer_def.scs.box.single_3.dryvan","units_count":30,"fill_ratio":1,"trailer_place":0}],"cemelt_win.klaipeda":[{"target":"cemelt_bas.kaunas","urgency":1,"shortest_distance_km":265,"ferry_time":0,"ferry_price":0,"cargo":"cargo.forklifts","company_truck":"daf_4x2_a","trailer_variant":"trailer.overweight.forklifts","trailer_definition":"trailer_def.forklifts.overweight.forklifts","units_count":100,"fill_ratio":1,"trailer_place":0}],"eviksi.daugavpils":[{"target":"gnt.vilnius","urgency":0,"shortest_distance_km":204,"ferry_time":0,"ferry_price":0,"cargo":"cargo.carrots","company_truck":"scania_s_4x2_370","trailer_variant":"trailer.scs_dry_m","trailer_definition":"trailer_def.scs.box.single_3.dryvan_m","units_count":33,"fill_ratio":1,"trailer_place":0}],"kivi.tartu":[{"target":"severoatm_ru.sosnovy_bor","urgency":1,"shortest_distance_km":280,"ferry_time":0,"ferry_price":0,"cargo":"cargo.excavator","company_truck":"iveco_6x2_a","trailer_variant":"trailer.overweight.excavator","trailer_definition":"trailer_def.excavator.overweight.excavator","units_count":94,"fill_ratio":1,"trailer_place":0},{"target":"domdepo.valmiera","urgency":1,"shortest_distance_km":287,"ferry_time":0,"ferry_price":0,"cargo":"cargo.stone_dust","company_truck":"scania_s_6x4_730","trailer_variant":"trailer.s_ki_solid.cover","trailer_definition":"trailer_def.stone_dust.s_ki_solid.cover","units_count":100,"fill_ratio":1,"trailer_place":0}],"aerobalt.turku":[{"target":"gnt.panevezys","urgency":1,"shortest_distance_km":636,"ferry_time":150,"ferry_price":430,"cargo":"cargo.med_equip","company_truck":"renault_premium_4x2_a","trailer_variant":"trailer.scs_ins","trailer_definition":"trailer_def.scs.box.single_3.insulated","units_count":33,"fill_ratio":1,"trailer_place":0}],"nch.tallinn":[{"target":"cemelt_win.paldiski","urgency":2,"shortest_distance_km":113,"ferry_time":0,"ferry_price":0,"cargo":"cargo.concr_cent","company_truck":"daf_4x2_a","trailer_variant":"trailer.scs_flat_c_r","trailer_definition":"trailer_def.scs.flatbed.single_3.container","units_count":2,"fill_ratio":1,"trailer_place":0}],"ateria.tallinn":[{"target":"renar.narva","urgency":0,"shortest_distance_km":266,"ferry_time":0,"ferry_price":0,"cargo":"cargo.vinegar","company_truck":"mercedes_4x2","trailer_variant":"trailer.scs_dry_ms","trailer_definition":"trailer_def.scs.box.single_3.dryvan_m","units_count":33,"fill_ratio":1,"trailer_place":0}],"lvr.daugavpils":[{"target":"rosmark.liepaja","urgency":0,"shortest_distance_km":422,"ferry_time":0,"ferry_price":0,"cargo":"cargo.scrap_metals","company_truck":"scania_s_6x2_450","trailer_variant":"trailer.s_ki_solid.cover","trailer_definition":"trailer_def.scrap_metals.s_ki_solid.cover","units_count":100,"fill_ratio":1,"trailer_place":0},{"target":"sal_fi.kouvola","urgency":2,"shortest_distance_km":839,"ferry_time":0,"ferry_price":0,"cargo":"cargo.hipresstank","company_truck":"mercedes_6x4_a","trailer_variant":"trailer.scs_flat_c_r","trailer_definition":"trailer_def.scs.flatbed.single_3.container","units_count":2,"fill_ratio":1,"trailer_place":0}],"suprema_ru.pskov":[{"target":"gnt.daugavpils","urgency":1,"shortest_distance_km":263,"ferry_time":0,"ferry_price":0,"cargo":"cargo.used_packag","company_truck":"scania_s_4x2_580","trailer_variant":"trailer.scs_curt","trailer_definition":"trailer_def.scs.box.single_3.curtain","units_count":33,"fill_ratio":1,"trailer_place":0},{"target":"rosmark_ru.luga","urgency":1,"shortest_distance_km":144,"ferry_time":0,"ferry_price":0,"cargo":"cargo.empty_palet","company_truck":"scania_s_6x4_730","trailer_variant":"trailer.scs_dry_s","trailer_definition":"trailer_def.scs.box.single_3.dryvan","units_count":33,"fill_ratio":1,"trailer_place":0}],"cemelt_fla.valmiera":[{"target":"ns_oil.valmiera","urgency":1,"shortest_distance_km":50,"ferry_time":0,"ferry_price":0,"cargo":"cargo.empty_palet","company_truck":"renault_premium_6x4_a","trailer_variant":"trailer.scs_dry_m","trailer_definition":"trailer_def.scs.box.single_3.dryvan_m","units_count":32,"fill_ratio":1,"trailer_place":0}],"rosmark.liepaja":[{"target":"nch.turku","urgency":0,"shortest_distance_km":756,"ferry_time":150,"ferry_price":430,"cargo":"cargo.furniture","company_truck":"scania_4x2_c","trailer_variant":"trailer.scs_dry","trailer_definition":"trailer_def.scs.box.single_3.dryvan","units_count":33,"fill_ratio":1,"trailer_place":0}],"cont_port.klaipeda":[{"target":"ibp.mazeikiai","urgency":1,"shortest_distance_km":186,"ferry_time":0,"ferry_price":0,"cargo":"cargo.motor_oil_c","company_truck":"man_6x4_b","trailer_variant":"trailer.scs_flat_c_g","trailer_definition":"trailer_def.scs.flatbed.single_3.container","units_count":33,"fill_ratio":1,"trailer_place":0},{"target":"gnt.klaipeda","urgency":2,"shortest_distance_km":4,"ferry_time":0,"ferry_price":0,"cargo":"cargo.used_plast_c","company_truck":"scania_r_4x2_370","trailer_variant":"trailer.scs_gosck220","trailer_definition":"trailer_def.scs.gooseneck.singl_3e_220.container","units_count":30,"fill_ratio":1,"trailer_place":0}],"ateria.lahti":[{"target":"blt.tartu","urgency":1,"shortest_distance_km":378,"ferry_time":150,"ferry_price":430,"cargo":"cargo.carb_water","company_truck":"daf_4x2_a","trailer_variant":"trailer.scs_dry_ms","trailer_definition":"trailer_def.scs.box.single_3.dryvan_m","units_count":29,"fill_ratio":1,"trailer_place":0}],"zelenye_a.kaliningrad":[{"target":"blt.utena","urgency":1,"shortest_distance_km":322,"ferry_time":0,"ferry_price":0,"cargo":"cargo.milk","company_truck":"renault_magnum_4x2_a","trailer_variant":"trailer.scs_dry_m","trailer_definition":"trailer_def.scs.box.single_3.dryvan_m","units_count":33,"fill_ratio":1,"trailer_place":0},{"target":"gnt.klaipeda","urgency":2,"shortest_distance_km":348,"ferry_time":0,"ferry_price":0,"cargo":"cargo.goat_cheese","company_truck":"mercedes_6x4_a","trailer_variant":"trailer.scs_ins_s","trailer_definition":"trailer_def.scs.box.single_3.insulated","units_count":33,"fill_ratio":1,"trailer_place":0},{"target":"blt.siauliai","urgency":1,"shortest_distance_km":310,"ferry_time":0,"ferry_price":0,"cargo":"cargo.milk_t","company_truck":"man_6x4_b","trailer_variant":"trailer.scs_fodt","trailer_definition":"trailer_def.scs.foodtank.single_3.paint","units_count":23,"fill_ratio":1,"trailer_place":0}],"cont_port.helsinki":[{"target":"bltmetal.pori","urgency":1,"shortest_distance_km":306,"ferry_time":0,"ferry_price":0,"cargo":"cargo.motor_oil_c","company_truck":"scania_s_6x2_450","trailer_variant":"trailer.scs_gosck40","trailer_definition":"trailer_def.scs.gooseneck.singl_3e_40.container","units_count":30,"fill_ratio":1,"trailer_place":0},{"target":"suprema.tartu","urgency":0,"shortest_distance_km":323,"ferry_time":150,"ferry_price":430,"cargo":"cargo.beverages_c","company_truck":"renault_premium_6x4_a","trailer_variant":"trailer.scs_gosck20","trailer_definition":"trailer_def.scs.gooseneck.singl_3e_20.container","units_count":15,"fill_ratio":1,"trailer_place":0}],"onnelik_a.parnu":[{"target":"renar.parnu","urgency":1,"shortest_distance_km":40,"ferry_time":0,"ferry_price":0,"cargo":"cargo.drymilk","company_truck":"mercedes_6x2_b","trailer_variant":"trailer.scs_curt","trailer_definition":"trailer_def.scs.box.single_3.curtain","units_count":33,"fill_ratio":1,"trailer_place":0}],"severoatm_ru.sosnovy_bor":[{"target":"nch.tallinn","urgency":0,"shortest_distance_km":223,"ferry_time":0,"ferry_price":0,"cargo":"cargo.excav_soil","company_truck":"renault_premium_6x2_a","trailer_variant":"trailer.s_ki_solid.cover","trailer_definition":"trailer_def.excav_soil.s_ki_solid.cover","units_count":99,"fill_ratio":1,"trailer_place":0}],"polarislines.naantali":[{"target":"suprema.tampere","urgency":2,"shortest_distance_km":227,"ferry_time":0,"ferry_price":0,"cargo":"cargo.potatoes","company_truck":"man_6x4_b","trailer_variant":"trailer.scs_dry","trailer_definition":"trailer_def.scs.box.single_3.dryvan","units_count":33,"fill_ratio":1,"trailer_place":0}],"marina_it.helsinki":[{"target":"renar.lahti","urgency":1,"shortest_distance_km":146,"ferry_time":0,"ferry_price":0,"cargo":"cargo.princess","company_truck":"renault_magnum_6x2_a","trailer_variant":"trailer.overweight.boat","trailer_definition":"trailer_def.princess.overweight.boat","units_count":100,"fill_ratio":1,"trailer_place":0}],"viljo_paper.kouvola":[{"target":"renar.tallinn","urgency":1,"shortest_distance_km":316,"ferry_time":150,"ferry_price":430,"cargo":"cargo.emptytank","company_truck":"man_6x4_b","trailer_variant":"trailer.scs_flat_r","trailer_definition":"trailer_def.scs.flatbed.single_3.flatbed_w","units_count":2,"fill_ratio":1,"trailer_place":0},{"target":"gnt.panevezys","urgency":2,"shortest_distance_km":657,"ferry_time":150,"ferry_price":430,"cargo":"cargo.paper","company_truck":"mercedes_4x2_a","trailer_variant":"trailer.scs_dry_s","trailer_definition":"trailer_def.scs.box.single_3.dryvan","units_count":33,"fill_ratio":1,"trailer_place":0}],"radus_ru.petersburg":[{"target":"gnt.ventspils","urgency":2,"shortest_distance_km":802,"ferry_time":0,"ferry_price":0,"cargo":"cargo.diggers","company_truck":"iveco_4x2_a","trailer_variant":"trailer.overweight.digger","trailer_definition":"trailer_def.diggers.overweight.digger","units_count":98,"fill_ratio":1,"trailer_place":0}],"kamen_ru.vyborg":[{"target":"domdepo.utena","urgency":1,"shortest_distance_km":805,"ferry_time":0,"ferry_price":0,"cargo":"cargo.gravel","company_truck":"scania_s_6x2_450","trailer_variant":"trailer.s_ki_solid.gravel","trailer_definition":"trailer_def.gravel.s_ki_solid.gravel","units_count":100,"fill_ratio":1,"trailer_place":0}],"aerobalt.vilnius":[{"target":"gnt.daugavpils","urgency":0,"shortest_distance_km":198,"ferry_time":0,"ferry_price":0,"cargo":"cargo.med_vaccine","company_truck":"mercedes_4x2","trailer_variant":"trailer.scs_ref_a","trailer_definition":"trailer_def.scs.box.single_3.reefer","units_count":33,"fill_ratio":1,"trailer_place":0}],"cont_port.kotka":[{"target":"sal_fi.pori","urgency":0,"shortest_distance_km":402,"ferry_time":0,"ferry_price":0,"cargo":"cargo.carrots_c","company_truck":"daf_xf_euro6_6x2_a","trailer_variant":"trailer.scs_gosck20","trailer_definition":"trailer_def.scs.gooseneck.singl_3e_20.container","units_count":15,"fill_ratio":1,"trailer_place":0}],"bltmetal_ru.pskov":[{"target":"renar.narva","urgency":2,"shortest_distance_km":201,"ferry_time":0,"ferry_price":0,"cargo":"cargo.train_part","company_truck":"man_6x4_b","trailer_variant":"trailer.scs_flat_c_g","trailer_definition":"trailer_def.scs.flatbed.single_3.container","units_count":2,"fill_ratio":1,"trailer_place":0},{"target":"nch_ru.petersburg","urgency":1,"shortest_distance_km":261,"ferry_time":0,"ferry_price":0,"cargo":"cargo.forklifts","company_truck":"daf_xf_euro6_4x2_a","trailer_variant":"trailer.overweight.forklifts","trailer_definition":"trailer_def.forklifts.overweight.forklifts","units_count":100,"fill_ratio":1,"trailer_place":0},{"target":"domdepo_ru.luga","urgency":1,"shortest_distance_km":149,"ferry_time":0,"ferry_price":0,"cargo":"cargo.wallpanels","company_truck":"renault_t_6x2","trailer_variant":"trailer.panel_trans.wall","trailer_definition":"trailer_def.wallpanels.panel_trans.wall","units_count":85,"fill_ratio":1,"trailer_place":0}],"baltomorsk.ventspils":[{"target":"gnt.panevezys","urgency":2,"shortest_distance_km":235,"ferry_time":0,"ferry_price":0,"cargo":"cargo.wshavings","company_truck":"scania_streamline_4x2_a","trailer_variant":"trailer.s_ki_solid.cover","trailer_definition":"trailer_def.wshavings.s_ki_solid.cover","units_count":100,"fill_ratio":1,"trailer_place":0},{"target":"rosmark.rezekne","urgency":1,"shortest_distance_km":419,"ferry_time":0,"ferry_price":0,"cargo":"cargo.excavator","company_truck":"scania_streamline_4x2_a","trailer_variant":"trailer.overweight.excavator","trailer_definition":"trailer_def.excavator.overweight.excavator","units_count":94,"fill_ratio":1,"trailer_place":0}],"renat.daugavpils":[{"target":"blt_ru.pskov","urgency":1,"shortest_distance_km":270,"ferry_time":0,"ferry_price":0,"cargo":"cargo.forklifts","company_truck":"mercedes_6x4_a","trailer_variant":"trailer.overweight.forklifts","trailer_definition":"trailer_def.forklifts.overweight.forklifts","units_count":100,"fill_ratio":1,"trailer_place":0},{"target":"nch.kouvola","urgency":0,"shortest_distance_km":818,"ferry_time":0,"ferry_price":0,"cargo":"cargo.furniture","company_truck":"scania_r_4x2_370","trailer_variant":"trailer.scs_curt_s","trailer_definition":"trailer_def.scs.box.single_3.curtain","units_count":33,"fill_ratio":1,"trailer_place":0}],"suprema.rezekne":[{"target":"blt.siauliai","urgency":0,"shortest_distance_km":361,"ferry_time":0,"ferry_price":0,"cargo":"cargo.used_plast","company_truck":"scania_4x2_c","trailer_variant":"trailer.scs_dry_a","trailer_definition":"trailer_def.scs.box.single_3.dryvan","units_count":33,"fill_ratio":1,"trailer_place":0},{"target":"gnt.panevezys","urgency":1,"shortest_distance_km":339,"ferry_time":0,"ferry_price":0,"cargo":"cargo.empty_palet","company_truck":"scania_s_4x2_370","trailer_variant":"trailer.scs_dry_s","trailer_definition":"trailer_def.scs.box.single_3.dryvan","units_count":33,"fill_ratio":1,"trailer_place":0}],"renat.siauliai":[{"target":"bltmetal_ru.pskov","urgency":1,"shortest_distance_km":373,"ferry_time":0,"ferry_price":0,"cargo":"cargo.forklifts","company_truck":"renault_magnum_6x4_a","trailer_variant":"trailer.overweight.forklifts","trailer_definition":"trailer_def.forklifts.overweight.forklifts","units_count":100,"fill_ratio":1,"trailer_place":0}],"ns_oil_ru.kaliningrad":[{"target":"baltomorsk.ventspils","urgency":0,"shortest_distance_km":480,"ferry_time":0,"ferry_price":0,"cargo":"cargo.lpg","company_truck":"iveco_4x2_a","trailer_variant":"trailer.willig.fuel_cistern","trailer_definition":"trailer_def.lpg.willig.fuel_cistern","units_count":101,"fill_ratio":1,"trailer_place":0}],"gnt.panevezys":[{"target":"blt.kaunas","urgency":1,"shortest_distance_km":182,"ferry_time":0,"ferry_price":0,"cargo":"cargo.roofing_felt","company_truck":"scania_4x2_b","trailer_variant":"trailer.scs_curt","trailer_definition":"trailer_def.scs.box.single_3.curtain","units_count":33,"fill_ratio":1,"trailer_place":0}],"baltomorsk.klaipeda":[{"target":"blt.siauliai","urgency":2,"shortest_distance_km":143,"ferry_time":0,"ferry_price":0,"cargo":"cargo.logs","company_truck":"mercedes_actros_2014_6x4_b","trailer_variant":"trailer.scs_log","trailer_definition":"trailer_def.scs.log.single_3.steel","units_count":2,"fill_ratio":1,"trailer_place":0}],"polarislines.liepaja":[{"target":"blt.tartu","urgency":0,"shortest_distance_km":495,"ferry_time":0,"ferry_price":0,"cargo":"cargo.mason_jars","company_truck":"man_tgx_euro6_4x2_xxl","trailer_variant":"trailer.scs_dry_s","trailer_definition":"trailer_def.scs.box.single_3.dryvan","units_count":33,"fill_ratio":1,"trailer_place":0},{"target":"eviksi.riga","urgency":0,"shortest_distance_km":196,"ferry_time":0,"ferry_price":0,"cargo":"cargo.big_bag_seed","company_truck":"iveco_6x2_a","trailer_variant":"trailer.scs_dry_ms","trailer_definition":"trailer_def.scs.box.single_3.dryvan_m","units_count":33,"fill_ratio":1,"trailer_place":0}],"domdepo.utena":[{"target":"eviksi.riga","urgency":0,"shortest_distance_km":259,"ferry_time":0,"ferry_price":0,"cargo":"cargo.excav_soil","company_truck":"scania_s_4x2_370","trailer_variant":"trailer.s_ki_solid.cover","trailer_definition":"trailer_def.excav_soil.s_ki_solid.cover","units_count":99,"fill_ratio":1,"trailer_place":0},{"target":"lvr.riga","urgency":2,"shortest_distance_km":312,"ferry_time":0,"ferry_price":0,"cargo":"cargo.re_bars","company_truck":"renault_premium_4x2_c","trailer_variant":"trailer.scs_flat_c_g","trailer_definition":"trailer_def.scs.flatbed.single_3.container","units_count":9,"fill_ratio":1,"trailer_place":0},{"target":"rosmark.riga","urgency":0,"shortest_distance_km":306,"ferry_time":0,"ferry_price":0,"cargo":"cargo.copp_rf_gutt","company_truck":"renault_magnum_4x2_a","trailer_variant":"trailer.scs_dry_s","trailer_definition":"trailer_def.scs.box.single_3.dryvan","units_count":33,"fill_ratio":1,"trailer_place":0}],"kivi.riga":[{"target":"domdepo.utena","urgency":1,"shortest_distance_km":299,"ferry_time":0,"ferry_price":0,"cargo":"cargo.stone_dust","company_truck":"mercedes_actros_2014_4x2_b","trailer_variant":"trailer.s_ki_solid.cover","trailer_definition":"trailer_def.stone_dust.s_ki_solid.cover","units_count":100,"fill_ratio":1,"trailer_place":0},{"target":"nch.tallinn","urgency":2,"shortest_distance_km":339,"ferry_time":0,"ferry_price":0,"cargo":"cargo.digger1000","company_truck":"scania_r_6x2_450","trailer_variant":"trailer.overweight.digger1000","trailer_definition":"trailer_def.digger1000.overweight.digger1000","units_count":100,"fill_ratio":1,"trailer_place":0},{"target":"nch.turku","urgency":1,"shortest_distance_km":551,"ferry_time":150,"ferry_price":430,"cargo":"cargo.excavator","company_truck":"renault_premium_6x2_a","trailer_variant":"trailer.overweight.excavator","trailer_definition":"trailer_def.excavator.overweight.excavator","units_count":94,"fill_ratio":1,"trailer_place":0}],"polarislines.tallinn":[{"target":"bltmetal.liepaja","urgency":0,"shortest_distance_km":514,"ferry_time":0,"ferry_price":0,"cargo":"cargo.motor_oil","company_truck":"mercedes_actros_2014_4x2_a","trailer_variant":"trailer.scs_dry_a","trailer_definition":"trailer_def.scs.box.single_3.dryvan","units_count":33,"fill_ratio":1,"trailer_place":0}],"polarislines.helsinki":[{"target":"nch.turku","urgency":0,"shortest_distance_km":249,"ferry_time":0,"ferry_price":0,"cargo":"cargo.clothes","company_truck":"renault_premium_6x2_a","trailer_variant":"trailer.scs_curt_a","trailer_definition":"trailer_def.scs.box.single_3.curtain","units_count":33,"fill_ratio":1,"trailer_place":0},{"target":"ika_bohag.tampere","urgency":1,"shortest_distance_km":216,"ferry_time":0,"ferry_price":0,"cargo":"cargo.beverages_t","company_truck":"scania_streamline_6x2_b","trailer_variant":"trailer.scs_fodt","trailer_definition":"trailer_def.scs.foodtank.single_3.paint","units_count":27,"fill_ratio":1,"trailer_place":0}],"aerobalt.riga":[{"target":"gnt.valmiera","urgency":0,"shortest_distance_km":232,"ferry_time":0,"ferry_price":0,"cargo":"cargo.med_vaccine","company_truck":"renault_t_4x2h","trailer_variant":"trailer.scs_ref","trailer_definition":"trailer_def.scs.box.single_3.reefer","units_count":33,"fill_ratio":1,"trailer_place":0}],"domdepo_ru.luga":[{"target":"rosmark_ru.luga","urgency":1,"shortest_distance_km":2,"ferry_time":0,"ferry_price":0,"cargo":"cargo.chimney_syst","company_truck":"scania_s_4x2_580","trailer_variant":"trailer.scs_curt","trailer_definition":"trailer_def.scs.box.single_3.curtain","units_count":33,"fill_ratio":1,"trailer_place":0}],"eviksi_a.ventspils":[{"target":"gnt.daugavpils","urgency":2,"shortest_distance_km":424,"ferry_time":0,"ferry_price":0,"cargo":"cargo.cheese","company_truck":"daf_4x2_a","trailer_variant":"trailer.scs_ins_a","trailer_definition":"trailer_def.scs.box.single_3.insulated","units_count":33,"fill_ratio":1,"trailer_place":0}],"ladoga.turku":[{"target":"renar.turku","urgency":1,"shortest_distance_km":63,"ferry_time":0,"ferry_price":0,"cargo":"cargo.used_packag","company_truck":"man_6x4_b","trailer_variant":"trailer.scs_curt_a","trailer_definition":"trailer_def.scs.box.single_3.curtain","units_count":33,"fill_ratio":1,"trailer_place":0},{"target":"renar.tampere","urgency":0,"shortest_distance_km":189,"ferry_time":0,"ferry_price":0,"cargo":"cargo.used_plast","company_truck":"renault_t_6x2","trailer_variant":"trailer.scs_curt_a","trailer_definition":"trailer_def.scs.box.single_3.curtain","units_count":33,"fill_ratio":1,"trailer_place":0}],"pk_medved_ru.petersburg":[{"target":"blt.kaunas","urgency":1,"shortest_distance_km":826,"ferry_time":0,"ferry_price":0,"cargo":"cargo.nonalco_beer","company_truck":"daf_4x2_b","trailer_variant":"trailer.scs_dry_m","trailer_definition":"trailer_def.scs.box.single_3.dryvan_m","units_count":32,"fill_ratio":1,"trailer_place":0}],"ns_oil.ventspils":[{"target":"ns_oil_ru.pskov","urgency":1,"shortest_distance_km":469,"ferry_time":0,"ferry_price":0,"cargo":"cargo.fueltanker","company_truck":"scania_streamline_4x2_c","trailer_variant":"trailer.scs_flat_c_g","trailer_definition":"trailer_def.scs.flatbed.single_3.container","units_count":87,"fill_ratio":1,"trailer_place":0},{"target":"cont_port.klaipeda","urgency":1,"shortest_distance_km":232,"ferry_time":0,"ferry_price":0,"cargo":"cargo.motor_oil_c","company_truck":"mercedes_4x2_a","trailer_variant":"trailer.scs_flat_c_g","trailer_definition":"trailer_def.scs.flatbed.single_3.container","units_count":33,"fill_ratio":1,"trailer_place":0}],"ns_oil.kotka":[{"target":"lintukainen.kotka","urgency":2,"shortest_distance_km":19,"ferry_time":0,"ferry_price":0,"cargo":"cargo.kerosene","company_truck":"mercedes_6x4_a","trailer_variant":"trailer.fuel_cistern","trailer_definition":"trailer_def.kerosene.fuel_cistern","units_count":100,"fill_ratio":1,"trailer_place":0},{"target":"lintukainen.kotka","urgency":2,"shortest_distance_km":19,"ferry_time":0,"ferry_price":0,"cargo":"cargo.petrol","company_truck":"renault_magnum_6x4_a","trailer_variant":"trailer.willig.fuel_cistern","trailer_definition":"trailer_def.petrol.willig.fuel_cistern","units_count":101,"fill_ratio":1,"trailer_place":0},{"target":"lintukainen.kouvola","urgency":0,"shortest_distance_km":106,"ferry_time":0,"ferry_price":0,"cargo":"cargo.lpg","company_truck":"man_4x2_a","trailer_variant":"trailer.willig.fuel_cistern","trailer_definition":"trailer_def.lpg.willig.fuel_cistern","units_count":101,"fill_ratio":1,"trailer_place":0},{"target":"ibp.mazeikiai","urgency":1,"shortest_distance_km":767,"ferry_time":150,"ferry_price":430,"cargo":"cargo.motor_oil_c","company_truck":"scania_s_6x2_450","trailer_variant":"trailer.scs_gosck20","trailer_definition":"trailer_def.scs.gooseneck.singl_3e_20.container","units_count":15,"fill_ratio":1,"trailer_place":0}],"kivi.turku":[{"target":"baltomors_ru.pskov","urgency":1,"shortest_distance_km":534,"ferry_time":150,"ferry_price":430,"cargo":"cargo.excavator","company_truck":"mercedes_actros_2014_6x4_b","trailer_variant":"trailer.overweight.excavator","trailer_definition":"trailer_def.excavator.overweight.excavator","units_count":94,"fill_ratio":1,"trailer_place":0},{"target":"nch.kouvola","urgency":1,"shortest_distance_km":302,"ferry_time":0,"ferry_price":0,"cargo":"cargo.stone_dust","company_truck":"scania_s_4x2_580","trailer_variant":"trailer.s_ki_solid.cover","trailer_definition":"trailer_def.stone_dust.s_ki_solid.cover","units_count":100,"fill_ratio":1,"trailer_place":0}],"ibp.mazeikiai":[{"target":"blt_ru.pskov","urgency":1,"shortest_distance_km":462,"ferry_time":0,"ferry_price":0,"cargo":"cargo.diesel","company_truck":"scania_streamline_4x2_a","trailer_variant":"trailer.willig.fuel_cistern","trailer_definition":"trailer_def.diesel.willig.fuel_cistern","units_count":95,"fill_ratio":1,"trailer_place":0}],"cemelt_win.liepaja":[{"target":"rosmark.liepaja","urgency":1,"shortest_distance_km":35,"ferry_time":0,"ferry_price":0,"cargo":"cargo.empty_palet","company_truck":"scania_r_4x2_520","trailer_variant":"trailer.scs_dry_ms","trailer_definition":"trailer_def.scs.box.single_3.dryvan_m","units_count":32,"fill_ratio":1,"trailer_place":0}],"suprema.lahti":[{"target":"renar.tallinn","urgency":0,"shortest_distance_km":272,"ferry_time":150,"ferry_price":430,"cargo":"cargo.used_plast","company_truck":"renault_premium_6x4_a","trailer_variant":"trailer.scs_curt_a","trailer_definition":"trailer_def.scs.box.single_3.curtain","units_count":33,"fill_ratio":1,"trailer_place":0},{"target":"renar.tampere","urgency":2,"shortest_distance_km":156,"ferry_time":0,"ferry_price":0,"cargo":"cargo.used_plast_c","company_truck":"renault_premium_4x2_c","trailer_variant":"trailer.scs_flat_c_r","trailer_definition":"trailer_def.scs.flatbed.single_3.container","units_count":33,"fill_ratio":1,"trailer_place":0},{"target":"renar.parnu","urgency":1,"shortest_distance_km":348,"ferry_time":150,"ferry_price":430,"cargo":"cargo.used_packag","company_truck":"man_tgx_euro6_4x2_xxl","trailer_variant":"trailer.scs_dry_m","trailer_definition":"trailer_def.scs.box.single_3.dryvan_m","units_count":33,"fill_ratio":1,"trailer_place":0}],"lintukainen.tallinn":[{"target":"blt.tartu","urgency":0,"shortest_distance_km":202,"ferry_time":0,"ferry_price":0,"cargo":"cargo.digger500","company_truck":"man_tgx_euro6_4x2_xl","trailer_variant":"trailer.overweight.digger500","trailer_definition":"trailer_def.digger500.overweight.digger500","units_count":100,"fill_ratio":1,"trailer_place":0}],"blt.tartu":[{"target":"rosmark.rezekne","urgency":2,"shortest_distance_km":299,"ferry_time":0,"ferry_price":0,"cargo":"cargo.concr_cent","company_truck":"mercedes_actros_2014_4x2_b","trailer_variant":"trailer.scs_flat_c_g","trailer_definition":"trailer_def.scs.flatbed.single_3.container","units_count":2,"fill_ratio":1,"trailer_place":0}],"renat.tartu":[{"target":"bltmetal_ru.pskov","urgency":1,"shortest_distance_km":189,"ferry_time":0,"ferry_price":0,"cargo":"cargo.forklifts","company_truck":"man_6x4_b","trailer_variant":"trailer.overweight.forklifts","trailer_definition":"trailer_def.forklifts.overweight.forklifts","units_count":100,"fill_ratio":1,"trailer_place":0},{"target":"suprema.tartu","urgency":0,"shortest_distance_km":73,"ferry_time":0,"ferry_price":0,"cargo":"cargo.furniture","company_truck":"man_tgx_euro6_6x4_xlx","trailer_variant":"trailer.scs_curt_s","trailer_definition":"trailer_def.scs.box.single_3.curtain","units_count":33,"fill_ratio":1,"trailer_place":0}]}