{"eurogoodies.mannheim":[{"target":"transinet.salzburg","urgency":1,"shortest_distance_km":500,"ferry_time":0,"ferry_price":0,"cargo":"cargo.limonades","company_truck":"mercedes_actros_2014_6x2_a","trailer_variant":"trailer.scs_dry","trailer_definition":"trailer_def.scs.box.single_3.dryvan","units_count":30,"fill_ratio":1,"trailer_place":0}],"bcp.kassel":[{"target":"tradeaux.hannover","urgency":2,"shortest_distance_km":184,"ferry_time":0,"ferry_price":0,"cargo":"cargo.diggers","company_truck":"man_6x4_b","trailer_variant":"trailer.overweight.digger","trailer_definition":"trailer_def.diggers.overweight.digger","units_count":98,"fill_ratio":1,"trailer_place":0}],"posped.birmingham":[{"target":"stokes.dusseldorf","urgency":1,"shortest_distance_km":855,"ferry_time":35,"ferry_price":300,"cargo":"cargo.med_equip","company_truck":"iveco_4x2_a","trailer_variant":"trailer.scs_ref_s","trailer_definition":"trailer_def.scs.box.single_3.reefer","units_count":33,"fill_ratio":1,"trailer_place":0}],"kaarfor.amsterdam":[{"target":"tradeaux.hannover","urgency":1,"shortest_distance_km":341,"ferry_time":0,"ferry_price":0,"cargo":"cargo.empty_palet","company_truck":"scania_6x4_a","trailer_variant":"trailer.scs_curt_a","trailer_definition":"trailer_def.scs.box.single_3.curtain","units_count":33,"fill_ratio":1,"trailer_place":0},{"target":"stokes.amsterdam","urgency":2,"shortest_distance_km":1,"ferry_time":0,"ferry_price":0,"cargo":"cargo.used_plast_c","company_truck":"scania_streamline_6x2_b","trailer_variant":"trailer.scs_flat_c_g","trailer_definition":"trailer_def.scs.flatbed.single_3.container","units_count":33,"fill_ratio":1,"trailer_place":0},{"target":"posped.birmingham","urgency":1,"shortest_distance_km":819,"ferry_time":35,"ferry_price":300,"cargo":"cargo.used_packag","company_truck":"renault_magnum_6x2_a","trailer_variant":"trailer.scs_dry_a","trailer_definition":"trailer_def.scs.box.single_3.dryvan","units_count":33,"fill_ratio":1,"trailer_place":0}],"voitureux.paris":[{"target":"posped.metz","urgency":0,"shortest_distance_km":415,"ferry_time":0,"ferry_price":0,"cargo":"cargo.scrap_metals","company_truck":"scania_s_4x2_370","trailer_variant":"trailer.s_ki_solid.cover","trailer_definition":"trailer_def.scrap_metals.s_ki_solid.cover","units_count":100,"fill_ratio":1,"trailer_place":0}],"eurogoodies.plymouth":[{"target":"stokes.calais","urgency":1,"shortest_distance_km":481,"ferry_time":35,"ferry_price":300,"cargo":"cargo.rice","company_truck":"scania_s_6x2_450","trailer_variant":"trailer.scs_curt","trailer_definition":"trailer_def.scs.box.single_3.curtain","units_count":33,"fill_ratio":1,"trailer_place":0}],"lkwlog.felixstowe":[{"target":"sellplan.sheffield","urgency":2,"shortest_distance_km":335,"ferry_time":0,"ferry_price":0,"cargo":"cargo.apples","company_truck":"scania_4x2_a","trailer_variant":"trailer.scs_dry_s","trailer_definition":"trailer_def.scs.box.single_3.dryvan","units_count":33,"fill_ratio":1,"trailer_place":0}],"nbfc.london":[{"target":"wgcc.grimsby","urgency":2,"shortest_distance_km":289,"ferry_time":0,"ferry_price":0,"cargo":"cargo.nitrocel","company_truck":"scania_6x4_a","trailer_variant":"trailer.scs_gosck20","trailer_definition":"trailer_def.scs.gooseneck.singl_3e_20.container","units_count":40,"fill_ratio":1,"trailer_place":0},{"target":"trameri.swansea","urgency":0,"shortest_distance_km":361,"ferry_time":0,"ferry_price":0,"cargo":"cargo.hmetal","company_truck":"daf_xf_euro6_4x2_a","trailer_variant":"trailer.scs_flat_c_g","trailer_definition":"trailer_def.scs.flatbed.single_3.container","units_count":87,"fill_ratio":1,"trailer_place":0},{"target":"bcp.stuttgart","urgency":0,"shortest_distance_km":930,"ferry_time":35,"ferry_price":300,"cargo":"cargo.lpg","company_truck":"scania_4x2_a","trailer_variant":"trailer.willig.fuel_cistern","trailer_definition":"trailer_def.lpg.willig.fuel_cistern","units_count":101,"fill_ratio":1,"trailer_place":0}],"sellplan.dresden":[{"target":"transinet.szczecin","urgency":1,"shortest_distance_km":349,"ferry_time":0,"ferry_price":0,"cargo":"cargo.used_packag","company_truck":"scania_s_6x2_450","trailer_variant":"trailer.scs_curt","trailer_definition":"trailer_def.scs.box.single_3.curtain","units_count":33,"fill_ratio":1,"trailer_place":0},{"target":"transinet.dresden","urgency":0,"shortest_distance_km":1,"ferry_time":0,"ferry_price":0,"cargo":"cargo.used_plast","company_truck":"scania_4x2_b","trailer_variant":"trailer.scs_curt_a","trailer_definition":"trailer_def.scs.box.single_3.curtain","units_count":33,"fill_ratio":1,"trailer_place":0},{"target":"lkwlog.brno","urgency":2,"shortest_distance_km":294,"ferry_time":0,"ferry_price":0,"cargo":"cargo.used_plast_c","company_truck":"scania_6x4_a","trailer_variant":"trailer.scs_flat_c_r","trailer_definition":"trailer_def.scs.flatbed.single_3.container","units_count":33,"fill_ratio":1,"trailer_place":0}],"tree_et.dortmund":[{"target":"euroacres.dresden","urgency":2,"shortest_distance_km":619,"ferry_time":0,"ferry_price":0,"cargo":"cargo.sawpanels","company_truck":"double/renault_t_4x2h","trailer_variant":"trailer.scs_curt_2","trailer_definition":"trailer_def.scs.box.double_3_2.curtain","units_count":28,"fill_ratio":1,"trailer_place":0},{"target":"posped.koln","urgency":0,"shortest_distance_km":125,"ferry_time":0,"ferry_price":0,"cargo":"cargo.digger500","company_truck":"renault_magnum_6x4_a","trailer_variant":"trailer.overweight.digger500","trailer_definition":"trailer_def.digger500.overweight.digger500","units_count":100,"fill_ratio":1,"trailer_place":0},{"target":"lkwlog.duisburg","urgency":1,"shortest_distance_km":115,"ferry_time":0,"ferry_price":0,"cargo":"cargo.empty_palet","company_truck":"man_6x4_b","trailer_variant":"trailer.scs_curt_a","trailer_definition":"trailer_def.scs.box.single_3.curtain","units_count":33,"fill_ratio":1,"trailer_place":0},{"target":"euroacres.erfurt","urgency":2,"shortest_distance_km":334,"ferry_time":0,"ferry_price":0,"cargo":"cargo.logs","company_truck":"renault_t_4x2h","trailer_variant":"trailer.scs_log","trailer_definition":"trailer_def.scs.log.single_3.steel","units_count":2,"fill_ratio":1,"trailer_place":0}],"eurogoodies.innsbruck":[{"target":"posped.linz","urgency":0,"shortest_distance_km":311,"ferry_time":0,"ferry_price":0,"cargo":"cargo.ketchup","company_truck":"man_6x4_b","trailer_variant":"trailer.scs_curt_a","trailer_definition":"trailer_def.scs.box.single_3.curtain","units_count":33,"fill_ratio":1,"trailer_place":0},{"target":"kaarfor.munchen","urgency":0,"shortest_distance_km":197,"ferry_time":0,"ferry_price":0,"cargo":"cargo.sugar","company_truck":"mercedes_4x2_c","trailer_variant":"trailer.scs_dry","trailer_definition":"trailer_def.scs.box.single_3.dryvan","units_count":32,"fill_ratio":1,"trailer_place":0}],"fcp.brussel":[{"target":"lkwlog.dover","urgency":1,"shortest_distance_km":236,"ferry_time":91,"ferry_price":384,"cargo":"cargo.forklifts","company_truck":"mercedes_actros_2014_4x2_a","trailer_variant":"trailer.overweight.forklifts","trailer_definition":"trailer_def.forklifts.overweight.forklifts","units_count":100,"fill_ratio":1,"trailer_place":0}],"wgcc.munchen":[{"target":"nbfc.linz","urgency":0,"shortest_distance_km":278,"ferry_time":0,"ferry_price":0,"cargo":"cargo.cyanide","company_truck":"daf_xf_euro6_6x2_a","trailer_variant":"trailer.scs_gosck40","trailer_definition":"trailer_def.scs.gooseneck.singl_3e_40.container","units_count":80,"fill_ratio":1,"trailer_place":0},{"target":"nbfc.linz","urgency":2,"shortest_distance_km":278,"ferry_time":0,"ferry_price":0,"cargo":"cargo.mercuric","company_truck":"iveco_4x2_b","trailer_variant":"trailer.scs_gosck220","trailer_definition":"trailer_def.scs.gooseneck.singl_3e_220.container","units_count":80,"fill_ratio":1,"trailer_place":0},{"target":"nbfc.berlin","urgency":0,"shortest_distance_km":538,"ferry_time":0,"ferry_price":0,"cargo":"cargo.nitrogen","company_truck":"daf_xf_euro6_4x2_c","trailer_variant":"trailer.scs_flat_c_g","trailer_definition":"trailer_def.scs.flatbed.single_3.container","units_count":87,"fill_ratio":1,"trailer_place":0},{"target":"nbfc.linz","urgency":2,"shortest_distance_km":278,"ferry_time":0,"ferry_price":0,"cargo":"cargo.chlorine","company_truck":"scania_r_4x2_370","trailer_variant":"trailer.scs_flat_c_g","trailer_definition":"trailer_def.scs.flatbed.single_3.container","units_count":87,"fill_ratio":1,"trailer_place":0}],"trameri.strasbourg":[{"target":"lkwlog.calais","urgency":2,"shortest_distance_km":601,"ferry_time":0,"ferry_price":0,"cargo":"cargo.hipresstank","company_truck":"man_tgx_euro6_4x2_xxl","trailer_variant":"trailer.scs_flat_c_r","trailer_definition":"trailer_def.scs.flatbed.single_3.container","units_count":2,"fill_ratio":1,"trailer_place":0}],"transinet.brussel":[{"target":"posped.metz","urgency":2,"shortest_distance_km":298,"ferry_time":0,"ferry_price":0,"cargo":"cargo.potatoes","company_truck":"renault_magnum_6x4_a","trailer_variant":"trailer.scs_dry_s","trailer_definition":"trailer_def.scs.box.single_3.dryvan","units_count":33,"fill_ratio":1,"trailer_place":0}],"lkwlog.graz":[{"target":"transinet.salzburg","urgency":2,"shortest_distance_km":266,"ferry_time":0,"ferry_price":0,"cargo":"cargo.petrol","company_truck":"scania_streamline_6x2_b","trailer_variant":"trailer.willig.fuel_cistern","trailer_definition":"trailer_def.petrol.willig.fuel_cistern","units_count":101,"fill_ratio":1,"trailer_place":0},{"target":"posped.graz","urgency":1,"shortest_distance_km":1,"ferry_time":0,"ferry_price":0,"cargo":"cargo.wallpanels","company_truck":"daf_xf_euro6_4x2_b","trailer_variant":"trailer.panel_trans.wall","trailer_definition":"trailer_def.wallpanels.panel_trans.wall","units_count":85,"fill_ratio":1,"trailer_place":0}],"quarry.stuttgart":[{"target":"tree_et.stuttgart","urgency":2,"shortest_distance_km":169,"ferry_time":0,"ferry_price":0,"cargo":"cargo.digger1000","company_truck":"daf_xf_euro6_6x4_c","trailer_variant":"trailer.overweight.digger1000","trailer_definition":"trailer_def.digger1000.overweight.digger1000","units_count":100,"fill_ratio":1,"trailer_place":0},{"target":"tradeaux.klagenfurt","urgency":1,"shortest_distance_km":731,"ferry_time":0,"ferry_price":0,"cargo":"cargo.fueltanker","company_truck":"scania_streamline_6x4_a","trailer_variant":"trailer.scs_flat_c_r","trailer_definition":"trailer_def.scs.flatbed.single_3.container","units_count":87,"fill_ratio":1,"trailer_place":0}],"tree_et.leipzig":[{"target":"posped.geneve","urgency":2,"shortest_distance_km":923,"ferry_time":0,"ferry_price":0,"cargo":"cargo.wshavings","company_truck":"mercedes_actros_2014_4x2_c","trailer_variant":"trailer.s_ki_solid.cover","trailer_definition":"trailer_def.wshavings.s_ki_solid.cover","units_count":100,"fill_ratio":1,"trailer_place":0},{"target":"sanbuilders.nurnberg","urgency":0,"shortest_distance_km":311,"ferry_time":0,"ferry_price":0,"cargo":"cargo.digger500","company_truck":"mercedes_4x2_a","trailer_variant":"trailer.overweight.digger500","trailer_definition":"trailer_def.digger500.overweight.digger500","units_count":100,"fill_ratio":1,"trailer_place":0},{"target":"quarry.reims","urgency":2,"shortest_distance_km":809,"ferry_time":0,"ferry_price":0,"cargo":"cargo.logs","company_truck":"renault_premium_4x2_a","trailer_variant":"trailer.scs_log","trailer_definition":"trailer_def.scs.log.single_3.steel","units_count":2,"fill_ratio":1,"trailer_place":0},{"target":"cargotras.milano","urgency":1,"shortest_distance_km":966,"ferry_time":0,"ferry_price":0,"cargo":"cargo.excavator","company_truck":"man_6x4_b","trailer_variant":"trailer.overweight.excavator","trailer_definition":"trailer_def.excavator.overweight.excavator","units_count":94,"fill_ratio":1,"trailer_place":0}],"transinet.sheffield":[{"target":"posped.birmingham","urgency":0,"shortest_distance_km":151,"ferry_time":0,"ferry_price":0,"cargo":"cargo.precast_strs","company_truck":"mercedes_6x4_a","trailer_variant":"trailer.scs_curt","trailer_definition":"trailer_def.scs.box.single_3.curtain","units_count":33,"fill_ratio":1,"trailer_place":0},{"target":"posped.london","urgency":0,"shortest_distance_km":281,"ferry_time":0,"ferry_price":0,"cargo":"cargo.carrots","company_truck":"scania_s_4x2_370","trailer_variant":"trailer.scs_curt","trailer_definition":"trailer_def.scs.box.single_3.curtain","units_count":33,"fill_ratio":1,"trailer_place":0}],"sanbuilders.newcastle":[{"target":"quarry.sheffield","urgency":1,"shortest_distance_km":239,"ferry_time":0,"ferry_price":0,"cargo":"cargo.excavator","company_truck":"man_tgx_euro6_4x2_xl","trailer_variant":"trailer.overweight.excavator","trailer_definition":"trailer_def.excavator.overweight.excavator","units_count":94,"fill_ratio":1,"trailer_place":0}],"wgcc.manchester":[{"target":"itcc.glasgow","urgency":2,"shortest_distance_km":366,"ferry_time":0,"ferry_price":0,"cargo":"cargo.magnesium","company_truck":"scania_streamline_6x4_a","trailer_variant":"trailer.scs_gosck40","trailer_definition":"trailer_def.scs.gooseneck.singl_3e_40.container","units_count":80,"fill_ratio":1,"trailer_place":0}],"nbfc.duisburg":[{"target":"transinet.mannheim","urgency":2,"shortest_distance_km":335,"ferry_time":0,"ferry_price":0,"cargo":"cargo.petrol","company_truck":"iveco_6x2_a","trailer_variant":"trailer.willig.fuel_cistern","trailer_definition":"trailer_def.petrol.willig.fuel_cistern","units_count":101,"fill_ratio":1,"trailer_place":0},{"target":"tradeaux.felixstowe","urgency":0,"shortest_distance_km":828,"ferry_time":35,"ferry_price":300,"cargo":"cargo.oil","company_truck":"iveco_4x2_c","trailer_variant":"trailer.fuel_cistern","trailer_definition":"trailer_def.oil.fuel_cistern","units_count":100,"fill_ratio":1,"trailer_place":0}],"tradeaux.paris":[{"target":"lkwlog.dover","urgency":0,"shortest_distance_km":265,"ferry_time":35,"ferry_price":300,"cargo":"cargo.plastic_gra","company_truck":"man_6x4_b","trailer_variant":"trailer.cement","trailer_definition":"trailer_def.plastic_gra.cement","units_count":100,"fill_ratio":1,"trailer_place":0}],"sanbuilders.salzburg":[{"target":"stokes.kiel","urgency":1,"shortest_distance_km":995,"ferry_time":0,"ferry_price":0,"cargo":"cargo.excavator","company_truck":"scania_r_4x2_370","trailer_variant":"trailer.overweight.excavator","trailer_definition":"trailer_def.excavator.overweight.excavator","units_count":94,"fill_ratio":1,"trailer_place":0}],"euroacres.groningen":[{"target":"sellplan.osnabruck","urgency":1,"shortest_distance_km":200,"ferry_time":0,"ferry_price":0,"cargo":"cargo.milk_t","company_truck":"renault_t_4x2h","trailer_variant":"trailer.scs_fodt","trailer_definition":"trailer_def.scs.foodtank.single_3.paint","units_count":23,"fill_ratio":1,"trailer_place":0}],"euroacres.dresden":[{"target":"tradeaux.kassel","urgency":2,"shortest_distance_km":414,"ferry_time":0,"ferry_price":0,"cargo":"cargo.goat_cheese","company_truck":"man_4x2_a","trailer_variant":"trailer.scs_ins","trailer_definition":"trailer_def.scs.box.single_3.insulated","units_count":33,"fill_ratio":1,"trailer_place":0},{"target":"eurogoodies.leipzig","urgency":1,"shortest_distance_km":168,"ferry_time":0,"ferry_price":0,"cargo":"cargo.grapes","company_truck":"double/renault_premium_4x2_a","trailer_variant":"trailer.scs_ins_b2","trailer_definition":"trailer_def.scs.box.bdouble_3_3.insulated","units_count":34,"fill_ratio":1,"trailer_place":0}],"euroacres.brussel":[{"target":"kaarfor.strasbourg","urgency":0,"shortest_distance_km":454,"ferry_time":0,"ferry_price":0,"cargo":"cargo.carrots_c","company_truck":"iveco_6x2_a","trailer_variant":"trailer.scs_flat_c_r","trailer_definition":"trailer_def.scs.flatbed.single_3.container","units_count":33,"fill_ratio":1,"trailer_place":0}],"nbfc.liverpool":[{"target":"wgcc.manchester","urgency":2,"shortest_distance_km":70,"ferry_time":0,"ferry_price":0,"cargo":"cargo.kerosene","company_truck":"renault_t_4x2","trailer_variant":"trailer.fuel_cistern","trailer_definition":"trailer_def.kerosene.fuel_cistern","units_count":100,"fill_ratio":1,"trailer_place":0},{"target":"wgcc.grimsby","urgency":0,"shortest_distance_km":253,"ferry_time":0,"ferry_price":0,"cargo":"cargo.cyanide","company_truck":"renault_premium_6x2_a","trailer_variant":"trailer.scs_flat_c_g","trailer_definition":"trailer_def.scs.flatbed.single_3.container","units_count":87,"fill_ratio":1,"trailer_place":0},{"target":"fcp.brussel","urgency":1,"shortest_distance_km":749,"ferry_time":35,"ferry_price":300,"cargo":"cargo.motor_oil_c","company_truck":"mercedes_actros_2014_6x4_b","trailer_variant":"trailer.scs_gosck220","trailer_definition":"trailer_def.scs.gooseneck.singl_3e_220.container","units_count":30,"fill_ratio":1,"trailer_place":0}],"transinet.rotterdam":[{"target":"lkwlog.duisburg","urgency":0,"shortest_distance_km":329,"ferry_time":0,"ferry_price":0,"cargo":"cargo.beef_meat","company_truck":"double/renault_t_4x2h","trailer_variant":"trailer.scs_ref_b2","trailer_definition":"trailer_def.scs.box.bdouble_3_3.reefer","units_count":21,"fill_ratio":1,"trailer_place":0},{"target":"trameri.mannheim","urgency":2,"shortest_distance_km":616,"ferry_time":0,"ferry_price":0,"cargo":"cargo.petrol","company_truck":"scania_streamline_4x2_a","trailer_variant":"trailer.fuel_cistern","trailer_definition":"trailer_def.petrol.fuel_cistern","units_count":100,"fill_ratio":1,"trailer_place":0},{"target":"stokes.wien","urgency":1,"shortest_distance_km":1243,"ferry_time":0,"ferry_price":0,"cargo":"cargo.fueltanker","company_truck":"daf_xf_euro6_6x2_a","trailer_variant":"trailer.scs_flat_c_r","trailer_definition":"trailer_def.scs.flatbed.single_3.container","units_count":87,"fill_ratio":1,"trailer_place":0}],"sellplan.magdeburg":[{"target":"tradeaux.hannover","urgency":1,"shortest_distance_km":171,"ferry_time":0,"ferry_price":0,"cargo":"cargo.used_packag","company_truck":"mercedes_6x2_b","trailer_variant":"trailer.scs_dry_ms","trailer_definition":"trailer_def.scs.box.single_3.dryvan_m","units_count":33,"fill_ratio":1,"trailer_place":0}],"quarry.reims":[{"target":"tree_et.liege","urgency":1,"shortest_distance_km":227,"ferry_time":0,"ferry_price":0,"cargo":"cargo.excavator","company_truck":"daf_xf_euro6_6x2_a","trailer_variant":"trailer.overweight.excavator","trailer_definition":"trailer_def.excavator.overweight.excavator","units_count":100,"fill_ratio":1,"trailer_place":0},{"target":"tradeaux.geneve","urgency":0,"shortest_distance_km":608,"ferry_time":0,"ferry_price":0,"cargo":"cargo.ore","company_truck":"man_6x4_b","trailer_variant":"trailer.s_ki_solid.ore","trailer_definition":"trailer_def.ore.s_ki_solid.ore","units_count":100,"fill_ratio":1,"trailer_place":0}],"lkwlog.manchester":[{"target":"tradeaux.grimsby","urgency":2,"shortest_distance_km":198,"ferry_time":0,"ferry_price":0,"cargo":"cargo.beverages","company_truck":"iveco_4x2_c","trailer_variant":"trailer.scs_ref","trailer_definition":"trailer_def.scs.box.single_3.reefer","units_count":30,"fill_ratio":1,"trailer_place":0}],"sellplan.newcastle":[{"target":"transinet.sheffield","urgency":1,"shortest_distance_km":220,"ferry_time":0,"ferry_price":0,"cargo":"cargo.empty_palet","company_truck":"man_4x2_c","trailer_variant":"trailer.scs_dry_a","trailer_definition":"trailer_def.scs.box.single_3.dryvan","units_count":33,"fill_ratio":1,"trailer_place":0},{"target":"transinet.sheffield","urgency":0,"shortest_distance_km":220,"ferry_time":0,"ferry_price":0,"cargo":"cargo.used_plast","company_truck":"man_6x4_b","trailer_variant":"trailer.scs_curt","trailer_definition":"trailer_def.scs.box.single_3.curtain","units_count":33,"fill_ratio":1,"trailer_place":0}],"sellplan.klagenfurt":[{"target":"lkwlog.graz","urgency":1,"shortest_distance_km":117,"ferry_time":0,"ferry_price":0,"cargo":"cargo.empty_palet","company_truck":"scania_6x4_a","trailer_variant":"trailer.scs_dry_ms","trailer_definition":"trailer_def.scs.box.single_3.dryvan_m","units_count":33,"fill_ratio":1,"trailer_place":0},{"target":"stokes.wien","urgency":2,"shortest_distance_km":261,"ferry_time":0,"ferry_price":0,"cargo":"cargo.used_plast_c","company_truck":"scania_s_4x2_580","trailer_variant":"trailer.scs_flat_c_g","trailer_definition":"trailer_def.scs.flatbed.single_3.container","units_count":33,"fill_ratio":1,"trailer_place":0}],"euroacres.plymouth":[{"target":"posped.swansea","urgency":0,"shortest_distance_km":306,"ferry_time":0,"ferry_price":0,"cargo":"cargo.beans","company_truck":"scania_6x2_b","trailer_variant":"trailer.scs_dry_ms","trailer_definition":"trailer_def.scs.box.single_3.dryvan_m","units_count":33,"fill_ratio":1,"trailer_place":0}],"tradeaux.frankfurt":[{"target":"posped.strasbourg","urgency":1,"shortest_distance_km":241,"ferry_time":0,"ferry_price":0,"cargo":"cargo.limonades","company_truck":"renault_magnum_6x4_a","trailer_variant":"trailer.scs_dry_ms","trailer_definition":"trailer_def.scs.box.single_3.dryvan_m","units_count":30,"fill_ratio":1,"trailer_place":0}],"quarry.glasgow":[{"target":"stokes.aberdeen","urgency":1,"shortest_distance_km":222,"ferry_time":0,"ferry_price":0,"cargo":"cargo.gravel","company_truck":"mercedes_4x2","trailer_variant":"trailer.s_ki_solid.gravel","trailer_definition":"trailer_def.gravel.s_ki_solid.gravel","units_count":100,"fill_ratio":1,"trailer_place":0},{"target":"stokes.aberdeen","urgency":1,"shortest_distance_km":222,"ferry_time":0,"ferry_price":0,"cargo":"cargo.largetubes","company_truck":"mercedes_actros_2014_6x4_b","trailer_variant":"trailer.scs_flat_c_g","trailer_definition":"trailer_def.scs.flatbed.single_3.container","units_count":2,"fill_ratio":1,"trailer_place":0},{"target":"sanbuilders.edinburgh","urgency":1,"shortest_distance_km":147,"ferry_time":0,"ferry_price":0,"cargo":"cargo.excavator","company_truck":"daf_4x2_b","trailer_variant":"trailer.overweight.excavator","trailer_definition":"trailer_def.excavator.overweight.excavator","units_count":94,"fill_ratio":1,"trailer_place":0},{"target":"posped.rotterdam","urgency":2,"shortest_distance_km":559,"ferry_time":660,"ferry_price":995,"cargo":"cargo.sand","company_truck":"mercedes_actros_2014_6x2_a","trailer_variant":"trailer.s_ki_solid.sand","trailer_definition":"trailer_def.sand.s_ki_solid.sand","units_count":100,"fill_ratio":1,"trailer_place":0}],"batisse_hs.paris":[{"target":"lkwlog.calais","urgency":1,"shortest_distance_km":283,"ferry_time":0,"ferry_price":0,"cargo":"cargo.empty_palet","company_truck":"renault_t_4x2","trailer_variant":"trailer.scs_dry_m","trailer_definition":"trailer_def.scs.box.single_3.dryvan_m","units_count":33,"fill_ratio":1,"trailer_place":0},{"target":"lisette_log.paris","urgency":2,"shortest_distance_km":103,"ferry_time":0,"ferry_price":0,"cargo":"cargo.digger1000","company_truck":"renault_magnum_6x4_a","trailer_variant":"trailer.overweight.digger1000","trailer_definition":"trailer_def.digger1000.overweight.digger1000","units_count":100,"fill_ratio":1,"trailer_place":0}],"trameri.brno":[{"target":"stokes.poznan","urgency":2,"shortest_distance_km":434,"ferry_time":0,"ferry_price":0,"cargo":"cargo.overweight","company_truck":"scania_streamline_6x2_b","trailer_variant":"trailer.scs_flat_c_r","trailer_definition":"trailer_def.scs.flatbed.single_3.container","units_count":1,"fill_ratio":1,"trailer_place":0}],"kaarfor.swansea":[{"target":"tradeaux.geneve","urgency":2,"shortest_distance_km":1257,"ferry_time":35,"ferry_price":300,"cargo":"cargo.used_plast_c","company_truck":"renault_t_4x2h","trailer_variant":"trailer.scs_gosck220","trailer_definition":"trailer_def.scs.gooseneck.singl_3e_220.container","units_count":30,"fill_ratio":1,"trailer_place":0},{"target":"lkwlog.manchester","urgency":1,"shortest_distance_km":309,"ferry_time":0,"ferry_price":0,"cargo":"cargo.empty_palet","company_truck":"scania_r_4x2_520","trailer_variant":"trailer.scs_dry_ms","trailer_definition":"trailer_def.scs.box.single_3.dryvan_m","units_count":32,"fill_ratio":1,"trailer_place":0}],"quarry.cardiff":[{"target":"euroacres.liverpool","urgency":1,"shortest_distance_km":237,"ferry_time":0,"ferry_price":0,"cargo":"cargo.fueltanker","company_truck":"iveco_h_4x2_a","trailer_variant":"trailer.scs_flat_c_g","trailer_definition":"trailer_def.scs.flatbed.single_3.container","units_count":87,"fill_ratio":1,"trailer_place":0},{"target":"transinet.cambridge","urgency":2,"shortest_distance_km":378,"ferry_time":0,"ferry_price":0,"cargo":"cargo.sand","company_truck":"man_6x4_b","trailer_variant":"trailer.s_ki_solid.sand","trailer_definition":"trailer_def.sand.s_ki_solid.sand","units_count":100,"fill_ratio":1,"trailer_place":0},{"target":"trameri.swansea","urgency":1,"shortest_distance_km":105,"ferry_time":0,"ferry_price":0,"cargo":"cargo.coal","company_truck":"scania_4x2_b","trailer_variant":"trailer.s_ki_solid.coal","trailer_definition":"trailer_def.coal.s_ki_solid.coal","units_count":100,"fill_ratio":1,"trailer_place":0}],"ika_bohag.paris":[{"target":"lkwlog.calais","urgency":1,"shortest_distance_km":272,"ferry_time":0,"ferry_price":0,"cargo":"cargo.used_packag","company_truck":"scania_streamline_4x2_a","trailer_variant":"trailer.scs_dry_m","trailer_definition":"trailer_def.scs.box.single_3.dryvan_m","units_count":33,"fill_ratio":1,"trailer_place":0},{"target":"tradeaux.paris","urgency":1,"shortest_distance_km":8,"ferry_time":0,"ferry_price":0,"cargo":"cargo.empty_palet","company_truck":"man_6x4_b","trailer_variant":"trailer.scs_curt_s","trailer_definition":"trailer_def.scs.box.single_3.curtain","units_count":33,"fill_ratio":1,"trailer_place":0}],"bcp.munchen":[{"target":"posped.linz","urgency":0,"shortest_distance_km":276,"ferry_time":0,"ferry_price":0,"cargo":"cargo.used_plast","company_truck":"scania_4x2_b","trailer_variant":"trailer.scs_curt_s","trailer_definition":"trailer_def.scs.box.single_3.curtain","units_count":33,"fill_ratio":1,"trailer_place":0}],"fcp.leipzig":[{"target":"tree_et.dortmund","urgency":0,"shortest_distance_km":407,"ferry_time":0,"ferry_price":0,"cargo":"cargo.digger500","company_truck":"man_tgx_euro6_4x2_xxl","trailer_variant":"trailer.overweight.digger500","trailer_definition":"trailer_def.digger500.overweight.digger500","units_count":100,"fill_ratio":1,"trailer_place":0}],"trameri.carlisle":[{"target":"tradeaux.grimsby","urgency":2,"shortest_distance_km":327,"ferry_time":0,"ferry_price":0,"cargo":"cargo.roof_tiles","company_truck":"renault_t_6x2","trailer_variant":"trailer.scs_curt","trailer_definition":"trailer_def.scs.box.single_3.curtain","units_count":33,"fill_ratio":1,"trailer_place":0},{"target":"transinet.osnabruck","urgency":2,"shortest_distance_km":600,"ferry_time":660,"ferry_price":995,"cargo":"cargo.sandwch_pnls","company_truck":"daf_xf_euro6_6x4_c","trailer_variant":"trailer.scs_dry_s","trailer_definition":"trailer_def.scs.box.single_3.dryvan","units_count":33,"fill_ratio":1,"trailer_place":0},{"target":"lkwlog.manchester","urgency":2,"shortest_distance_km":208,"ferry_time":0,"ferry_price":0,"cargo":"cargo.used_plast_c","company_truck":"renault_premium_4x2_c","trailer_variant":"trailer.scs_gosck220","trailer_definition":"trailer_def.scs.gooseneck.singl_3e_220.container","units_count":30,"fill_ratio":1,"trailer_place":0}],"kaarfor.poznan":[{"target":"lkwlog.amsterdam","urgency":2,"shortest_distance_km":795,"ferry_time":0,"ferry_price":0,"cargo":"cargo.used_plast_c","company_truck":"man_tgx_euro6_4x2_xl","trailer_variant":"trailer.scs_gosck40","trailer_definition":"trailer_def.scs.gooseneck.singl_3e_40.container","units_count":30,"fill_ratio":1,"trailer_place":0}],"tradeaux.hannover":[{"target":"tree_et.zurich","urgency":1,"shortest_distance_km":665,"ferry_time":0,"ferry_price":0,"cargo":"cargo.diesel","company_truck":"scania_4x2_b","trailer_variant":"trailer.willig.fuel_cistern","trailer_definition":"trailer_def.diesel.willig.fuel_cistern","units_count":95,"fill_ratio":1,"trailer_place":0}],"eurogoodies.edinburgh":[{"target":"tradeaux.lille","urgency":0,"shortest_distance_km":915,"ferry_time":35,"ferry_price":300,"cargo":"cargo.tomatoes","company_truck":"scania_streamline_4x2_b","trailer_variant":"trailer.scs_ref","trailer_definition":"trailer_def.scs.box.single_3.reefer","units_count":33,"fill_ratio":1,"trailer_place":0}],"tree_et.hannover":[{"target":"stokes.dusseldorf","urgency":2,"shortest_distance_km":294,"ferry_time":0,"ferry_price":0,"cargo":"cargo.sawpanels","company_truck":"double/mercedes_actros_2014_4x2_a","trailer_variant":"trailer.scs_curt_2","trailer_definition":"trailer_def.scs.box.double_3_2.curtain","units_count":28,"fill_ratio":1,"trailer_place":0}],"tree_et.frankfurt":[{"target":"tradeaux.rostock","urgency":2,"shortest_distance_km":685,"ferry_time":0,"ferry_price":0,"cargo":"cargo.diggers","company_truck":"mercedes_4x2","trailer_variant":"trailer.overweight.digger","trailer_definition":"trailer_def.diggers.overweight.digger","units_count":98,"fill_ratio":1,"trailer_place":0}],"euroacres.reims":[{"target":"posped.graz","urgency":1,"shortest_distance_km":1087,"ferry_time":0,"ferry_price":0,"cargo":"cargo.milk_t","company_truck":"scania_6x2_b","trailer_variant":"trailer.scs_fodt","trailer_definition":"trailer_def.scs.foodtank.single_3.paint","units_count":27,"fill_ratio":1,"trailer_place":0}],"trameri.mannheim":[{"target":"kaarfor.bern","urgency":2,"shortest_distance_km":341,"ferry_time":0,"ferry_price":0,"cargo":"cargo.electronics","company_truck":"renault_magnum_6x4_a","trailer_variant":"trailer.scs_dry_a","trailer_definition":"trailer_def.scs.box.single_3.dryvan","units_count":33,"fill_ratio":1,"trailer_place":0},{"target":"posped.geneve","urgency":2,"shortest_distance_km":473,"ferry_time":0,"ferry_price":0,"cargo":"cargo.sandwch_pnls","company_truck":"mercedes_actros_2014_6x4_b","trailer_variant":"trailer.scs_dry_m","trailer_definition":"trailer_def.scs.box.single_3.dryvan_m","units_count":33,"fill_ratio":1,"trailer_place":0},{"target":"transinet.dortmund","urgency":2,"shortest_distance_km":321,"ferry_time":0,"ferry_price":0,"cargo":"cargo.rooflights","company_truck":"mercedes_4x2","trailer_variant":"trailer.scs_curt_s","trailer_definition":"trailer_def.scs.box.single_3.curtain","units_count":33,"fill_ratio":1,"trailer_place":0}],"stokes.kiel":[{"target":"tradeaux.rostock","urgency":0,"shortest_distance_km":213,"ferry_time":0,"ferry_price":0,"cargo":"cargo.tomatoes","company_truck":"iveco_4x2_b","trailer_variant":"trailer.scs_ref_s","trailer_definition":"trailer_def.scs.box.single_3.reefer","units_count":33,"fill_ratio":1,"trailer_place":0}],"kaarfor.munchen":[{"target":"transinet.salzburg","urgency":1,"shortest_distance_km":161,"ferry_time":0,"ferry_price":0,"cargo":"cargo.empty_palet","company_truck":"mercedes_actros_2014_4x2_b","trailer_variant":"trailer.scs_dry_ms","trailer_definition":"trailer_def.scs.box.single_3.dryvan_m","units_count":32,"fill_ratio":1,"trailer_place":0},{"target":"posped.strasbourg","urgency":0,"shortest_distance_km":371,"ferry_time":0,"ferry_price":0,"cargo":"cargo.used_plast","company_truck":"renault_t_4x2","trailer_variant":"trailer.scs_dry_a","trailer_definition":"trailer_def.scs.box.single_3.dryvan","units_count":33,"fill_ratio":1,"trailer_place":0}],"transinet.mannheim":[{"target":"stokes.liege","urgency":0,"shortest_distance_km":413,"ferry_time":0,"ferry_price":0,"cargo":"cargo.chem_sorbent","company_truck":"man_6x4_b","trailer_variant":"trailer.scs_dry_s","trailer_definition":"trailer_def.scs.box.single_3.dryvan","units_count":33,"fill_ratio":1,"trailer_place":0}],"lkwlog.calais":[{"target":"tradeaux.felixstowe","urgency":2,"shortest_distance_km":238,"ferry_time":91,"ferry_price":384,"cargo":"cargo.potatoes","company_truck":"mercedes_4x2_b","trailer_variant":"trailer.scs_dry_m","trailer_definition":"trailer_def.scs.box.single_3.dryvan_m","units_count":32,"fill_ratio":1,"trailer_place":0}],"tree_et.graz":[{"target":"euroacres.dijon","urgency":1,"shortest_distance_km":1025,"ferry_time":0,"ferry_price":0,"cargo":"cargo.lumber","company_truck":"scania_4x2_c","trailer_variant":"trailer.scs_flat_c_g","trailer_definition":"trailer_def.scs.flatbed.single_3.container","units_count":2,"fill_ratio":1,"trailer_place":0}],"lkwlog.dover":[{"target":"kaarfor.bern","urgency":0,"shortest_distance_km":800,"ferry_time":91,"ferry_price":384,"cargo":"cargo.yogurt","company_truck":"iveco_4x2_a","trailer_variant":"trailer.scs_ins_a","trailer_definition":"trailer_def.scs.box.single_3.insulated","units_count":33,"fill_ratio":1,"trailer_place":0},{"target":"tradeaux.grimsby","urgency":2,"shortest_distance_km":396,"ferry_time":0,"ferry_price":0,"cargo":"cargo.chewing_gums","company_truck":"renault_magnum_6x4_a","trailer_variant":"trailer.scs_dry_m","trailer_definition":"trailer_def.scs.box.single_3.dryvan_m","units_count":30,"fill_ratio":1,"trailer_place":0}],"tradeaux.prague":[{"target":"sanbuilders.salzburg","urgency":2,"shortest_distance_km":399,"ferry_time":0,"ferry_price":0,"cargo":"cargo.rooflights","company_truck":"iveco_h_4x2_a","trailer_variant":"trailer.scs_dry_a","trailer_definition":"trailer_def.scs.box.single_3.dryvan","units_count":33,"fill_ratio":1,"trailer_place":0},{"target":"transinet.torino","urgency":0,"shortest_distance_km":1087,"ferry_time":0,"ferry_price":0,"cargo":"cargo.maple_syrup","company_truck":"scania_r_4x2_370","trailer_variant":"trailer.scs_dry_s","trailer_definition":"trailer_def.scs.box.single_3.dryvan","units_count":33,"fill_ratio":1,"trailer_place":0},{"target":"posped.bratislava","urgency":0,"shortest_distance_km":300,"ferry_time":0,"ferry_price":0,"cargo":"cargo.copp_rf_gutt","company_truck":"iveco_4x2_c","trailer_variant":"trailer.scs_curt_a","trailer_definition":"trailer_def.scs.box.single_3.curtain","units_count":33,"fill_ratio":1,"trailer_place":0}],"sellplan.sheffield":[{"target":"transinet.sheffield","urgency":0,"shortest_distance_km":1,"ferry_time":0,"ferry_price":0,"cargo":"cargo.used_plast","company_truck":"man_6x4_b","trailer_variant":"trailer.scs_curt","trailer_definition":"trailer_def.scs.box.single_3.curtain","units_count":33,"fill_ratio":1,"trailer_place":0}],"wgcc.grimsby":[{"target":"nbfc.london","urgency":0,"shortest_distance_km":287,"ferry_time":0,"ferry_price":0,"cargo":"cargo.lead","company_truck":"scania_6x4_a","trailer_variant":"trailer.scs_flat_c_r","trailer_definition":"trailer_def.scs.flatbed.single_3.container","units_count":87,"fill_ratio":1,"trailer_place":0}],"sanbuilders.erfurt":[{"target":"tradeaux.kassel","urgency":0,"shortest_distance_km":206,"ferry_time":0,"ferry_price":0,"cargo":"cargo.digger500","company_truck":"renault_t_4x2","trailer_variant":"trailer.overweight.digger500","trailer_definition":"trailer_def.digger500.overweight.digger500","units_count":100,"fill_ratio":1,"trailer_place":0},{"target":"transinet.mannheim","urgency":1,"shortest_distance_km":347,"ferry_time":0,"ferry_price":0,"cargo":"cargo.empty_palet","company_truck":"daf_xf_euro6_6x2_a","trailer_variant":"trailer.scs_dry_ms","trailer_definition":"trailer_def.scs.box.single_3.dryvan_m","units_count":32,"fill_ratio":1,"trailer_place":0}],"trameri.wroclaw":[{"target":"fcp.poznan","urgency":2,"shortest_distance_km":137,"ferry_time":0,"ferry_price":0,"cargo":"cargo.overweight","company_truck":"renault_premium_6x2_a","trailer_variant":"trailer.scs_flat_c_r","trailer_definition":"trailer_def.scs.flatbed.single_3.container","units_count":1,"fill_ratio":1,"trailer_place":0}],"eurogoodies.cardiff":[{"target":"sellplan.sheffield","urgency":1,"shortest_distance_km":326,"ferry_time":0,"ferry_price":0,"cargo":"cargo.drymilk","company_truck":"mercedes_4x2_c","trailer_variant":"trailer.scs_curt_s","trailer_definition":"trailer_def.scs.box.single_3.curtain","units_count":33,"fill_ratio":1,"trailer_place":0}],"trameri.lille":[{"target":"lkwlog.luxembourg","urgency":1,"shortest_distance_km":264,"ferry_time":0,"ferry_price":0,"cargo":"cargo.empty_palet","company_truck":"scania_streamline_4x2_b","trailer_variant":"trailer.scs_dry_s","trailer_definition":"trailer_def.scs.box.single_3.dryvan","units_count":33,"fill_ratio":1,"trailer_place":0}],"posped.metz":[{"target":"tradeaux.hannover","urgency":0,"shortest_distance_km":588,"ferry_time":0,"ferry_price":0,"cargo":"cargo.scrap_metals","company_truck":"mercedes_6x2_b","trailer_variant":"trailer.s_ki_solid.cover","trailer_definition":"trailer_def.scrap_metals.s_ki_solid.cover","units_count":100,"fill_ratio":1,"trailer_place":0},{"target":"itcc.luxembourg","urgency":2,"shortest_distance_km":86,"ferry_time":0,"ferry_price":0,"cargo":"cargo.electronics","company_truck":"man_6x4_b","trailer_variant":"trailer.scs_dry_ms","trailer_definition":"trailer_def.scs.box.single_3.dryvan_m","units_count":33,"fill_ratio":1,"trailer_place":0}],"posped.kiel":[{"target":"itcc.koln","urgency":0,"shortest_distance_km":518,"ferry_time":0,"ferry_price":0,"cargo":"cargo.ore","company_truck":"scania_r_6x4_650","trailer_variant":"trailer.s_ki_solid.ore","trailer_definition":"trailer_def.ore.s_ki_solid.ore","units_count":100,"fill_ratio":1,"trailer_place":0},{"target":"tradeaux.frankfurt","urgency":0,"shortest_distance_km":634,"ferry_time":0,"ferry_price":0,"cargo":"cargo.plastic_gra","company_truck":"mercedes_actros_2014_4x2_b","trailer_variant":"trailer.cement","trailer_definition":"trailer_def.plastic_gra.cement","units_count":100,"fill_ratio":1,"trailer_place":0},{"target":"kaarfor.dortmund","urgency":1,"shortest_distance_km":441,"ferry_time":0,"ferry_price":0,"cargo":"cargo.tyres","company_truck":"scania_r_6x4_650","trailer_variant":"trailer.scs_dry_m","trailer_definition":"trailer_def.scs.box.single_3.dryvan_m","units_count":33,"fill_ratio":1,"trailer_place":0}],"euroacres.nurnberg":[{"target":"sellplan.wien","urgency":0,"shortest_distance_km":496,"ferry_time":0,"ferry_price":0,"cargo":"cargo.cont_trees","company_truck":"scania_r_4x2_370","trailer_variant":"trailer.scs_curt","trailer_definition":"trailer_def.scs.box.single_3.curtain","units_count":33,"fill_ratio":1,"trailer_place":0},{"target":"eurogoodies.wroclaw","urgency":1,"shortest_distance_km":511,"ferry_time":0,"ferry_price":0,"cargo":"cargo.milk","company_truck":"mercedes_actros_2014_4x2_b","trailer_variant":"trailer.scs_dry_s","trailer_definition":"trailer_def.scs.box.single_3.dryvan","units_count":33,"fill_ratio":1,"trailer_place":0}],"euroacres.wien":[{"target":"eurogoodies.wien","urgency":0,"shortest_distance_km":12,"ferry_time":0,"ferry_price":0,"cargo":"cargo.beans","company_truck":"iveco_4x2_c","trailer_variant":"trailer.scs_curt","trailer_definition":"trailer_def.scs.box.single_3.curtain","units_count":33,"fill_ratio":1,"trailer_place":0}],"trameri.lyon":[{"target":"sanbuilders.lyon","urgency":2,"shortest_distance_km":1,"ferry_time":0,"ferry_price":0,"cargo":"cargo.roof_tiles","company_truck":"man_6x4_b","trailer_variant":"trailer.scs_dry_ms","trailer_definition":"trailer_def.scs.box.single_3.dryvan_m","units_count":33,"fill_ratio":1,"trailer_place":0},{"target":"posped.bremen","urgency":0,"shortest_distance_km":1052,"ferry_time":0,"ferry_price":0,"cargo":"cargo.copp_rf_gutt","company_truck":"iveco_4x2_b","trailer_variant":"trailer.scs_dry_m","trailer_definition":"trailer_def.scs.box.single_3.dryvan_m","units_count":33,"fill_ratio":1,"trailer_place":0},{"target":"posped.london","urgency":1,"shortest_distance_km":879,"ferry_time":35,"ferry_price":300,"cargo":"cargo.empty_palet","company_truck":"renault_magnum_4x2_a","trailer_variant":"trailer.scs_curt_a","trailer_definition":"trailer_def.scs.box.single_3.curtain","units_count":33,"fill_ratio":1,"trailer_place":0}],"wgcc.strasbourg":[{"target":"nbfc.duisburg","urgency":1,"shortest_distance_km":507,"ferry_time":0,"ferry_price":0,"cargo":"cargo.arsenic","company_truck":"scania_4x2_a","trailer_variant":"trailer.scs_gosck220","trailer_definition":"trailer_def.scs.gooseneck.singl_3e_220.container","units_count":80,"fill_ratio":1,"trailer_place":0},{"target":"fle.paris","urgency":2,"shortest_distance_km":500,"ferry_time":0,"ferry_price":0,"cargo":"cargo.kerosene","company_truck":"scania_streamline_4x2_c","trailer_variant":"trailer.fuel_cistern","trailer_definition":"trailer_def.kerosene.fuel_cistern","units_count":100,"fill_ratio":1,"trailer_place":0},{"target":"nbfc.duisburg","urgency":0,"shortest_distance_km":507,"ferry_time":0,"ferry_price":0,"cargo":"cargo.phosphor","company_truck":"iveco_h_4x2_a","trailer_variant":"trailer.scs_flat_c_r","trailer_definition":"trailer_def.scs.flatbed.single_3.container","units_count":87,"fill_ratio":1,"trailer_place":0},{"target":"euroacres.reims","urgency":1,"shortest_distance_km":333,"ferry_time":0,"ferry_price":0,"cargo":"cargo.forklifts","company_truck":"mercedes_actros_2014_6x4_b","trailer_variant":"trailer.overweight.forklifts","trailer_definition":"trailer_def.forklifts.overweight.forklifts","units_count":100,"fill_ratio":1,"trailer_place":0}],"tradeaux.geneve":[{"target":"lkwlog.stuttgart","urgency":0,"shortest_distance_km":428,"ferry_time":0,"ferry_price":0,"cargo":"cargo.chem_sorbent","company_truck":"scania_r_4x2_520","trailer_variant":"trailer.scs_curt","trailer_definition":"trailer_def.scs.box.single_3.curtain","units_count":33,"fill_ratio":1,"trailer_place":0}],"trameri.liverpool":[{"target":"posped.geneve","urgency":1,"shortest_distance_km":1330,"ferry_time":35,"ferry_price":300,"cargo":"cargo.empty_palet","company_truck":"man_tgx_euro6_4x2_xl","trailer_variant":"trailer.scs_dry_s","trailer_definition":"trailer_def.scs.box.single_3.dryvan","units_count":33,"fill_ratio":1,"trailer_place":0}],"sanbuilders.luxembourg":[{"target":"tradeaux.prague","urgency":2,"shortest_distance_km":747,"ferry_time":0,"ferry_price":0,"cargo":"cargo.diggers","company_truck":"man_6x4_b","trailer_variant":"trailer.overweight.digger","trailer_definition":"trailer_def.diggers.overweight.digger","units_count":100,"fill_ratio":1,"trailer_place":0},{"target":"transinet.brussel","urgency":1,"shortest_distance_km":223,"ferry_time":0,"ferry_price":0,"cargo":"cargo.forklifts","company_truck":"mercedes_4x2_b","trailer_variant":"trailer.overweight.forklifts","trailer_definition":"trailer_def.forklifts.overweight.forklifts","units_count":100,"fill_ratio":1,"trailer_place":0}],"tree_et.zurich":[{"target":"posped.zurich","urgency":1,"shortest_distance_km":10,"ferry_time":0,"ferry_price":0,"cargo":"cargo.excavator","company_truck":"scania_6x2_b","trailer_variant":"trailer.overweight.excavator","trailer_definition":"trailer_def.excavator.overweight.excavator","units_count":94,"fill_ratio":1,"trailer_place":0}],"transinet.dresden":[{"target":"euroacres.erfurt","urgency":2,"shortest_distance_km":271,"ferry_time":0,"ferry_price":0,"cargo":"cargo.wshavings","company_truck":"man_6x4_b","trailer_variant":"trailer.s_ki_solid.cover","trailer_definition":"trailer_def.wshavings.s_ki_solid.cover","units_count":100,"fill_ratio":1,"trailer_place":0}],"euroacres.bern":[{"target":"stokes.dijon","urgency":0,"shortest_distance_km":252,"ferry_time":0,"ferry_price":0,"cargo":"cargo.honey","company_truck":"daf_4x2_b","trailer_variant":"trailer.scs_dry_s","trailer_definition":"trailer_def.scs.box.single_3.dryvan","units_count":33,"fill_ratio":1,"trailer_place":0}],"wgcc.glasgow":[{"target":"nbfc.aberdeen","urgency":2,"shortest_distance_km":236,"ferry_time":0,"ferry_price":0,"cargo":"cargo.kerosene","company_truck":"daf_xf_euro6_6x4_c","trailer_variant":"trailer.fuel_cistern","trailer_definition":"trailer_def.kerosene.fuel_cistern","units_count":100,"fill_ratio":1,"trailer_place":0},{"target":"itcc.glasgow","urgency":2,"shortest_distance_km":1,"ferry_time":0,"ferry_price":0,"cargo":"cargo.magnesium","company_truck":"scania_s_4x2_580","trailer_variant":"trailer.scs_gosck20","trailer_definition":"trailer_def.scs.gooseneck.singl_3e_20.container","units_count":40,"fill_ratio":1,"trailer_place":0},{"target":"sanbuilders.newcastle","urgency":0,"shortest_distance_km":260,"ferry_time":0,"ferry_price":0,"cargo":"cargo.nitrogen","company_truck":"mercedes_actros_2014_4x2_b","trailer_variant":"trailer.scs_gosck20","trailer_definition":"trailer_def.scs.gooseneck.singl_3e_20.container","units_count":40,"fill_ratio":1,"trailer_place":0}],"tree_et.geneve":[{"target":"stokes.dijon","urgency":2,"shortest_distance_km":168,"ferry_time":0,"ferry_price":0,"cargo":"cargo.wshavings","company_truck":"scania_streamline_4x2_c","trailer_variant":"trailer.s_ki_solid.cover","trailer_definition":"trailer_def.wshavings.s_ki_solid.cover","units_count":100,"fill_ratio":1,"trailer_place":0}],"fcp.graz":[{"target":"tree_et.liege","urgency":2,"shortest_distance_km":998,"ferry_time":0,"ferry_price":0,"cargo":"cargo.digger1000","company_truck":"renault_premium_4x2_c","trailer_variant":"trailer.overweight.digger1000","trailer_definition":"trailer_def.digger1000.overweight.digger1000","units_count":100,"fill_ratio":1,"trailer_place":0}],"bcp.berlin":[{"target":"euroacres.berlin","urgency":0,"shortest_distance_km":1,"ferry_time":0,"ferry_price":0,"cargo":"cargo.digger500","company_truck":"scania_s_6x4_730","trailer_variant":"trailer.overweight.digger500","trailer_definition":"trailer_def.digger500.overweight.digger500","units_count":100,"fill_ratio":1,"trailer_place":0}],"nbfc.berlin":[{"target":"itcc.sheffield","urgency":0,"shortest_distance_km":1426,"ferry_time":35,"ferry_price":300,"cargo":"cargo.motor_oil","company_truck":"mercedes_6x4_a","trailer_variant":"trailer.scs_curt_a","trailer_definition":"trailer_def.scs.box.single_3.curtain","units_count":33,"fill_ratio":1,"trailer_place":0}],"skoda.prague":[{"target":"tradeaux.prague","urgency":2,"shortest_distance_km":46,"ferry_time":0,"ferry_price":0,"cargo":"cargo.used_plast_c","company_truck":"mercedes_4x2_a","trailer_variant":"trailer.scs_flat_c_g","trailer_definition":"trailer_def.scs.flatbed.single_3.container","units_count":33,"fill_ratio":1,"trailer_place":0}],"eurogoodies.berlin":[{"target":"sellplan.dresden","urgency":1,"shortest_distance_km":203,"ferry_time":0,"ferry_price":0,"cargo":"cargo.milk","company_truck":"mercedes_4x2_a","trailer_variant":"trailer.scs_curt","trailer_definition":"trailer_def.scs.box.single_3.curtain","units_count":33,"fill_ratio":1,"trailer_place":0}],"euroacres.cambridge":[{"target":"kaarfor.cambridge","urgency":1,"shortest_distance_km":2,"ferry_time":0,"ferry_price":0,"cargo":"cargo.grapes","company_truck":"scania_6x4_a","trailer_variant":"trailer.scs_ins_s","trailer_definition":"trailer_def.scs.box.single_3.insulated","units_count":33,"fill_ratio":1,"trailer_place":0}],"nbfc.calais":[{"target":"trameri.lille","urgency":2,"shortest_distance_km":116,"ferry_time":0,"ferry_price":0,"cargo":"cargo.kerosene","company_truck":"renault_premium_6x4_a","trailer_variant":"trailer.fuel_cistern","trailer_definition":"trailer_def.kerosene.fuel_cistern","units_count":100,"fill_ratio":1,"trailer_place":0},{"target":"voitureux.paris","urgency":1,"shortest_distance_km":244,"ferry_time":0,"ferry_price":0,"cargo":"cargo.motor_oil_c","company_truck":"scania_streamline_6x4_a","trailer_variant":"trailer.scs_flat_c_g","trailer_definition":"trailer_def.scs.flatbed.single_3.container","units_count":33,"fill_ratio":1,"trailer_place":0},{"target":"wgcc.grimsby","urgency":0,"shortest_distance_km":407,"ferry_time":91,"ferry_price":384,"cargo":"cargo.phosphor","company_truck":"renault_premium_6x2_a","trailer_variant":"trailer.scs_flat_c_g","trailer_definition":"trailer_def.scs.flatbed.single_3.container","units_count":87,"fill_ratio":1,"trailer_place":0},{"target":"trameri.lille","urgency":2,"shortest_distance_km":116,"ferry_time":0,"ferry_price":0,"cargo":"cargo.magnesium","company_truck":"scania_r_6x4_650","trailer_variant":"trailer.scs_flat_c_g","trailer_definition":"trailer_def.scs.flatbed.single_3.container","units_count":87,"fill_ratio":1,"trailer_place":0}],"lkwlog.hamburg":[{"target":"tree_et.metz","urgency":0,"shortest_distance_km":735,"ferry_time":0,"ferry_price":0,"cargo":"cargo.digger500","company_truck":"renault_magnum_6x4_a","trailer_variant":"trailer.overweight.digger500","trailer_definition":"trailer_def.digger500.overweight.digger500","units_count":100,"fill_ratio":1,"trailer_place":0},{"target":"stokes.dusseldorf","urgency":1,"shortest_distance_km":405,"ferry_time":0,"ferry_price":0,"cargo":"cargo.fueltanker","company_truck":"scania_4x2_c","trailer_variant":"trailer.scs_flat_c_g","trailer_definition":"trailer_def.scs.flatbed.single_3.container","units_count":87,"fill_ratio":1,"trailer_place":0}],"eurogoodies.erfurt":[{"target":"tradeaux.kassel","urgency":0,"shortest_distance_km":205,"ferry_time":0,"ferry_price":0,"cargo":"cargo.beans","company_truck":"double/mercedes_actros_2014_4x2_a","trailer_variant":"trailer.scs_dry_2","trailer_definition":"trailer_def.scs.box.double_3_2.dryvan","units_count":44,"fill_ratio":1,"trailer_place":0}],"quarry.strasbourg":[{"target":"cargotras.milano","urgency":1,"shortest_distance_km":518,"ferry_time":0,"ferry_price":0,"cargo":"cargo.largetubes","company_truck":"man_4x2_c","trailer_variant":"trailer.scs_flat_r","trailer_definition":"trailer_def.scs.flatbed.single_3.flatbed_w","units_count":2,"fill_ratio":1,"trailer_place":0}],"transinet.dortmund":[{"target":"posped.london","urgency":1,"shortest_distance_km":723,"ferry_time":35,"ferry_price":300,"cargo":"cargo.tyres","company_truck":"man_6x4_b","trailer_variant":"trailer.scs_curt","trailer_definition":"trailer_def.scs.box.single_3.curtain","units_count":33,"fill_ratio":1,"trailer_place":0},{"target":"lkwlog.felixstowe","urgency":0,"shortest_distance_km":838,"ferry_time":35,"ferry_price":300,"cargo":"cargo.sugar","company_truck":"renault_premium_6x2_a","trailer_variant":"trailer.scs_dry_a","trailer_definition":"trailer_def.scs.box.single_3.dryvan","units_count":32,"fill_ratio":1,"trailer_place":0},{"target":"lkwlog.stuttgart","urgency":2,"shortest_distance_km":452,"ferry_time":0,"ferry_price":0,"cargo":"cargo.paper","company_truck":"scania_s_4x2_580","trailer_variant":"trailer.scs_dry_ms","trailer_definition":"trailer_def.scs.box.single_3.dryvan_m","units_count":33,"fill_ratio":1,"trailer_place":0}],"euroacres.swansea":[{"target":"transinet.rotterdam","urgency":2,"shortest_distance_km":824,"ferry_time":35,"ferry_price":300,"cargo":"cargo.goat_cheese","company_truck":"renault_magnum_4x2_a","trailer_variant":"trailer.scs_ins_a","trailer_definition":"trailer_def.scs.box.single_3.insulated","units_count":33,"fill_ratio":1,"trailer_place":0},{"target":"sellplan.london","urgency":1,"shortest_distance_km":359,"ferry_time":0,"ferry_price":0,"cargo":"cargo.milk","company_truck":"scania_s_6x4_730","trailer_variant":"trailer.scs_dry_m","trailer_definition":"trailer_def.scs.box.single_3.dryvan_m","units_count":33,"fill_ratio":1,"trailer_place":0}],"fcp.dusseldorf":[{"target":"quarry.glasgow","urgency":2,"shortest_distance_km":1387,"ferry_time":35,"ferry_price":300,"cargo":"cargo.diggers","company_truck":"iveco_4x2_c","trailer_variant":"trailer.overweight.digger","trailer_definition":"trailer_def.diggers.overweight.digger","units_count":98,"fill_ratio":1,"trailer_place":0}],"stokes.wien":[{"target":"kaarfor.amsterdam","urgency":0,"shortest_distance_km":1171,"ferry_time":0,"ferry_price":0,"cargo":"cargo.honey","company_truck":"renault_premium_6x4_a","trailer_variant":"trailer.scs_dry","trailer_definition":"trailer_def.scs.box.single_3.dryvan","units_count":33,"fill_ratio":1,"trailer_place":0},{"target":"posped.graz","urgency":0,"shortest_distance_km":179,"ferry_time":0,"ferry_price":0,"cargo":"cargo.chem_sorbent","company_truck":"renault_magnum_6x4_a","trailer_variant":"trailer.scs_dry_ms","trailer_definition":"trailer_def.scs.box.single_3.dryvan_m","units_count":33,"fill_ratio":1,"trailer_place":0}],"quarry.sheffield":[{"target":"tree_et.felixstowe","urgency":1,"shortest_distance_km":355,"ferry_time":0,"ferry_price":0,"cargo":"cargo.fueltanker","company_truck":"iveco_4x2_b","trailer_variant":"trailer.scs_gosck40","trailer_definition":"trailer_def.scs.gooseneck.singl_3e_40.container","units_count":80,"fill_ratio":1,"trailer_place":0},{"target":"lkwlog.manchester","urgency":2,"shortest_distance_km":133,"ferry_time":0,"ferry_price":0,"cargo":"cargo.sand","company_truck":"renault_premium_6x4_a","trailer_variant":"trailer.s_ki_solid.sand","trailer_definition":"trailer_def.sand.s_ki_solid.sand","units_count":100,"fill_ratio":1,"trailer_place":0},{"target":"stokes.kiel","urgency":1,"shortest_distance_km":1444,"ferry_time":35,"ferry_price":300,"cargo":"cargo.gravel","company_truck":"daf_4x2_b","trailer_variant":"trailer.s_ki_solid.gravel","trailer_definition":"trailer_def.gravel.s_ki_solid.gravel","units_count":100,"fill_ratio":1,"trailer_place":0}],"sellplan.torino":[{"target":"posped.geneve","urgency":1,"shortest_distance_km":334,"ferry_time":0,"ferry_price":0,"cargo":"cargo.used_packag","company_truck":"man_6x4_b","trailer_variant":"trailer.scs_dry_ms","trailer_definition":"trailer_def.scs.box.single_3.dryvan_m","units_count":33,"fill_ratio":1,"trailer_place":0}],"eurogoodies.newcastle":[{"target":"posped.carlisle","urgency":2,"shortest_distance_km":89,"ferry_time":0,"ferry_price":0,"cargo":"cargo.nuts","company_truck":"daf_6x2_a","trailer_variant":"trailer.scs_dry_s","trailer_definition":"trailer_def.scs.box.single_3.dryvan","units_count":33,"fill_ratio":1,"trailer_place":0},{"target":"transinet.sheffield","urgency":0,"shortest_distance_km":220,"ferry_time":0,"ferry_price":0,"cargo":"cargo.ketchup","company_truck":"scania_streamline_6x4_a","trailer_variant":"trailer.scs_dry_a","trailer_definition":"trailer_def.scs.box.single_3.dryvan","units_count":33,"fill_ratio":1,"trailer_place":0}],"sanbuilders.birmingham":[{"target":"stokes.cardiff","urgency":2,"shortest_distance_km":229,"ferry_time":0,"ferry_price":0,"cargo":"cargo.diggers","company_truck":"scania_streamline_6x2_b","trailer_variant":"trailer.overweight.digger","trailer_definition":"trailer_def.diggers.overweight.digger","units_count":98,"fill_ratio":1,"trailer_place":0}],"quarry.hannover":[{"target":"tree_et.bratislava","urgency":1,"shortest_distance_km":787,"ferry_time":0,"ferry_price":0,"cargo":"cargo.excavator","company_truck":"daf_xf_euro6_4x2_a","trailer_variant":"trailer.overweight.excavator","trailer_definition":"trailer_def.excavator.overweight.excavator","units_count":94,"fill_ratio":1,"trailer_place":0}],"kaarfor.frankfurt":[{"target":"posped.strasbourg","urgency":1,"shortest_distance_km":241,"ferry_time":0,"ferry_price":0,"cargo":"cargo.used_packag","company_truck":"mercedes_6x2_b","trailer_variant":"trailer.scs_dry","trailer_definition":"trailer_def.scs.box.single_3.dryvan","units_count":33,"fill_ratio":1,"trailer_place":0},{"target":"tradeaux.hannover","urgency":2,"shortest_distance_km":376,"ferry_time":0,"ferry_price":0,"cargo":"cargo.used_plast_c","company_truck":"mercedes_4x2_a","trailer_variant":"trailer.scs_gosck20","trailer_definition":"trailer_def.scs.gooseneck.singl_3e_20.container","units_count":15,"fill_ratio":1,"trailer_place":0},{"target":"stokes.calais","urgency":0,"shortest_distance_km":704,"ferry_time":0,"ferry_price":0,"cargo":"cargo.used_plast","company_truck":"daf_xf_euro6_6x4_c","trailer_variant":"trailer.scs_curt_s","trailer_definition":"trailer_def.scs.box.single_3.curtain","units_count":33,"fill_ratio":1,"trailer_place":0}],"trameri.hannover":[{"target":"quarry.strasbourg","urgency":1,"shortest_distance_km":715,"ferry_time":0,"ferry_price":0,"cargo":"cargo.emptytank","company_truck":"mercedes_6x4_a","trailer_variant":"trailer.scs_flat_c_g","trailer_definition":"trailer_def.scs.flatbed.single_3.container","units_count":2,"fill_ratio":1,"trailer_place":0},{"target":"sanbuilders.erfurt","urgency":2,"shortest_distance_km":245,"ferry_time":0,"ferry_price":0,"cargo":"cargo.sandwch_pnls","company_truck":"mercedes_actros_2014_6x2_a","trailer_variant":"trailer.scs_dry_a","trailer_definition":"trailer_def.scs.box.single_3.dryvan","units_count":33,"fill_ratio":1,"trailer_place":0},{"target":"lkwlog.hamburg","urgency":2,"shortest_distance_km":173,"ferry_time":0,"ferry_price":0,"cargo":"cargo.electronics","company_truck":"renault_premium_6x4_a","trailer_variant":"trailer.scs_dry_m","trailer_definition":"trailer_def.scs.box.single_3.dryvan_m","units_count":33,"fill_ratio":1,"trailer_place":0}],"sanbuilders.edinburgh":[{"target":"transinet.rotterdam","urgency":1,"shortest_distance_km":420,"ferry_time":660,"ferry_price":995,"cargo":"cargo.empty_palet","company_truck":"renault_t_4x2h","trailer_variant":"trailer.scs_dry_s","trailer_definition":"trailer_def.scs.box.single_3.dryvan","units_count":33,"fill_ratio":1,"trailer_place":0}],"kaarfor.cambridge":[{"target":"transinet.southampton","urgency":0,"shortest_distance_km":272,"ferry_time":0,"ferry_price":0,"cargo":"cargo.used_plast","company_truck":"renault_premium_4x2_a","trailer_variant":"trailer.scs_curt","trailer_definition":"trailer_def.scs.box.single_3.curtain","units_count":33,"fill_ratio":1,"trailer_place":0},{"target":"posped.koln","urgency":2,"shortest_distance_km":688,"ferry_time":35,"ferry_price":300,"cargo":"cargo.used_plast_c","company_truck":"mercedes_actros_2014_6x4_b","trailer_variant":"trailer.scs_flat_c_r","trailer_definition":"trailer_def.scs.flatbed.single_3.container","units_count":33,"fill_ratio":1,"trailer_place":0},{"target":"stokes.nurnberg","urgency":1,"shortest_distance_km":1108,"ferry_time":35,"ferry_price":300,"cargo":"cargo.used_packag","company_truck":"scania_streamline_6x4_a","trailer_variant":"trailer.scs_dry","trailer_definition":"trailer_def.scs.box.single_3.dryvan","units_count":33,"fill_ratio":1,"trailer_place":0}],"posped.london":[{"target":"stokes.cardiff","urgency":1,"shortest_distance_km":318,"ferry_time":0,"ferry_price":0,"cargo":"cargo.limonades","company_truck":"daf_xf_euro6_6x4_c","trailer_variant":"trailer.scs_curt_a","trailer_definition":"trailer_def.scs.box.single_3.curtain","units_count":32,"fill_ratio":1,"trailer_place":0},{"target":"stokes.cardiff","urgency":1,"shortest_distance_km":318,"ferry_time":0,"ferry_price":0,"cargo":"cargo.oil_filters","company_truck":"man_tgx_euro6_6x4_xlx","trailer_variant":"trailer.scs_curt_s","trailer_definition":"trailer_def.scs.box.single_3.curtain","units_count":33,"fill_ratio":1,"trailer_place":0}],"wgcc.rotterdam":[{"target":"nbfc.duisburg","urgency":2,"shortest_distance_km":330,"ferry_time":0,"ferry_price":0,"cargo":"cargo.chlorine","company_truck":"renault_magnum_6x4_a","trailer_variant":"trailer.scs_flat_c_r","trailer_definition":"trailer_def.scs.flatbed.single_3.container","units_count":87,"fill_ratio":1,"trailer_place":0},{"target":"nbfc.duisburg","urgency":1,"shortest_distance_km":330,"ferry_time":0,"ferry_price":0,"cargo":"cargo.hchemicals","company_truck":"man_6x4_b","trailer_variant":"trailer.chcistern","trailer_definition":"trailer_def.hchemicals.chcistern","units_count":100,"fill_ratio":1,"trailer_place":0},{"target":"tradeaux.lille","urgency":1,"shortest_distance_km":223,"ferry_time":0,"ferry_price":0,"cargo":"cargo.graph_grease","company_truck":"renault_premium_6x2_a","trailer_variant":"trailer.scs_dry_s","trailer_definition":"trailer_def.scs.box.single_3.dryvan","units_count":33,"fill_ratio":1,"trailer_place":0}],"euroacres.salzburg":[{"target":"tradeaux.klagenfurt","urgency":1,"shortest_distance_km":300,"ferry_time":0,"ferry_price":0,"cargo":"cargo.milk_t","company_truck":"scania_r_4x2_370","trailer_variant":"trailer.scs_fodt","trailer_definition":"trailer_def.scs.foodtank.single_3.paint","units_count":27,"fill_ratio":1,"trailer_place":0},{"target":"transinet.torino","urgency":0,"shortest_distance_km":775,"ferry_time":0,"ferry_price":0,"cargo":"cargo.digger500","company_truck":"scania_4x2_b","trailer_variant":"trailer.overweight.digger500","trailer_definition":"trailer_def.digger500.overweight.digger500","units_count":100,"fill_ratio":1,"trailer_place":0}],"sanbuilders.rotterdam":[{"target":"posped.metz","urgency":2,"shortest_distance_km":408,"ferry_time":0,"ferry_price":0,"cargo":"cargo.digger1000","company_truck":"man_6x4_b","trailer_variant":"trailer.overweight.digger1000","trailer_definition":"trailer_def.digger1000.overweight.digger1000","units_count":100,"fill_ratio":1,"trailer_place":0},{"target":"stokes.amsterdam","urgency":2,"shortest_distance_km":79,"ferry_time":0,"ferry_price":0,"cargo":"cargo.diggers","company_truck":"man_tgx_euro6_4x2_xxl","trailer_variant":"trailer.overweight.digger","trailer_definition":"trailer_def.diggers.overweight.digger","units_count":100,"fill_ratio":1,"trailer_place":0}],"quarry.dortmund":[{"target":"transinet.dortmund","urgency":1,"shortest_distance_km":69,"ferry_time":0,"ferry_price":0,"cargo":"cargo.gravel","company_truck":"man_6x4_b","trailer_variant":"trailer.s_ki_solid.gravel","trailer_definition":"trailer_def.gravel.s_ki_solid.gravel","units_count":100,"fill_ratio":1,"trailer_place":0},{"target":"lkwlog.calais","urgency":1,"shortest_distance_km":618,"ferry_time":0,"ferry_price":0,"cargo":"cargo.fueltanker","company_truck":"scania_s_4x2_580","trailer_variant":"trailer.scs_flat_c_r","trailer_definition":"trailer_def.scs.flatbed.single_3.container","units_count":87,"fill_ratio":1,"trailer_place":0}],"sellplan.groningen":[{"target":"tradeaux.hannover","urgency":1,"shortest_distance_km":336,"ferry_time":0,"ferry_price":0,"cargo":"cargo.used_packag","company_truck":"man_4x2_a","trailer_variant":"trailer.scs_curt","trailer_definition":"trailer_def.scs.box.single_3.curtain","units_count":33,"fill_ratio":1,"trailer_place":0}],"bcp.bratislava":[{"target":"posped.linz","urgency":1,"shortest_distance_km":222,"ferry_time":0,"ferry_price":0,"cargo":"cargo.used_battery","company_truck":"mercedes_actros_2014_6x2_a","trailer_variant":"trailer.scs_dry_a","trailer_definition":"trailer_def.scs.box.single_3.dryvan","units_count":33,"fill_ratio":1,"trailer_place":0}],"sanbuilders.berlin":[{"target":"posped.koln","urgency":1,"shortest_distance_km":538,"ferry_time":0,"ferry_price":0,"cargo":"cargo.emptytank","company_truck":"daf_xf_euro6_4x2_a","trailer_variant":"trailer.scs_flat_b","trailer_definition":"trailer_def.scs.flatbed.single_3.flatbed_w","units_count":2,"fill_ratio":1,"trailer_place":0},{"target":"transinet.dresden","urgency":1,"shortest_distance_km":200,"ferry_time":0,"ferry_price":0,"cargo":"cargo.empty_palet","company_truck":"mercedes_4x2_c","trailer_variant":"trailer.scs_dry_s","trailer_definition":"trailer_def.scs.box.single_3.dryvan","units_count":33,"fill_ratio":1,"trailer_place":0},{"target":"tree_et.hannover","urgency":1,"shortest_distance_km":273,"ferry_time":0,"ferry_price":0,"cargo":"cargo.excavator","company_truck":"scania_r_6x4_650","trailer_variant":"trailer.overweight.excavator","trailer_definition":"trailer_def.excavator.overweight.excavator","units_count":94,"fill_ratio":1,"trailer_place":0}],"eurogoodies.kiel":[{"target":"posped.koln","urgency":1,"shortest_distance_km":520,"ferry_time":0,"ferry_price":0,"cargo":"cargo.limonades","company_truck":"renault_premium_4x2_a","trailer_variant":"trailer.scs_dry","trailer_definition":"trailer_def.scs.box.single_3.dryvan","units_count":30,"fill_ratio":1,"trailer_place":0},{"target":"lkwlog.brno","urgency":0,"shortest_distance_km":881,"ferry_time":0,"ferry_price":0,"cargo":"cargo.honey","company_truck":"mercedes_actros_2014_4x2_c","trailer_variant":"trailer.scs_dry_m","trailer_definition":"trailer_def.scs.box.single_3.dryvan_m","units_count":33,"fill_ratio":1,"trailer_place":0}]}