{"sellplan.wien":[{"target":"transinet.ostrava","urgency":1,"shortest_distance_km":284,"ferry_time":0,"ferry_price":0,"cargo":"cargo.empty_palet","company_truck":"man_6x4_b","trailer_variant":"trailer.scs_dry_ms","trailer_definition":"trailer_def.scs.box.single_3.dryvan_m","units_count":33,"fill_ratio":1,"trailer_place":0}],"posped.geneve":[{"target":"sanbuilders.debrecen","urgency":2,"shortest_distance_km":1398,"ferry_time":0,"ferry_price":0,"cargo":"cargo.outdr_flr_tl","company_truck":"mercedes_4x2_b","trailer_variant":"trailer.scs_dry_ms","trailer_definition":"trailer_def.scs.box.single_3.dryvan_m","units_count":33,"fill_ratio":1,"trailer_place":0}],"kaarfor.lublin":[{"target":"stokes.warszawa","urgency":1,"shortest_distance_km":134,"ferry_time":0,"ferry_price":0,"cargo":"cargo.empty_palet","company_truck":"mercedes_4x2_c","trailer_variant":"trailer.scs_dry_ms","trailer_definition":"trailer_def.scs.box.single_3.dryvan_m","units_count":32,"fill_ratio":1,"trailer_place":0},{"target":"lkwlog.lodz","urgency":0,"shortest_distance_km":240,"ferry_time":0,"ferry_price":0,"cargo":"cargo.used_plast","company_truck":"renault_premium_6x2_a","trailer_variant":"trailer.scs_curt","trailer_definition":"trailer_def.scs.box.single_3.curtain","units_count":33,"fill_ratio":1,"trailer_place":0},{"target":"posped.lodz","urgency":2,"shortest_distance_km":240,"ferry_time":0,"ferry_price":0,"cargo":"cargo.used_plast_c","company_truck":"iveco_6x2_a","trailer_variant":"trailer.scs_gosck220","trailer_definition":"trailer_def.scs.gooseneck.singl_3e_220.container","units_count":30,"fill_ratio":1,"trailer_place":0}],"wgcc.bratislava":[{"target":"nbfc.budapest","urgency":2,"shortest_distance_km":261,"ferry_time":0,"ferry_price":0,"cargo":"cargo.hipresstank","company_truck":"scania_6x2_b","trailer_variant":"trailer.scs_flat_b","trailer_definition":"trailer_def.scs.flatbed.single_3.flatbed_w","units_count":2,"fill_ratio":1,"trailer_place":0}],"kaarfor.budapest":[{"target":"stokes.warszawa","urgency":0,"shortest_distance_km":649,"ferry_time":0,"ferry_price":0,"cargo":"cargo.used_plast","company_truck":"iveco_4x2_a","trailer_variant":"trailer.scs_dry_m","trailer_definition":"trailer_def.scs.box.single_3.dryvan_m","units_count":33,"fill_ratio":1,"trailer_place":0},{"target":"lkwlog.szeged","urgency":1,"shortest_distance_km":139,"ferry_time":0,"ferry_price":0,"cargo":"cargo.empty_palet","company_truck":"iveco_4x2_b","trailer_variant":"trailer.scs_dry_s","trailer_definition":"trailer_def.scs.box.single_3.dryvan","units_count":33,"fill_ratio":1,"trailer_place":0}],"tree_et.bialystok":[{"target":"posped.warszawa","urgency":1,"shortest_distance_km":181,"ferry_time":0,"ferry_price":0,"cargo":"cargo.empty_palet","company_truck":"scania_streamline_6x2_b","trailer_variant":"trailer.scs_curt_a","trailer_definition":"trailer_def.scs.box.single_3.curtain","units_count":33,"fill_ratio":1,"trailer_place":0},{"target":"sanbuilders.warszawa","urgency":1,"shortest_distance_km":181,"ferry_time":0,"ferry_price":0,"cargo":"cargo.forklifts","company_truck":"daf_4x2_b","trailer_variant":"trailer.overweight.forklifts","trailer_definition":"trailer_def.forklifts.overweight.forklifts","units_count":100,"fill_ratio":1,"trailer_place":0},{"target":"sanbuilders.warszawa","urgency":1,"shortest_distance_km":181,"ferry_time":0,"ferry_price":0,"cargo":"cargo.excavator","company_truck":"mercedes_actros_2014_6x2_a","trailer_variant":"trailer.overweight.excavator","trailer_definition":"trailer_def.excavator.overweight.excavator","units_count":94,"fill_ratio":1,"trailer_place":0}],"tradeaux.kassel":[{"target":"kaarfor.ostrava","urgency":0,"shortest_distance_km":834,"ferry_time":0,"ferry_price":0,"cargo":"cargo.clothes_c","company_truck":"mercedes_actros_2014_6x4_b","trailer_variant":"trailer.scs_gosck40","trailer_definition":"trailer_def.scs.gooseneck.singl_3e_40.container","units_count":30,"fill_ratio":1,"trailer_place":0}],"tree_et.olsztyn":[{"target":"stokes.warszawa","urgency":1,"shortest_distance_km":181,"ferry_time":0,"ferry_price":0,"cargo":"cargo.empty_palet","company_truck":"mercedes_4x2_a","trailer_variant":"trailer.scs_dry_m","trailer_definition":"trailer_def.scs.box.single_3.dryvan_m","units_count":32,"fill_ratio":1,"trailer_place":0},{"target":"euroacres.bialystok","urgency":0,"shortest_distance_km":265,"ferry_time":0,"ferry_price":0,"cargo":"cargo.digger500","company_truck":"renault_premium_4x2_c","trailer_variant":"trailer.overweight.digger500","trailer_definition":"trailer_def.digger500.overweight.digger500","units_count":100,"fill_ratio":1,"trailer_place":0}],"lkwlog.brno":[{"target":"itcc.kosice","urgency":2,"shortest_distance_km":503,"ferry_time":0,"ferry_price":0,"cargo":"cargo.sand","company_truck":"man_tgx_euro6_6x4_xlx","trailer_variant":"trailer.s_ki_solid.sand","trailer_definition":"trailer_def.sand.s_ki_solid.sand","units_count":100,"fill_ratio":1,"trailer_place":0},{"target":"eurogoodies.bystrica","urgency":0,"shortest_distance_km":325,"ferry_time":0,"ferry_price":0,"cargo":"cargo.carrots_c","company_truck":"iveco_4x2_b","trailer_variant":"trailer.scs_gosck20","trailer_definition":"trailer_def.scs.gooseneck.singl_3e_20.container","units_count":15,"fill_ratio":1,"trailer_place":0}],"itcc.kosice":[{"target":"nbfc.budapest","urgency":2,"shortest_distance_km":225,"ferry_time":0,"ferry_price":0,"cargo":"cargo.overweight","company_truck":"man_6x4_b","trailer_variant":"trailer.scs_flat_c_r","trailer_definition":"trailer_def.scs.flatbed.single_3.container","units_count":1,"fill_ratio":1,"trailer_place":0}],"tree_et.katowice":[{"target":"nbfc.ostrava","urgency":1,"shortest_distance_km":109,"ferry_time":0,"ferry_price":0,"cargo":"cargo.forklifts","company_truck":"scania_streamline_4x2_c","trailer_variant":"trailer.overweight.forklifts","trailer_definition":"trailer_def.forklifts.overweight.forklifts","units_count":100,"fill_ratio":1,"trailer_place":0},{"target":"tradeaux.olsztyn","urgency":2,"shortest_distance_km":434,"ferry_time":0,"ferry_price":0,"cargo":"cargo.wshavings","company_truck":"scania_streamline_4x2_b","trailer_variant":"trailer.s_ki_solid.cover","trailer_definition":"trailer_def.wshavings.s_ki_solid.cover","units_count":100,"fill_ratio":1,"trailer_place":0}],"euroacres.wroclaw":[{"target":"kaarfor.lublin","urgency":0,"shortest_distance_km":411,"ferry_time":0,"ferry_price":0,"cargo":"cargo.beef_meat","company_truck":"man_6x4_b","trailer_variant":"trailer.scs_ref_s","trailer_definition":"trailer_def.scs.box.single_3.reefer","units_count":33,"fill_ratio":1,"trailer_place":0}],"sanbuilders.gdansk":[{"target":"posped.bystrica","urgency":1,"shortest_distance_km":724,"ferry_time":0,"ferry_price":0,"cargo":"cargo.emptytank","company_truck":"scania_streamline_6x4_a","trailer_variant":"trailer.scs_flat_c_g","trailer_definition":"trailer_def.scs.flatbed.single_3.container","units_count":2,"fill_ratio":1,"trailer_place":0}],"itcc.szczecin":[{"target":"lkwlog.gdansk","urgency":2,"shortest_distance_km":346,"ferry_time":0,"ferry_price":0,"cargo":"cargo.outdr_flr_tl","company_truck":"scania_s_6x2_450","trailer_variant":"trailer.scs_dry","trailer_definition":"trailer_def.scs.box.single_3.dryvan","units_count":33,"fill_ratio":1,"trailer_place":0}],"trameri.brno":[{"target":"tradeaux.krakow","urgency":1,"shortest_distance_km":309,"ferry_time":0,"ferry_price":0,"cargo":"cargo.chimney_syst","company_truck":"man_tgx_euro6_6x4_xlx","trailer_variant":"trailer.scs_dry_m","trailer_definition":"trailer_def.scs.box.single_3.dryvan_m","units_count":33,"fill_ratio":1,"trailer_place":0}],"itcc.liege":[{"target":"stokes.bystrica","urgency":2,"shortest_distance_km":1250,"ferry_time":0,"ferry_price":0,"cargo":"cargo.iron_pipes","company_truck":"man_6x4_b","trailer_variant":"trailer.scs_log","trailer_definition":"trailer_def.scs.log.single_3.steel","units_count":2,"fill_ratio":1,"trailer_place":0}],"euroacres.szeged":[{"target":"kaarfor.budapest","urgency":1,"shortest_distance_km":125,"ferry_time":0,"ferry_price":0,"cargo":"cargo.drymilk","company_truck":"daf_6x2_a","trailer_variant":"trailer.scs_curt_s","trailer_definition":"trailer_def.scs.box.single_3.curtain","units_count":33,"fill_ratio":1,"trailer_place":0}],"itcc.linz":[{"target":"transinet.ostrava","urgency":1,"shortest_distance_km":445,"ferry_time":0,"ferry_price":0,"cargo":"cargo.largetubes","company_truck":"iveco_h_4x2_a","trailer_variant":"trailer.scs_log","trailer_definition":"trailer_def.scs.log.single_3.steel","units_count":2,"fill_ratio":1,"trailer_place":0}],"kaarfor.poznan":[{"target":"transinet.ostrava","urgency":0,"shortest_distance_km":342,"ferry_time":0,"ferry_price":0,"cargo":"cargo.used_plast","company_truck":"scania_4x2_b","trailer_variant":"trailer.scs_curt","trailer_definition":"trailer_def.scs.box.single_3.curtain","units_count":33,"fill_ratio":1,"trailer_place":0}],"nbfc.budapest":[{"target":"itcc.bialystok","urgency":2,"shortest_distance_km":813,"ferry_time":0,"ferry_price":0,"cargo":"cargo.kerosene","company_truck":"man_6x4_b","trailer_variant":"trailer.willig.fuel_cistern","trailer_definition":"trailer_def.kerosene.willig.fuel_cistern","units_count":100,"fill_ratio":1,"trailer_place":0}],"sellplan.lodz":[{"target":"tradeaux.krakow","urgency":2,"shortest_distance_km":224,"ferry_time":0,"ferry_price":0,"cargo":"cargo.used_plast_c","company_truck":"iveco_4x2_c","trailer_variant":"trailer.scs_gosck40","trailer_definition":"trailer_def.scs.gooseneck.singl_3e_40.container","units_count":30,"fill_ratio":1,"trailer_place":0},{"target":"stokes.warszawa","urgency":1,"shortest_distance_km":91,"ferry_time":0,"ferry_price":0,"cargo":"cargo.empty_palet","company_truck":"daf_4x2_a","trailer_variant":"trailer.scs_curt_a","trailer_definition":"trailer_def.scs.box.single_3.curtain","units_count":33,"fill_ratio":1,"trailer_place":0}],"lkwlog.lodz":[{"target":"posped.katowice","urgency":1,"shortest_distance_km":153,"ferry_time":0,"ferry_price":0,"cargo":"cargo.fireworks","company_truck":"iveco_4x2_b","trailer_variant":"trailer.scs_curt","trailer_definition":"trailer_def.scs.box.single_3.curtain","units_count":33,"fill_ratio":1,"trailer_place":0}],"trameri.dresden":[{"target":"quarry.katowice","urgency":2,"shortest_distance_km":452,"ferry_time":0,"ferry_price":0,"cargo":"cargo.hipresstank","company_truck":"iveco_4x2_c","trailer_variant":"trailer.scs_flat_r","trailer_definition":"trailer_def.scs.flatbed.single_3.flatbed_w","units_count":2,"fill_ratio":1,"trailer_place":0}],"euroacres.pecs":[{"target":"tradeaux.pecs","urgency":2,"shortest_distance_km":14,"ferry_time":0,"ferry_price":0,"cargo":"cargo.watermelons","company_truck":"renault_premium_6x2_a","trailer_variant":"trailer.scs_ins_s","trailer_definition":"trailer_def.scs.box.single_3.insulated","units_count":33,"fill_ratio":1,"trailer_place":0},{"target":"sellplan.lodz","urgency":1,"shortest_distance_km":840,"ferry_time":0,"ferry_price":0,"cargo":"cargo.milk_t","company_truck":"man_tgx_euro6_4x2_xl","trailer_variant":"trailer.scs_fodt","trailer_definition":"trailer_def.scs.foodtank.single_3.paint","units_count":23,"fill_ratio":1,"trailer_place":0}],"stokes.katowice":[{"target":"posped.warszawa","urgency":0,"shortest_distance_km":249,"ferry_time":0,"ferry_price":0,"cargo":"cargo.scrap_metals","company_truck":"man_6x4_b","trailer_variant":"trailer.s_ki_solid.cover","trailer_definition":"trailer_def.scrap_metals.s_ki_solid.cover","units_count":100,"fill_ratio":1,"trailer_place":0}],"sellplan.prague":[{"target":"posped.warszawa","urgency":0,"shortest_distance_km":536,"ferry_time":0,"ferry_price":0,"cargo":"cargo.used_plast","company_truck":"scania_s_4x2_580","trailer_variant":"trailer.scs_curt","trailer_definition":"trailer_def.scs.box.single_3.curtain","units_count":33,"fill_ratio":1,"trailer_place":0}],"transinet.bialystok":[{"target":"lkwlog.lublin","urgency":0,"shortest_distance_km":228,"ferry_time":0,"ferry_price":0,"cargo":"cargo.ore","company_truck":"renault_t_4x2","trailer_variant":"trailer.s_ki_solid.ore","trailer_definition":"trailer_def.ore.s_ki_solid.ore","units_count":100,"fill_ratio":1,"trailer_place":0}],"lkwlog.lublin":[{"target":"euroacres.bialystok","urgency":2,"shortest_distance_km":240,"ferry_time":0,"ferry_price":0,"cargo":"cargo.sawpanels","company_truck":"daf_xf_euro6_4x2_c","trailer_variant":"trailer.scs_dry_m","trailer_definition":"trailer_def.scs.box.single_3.dryvan_m","units_count":33,"fill_ratio":1,"trailer_place":0}],"trameri.krakow":[{"target":"tree_et.katowice","urgency":1,"shortest_distance_km":71,"ferry_time":0,"ferry_price":0,"cargo":"cargo.fueltanker","company_truck":"scania_s_6x2_450","trailer_variant":"trailer.scs_gosck20","trailer_definition":"trailer_def.scs.gooseneck.singl_3e_20.container","units_count":40,"fill_ratio":1,"trailer_place":0}],"trameri.wroclaw":[{"target":"transinet.ostrava","urgency":2,"shortest_distance_km":204,"ferry_time":0,"ferry_price":0,"cargo":"cargo.hipresstank","company_truck":"scania_s_4x2_580","trailer_variant":"trailer.scs_flat_c_r","trailer_definition":"trailer_def.scs.flatbed.single_3.container","units_count":2,"fill_ratio":1,"trailer_place":0}],"sellplan.kosice":[{"target":"transinet.bialystok","urgency":2,"shortest_distance_km":539,"ferry_time":0,"ferry_price":0,"cargo":"cargo.used_plast_c","company_truck":"mercedes_actros_2014_4x2_b","trailer_variant":"trailer.scs_gosck220","trailer_definition":"trailer_def.scs.gooseneck.singl_3e_220.container","units_count":30,"fill_ratio":1,"trailer_place":0},{"target":"stokes.bystrica","urgency":1,"shortest_distance_km":248,"ferry_time":0,"ferry_price":0,"cargo":"cargo.used_packag","company_truck":"daf_4x2_a","trailer_variant":"trailer.scs_curt_s","trailer_definition":"trailer_def.scs.box.single_3.curtain","units_count":33,"fill_ratio":1,"trailer_place":0}],"transinet.dresden":[{"target":"tradeaux.krakow","urgency":2,"shortest_distance_km":484,"ferry_time":0,"ferry_price":0,"cargo":"cargo.glass_packed","company_truck":"renault_t_4x2","trailer_variant":"trailer.gls_trailer","trailer_definition":"trailer_def.glass_packed.gls_trailer","units_count":100,"fill_ratio":1,"trailer_place":0}],"sellplan.geneve":[{"target":"posped.szeged","urgency":2,"shortest_distance_km":1325,"ferry_time":0,"ferry_price":0,"cargo":"cargo.used_plast_c","company_truck":"man_tgx_euro6_4x2_xxl","trailer_variant":"trailer.scs_flat_c_r","trailer_definition":"trailer_def.scs.flatbed.single_3.container","units_count":33,"fill_ratio":1,"trailer_place":0}],"posped.katowice":[{"target":"lkwlog.lodz","urgency":1,"shortest_distance_km":154,"ferry_time":0,"ferry_price":0,"cargo":"cargo.vinegar_c","company_truck":"scania_s_4x2_370","trailer_variant":"trailer.scs_flat_c_r","trailer_definition":"trailer_def.scs.flatbed.single_3.container","units_count":33,"fill_ratio":1,"trailer_place":0}],"trameri.warszawa":[{"target":"transinet.bialystok","urgency":1,"shortest_distance_km":165,"ferry_time":0,"ferry_price":0,"cargo":"cargo.chimney_syst","company_truck":"scania_s_6x4_730","trailer_variant":"trailer.scs_dry_ms","trailer_definition":"trailer_def.scs.box.single_3.dryvan_m","units_count":33,"fill_ratio":1,"trailer_place":0}],"lkwlog.gdansk":[{"target":"kaarfor.budapest","urgency":1,"shortest_distance_km":904,"ferry_time":0,"ferry_price":0,"cargo":"cargo.apples_c","company_truck":"renault_premium_4x2_c","trailer_variant":"trailer.scs_gosck20","trailer_definition":"trailer_def.scs.gooseneck.singl_3e_20.container","units_count":15,"fill_ratio":1,"trailer_place":0}],"quarry.katowice":[{"target":"lkwlog.lublin","urgency":1,"shortest_distance_km":347,"ferry_time":0,"ferry_price":0,"cargo":"cargo.coal","company_truck":"man_6x4_b","trailer_variant":"trailer.s_ki_solid.coal","trailer_definition":"trailer_def.coal.s_ki_solid.coal","units_count":100,"fill_ratio":1,"trailer_place":0},{"target":"transinet.ostrava","urgency":0,"shortest_distance_km":138,"ferry_time":0,"ferry_price":0,"cargo":"cargo.ore","company_truck":"scania_s_6x4_730","trailer_variant":"trailer.s_ki_solid.ore","trailer_definition":"trailer_def.ore.s_ki_solid.ore","units_count":100,"fill_ratio":1,"trailer_place":0}],"stokes.warszawa":[{"target":"lkwlog.gdansk","urgency":2,"shortest_distance_km":306,"ferry_time":0,"ferry_price":0,"cargo":"cargo.logs","company_truck":"renault_t_6x2","trailer_variant":"trailer.scs_log","trailer_definition":"trailer_def.scs.log.single_3.steel","units_count":2,"fill_ratio":1,"trailer_place":0}],"tradeaux.pecs":[{"target":"lkwlog.szeged","urgency":1,"shortest_distance_km":183,"ferry_time":0,"ferry_price":0,"cargo":"cargo.gravel","company_truck":"scania_r_4x2_520","trailer_variant":"trailer.s_ki_solid.gravel","trailer_definition":"trailer_def.gravel.s_ki_solid.gravel","units_count":100,"fill_ratio":1,"trailer_place":0}],"posped.lublin":[{"target":"lkwlog.lublin","urgency":1,"shortest_distance_km":1,"ferry_time":0,"ferry_price":0,"cargo":"cargo.carb_water","company_truck":"scania_streamline_4x2_c","trailer_variant":"trailer.scs_curt_s","trailer_definition":"trailer_def.scs.box.single_3.curtain","units_count":31,"fill_ratio":1,"trailer_place":0},{"target":"eurogoodies.olsztyn","urgency":0,"shortest_distance_km":317,"ferry_time":0,"ferry_price":0,"cargo":"cargo.tomatoes","company_truck":"daf_xf_euro6_6x2_a","trailer_variant":"trailer.scs_ins","trailer_definition":"trailer_def.scs.box.single_3.insulated","units_count":33,"fill_ratio":1,"trailer_place":0}],"tree_et.poznan":[{"target":"sanbuilders.warszawa","urgency":1,"shortest_distance_km":259,"ferry_time":0,"ferry_price":0,"cargo":"cargo.excavator","company_truck":"daf_xf_euro6_4x2_b","trailer_variant":"trailer.overweight.excavator","trailer_definition":"trailer_def.excavator.overweight.excavator","units_count":94,"fill_ratio":1,"trailer_place":0}],"quarry.strasbourg":[{"target":"tree_et.bystrica","urgency":2,"shortest_distance_km":1156,"ferry_time":0,"ferry_price":0,"cargo":"cargo.hipresstank","company_truck":"renault_t_6x2","trailer_variant":"trailer.scs_flat_r","trailer_definition":"trailer_def.scs.flatbed.single_3.flatbed_w","units_count":2,"fill_ratio":1,"trailer_place":0}],"tradeaux.krakow":[{"target":"stokes.bystrica","urgency":0,"shortest_distance_km":205,"ferry_time":0,"ferry_price":0,"cargo":"cargo.vinegar","company_truck":"daf_xf_euro6_4x2_b","trailer_variant":"trailer.scs_dry_s","trailer_definition":"trailer_def.scs.box.single_3.dryvan","units_count":33,"fill_ratio":1,"trailer_place":0}],"eurogoodies.liege":[{"target":"stokes.warszawa","urgency":0,"shortest_distance_km":1117,"ferry_time":0,"ferry_price":0,"cargo":"cargo.tomatoes","company_truck":"scania_streamline_6x2_b","trailer_variant":"trailer.scs_ref_a","trailer_definition":"trailer_def.scs.box.single_3.reefer","units_count":33,"fill_ratio":1,"trailer_place":0}],"posped.lodz":[{"target":"trameri.krakow","urgency":2,"shortest_distance_km":226,"ferry_time":0,"ferry_price":0,"cargo":"cargo.electronics","company_truck":"man_6x4_b","trailer_variant":"trailer.scs_dry_m","trailer_definition":"trailer_def.scs.box.single_3.dryvan_m","units_count":33,"fill_ratio":1,"trailer_place":0}],"stokes.wien":[{"target":"posped.bystrica","urgency":2,"shortest_distance_km":251,"ferry_time":0,"ferry_price":0,"cargo":"cargo.toys","company_truck":"scania_6x4_a","trailer_variant":"trailer.scs_dry","trailer_definition":"trailer_def.scs.box.single_3.dryvan","units_count":33,"fill_ratio":1,"trailer_place":0}],"sellplan.olsztyn":[{"target":"transinet.bialystok","urgency":1,"shortest_distance_km":246,"ferry_time":0,"ferry_price":0,"cargo":"cargo.used_packag","company_truck":"daf_6x2_a","trailer_variant":"trailer.scs_curt_a","trailer_definition":"trailer_def.scs.box.single_3.curtain","units_count":33,"fill_ratio":1,"trailer_place":0}],"eurogoodies.bremen":[{"target":"kaarfor.budapest","urgency":2,"shortest_distance_km":1243,"ferry_time":0,"ferry_price":0,"cargo":"cargo.apples","company_truck":"daf_4x2_b","trailer_variant":"trailer.scs_dry_s","trailer_definition":"trailer_def.scs.box.single_3.dryvan","units_count":33,"fill_ratio":1,"trailer_place":0}],"euroacres.debrecen":[{"target":"sellplan.kosice","urgency":2,"shortest_distance_km":170,"ferry_time":0,"ferry_price":0,"cargo":"cargo.potatoes","company_truck":"renault_premium_6x4_a","trailer_variant":"trailer.scs_dry_a","trailer_definition":"trailer_def.scs.box.single_3.dryvan","units_count":33,"fill_ratio":1,"trailer_place":0}],"sanbuilders.debrecen":[{"target":"tree_et.bystrica","urgency":0,"shortest_distance_km":385,"ferry_time":0,"ferry_price":0,"cargo":"cargo.digger500","company_truck":"iveco_4x2_c","trailer_variant":"trailer.overweight.digger500","trailer_definition":"trailer_def.digger500.overweight.digger500","units_count":100,"fill_ratio":1,"trailer_place":0}],"lkwlog.szeged":[{"target":"euroacres.pecs","urgency":1,"shortest_distance_km":188,"ferry_time":0,"ferry_price":0,"cargo":"cargo.forklifts","company_truck":"man_4x2_c","trailer_variant":"trailer.overweight.forklifts","trailer_definition":"trailer_def.forklifts.overweight.forklifts","units_count":100,"fill_ratio":1,"trailer_place":0}],"posped.szeged":[{"target":"stokes.bystrica","urgency":2,"shortest_distance_km":326,"ferry_time":0,"ferry_price":0,"cargo":"cargo.nuts","company_truck":"daf_4x2_b","trailer_variant":"trailer.scs_dry_a","trailer_definition":"trailer_def.scs.box.single_3.dryvan","units_count":33,"fill_ratio":1,"trailer_place":0}],"trameri.szeged":[{"target":"sanbuilders.debrecen","urgency":1,"shortest_distance_km":191,"ferry_time":0,"ferry_price":0,"cargo":"cargo.roofing_felt","company_truck":"mercedes_6x2_b","trailer_variant":"trailer.scs_curt_a","trailer_definition":"trailer_def.scs.box.single_3.curtain","units_count":33,"fill_ratio":1,"trailer_place":0}]}