{"tesore_gust.milano":[{"target":"eurogoodies.venezia","urgency":0,"shortest_distance_km":318,"ferry_time":0,"ferry_price":0,"cargo":"cargo.gummy_bears","company_truck":"man_tgx_euro6_4x2_xxl","trailer_variant":"trailer.scs_dry","trailer_definition":"trailer_def.scs.box.single_3.dryvan","units_count":33,"fill_ratio":1,"trailer_place":0}],"fle.paris":[{"target":"transinet.southampton","urgency":0,"shortest_distance_km":392,"ferry_time":35,"ferry_price":300,"cargo":"cargo.cut_flowers","company_truck":"renault_premium_4x2_a","trailer_variant":"trailer.scs_ref_a","trailer_definition":"trailer_def.scs.box.single_3.reefer","units_count":33,"fill_ratio":1,"trailer_place":0},{"target":"lisette_log.lemans","urgency":1,"shortest_distance_km":340,"ferry_time":0,"ferry_price":0,"cargo":"cargo.med_equip","company_truck":"scania_6x2_b","trailer_variant":"trailer.scs_dry_s","trailer_definition":"trailer_def.scs.box.single_3.dryvan","units_count":33,"fill_ratio":1,"trailer_place":0}],"kaarfor.strasbourg":[{"target":"tradeaux.nice","urgency":1,"shortest_distance_km":800,"ferry_time":0,"ferry_price":0,"cargo":"cargo.used_packag","company_truck":"renault_premium_6x4_a","trailer_variant":"trailer.scs_curt","trailer_definition":"trailer_def.scs.box.single_3.curtain","units_count":33,"fill_ratio":1,"trailer_place":0},{"target":"cont_port_fr.marseille","urgency":2,"shortest_distance_km":741,"ferry_time":0,"ferry_price":0,"cargo":"cargo.used_plast_c","company_truck":"mercedes_actros_2014_4x2_a","trailer_variant":"trailer.scs_flat_c_r","trailer_definition":"trailer_def.scs.flatbed.single_3.container","units_count":33,"fill_ratio":1,"trailer_place":0}],"marina_fr.bonifacio":[{"target":"wilnet_trans.porto_vecchi","urgency":1,"shortest_distance_km":20,"ferry_time":0,"ferry_price":0,"cargo":"cargo.princess","company_truck":"scania_streamline_6x2_b","trailer_variant":"trailer.overweight.boat","trailer_definition":"trailer_def.princess.overweight.boat","units_count":100,"fill_ratio":1,"trailer_place":0}],"tree_et.birmingham":[{"target":"wilnet_trans.lemans","urgency":2,"shortest_distance_km":799,"ferry_time":35,"ferry_price":300,"cargo":"cargo.wshavings","company_truck":"mercedes_4x2","trailer_variant":"trailer.s_ki_solid.cover","trailer_definition":"trailer_def.wshavings.s_ki_solid.cover","units_count":100,"fill_ratio":1,"trailer_place":0}],"bhb_raffin.lehavre":[{"target":"wilnet_trans.lemans","urgency":0,"shortest_distance_km":294,"ferry_time":0,"ferry_price":0,"cargo":"cargo.boric_acid","company_truck":"scania_4x2_c","trailer_variant":"trailer.scs_curt_a","trailer_definition":"trailer_def.scs.box.single_3.curtain","units_count":33,"fill_ratio":1,"trailer_place":0}],"kaarfor.bastia":[{"target":"renar.calvi","urgency":0,"shortest_distance_km":120,"ferry_time":0,"ferry_price":0,"cargo":"cargo.used_plast","company_truck":"man_tgx_euro6_4x2_xl","trailer_variant":"trailer.scs_dry_ms","trailer_definition":"trailer_def.scs.box.single_3.dryvan_m","units_count":33,"fill_ratio":1,"trailer_place":0}],"tradeaux.klagenfurt":[{"target":"posped.linz","urgency":0,"shortest_distance_km":306,"ferry_time":0,"ferry_price":0,"cargo":"cargo.concen_juice","company_truck":"renault_premium_6x2_a","trailer_variant":"trailer.scs_curt_a","trailer_definition":"trailer_def.scs.box.single_3.curtain","units_count":33,"fill_ratio":1,"trailer_place":0}],"batisse_wind.larochelle":[{"target":"tradeaux.toulouse","urgency":1,"shortest_distance_km":472,"ferry_time":0,"ferry_price":0,"cargo":"cargo.forklifts","company_truck":"iveco_h_4x2_a","trailer_variant":"trailer.overweight.forklifts","trailer_definition":"trailer_def.forklifts.overweight.forklifts","units_count":100,"fill_ratio":1,"trailer_place":0}],"mvm_carriere.bordeaux":[{"target":"wilnet_trans.nantes","urgency":1,"shortest_distance_km":490,"ferry_time":0,"ferry_price":0,"cargo":"cargo.stone_dust","company_truck":"mercedes_4x2","trailer_variant":"trailer.s_ki_solid.cover","trailer_definition":"trailer_def.stone_dust.s_ki_solid.cover","units_count":100,"fill_ratio":1,"trailer_place":0}],"mvm_carriere.lemans":[{"target":"wilnet_trans.nantes","urgency":2,"shortest_distance_km":172,"ferry_time":0,"ferry_price":0,"cargo":"cargo.digger1000","company_truck":"scania_s_4x2_580","trailer_variant":"trailer.overweight.digger1000","trailer_definition":"trailer_def.digger1000.overweight.digger1000","units_count":100,"fill_ratio":1,"trailer_place":0}],"kaarfor.ajaccio":[{"target":"gnt.bastia","urgency":2,"shortest_distance_km":131,"ferry_time":0,"ferry_price":0,"cargo":"cargo.used_plast_c","company_truck":"mercedes_6x2_b","trailer_variant":"trailer.scs_gosck220","trailer_definition":"trailer_def.scs.gooseneck.singl_3e_220.container","units_count":30,"fill_ratio":1,"trailer_place":0}],"kaarfor.nice":[{"target":"renar.calvi","urgency":2,"shortest_distance_km":481,"ferry_time":840,"ferry_price":1193,"cargo":"cargo.used_plast_c","company_truck":"mercedes_actros_2014_6x2_a","trailer_variant":"trailer.scs_gosck20","trailer_definition":"trailer_def.scs.gooseneck.singl_3e_20.container","units_count":15,"fill_ratio":1,"trailer_place":0},{"target":"wilnet_trans.lemans","urgency":0,"shortest_distance_km":1020,"ferry_time":0,"ferry_price":0,"cargo":"cargo.used_plast","company_truck":"scania_4x2_c","trailer_variant":"trailer.scs_dry_m","trailer_definition":"trailer_def.scs.box.single_3.dryvan_m","units_count":33,"fill_ratio":1,"trailer_place":0}],"fle.toulouse":[{"target":"lisette_log.bordeaux","urgency":1,"shortest_distance_km":202,"ferry_time":0,"ferry_price":0,"cargo":"cargo.med_equip","company_truck":"daf_6x2_a","trailer_variant":"trailer.scs_ins_a","trailer_definition":"trailer_def.scs.box.single_3.insulated","units_count":33,"fill_ratio":1,"trailer_place":0},{"target":"wilnet_trans.lemans","urgency":0,"shortest_distance_km":730,"ferry_time":0,"ferry_price":0,"cargo":"cargo.cut_flowers","company_truck":"man_4x2_a","trailer_variant":"trailer.scs_ref","trailer_definition":"trailer_def.scs.box.single_3.reefer","units_count":33,"fill_ratio":1,"trailer_place":0}],"wilnet_trans.toulouse":[{"target":"nucleon.laurent","urgency":1,"shortest_distance_km":476,"ferry_time":0,"ferry_price":0,"cargo":"cargo.bottle_water","company_truck":"man_tgx_euro6_6x4_xlx","trailer_variant":"trailer.scs_curt","trailer_definition":"trailer_def.scs.box.single_3.curtain","units_count":33,"fill_ratio":1,"trailer_place":0},{"target":"lisette_log.bordeaux","urgency":1,"shortest_distance_km":205,"ferry_time":0,"ferry_price":0,"cargo":"cargo.empty_palet","company_truck":"scania_s_6x2_450","trailer_variant":"trailer.scs_curt_a","trailer_definition":"trailer_def.scs.box.single_3.curtain","units_count":33,"fill_ratio":1,"trailer_place":0}],"gomme_monde.bourges":[{"target":"subse.clermont","urgency":1,"shortest_distance_km":209,"ferry_time":0,"ferry_price":0,"cargo":"cargo.empty_palet","company_truck":"renault_premium_6x4_a","trailer_variant":"trailer.scs_dry_a","trailer_definition":"trailer_def.scs.box.single_3.dryvan","units_count":33,"fill_ratio":1,"trailer_place":0},{"target":"tradeaux.clermont","urgency":1,"shortest_distance_km":178,"ferry_time":0,"ferry_price":0,"cargo":"cargo.used_packag","company_truck":"renault_t_4x2","trailer_variant":"trailer.scs_dry_a","trailer_definition":"trailer_def.scs.box.single_3.dryvan","units_count":33,"fill_ratio":1,"trailer_place":0}],"gallia_ferry.roscoff":[{"target":"tradeaux.brest","urgency":1,"shortest_distance_km":81,"ferry_time":0,"ferry_price":0,"cargo":"cargo.silica","company_truck":"scania_6x2_b","trailer_variant":"trailer.scs_dry_m","trailer_definition":"trailer_def.scs.box.single_3.dryvan_m","units_count":33,"fill_ratio":1,"trailer_place":0}],"tradeaux.paris":[{"target":"lkwlog.duisburg","urgency":1,"shortest_distance_km":597,"ferry_time":0,"ferry_price":0,"cargo":"cargo.comp_process","company_truck":"mercedes_actros_2014_4x2_a","trailer_variant":"trailer.scs_curt_a","trailer_definition":"trailer_def.scs.box.single_3.curtain","units_count":33,"fill_ratio":1,"trailer_place":0},{"target":"lisette_log.rennes","urgency":1,"shortest_distance_km":436,"ferry_time":0,"ferry_price":0,"cargo":"cargo.apples_c","company_truck":"daf_4x2_a","trailer_variant":"trailer.scs_gosck40","trailer_definition":"trailer_def.scs.gooseneck.singl_3e_40.container","units_count":30,"fill_ratio":1,"trailer_place":0}],"kaarfor.lyon":[{"target":"tradeaux.clermont","urgency":0,"shortest_distance_km":192,"ferry_time":0,"ferry_price":0,"cargo":"cargo.used_plast","company_truck":"man_6x4_b","trailer_variant":"trailer.scs_curt","trailer_definition":"trailer_def.scs.box.single_3.curtain","units_count":33,"fill_ratio":1,"trailer_place":0},{"target":"tradeaux.clermont","urgency":1,"shortest_distance_km":192,"ferry_time":0,"ferry_price":0,"cargo":"cargo.used_packag","company_truck":"mercedes_actros_2014_4x2_b","trailer_variant":"trailer.scs_dry_m","trailer_definition":"trailer_def.scs.box.single_3.dryvan_m","units_count":33,"fill_ratio":1,"trailer_place":0}],"eurogoodies.wien":[{"target":"globeur.rennes","urgency":1,"shortest_distance_km":1619,"ferry_time":0,"ferry_price":0,"cargo":"cargo.beverages_t","company_truck":"mercedes_actros_2014_4x2_c","trailer_variant":"trailer.scs_fodt","trailer_definition":"trailer_def.scs.foodtank.single_3.paint","units_count":27,"fill_ratio":1,"trailer_place":0}],"transinet.cambridge":[{"target":"tradeaux.hannover","urgency":1,"shortest_distance_km":963,"ferry_time":35,"ferry_price":300,"cargo":"cargo.comp_process","company_truck":"scania_4x2_a","trailer_variant":"trailer.scs_dry_m","trailer_definition":"trailer_def.scs.box.single_3.dryvan_m","units_count":33,"fill_ratio":1,"trailer_place":0}],"wilnet_trans.limoges":[{"target":"globeur.montpellier","urgency":0,"shortest_distance_km":397,"ferry_time":0,"ferry_price":0,"cargo":"cargo.ore","company_truck":"renault_t_6x2","trailer_variant":"trailer.s_ki_solid.ore","trailer_definition":"trailer_def.ore.s_ki_solid.ore","units_count":100,"fill_ratio":1,"trailer_place":0}],"dans_jardin.montpellier":[{"target":"globeur.bourges","urgency":2,"shortest_distance_km":456,"ferry_time":0,"ferry_price":0,"cargo":"cargo.olives","company_truck":"man_6x4_b","trailer_variant":"trailer.scs_dry_a","trailer_definition":"trailer_def.scs.box.single_3.dryvan","units_count":33,"fill_ratio":1,"trailer_place":0},{"target":"tradeaux.nice","urgency":1,"shortest_distance_km":419,"ferry_time":0,"ferry_price":0,"cargo":"cargo.basil","company_truck":"renault_premium_6x2_a","trailer_variant":"trailer.scs_dry_ms","trailer_definition":"trailer_def.scs.box.single_3.dryvan_m","units_count":33,"fill_ratio":1,"trailer_place":0}],"mvm_carriere.limoges":[{"target":"dans_jardin.bordeaux","urgency":0,"shortest_distance_km":288,"ferry_time":0,"ferry_price":0,"cargo":"cargo.excav_soil","company_truck":"scania_streamline_6x4_a","trailer_variant":"trailer.s_ki_solid.cover","trailer_definition":"trailer_def.excav_soil.s_ki_solid.cover","units_count":100,"fill_ratio":1,"trailer_place":0},{"target":"nucleon.laurent","urgency":1,"shortest_distance_km":297,"ferry_time":0,"ferry_price":0,"cargo":"cargo.excavator","company_truck":"mercedes_4x2_b","trailer_variant":"trailer.overweight.excavator","trailer_definition":"trailer_def.excavator.overweight.excavator","units_count":100,"fill_ratio":1,"trailer_place":0}],"stokes.plymouth":[{"target":"tradeaux.brest","urgency":1,"shortest_distance_km":87,"ferry_time":420,"ferry_price":910,"cargo":"cargo.nonalco_beer","company_truck":"daf_xf_euro6_6x2_a","trailer_variant":"trailer.scs_curt_a","trailer_definition":"trailer_def.scs.box.single_3.curtain","units_count":33,"fill_ratio":1,"trailer_place":0},{"target":"lisette_log.roscoff","urgency":1,"shortest_distance_km":5,"ferry_time":420,"ferry_price":910,"cargo":"cargo.empty_palet","company_truck":"renault_premium_4x2_c","trailer_variant":"trailer.scs_curt_s","trailer_definition":"trailer_def.scs.box.single_3.curtain","units_count":33,"fill_ratio":1,"trailer_place":0},{"target":"tradeaux.brest","urgency":2,"shortest_distance_km":87,"ferry_time":420,"ferry_price":910,"cargo":"cargo.digger1000","company_truck":"scania_r_4x2_520","trailer_variant":"trailer.overweight.digger1000","trailer_definition":"trailer_def.digger1000.overweight.digger1000","units_count":100,"fill_ratio":1,"trailer_place":0}],"sellplan.magdeburg":[{"target":"renar.calvi","urgency":2,"shortest_distance_km":1638,"ferry_time":840,"ferry_price":1193,"cargo":"cargo.used_plast_c","company_truck":"man_tgx_euro6_4x2_xxl","trailer_variant":"trailer.scs_gosck220","trailer_definition":"trailer_def.scs.gooseneck.singl_3e_220.container","units_count":30,"fill_ratio":1,"trailer_place":0}],"nbfc.linz":[{"target":"chimi.larochelle","urgency":0,"shortest_distance_km":1634,"ferry_time":0,"ferry_price":0,"cargo":"cargo.lead","company_truck":"iveco_4x2_a","trailer_variant":"trailer.scs_flat_c_g","trailer_definition":"trailer_def.scs.flatbed.single_3.container","units_count":87,"fill_ratio":1,"trailer_place":0}],"marina_fr.calvi":[{"target":"wilnet_trans.marseille","urgency":1,"shortest_distance_km":220,"ferry_time":840,"ferry_price":1193,"cargo":"cargo.princess","company_truck":"daf_xf_euro6_4x2_c","trailer_variant":"trailer.overweight.boat","trailer_definition":"trailer_def.princess.overweight.boat","units_count":100,"fill_ratio":1,"trailer_place":0}],"lkwlog.duisburg":[{"target":"lisette_log.larochelle","urgency":1,"shortest_distance_km":1235,"ferry_time":0,"ferry_price":0,"cargo":"cargo.princess","company_truck":"man_6x4_b","trailer_variant":"trailer.overweight.boat","trailer_definition":"trailer_def.princess.overweight.boat","units_count":100,"fill_ratio":1,"trailer_place":0}],"tradeaux.lille":[{"target":"wilnet_trans.nantes","urgency":1,"shortest_distance_km":718,"ferry_time":0,"ferry_price":0,"cargo":"cargo.corks","company_truck":"daf_4x2_b","trailer_variant":"trailer.scs_dry_ms","trailer_definition":"trailer_def.scs.box.single_3.dryvan_m","units_count":33,"fill_ratio":1,"trailer_place":0}],"cargotras.milano":[{"target":"tesore_gust.milano","urgency":2,"shortest_distance_km":103,"ferry_time":0,"ferry_price":0,"cargo":"cargo.olives","company_truck":"mercedes_actros_2014_4x2_c","trailer_variant":"trailer.scs_dry_a","trailer_definition":"trailer_def.scs.box.single_3.dryvan","units_count":33,"fill_ratio":1,"trailer_place":0}],"quarry.lyon":[{"target":"tradeaux.clermont","urgency":2,"shortest_distance_km":253,"ferry_time":0,"ferry_price":0,"cargo":"cargo.diggers","company_truck":"daf_xf_euro6_4x2_c","trailer_variant":"trailer.overweight.digger","trailer_definition":"trailer_def.diggers.overweight.digger","units_count":100,"fill_ratio":1,"trailer_place":0}],"subse.clermont":[{"target":"wilnet_trans.toulouse","urgency":1,"shortest_distance_km":443,"ferry_time":0,"ferry_price":0,"cargo":"cargo.carb_water","company_truck":"daf_6x2_a","trailer_variant":"trailer.scs_dry_ms","trailer_definition":"trailer_def.scs.box.single_3.dryvan_m","units_count":33,"fill_ratio":1,"trailer_place":0}],"batisse_hs.montpellier":[{"target":"wilnet_trans.toulouse","urgency":2,"shortest_distance_km":283,"ferry_time":0,"ferry_price":0,"cargo":"cargo.diggers","company_truck":"scania_s_4x2_580","trailer_variant":"trailer.overweight.digger","trailer_definition":"trailer_def.diggers.overweight.digger","units_count":100,"fill_ratio":1,"trailer_place":0},{"target":"dans_jardin.bastia","urgency":1,"shortest_distance_km":329,"ferry_time":840,"ferry_price":1193,"cargo":"cargo.emptytank","company_truck":"man_tgx_euro6_4x2_xxl","trailer_variant":"trailer.scs_flat_r","trailer_definition":"trailer_def.scs.flatbed.single_3.flatbed_w","units_count":2,"fill_ratio":1,"trailer_place":0}],"batisse_road.lemans":[{"target":"nucleon.laurent","urgency":1,"shortest_distance_km":276,"ferry_time":0,"ferry_price":0,"cargo":"cargo.excavator","company_truck":"scania_r_4x2_370","trailer_variant":"trailer.overweight.excavator","trailer_definition":"trailer_def.excavator.overweight.excavator","units_count":100,"fill_ratio":1,"trailer_place":0}],"nucleon.golfech":[{"target":"mvm_carriere.limoges","urgency":1,"shortest_distance_km":413,"ferry_time":0,"ferry_price":0,"cargo":"cargo.excavator","company_truck":"daf_xf_euro6_6x2_a","trailer_variant":"trailer.overweight.excavator","trailer_definition":"trailer_def.excavator.overweight.excavator","units_count":100,"fill_ratio":1,"trailer_place":0},{"target":"tradeaux.toulouse","urgency":1,"shortest_distance_km":117,"ferry_time":0,"ferry_price":0,"cargo":"cargo.forklifts","company_truck":"man_tgx_euro6_6x4_xlx","trailer_variant":"trailer.overweight.forklifts","trailer_definition":"trailer_def.forklifts.overweight.forklifts","units_count":100,"fill_ratio":1,"trailer_place":0}],"nucleon.civaux":[{"target":"tradeaux.toulouse","urgency":1,"shortest_distance_km":410,"ferry_time":0,"ferry_price":0,"cargo":"cargo.excavator","company_truck":"scania_r_6x4_650","trailer_variant":"trailer.overweight.excavator","trailer_definition":"trailer_def.excavator.overweight.excavator","units_count":100,"fill_ratio":1,"trailer_place":0}],"quarry.cardiff":[{"target":"lisette_log.rennes","urgency":1,"shortest_distance_km":522,"ferry_time":420,"ferry_price":910,"cargo":"cargo.largetubes","company_truck":"scania_6x4_a","trailer_variant":"trailer.scs_flat_r","trailer_definition":"trailer_def.scs.flatbed.single_3.flatbed_w","units_count":2,"fill_ratio":1,"trailer_place":0}],"kaarfor.larochelle":[{"target":"wilnet_trans.lemans","urgency":0,"shortest_distance_km":442,"ferry_time":0,"ferry_price":0,"cargo":"cargo.used_plast","company_truck":"iveco_6x2_a","trailer_variant":"trailer.scs_dry","trailer_definition":"trailer_def.scs.box.single_3.dryvan","units_count":33,"fill_ratio":1,"trailer_place":0},{"target":"lisette_log.roscoff","urgency":1,"shortest_distance_km":468,"ferry_time":0,"ferry_price":0,"cargo":"cargo.empty_palet","company_truck":"scania_r_6x2_450","trailer_variant":"trailer.scs_dry_m","trailer_definition":"trailer_def.scs.box.single_3.dryvan_m","units_count":33,"fill_ratio":1,"trailer_place":0}],"kaarfor.bern":[{"target":"subse.clermont","urgency":1,"shortest_distance_km":522,"ferry_time":0,"ferry_price":0,"cargo":"cargo.empty_palet","company_truck":"scania_4x2_a","trailer_variant":"trailer.scs_dry_m","trailer_definition":"trailer_def.scs.box.single_3.dryvan_m","units_count":32,"fill_ratio":1,"trailer_place":0}],"fle.brest":[{"target":"globeur.bordeaux","urgency":0,"shortest_distance_km":693,"ferry_time":0,"ferry_price":0,"cargo":"cargo.cut_flowers","company_truck":"scania_s_6x4_730","trailer_variant":"trailer.scs_ref_a","trailer_definition":"trailer_def.scs.box.single_3.reefer","units_count":33,"fill_ratio":1,"trailer_place":0}],"dans_jardin.bordeaux":[{"target":"globeur.bordeaux","urgency":1,"shortest_distance_km":17,"ferry_time":0,"ferry_price":0,"cargo":"cargo.lavender","company_truck":"mercedes_4x2_b","trailer_variant":"trailer.scs_dry_a","trailer_definition":"trailer_def.scs.box.single_3.dryvan","units_count":33,"fill_ratio":1,"trailer_place":0},{"target":"globeur.rennes","urgency":0,"shortest_distance_km":564,"ferry_time":0,"ferry_price":0,"cargo":"cargo.tomatoes","company_truck":"scania_4x2_b","trailer_variant":"trailer.scs_ref_a","trailer_definition":"trailer_def.scs.box.single_3.reefer","units_count":33,"fill_ratio":1,"trailer_place":0},{"target":"tradeaux.toulouse","urgency":0,"shortest_distance_km":323,"ferry_time":0,"ferry_price":0,"cargo":"cargo.peas","company_truck":"scania_4x2_b","trailer_variant":"trailer.scs_dry_s","trailer_definition":"trailer_def.scs.box.single_3.dryvan","units_count":33,"fill_ratio":1,"trailer_place":0}],"tradeaux.toulouse":[{"target":"wilnet_trans.limoges","urgency":0,"shortest_distance_km":264,"ferry_time":0,"ferry_price":0,"cargo":"cargo.used_plast","company_truck":"renault_premium_4x2_c","trailer_variant":"trailer.scs_curt_s","trailer_definition":"trailer_def.scs.box.single_3.curtain","units_count":33,"fill_ratio":1,"trailer_place":0},{"target":"wilnet_trans.toulouse","urgency":2,"shortest_distance_km":1,"ferry_time":0,"ferry_price":0,"cargo":"cargo.chem_sorb_c","company_truck":"scania_s_4x2_580","trailer_variant":"trailer.scs_gosck20","trailer_definition":"trailer_def.scs.gooseneck.singl_3e_20.container","units_count":15,"fill_ratio":1,"trailer_place":0}],"voitureux.lehavre":[{"target":"bhv.nantes","urgency":0,"shortest_distance_km":474,"ferry_time":0,"ferry_price":0,"cargo":"cargo.cars_fr","company_truck":"iveco_h_4x2_a","trailer_variant":"trailer.car_fr","trailer_definition":"trailer_def.cars_fr.car_fr","units_count":100,"fill_ratio":1,"trailer_place":0}],"lisette_log.rennes":[{"target":"wilnet_trans.lemans","urgency":0,"shortest_distance_km":159,"ferry_time":0,"ferry_price":0,"cargo":"cargo.gummy_bears","company_truck":"mercedes_4x2_c","trailer_variant":"trailer.scs_dry_ms","trailer_definition":"trailer_def.scs.box.single_3.dryvan_m","units_count":33,"fill_ratio":1,"trailer_place":0},{"target":"wilnet_trans.lemans","urgency":1,"shortest_distance_km":159,"ferry_time":0,"ferry_price":0,"cargo":"cargo.used_battery","company_truck":"man_6x4_b","trailer_variant":"trailer.scs_dry_a","trailer_definition":"trailer_def.scs.box.single_3.dryvan","units_count":33,"fill_ratio":1,"trailer_place":0}],"nos_pat_lhv.lehavre":[{"target":"nos_pat_brg.bourges","urgency":1,"shortest_distance_km":347,"ferry_time":0,"ferry_price":0,"cargo":"cargo.live_catt_fr","company_truck":"scania_s_6x2_450","trailer_variant":"trailer.livestock","trailer_definition":"trailer_def.live_catt_fr.livestock","units_count":100,"fill_ratio":1,"trailer_place":0}],"globeur.bordeaux":[{"target":"wilnet_trans.limoges","urgency":2,"shortest_distance_km":335,"ferry_time":0,"ferry_price":0,"cargo":"cargo.cheese","company_truck":"daf_xf_euro6_4x2_b","trailer_variant":"trailer.scs_ref_a","trailer_definition":"trailer_def.scs.box.single_3.reefer","units_count":33,"fill_ratio":1,"trailer_place":0},{"target":"cont_port_fr.lehavre","urgency":2,"shortest_distance_km":839,"ferry_time":0,"ferry_price":0,"cargo":"cargo.used_plast_c","company_truck":"renault_premium_4x2_c","trailer_variant":"trailer.scs_flat_c_g","trailer_definition":"trailer_def.scs.flatbed.single_3.container","units_count":33,"fill_ratio":1,"trailer_place":0},{"target":"wilnet_trans.toulouse","urgency":1,"shortest_distance_km":326,"ferry_time":0,"ferry_price":0,"cargo":"cargo.silica","company_truck":"renault_t_4x2h","trailer_variant":"trailer.scs_dry_ms","trailer_definition":"trailer_def.scs.box.single_3.dryvan_m","units_count":33,"fill_ratio":1,"trailer_place":0}],"marina_fr.ajaccio":[{"target":"gnt.bastia","urgency":1,"shortest_distance_km":135,"ferry_time":0,"ferry_price":0,"cargo":"cargo.princess","company_truck":"iveco_4x2_b","trailer_variant":"trailer.overweight.boat","trailer_definition":"trailer_def.princess.overweight.boat","units_count":100,"fill_ratio":1,"trailer_place":0}],"transinet.osnabruck":[{"target":"tradeaux.grimsby","urgency":0,"shortest_distance_km":442,"ferry_time":660,"ferry_price":995,"cargo":"cargo.coconut_milk","company_truck":"renault_premium_4x2_a","trailer_variant":"trailer.scs_curt_s","trailer_definition":"trailer_def.scs.box.single_3.curtain","units_count":31,"fill_ratio":1,"trailer_place":0}],"tree_et.liege":[{"target":"gnt.bastia","urgency":2,"shortest_distance_km":1043,"ferry_time":840,"ferry_price":1193,"cargo":"cargo.diggers","company_truck":"scania_6x2_b","trailer_variant":"trailer.overweight.digger","trailer_definition":"trailer_def.diggers.overweight.digger","units_count":100,"fill_ratio":1,"trailer_place":0},{"target":"wilnet_trans.toulouse","urgency":0,"shortest_distance_km":1197,"ferry_time":0,"ferry_price":0,"cargo":"cargo.digger500","company_truck":"man_4x2_a","trailer_variant":"trailer.overweight.digger500","trailer_definition":"trailer_def.digger500.overweight.digger500","units_count":100,"fill_ratio":1,"trailer_place":0}],"lkwlog.calais":[{"target":"voitureux.lehavre","urgency":1,"shortest_distance_km":305,"ferry_time":0,"ferry_price":0,"cargo":"cargo.oil_filters","company_truck":"mercedes_6x2_b","trailer_variant":"trailer.scs_curt_s","trailer_definition":"trailer_def.scs.box.single_3.curtain","units_count":33,"fill_ratio":1,"trailer_place":0}],"huilant.bordeaux":[{"target":"mvm_carriere.lemans","urgency":1,"shortest_distance_km":530,"ferry_time":0,"ferry_price":0,"cargo":"cargo.fueltanker","company_truck":"man_6x4_b","trailer_variant":"trailer.scs_flat_c_g","trailer_definition":"trailer_def.scs.flatbed.single_3.container","units_count":87,"fill_ratio":1,"trailer_place":0}],"fle.calvi":[{"target":"wilnet_trans.marseille","urgency":1,"shortest_distance_km":217,"ferry_time":840,"ferry_price":1193,"cargo":"cargo.med_equip","company_truck":"scania_s_6x2_450","trailer_variant":"trailer.scs_ins_a","trailer_definition":"trailer_def.scs.box.single_3.insulated","units_count":33,"fill_ratio":1,"trailer_place":0},{"target":"globeur.montpellier","urgency":0,"shortest_distance_km":450,"ferry_time":840,"ferry_price":1193,"cargo":"cargo.med_vaccine","company_truck":"mercedes_6x2_b","trailer_variant":"trailer.scs_ins_a","trailer_definition":"trailer_def.scs.box.single_3.insulated","units_count":33,"fill_ratio":1,"trailer_place":0}],"kaarfor.montpellier":[{"target":"globeur.bourges","urgency":1,"shortest_distance_km":496,"ferry_time":0,"ferry_price":0,"cargo":"cargo.used_packag","company_truck":"mercedes_actros_2014_4x2_c","trailer_variant":"trailer.scs_curt_a","trailer_definition":"trailer_def.scs.box.single_3.curtain","units_count":33,"fill_ratio":1,"trailer_place":0},{"target":"globeur.montpellier","urgency":0,"shortest_distance_km":56,"ferry_time":0,"ferry_price":0,"cargo":"cargo.used_plast","company_truck":"daf_6x2_a","trailer_variant":"trailer.scs_dry_m","trailer_definition":"trailer_def.scs.box.single_3.dryvan_m","units_count":33,"fill_ratio":1,"trailer_place":0}],"globeur.rennes":[{"target":"tradeaux.brest","urgency":2,"shortest_distance_km":313,"ferry_time":0,"ferry_price":0,"cargo":"cargo.iron_pipes","company_truck":"scania_streamline_4x2_b","trailer_variant":"trailer.scs_log","trailer_definition":"trailer_def.scs.log.single_3.steel","units_count":2,"fill_ratio":1,"trailer_place":0}],"fle.montpellier":[{"target":"wilnet_trans.toulouse","urgency":0,"shortest_distance_km":308,"ferry_time":0,"ferry_price":0,"cargo":"cargo.post_packag","company_truck":"scania_4x2_c","trailer_variant":"trailer.scs_curt","trailer_definition":"trailer_def.scs.box.single_3.curtain","units_count":33,"fill_ratio":1,"trailer_place":0},{"target":"globeur.montpellier","urgency":1,"shortest_distance_km":62,"ferry_time":0,"ferry_price":0,"cargo":"cargo.comp_process","company_truck":"mercedes_6x4_a","trailer_variant":"trailer.scs_dry","trailer_definition":"trailer_def.scs.box.single_3.dryvan","units_count":33,"fill_ratio":1,"trailer_place":0}],"tradeaux.prague":[{"target":"transinet.szczecin","urgency":0,"shortest_distance_km":463,"ferry_time":0,"ferry_price":0,"cargo":"cargo.cut_flowers","company_truck":"scania_streamline_4x2_c","trailer_variant":"trailer.scs_ref_s","trailer_definition":"trailer_def.scs.box.single_3.reefer","units_count":33,"fill_ratio":1,"trailer_place":0}],"sellplan.sheffield":[{"target":"wilnet_trans.toulouse","urgency":1,"shortest_distance_km":1379,"ferry_time":35,"ferry_price":300,"cargo":"cargo.empty_palet","company_truck":"scania_r_4x2_370","trailer_variant":"trailer.scs_curt_a","trailer_definition":"trailer_def.scs.box.single_3.curtain","units_count":33,"fill_ratio":1,"trailer_place":0}],"voitureux.rennes":[{"target":"bhv.nantes","urgency":0,"shortest_distance_km":81,"ferry_time":0,"ferry_price":0,"cargo":"cargo.cars_fr","company_truck":"scania_r_6x2_450","trailer_variant":"trailer.car_fr","trailer_definition":"trailer_def.cars_fr.car_fr","units_count":100,"fill_ratio":1,"trailer_place":0},{"target":"chimi.larochelle","urgency":1,"shortest_distance_km":223,"ferry_time":0,"ferry_price":0,"cargo":"cargo.empty_palet","company_truck":"daf_4x2_a","trailer_variant":"trailer.scs_curt","trailer_definition":"trailer_def.scs.box.single_3.curtain","units_count":33,"fill_ratio":1,"trailer_place":0}],"nos_pat_brg.bourges":[{"target":"kaarfor.limoges","urgency":2,"shortest_distance_km":186,"ferry_time":0,"ferry_price":0,"cargo":"cargo.cheese","company_truck":"renault_premium_4x2_c","trailer_variant":"trailer.scs_ref_a","trailer_definition":"trailer_def.scs.box.single_3.reefer","units_count":33,"fill_ratio":1,"trailer_place":0}],"globeur.bourges":[{"target":"fle.clermont","urgency":0,"shortest_distance_km":188,"ferry_time":0,"ferry_price":0,"cargo":"cargo.air_mails","company_truck":"scania_streamline_6x4_a","trailer_variant":"trailer.scs_dry_a","trailer_definition":"trailer_def.scs.box.single_3.dryvan","units_count":33,"fill_ratio":1,"trailer_place":0}],"dans_jardin.porto_vecchi":[{"target":"kaarfor.nice","urgency":2,"shortest_distance_km":271,"ferry_time":840,"ferry_price":1193,"cargo":"cargo.potatoes","company_truck":"mercedes_actros_2014_4x2_a","trailer_variant":"trailer.scs_dry_a","trailer_definition":"trailer_def.scs.box.single_3.dryvan","units_count":33,"fill_ratio":1,"trailer_place":0}],"tradeaux.grimsby":[{"target":"eurogoodies.edinburgh","urgency":2,"shortest_distance_km":435,"ferry_time":0,"ferry_price":0,"cargo":"cargo.iced_coffee","company_truck":"scania_streamline_6x4_a","trailer_variant":"trailer.scs_dry","trailer_definition":"trailer_def.scs.box.single_3.dryvan","units_count":33,"fill_ratio":1,"trailer_place":0}],"batisse_wind.montpellier":[{"target":"lisette_log.lemans","urgency":1,"shortest_distance_km":752,"ferry_time":0,"ferry_price":0,"cargo":"cargo.empty_palet","company_truck":"man_4x2_c","trailer_variant":"trailer.scs_curt_s","trailer_definition":"trailer_def.scs.box.single_3.curtain","units_count":33,"fill_ratio":1,"trailer_place":0},{"target":"ika_bohag.montpellier","urgency":1,"shortest_distance_km":92,"ferry_time":0,"ferry_price":0,"cargo":"cargo.forklifts","company_truck":"renault_magnum_4x2_a","trailer_variant":"trailer.overweight.forklifts","trailer_definition":"trailer_def.forklifts.overweight.forklifts","units_count":100,"fill_ratio":1,"trailer_place":0}],"tradeaux.lyon":[{"target":"nos_pat_cf.clermont","urgency":1,"shortest_distance_km":214,"ferry_time":0,"ferry_price":0,"cargo":"cargo.roofing_felt","company_truck":"man_4x2_c","trailer_variant":"trailer.scs_curt","trailer_definition":"trailer_def.scs.box.single_3.curtain","units_count":33,"fill_ratio":1,"trailer_place":0}],"trameri.plymouth":[{"target":"tradeaux.brest","urgency":0,"shortest_distance_km":86,"ferry_time":420,"ferry_price":910,"cargo":"cargo.copp_rf_gutt","company_truck":"iveco_6x2_a","trailer_variant":"trailer.scs_dry","trailer_definition":"trailer_def.scs.box.single_3.dryvan","units_count":33,"fill_ratio":1,"trailer_place":0}],"euroacres.dijon":[{"target":"wilnet_trans.lemans","urgency":0,"shortest_distance_km":541,"ferry_time":0,"ferry_price":0,"cargo":"cargo.peas","company_truck":"iveco_4x2_b","trailer_variant":"trailer.scs_dry_ms","trailer_definition":"trailer_def.scs.box.single_3.dryvan_m","units_count":33,"fill_ratio":1,"trailer_place":0}],"batisse_base.rennes":[{"target":"dans_jardin.nantes","urgency":0,"shortest_distance_km":253,"ferry_time":0,"ferry_price":0,"cargo":"cargo.excav_soil","company_truck":"iveco_6x2_a","trailer_variant":"trailer.s_ki_solid.cover","trailer_definition":"trailer_def.excav_soil.s_ki_solid.cover","units_count":100,"fill_ratio":1,"trailer_place":0},{"target":"wilnet_trans.nantes","urgency":2,"shortest_distance_km":189,"ferry_time":0,"ferry_price":0,"cargo":"cargo.hipresstank","company_truck":"scania_r_4x2_370","trailer_variant":"trailer.scs_flat_c_g","trailer_definition":"trailer_def.scs.flatbed.single_3.container","units_count":2,"fill_ratio":1,"trailer_place":0}],"wilnet_trans.marseille":[{"target":"lisette_log.nice","urgency":0,"shortest_distance_km":251,"ferry_time":0,"ferry_price":0,"cargo":"cargo.scrap_metals","company_truck":"daf_xf_euro6_4x2_a","trailer_variant":"trailer.s_ki_solid.cover","trailer_definition":"trailer_def.scrap_metals.s_ki_solid.cover","units_count":100,"fill_ratio":1,"trailer_place":0}],"fle.bastia":[{"target":"wilnet_trans.marseille","urgency":1,"shortest_distance_km":163,"ferry_time":840,"ferry_price":1193,"cargo":"cargo.comp_process","company_truck":"man_4x2_a","trailer_variant":"trailer.scs_curt","trailer_definition":"trailer_def.scs.box.single_3.curtain","units_count":33,"fill_ratio":1,"trailer_place":0}],"tree_et.geneve":[{"target":"dans_jardin.montpellier","urgency":2,"shortest_distance_km":525,"ferry_time":0,"ferry_price":0,"cargo":"cargo.sawpanels","company_truck":"scania_6x2_b","trailer_variant":"trailer.scs_dry_m","trailer_definition":"trailer_def.scs.box.single_3.dryvan_m","units_count":33,"fill_ratio":1,"trailer_place":0}],"lkwlog.amsterdam":[{"target":"stokes.amsterdam","urgency":1,"shortest_distance_km":1,"ferry_time":0,"ferry_price":0,"cargo":"cargo.basil","company_truck":"scania_streamline_4x2_a","trailer_variant":"trailer.scs_dry_a","trailer_definition":"trailer_def.scs.box.single_3.dryvan","units_count":33,"fill_ratio":1,"trailer_place":0}],"lisette_log.larochelle":[{"target":"huilant.larochelle","urgency":1,"shortest_distance_km":1,"ferry_time":0,"ferry_price":0,"cargo":"cargo.empty_palet","company_truck":"daf_xf_euro6_6x2_a","trailer_variant":"trailer.scs_curt_s","trailer_definition":"trailer_def.scs.box.single_3.curtain","units_count":33,"fill_ratio":1,"trailer_place":0}],"bhv.bordeaux":[{"target":"lisette_log.larochelle","urgency":0,"shortest_distance_km":295,"ferry_time":0,"ferry_price":0,"cargo":"cargo.mondeos","company_truck":"man_6x4_b","trailer_variant":"trailer.car_trans2","trailer_definition":"trailer_def.mondeos.car_trans2","units_count":100,"fill_ratio":1,"trailer_place":0}],"huilant.larochelle":[{"target":"wilnet_trans.nantes","urgency":2,"shortest_distance_km":190,"ferry_time":0,"ferry_price":0,"cargo":"cargo.petrol","company_truck":"renault_magnum_6x4_a","trailer_variant":"trailer.fuel_cistern","trailer_definition":"trailer_def.petrol.fuel_cistern","units_count":100,"fill_ratio":1,"trailer_place":0},{"target":"eco.limoges","urgency":0,"shortest_distance_km":474,"ferry_time":0,"ferry_price":0,"cargo":"cargo.lpg","company_truck":"man_6x4_b","trailer_variant":"trailer.fuel_cistern","trailer_definition":"trailer_def.lpg.fuel_cistern","units_count":100,"fill_ratio":1,"trailer_place":0}],"marina_fr.brest":[{"target":"wilnet_trans.lemans","urgency":1,"shortest_distance_km":442,"ferry_time":0,"ferry_price":0,"cargo":"cargo.princess","company_truck":"scania_r_6x4_650","trailer_variant":"trailer.overweight.boat","trailer_definition":"trailer_def.princess.overweight.boat","units_count":100,"fill_ratio":1,"trailer_place":0}],"dans_jardin.bourges":[{"target":"globeur.rennes","urgency":2,"shortest_distance_km":395,"ferry_time":0,"ferry_price":0,"cargo":"cargo.apples","company_truck":"daf_4x2_b","trailer_variant":"trailer.scs_dry_m","trailer_definition":"trailer_def.scs.box.single_3.dryvan_m","units_count":33,"fill_ratio":1,"trailer_place":0}],"dans_jardin.nantes":[{"target":"globeur.lehavre","urgency":0,"shortest_distance_km":567,"ferry_time":0,"ferry_price":0,"cargo":"cargo.peas","company_truck":"mercedes_actros_2014_4x2_c","trailer_variant":"trailer.scs_dry","trailer_definition":"trailer_def.scs.box.single_3.dryvan","units_count":33,"fill_ratio":1,"trailer_place":0}],"nucleon.laurent":[{"target":"dans_jardin.lemans","urgency":0,"shortest_distance_km":157,"ferry_time":0,"ferry_price":0,"cargo":"cargo.excav_soil","company_truck":"scania_streamline_6x2_b","trailer_variant":"trailer.s_ki_solid.cover","trailer_definition":"trailer_def.excav_soil.s_ki_solid.cover","units_count":100,"fill_ratio":1,"trailer_place":0}],"ika_bohag.brest":[{"target":"lisette_log.roscoff","urgency":1,"shortest_distance_km":78,"ferry_time":0,"ferry_price":0,"cargo":"cargo.empty_palet","company_truck":"daf_xf_euro6_6x2_a","trailer_variant":"trailer.scs_dry_m","trailer_definition":"trailer_def.scs.box.single_3.dryvan_m","units_count":33,"fill_ratio":1,"trailer_place":0},{"target":"wilnet_trans.nantes","urgency":1,"shortest_distance_km":255,"ferry_time":0,"ferry_price":0,"cargo":"cargo.used_packag","company_truck":"iveco_4x2_a","trailer_variant":"trailer.scs_dry_ms","trailer_definition":"trailer_def.scs.box.single_3.dryvan_m","units_count":33,"fill_ratio":1,"trailer_place":0}],"globeur.montpellier":[{"target":"wilnet_trans.marseille","urgency":0,"shortest_distance_km":234,"ferry_time":0,"ferry_price":0,"cargo":"cargo.maple_syrup","company_truck":"man_6x4_b","trailer_variant":"trailer.scs_curt_a","trailer_definition":"trailer_def.scs.box.single_3.curtain","units_count":33,"fill_ratio":1,"trailer_place":0}],"posped.swansea":[{"target":"lisette_log.roscoff","urgency":0,"shortest_distance_km":315,"ferry_time":420,"ferry_price":910,"cargo":"cargo.peas","company_truck":"daf_4x2_b","trailer_variant":"trailer.scs_dry_m","trailer_definition":"trailer_def.scs.box.single_3.dryvan_m","units_count":33,"fill_ratio":1,"trailer_place":0}],"kaarfor.nantes":[{"target":"globeur.rennes","urgency":1,"shortest_distance_km":138,"ferry_time":0,"ferry_price":0,"cargo":"cargo.used_packag","company_truck":"man_6x4_b","trailer_variant":"trailer.scs_curt_s","trailer_definition":"trailer_def.scs.box.single_3.curtain","units_count":33,"fill_ratio":1,"trailer_place":0}],"mvm_carriere.ajaccio":[{"target":"nucleon.civaux","urgency":1,"shortest_distance_km":847,"ferry_time":840,"ferry_price":1193,"cargo":"cargo.excavator","company_truck":"man_tgx_euro6_6x4_xlx","trailer_variant":"trailer.overweight.excavator","trailer_definition":"trailer_def.excavator.overweight.excavator","units_count":100,"fill_ratio":1,"trailer_place":0}],"ika_bohag.rennes":[{"target":"wilnet_trans.nantes","urgency":1,"shortest_distance_km":181,"ferry_time":0,"ferry_price":0,"cargo":"cargo.empty_palet","company_truck":"scania_s_4x2_370","trailer_variant":"trailer.scs_dry_m","trailer_definition":"trailer_def.scs.box.single_3.dryvan_m","units_count":33,"fill_ratio":1,"trailer_place":0},{"target":"globeur.rennes","urgency":1,"shortest_distance_km":142,"ferry_time":0,"ferry_price":0,"cargo":"cargo.used_packag","company_truck":"daf_xf_euro6_4x2_b","trailer_variant":"trailer.scs_curt_a","trailer_definition":"trailer_def.scs.box.single_3.curtain","units_count":33,"fill_ratio":1,"trailer_place":0}],"trameri.klagenfurt":[{"target":"tradeaux.ajaccio","urgency":2,"shortest_distance_km":1340,"ferry_time":840,"ferry_price":1193,"cargo":"cargo.sandwch_pnls","company_truck":"scania_streamline_4x2_b","trailer_variant":"trailer.scs_dry_ms","trailer_definition":"trailer_def.scs.box.single_3.dryvan_m","units_count":33,"fill_ratio":1,"trailer_place":0}],"sellplan.southampton":[{"target":"bhb_raffin.lehavre","urgency":1,"shortest_distance_km":430,"ferry_time":35,"ferry_price":300,"cargo":"cargo.empty_palet","company_truck":"scania_streamline_4x2_b","trailer_variant":"trailer.scs_curt_s","trailer_definition":"trailer_def.scs.box.single_3.curtain","units_count":33,"fill_ratio":1,"trailer_place":0}],"lkwlog.stuttgart":[{"target":"stokes.zurich","urgency":0,"shortest_distance_km":206,"ferry_time":0,"ferry_price":0,"cargo":"cargo.soy_milk_t","company_truck":"man_6x4_b","trailer_variant":"trailer.scs_fodt","trailer_definition":"trailer_def.scs.foodtank.single_3.paint","units_count":23,"fill_ratio":1,"trailer_place":0}],"chimi.larochelle":[{"target":"globeur.bourges","urgency":0,"shortest_distance_km":430,"ferry_time":0,"ferry_price":0,"cargo":"cargo.fuel_oil","company_truck":"daf_xf_euro6_6x4_c","trailer_variant":"trailer.fuel_cistern","trailer_definition":"trailer_def.fuel_oil.fuel_cistern","units_count":100,"fill_ratio":1,"trailer_place":0}],"posped.koln":[{"target":"tradeaux.clermont","urgency":0,"shortest_distance_km":940,"ferry_time":0,"ferry_price":0,"cargo":"cargo.mondeos","company_truck":"man_tgx_euro6_4x2_xxl","trailer_variant":"trailer.car_trans3","trailer_definition":"trailer_def.mondeos.car_trans3","units_count":100,"fill_ratio":1,"trailer_place":0}],"sellplan.rostock":[{"target":"wilnet_trans.lemans","urgency":1,"shortest_distance_km":1319,"ferry_time":0,"ferry_price":0,"cargo":"cargo.used_packag","company_truck":"scania_r_4x2_370","trailer_variant":"trailer.scs_dry_m","trailer_definition":"trailer_def.scs.box.single_3.dryvan_m","units_count":33,"fill_ratio":1,"trailer_place":0}],"mvm_carriere.nice":[{"target":"wilnet_trans.marseille","urgency":1,"shortest_distance_km":314,"ferry_time":0,"ferry_price":0,"cargo":"cargo.stone_dust","company_truck":"man_4x2_a","trailer_variant":"trailer.s_ki_solid.cover","trailer_definition":"trailer_def.stone_dust.s_ki_solid.cover","units_count":100,"fill_ratio":1,"trailer_place":0}],"fle.clermont":[{"target":"globeur.bourges","urgency":0,"shortest_distance_km":188,"ferry_time":0,"ferry_price":0,"cargo":"cargo.post_packag","company_truck":"renault_magnum_6x2_a","trailer_variant":"trailer.scs_curt_s","trailer_definition":"trailer_def.scs.box.single_3.curtain","units_count":33,"fill_ratio":1,"trailer_place":0}],"wilnet_trans.porto_vecchi":[{"target":"huilant.ajaccio","urgency":0,"shortest_distance_km":156,"ferry_time":0,"ferry_price":0,"cargo":"cargo.chem_sorbent","company_truck":"scania_streamline_4x2_c","trailer_variant":"trailer.scs_dry_ms","trailer_definition":"trailer_def.scs.box.single_3.dryvan_m","units_count":33,"fill_ratio":1,"trailer_place":0},{"target":"tradeaux.ajaccio","urgency":0,"shortest_distance_km":152,"ferry_time":0,"ferry_price":0,"cargo":"cargo.mondeos","company_truck":"scania_r_4x2_370","trailer_variant":"trailer.car_trans3","trailer_definition":"trailer_def.mondeos.car_trans3","units_count":100,"fill_ratio":1,"trailer_place":0},{"target":"mvm_carriere.ajaccio","urgency":1,"shortest_distance_km":91,"ferry_time":0,"ferry_price":0,"cargo":"cargo.excavator","company_truck":"daf_4x2_b","trailer_variant":"trailer.overweight.excavator","trailer_definition":"trailer_def.excavator.overweight.excavator","units_count":100,"fill_ratio":1,"trailer_place":0}],"eolo_lines.porto_vecchi":[{"target":"gnt.bastia","urgency":2,"shortest_distance_km":145,"ferry_time":0,"ferry_price":0,"cargo":"cargo.beverages","company_truck":"man_tgx_euro6_6x4_xlx","trailer_variant":"trailer.scs_curt_a","trailer_definition":"trailer_def.scs.box.single_3.curtain","units_count":33,"fill_ratio":1,"trailer_place":0}],"boisserie.lemans":[{"target":"wilnet_trans.lemans","urgency":1,"shortest_distance_km":127,"ferry_time":0,"ferry_price":0,"cargo":"cargo.empty_palet","company_truck":"daf_xf_euro6_4x2_a","trailer_variant":"trailer.scs_curt","trailer_definition":"trailer_def.scs.box.single_3.curtain","units_count":33,"fill_ratio":1,"trailer_place":0}],"sellplan.london":[{"target":"globeur.lehavre","urgency":1,"shortest_distance_km":402,"ferry_time":35,"ferry_price":300,"cargo":"cargo.used_packag","company_truck":"renault_magnum_4x2_a","trailer_variant":"trailer.scs_curt_s","trailer_definition":"trailer_def.scs.box.single_3.curtain","units_count":33,"fill_ratio":1,"trailer_place":0}],"dans_jardin.bastia":[{"target":"wilnet_trans.lemans","urgency":2,"shortest_distance_km":969,"ferry_time":840,"ferry_price":1193,"cargo":"cargo.apples","company_truck":"mercedes_4x2","trailer_variant":"trailer.scs_dry_m","trailer_definition":"trailer_def.scs.box.single_3.dryvan_m","units_count":33,"fill_ratio":1,"trailer_place":0}],"transinet.salzburg":[{"target":"stokes.nurnberg","urgency":2,"shortest_distance_km":307,"ferry_time":0,"ferry_price":0,"cargo":"cargo.conc_juice_t","company_truck":"daf_xf_euro6_6x2_a","trailer_variant":"trailer.scs_fodt","trailer_definition":"trailer_def.scs.foodtank.single_3.paint","units_count":18,"fill_ratio":1,"trailer_place":0}],"bhv.nice":[{"target":"tradeaux.nice","urgency":0,"shortest_distance_km":6,"ferry_time":0,"ferry_price":0,"cargo":"cargo.mondeos","company_truck":"scania_6x4_a","trailer_variant":"trailer.car_trans3","trailer_definition":"trailer_def.mondeos.car_trans3","units_count":100,"fill_ratio":1,"trailer_place":0}],"lisette_log.ajaccio":[{"target":"eolo_lines.porto_vecchi","urgency":0,"shortest_distance_km":154,"ferry_time":0,"ferry_price":0,"cargo":"cargo.sugar","company_truck":"man_tgx_euro6_4x2_xl","trailer_variant":"trailer.scs_curt_a","trailer_definition":"trailer_def.scs.box.single_3.curtain","units_count":33,"fill_ratio":1,"trailer_place":0}],"tradeaux.clermont":[{"target":"wilnet_trans.limoges","urgency":1,"shortest_distance_km":272,"ferry_time":0,"ferry_price":0,"cargo":"cargo.fireworks","company_truck":"scania_r_6x2_450","trailer_variant":"trailer.scs_curt","trailer_definition":"trailer_def.scs.box.single_3.curtain","units_count":33,"fill_ratio":1,"trailer_place":0}],"batisse_wind.brest":[{"target":"dans_jardin.bourges","urgency":1,"shortest_distance_km":639,"ferry_time":0,"ferry_price":0,"cargo":"cargo.forklifts","company_truck":"scania_s_4x2_580","trailer_variant":"trailer.overweight.forklifts","trailer_definition":"trailer_def.forklifts.overweight.forklifts","units_count":100,"fill_ratio":1,"trailer_place":0}],"posped.london":[{"target":"wilnet_trans.limoges","urgency":2,"shortest_distance_km":839,"ferry_time":35,"ferry_price":300,"cargo":"cargo.steel_cord","company_truck":"iveco_h_4x2_a","trailer_variant":"trailer.scs_dry_m","trailer_definition":"trailer_def.scs.box.single_3.dryvan_m","units_count":33,"fill_ratio":1,"trailer_place":0}],"subse.brest":[{"target":"wilnet_trans.toulouse","urgency":2,"shortest_distance_km":810,"ferry_time":0,"ferry_price":0,"cargo":"cargo.conc_juice_t","company_truck":"renault_premium_4x2_a","trailer_variant":"trailer.scs_fodt","trailer_definition":"trailer_def.scs.foodtank.single_3.paint","units_count":21,"fill_ratio":1,"trailer_place":0},{"target":"wilnet_trans.nantes","urgency":1,"shortest_distance_km":212,"ferry_time":0,"ferry_price":0,"cargo":"cargo.carb_water","company_truck":"man_6x4_b","trailer_variant":"trailer.scs_curt_a","trailer_definition":"trailer_def.scs.box.single_3.curtain","units_count":33,"fill_ratio":1,"trailer_place":0}],"kaarfor.reims":[{"target":"wilnet_trans.lemans","urgency":2,"shortest_distance_km":395,"ferry_time":0,"ferry_price":0,"cargo":"cargo.used_plast_c","company_truck":"man_4x2_a","trailer_variant":"trailer.scs_flat_c_r","trailer_definition":"trailer_def.scs.flatbed.single_3.container","units_count":33,"fill_ratio":1,"trailer_place":0},{"target":"globeur.lehavre","urgency":1,"shortest_distance_km":343,"ferry_time":0,"ferry_price":0,"cargo":"cargo.empty_palet","company_truck":"man_4x2_c","trailer_variant":"trailer.scs_curt","trailer_definition":"trailer_def.scs.box.single_3.curtain","units_count":33,"fill_ratio":1,"trailer_place":0},{"target":"tradeaux.clermont","urgency":0,"shortest_distance_km":615,"ferry_time":0,"ferry_price":0,"cargo":"cargo.used_plast","company_truck":"renault_t_4x2","trailer_variant":"trailer.scs_curt","trailer_definition":"trailer_def.scs.box.single_3.curtain","units_count":33,"fill_ratio":1,"trailer_place":0}],"renar.calvi":[{"target":"kaarfor.bastia","urgency":0,"shortest_distance_km":123,"ferry_time":0,"ferry_price":0,"cargo":"cargo.ketchup","company_truck":"man_6x4_b","trailer_variant":"trailer.scs_curt_s","trailer_definition":"trailer_def.scs.box.single_3.curtain","units_count":33,"fill_ratio":1,"trailer_place":0}],"ika_bohag.bordeaux":[{"target":"wilnet_trans.toulouse","urgency":1,"shortest_distance_km":309,"ferry_time":0,"ferry_price":0,"cargo":"cargo.empty_palet","company_truck":"scania_s_6x4_730","trailer_variant":"trailer.scs_curt_s","trailer_definition":"trailer_def.scs.box.single_3.curtain","units_count":33,"fill_ratio":1,"trailer_place":0},{"target":"globeur.bordeaux","urgency":1,"shortest_distance_km":17,"ferry_time":0,"ferry_price":0,"cargo":"cargo.used_packag","company_truck":"renault_premium_6x2_a","trailer_variant":"trailer.scs_dry_m","trailer_definition":"trailer_def.scs.box.single_3.dryvan_m","units_count":33,"fill_ratio":1,"trailer_place":0}],"kaarfor.limoges":[{"target":"lisette_log.larochelle","urgency":1,"shortest_distance_km":321,"ferry_time":0,"ferry_price":0,"cargo":"cargo.used_packag","company_truck":"mercedes_4x2_a","trailer_variant":"trailer.scs_dry_m","trailer_definition":"trailer_def.scs.box.single_3.dryvan_m","units_count":33,"fill_ratio":1,"trailer_place":0}],"nucleon.paluel":[{"target":"dans_jardin.lemans","urgency":0,"shortest_distance_km":504,"ferry_time":0,"ferry_price":0,"cargo":"cargo.excav_soil","company_truck":"scania_s_4x2_580","trailer_variant":"trailer.s_ki_solid.cover","trailer_definition":"trailer_def.excav_soil.s_ki_solid.cover","units_count":100,"fill_ratio":1,"trailer_place":0}],"transinet.hamburg":[{"target":"lkwlog.venezia","urgency":1,"shortest_distance_km":1316,"ferry_time":0,"ferry_price":0,"cargo":"cargo.comp_process","company_truck":"mercedes_6x2_b","trailer_variant":"trailer.scs_curt_a","trailer_definition":"trailer_def.scs.box.single_3.curtain","units_count":33,"fill_ratio":1,"trailer_place":0}],"subse.nantes":[{"target":"wilnet_trans.lemans","urgency":0,"shortest_distance_km":222,"ferry_time":0,"ferry_price":0,"cargo":"cargo.gummy_bears","company_truck":"mercedes_6x4_a","trailer_variant":"trailer.scs_dry","trailer_definition":"trailer_def.scs.box.single_3.dryvan","units_count":33,"fill_ratio":1,"trailer_place":0},{"target":"lisette_log.lemans","urgency":1,"shortest_distance_km":219,"ferry_time":0,"ferry_price":0,"cargo":"cargo.vinegar_c","company_truck":"man_6x4_b","trailer_variant":"trailer.scs_gosck40","trailer_definition":"trailer_def.scs.gooseneck.singl_3e_40.container","units_count":30,"fill_ratio":1,"trailer_place":0},{"target":"lisette_log.lemans","urgency":2,"shortest_distance_km":219,"ferry_time":0,"ferry_price":0,"cargo":"cargo.olives","company_truck":"daf_4x2_a","trailer_variant":"trailer.scs_dry_s","trailer_definition":"trailer_def.scs.box.single_3.dryvan","units_count":33,"fill_ratio":1,"trailer_place":0}],"lisette_log.nice":[{"target":"renar.calvi","urgency":0,"shortest_distance_km":480,"ferry_time":840,"ferry_price":1193,"cargo":"cargo.vinegar","company_truck":"man_6x4_b","trailer_variant":"trailer.scs_dry_a","trailer_definition":"trailer_def.scs.box.single_3.dryvan","units_count":33,"fill_ratio":1,"trailer_place":0}]}