{"sanbuilders.newcastle":[{"target":"quarry.reims","urgency":2,"shortest_distance_km":1018,"ferry_time":35,"ferry_price":300,"cargo":"cargo.mobile_crane","company_truck":"heavy/mercedes_6x4","trailer_variant":"trailer.goldhofer.mpa_k_flat14.t_c_3160","trailer_definition":"trailer_def.mobile_crane.goldhofer.mpa_k_flat14.t_c_3160","units_count":100,"fill_ratio":1,"trailer_place":0}],"itcc.rostock":[{"target":"posped.linz","urgency":1,"shortest_distance_km":848,"ferry_time":0,"ferry_price":0,"cargo":"cargo.concr_beams","company_truck":"heavy/mercedes_actros_8x4","trailer_variant":"trailer.goldhofer.stz_vl.conc_beam","trailer_definition":"trailer_def.concr_beams.goldhofer.stz_vl.conc_beam","units_count":100,"fill_ratio":1,"trailer_place":0}],"tradeaux.felixstowe":[{"target":"posped.metz","urgency":0,"shortest_distance_km":699,"ferry_time":35,"ferry_price":300,"cargo":"cargo.dozer","company_truck":"heavy/mercedes_6x4","trailer_variant":"trailer.goldhofer.mpa_k_flat14.k_d155ax_5","trailer_definition":"trailer_def.dozer.goldhofer.mpa_k_flat14.k_d155ax_5","units_count":100,"fill_ratio":1,"trailer_place":0}],"sanbuilders.hamburg":[{"target":"stokes.kiel","urgency":2,"shortest_distance_km":174,"ferry_time":0,"ferry_price":0,"cargo":"cargo.asph_miller","company_truck":"heavy/man_6x4","trailer_variant":"trailer.goldhofer.mpa_k_flat14.wirtgenw250i","trailer_definition":"trailer_def.asph_miller.goldhofer.mpa_k_flat14.wirtgenw250i","units_count":100,"fill_ratio":1,"trailer_place":0}],"transinet.dortmund":[{"target":"lkwlog.duisburg","urgency":2,"shortest_distance_km":116,"ferry_time":0,"ferry_price":0,"cargo":"cargo.asph_miller","company_truck":"heavy/man_6x4","trailer_variant":"trailer.goldhofer.mpa_k_flat14.wirtgenw250i","trailer_definition":"trailer_def.asph_miller.goldhofer.mpa_k_flat14.wirtgenw250i","units_count":100,"fill_ratio":1,"trailer_place":0}],"itcc.koln":[{"target":"lkwlog.luxembourg","urgency":1,"shortest_distance_km":223,"ferry_time":0,"ferry_price":0,"cargo":"cargo.concr_beams","company_truck":"heavy/daf_6x4","trailer_variant":"trailer.goldhofer.stz_vl.conc_beam","trailer_definition":"trailer_def.concr_beams.goldhofer.stz_vl.conc_beam","units_count":100,"fill_ratio":1,"trailer_place":0}],"posped.rotterdam":[{"target":"tradeaux.lille","urgency":2,"shortest_distance_km":224,"ferry_time":0,"ferry_price":0,"cargo":"cargo.transformat","company_truck":"heavy/renault_6x4","trailer_variant":"trailer.goldhofer.stz_vl.transformer","trailer_definition":"trailer_def.transformat.goldhofer.stz_vl.transformer","units_count":100,"fill_ratio":1,"trailer_place":0}],"tree_et.southampton":[{"target":"posped.birmingham","urgency":2,"shortest_distance_km":303,"ferry_time":0,"ferry_price":0,"cargo":"cargo.mobile_crane","company_truck":"man_6x4_b","trailer_variant":"trailer.goldhofer.mpa_k_flat14.t_c_3160","trailer_definition":"trailer_def.mobile_crane.goldhofer.mpa_k_flat14.t_c_3160","units_count":100,"fill_ratio":1,"trailer_place":0}],"sanbuilders.rotterdam":[{"target":"tradeaux.lille","urgency":2,"shortest_distance_km":223,"ferry_time":0,"ferry_price":0,"cargo":"cargo.asph_miller","company_truck":"heavy/renault_t_6x2","trailer_variant":"trailer.goldhofer.mpa_k_flat14.wirtgenw250i","trailer_definition":"trailer_def.asph_miller.goldhofer.mpa_k_flat14.wirtgenw250i","units_count":100,"fill_ratio":1,"trailer_place":0}]}