{"euroacres.verona":[{"target":"exomar.ancona","urgency":1,"shortest_distance_km":454,"ferry_time":0,"ferry_price":0,"cargo":"cargo.apples_c","company_truck":"scania_r_6x4_650","trailer_variant":"trailer.scs_flat_c_g","trailer_definition":"trailer_def.scs.flatbed.single_3.container","units_count":33,"fill_ratio":1,"trailer_place":0},{"target":"ika_bohag.firenze","urgency":0,"shortest_distance_km":258,"ferry_time":0,"ferry_price":0,"cargo":"cargo.young_seed","company_truck":"iveco_4x2_a","trailer_variant":"trailer.scs_ins","trailer_definition":"trailer_def.scs.box.single_3.insulated","units_count":33,"fill_ratio":1,"trailer_place":0}],"cargotras.sassari":[{"target":"tras_med.genova","urgency":2,"shortest_distance_km":616,"ferry_time":1050,"ferry_price":1548,"cargo":"cargo.sandwch_pnls","company_truck":"scania_4x2_b","trailer_variant":"trailer.scs_curt_s","trailer_definition":"trailer_def.scs.box.single_3.curtain","units_count":33,"fill_ratio":1,"trailer_place":0}],"costruzi_hal.genova":[{"target":"te_logistica.firenze","urgency":2,"shortest_distance_km":275,"ferry_time":0,"ferry_price":0,"cargo":"cargo.diggers","company_truck":"scania_streamline_4x2_b","trailer_variant":"trailer.overweight.digger","trailer_definition":"trailer_def.diggers.overweight.digger","units_count":100,"fill_ratio":1,"trailer_place":0}],"itcc.luxembourg":[{"target":"transinet.mannheim","urgency":2,"shortest_distance_km":273,"ferry_time":0,"ferry_price":0,"cargo":"cargo.metal_pipes","company_truck":"scania_s_4x2_370","trailer_variant":"trailer.scs_flat_r","trailer_definition":"trailer_def.scs.flatbed.single_3.flatbed_w","units_count":2,"fill_ratio":1,"trailer_place":0}],"ika_bohag.pescara":[{"target":"te_logistica.sassari","urgency":1,"shortest_distance_km":561,"ferry_time":840,"ferry_price":879,"cargo":"cargo.used_packag","company_truck":"scania_4x2_b","trailer_variant":"trailer.scs_curt_s","trailer_definition":"trailer_def.scs.box.single_3.curtain","units_count":33,"fill_ratio":1,"trailer_place":0}],"sanbuilders.nurnberg":[{"target":"pp_chimica.olbia","urgency":1,"shortest_distance_km":1517,"ferry_time":840,"ferry_price":879,"cargo":"cargo.emptytank","company_truck":"iveco_4x2_a","trailer_variant":"trailer.scs_flat_r","trailer_definition":"trailer_def.scs.flatbed.single_3.flatbed_w","units_count":2,"fill_ratio":1,"trailer_place":0}],"aci.roma":[{"target":"tras_med.roma","urgency":2,"shortest_distance_km":57,"ferry_time":0,"ferry_price":0,"cargo":"cargo.frsh_herbs","company_truck":"renault_premium_6x4_a","trailer_variant":"trailer.scs_ins_s","trailer_definition":"trailer_def.scs.box.single_3.insulated","units_count":33,"fill_ratio":1,"trailer_place":0}],"cesare_smar.sassari":[{"target":"exomar.olbia","urgency":1,"shortest_distance_km":98,"ferry_time":0,"ferry_price":0,"cargo":"cargo.used_packag","company_truck":"renault_premium_6x2_a","trailer_variant":"trailer.scs_dry_ms","trailer_definition":"trailer_def.scs.box.single_3.dryvan_m","units_count":33,"fill_ratio":1,"trailer_place":0},{"target":"te_logistica.napoli","urgency":0,"shortest_distance_km":247,"ferry_time":840,"ferry_price":879,"cargo":"cargo.used_plast","company_truck":"scania_r_4x2_370","trailer_variant":"trailer.scs_dry_a","trailer_definition":"trailer_def.scs.box.single_3.dryvan","units_count":33,"fill_ratio":1,"trailer_place":0},{"target":"te_logistica.cagliari","urgency":2,"shortest_distance_km":211,"ferry_time":0,"ferry_price":0,"cargo":"cargo.used_plast_c","company_truck":"scania_r_6x4_650","trailer_variant":"trailer.scs_gosck20","trailer_definition":"trailer_def.scs.gooseneck.singl_3e_20.container","units_count":15,"fill_ratio":1,"trailer_place":0}],"costruzi_fla.catanzaro":[{"target":"tras_med.bari","urgency":2,"shortest_distance_km":317,"ferry_time":0,"ferry_price":0,"cargo":"cargo.digger1000","company_truck":"man_tgx_euro6_6x4_xlx","trailer_variant":"trailer.overweight.digger1000","trailer_definition":"trailer_def.digger1000.overweight.digger1000","units_count":100,"fill_ratio":1,"trailer_place":0}],"ika_bohag.napoli":[{"target":"tras_med.bari","urgency":1,"shortest_distance_km":246,"ferry_time":0,"ferry_price":0,"cargo":"cargo.empty_palet","company_truck":"man_6x4_b","trailer_variant":"trailer.scs_dry_ms","trailer_definition":"trailer_def.scs.box.single_3.dryvan_m","units_count":33,"fill_ratio":1,"trailer_place":0}],"vitas_pwr.taranto":[{"target":"tesore_gust.napoli","urgency":1,"shortest_distance_km":293,"ferry_time":0,"ferry_price":0,"cargo":"cargo.empty_palet","company_truck":"mercedes_actros_2014_4x2_c","trailer_variant":"trailer.scs_curt_s","trailer_definition":"trailer_def.scs.box.single_3.curtain","units_count":33,"fill_ratio":1,"trailer_place":0}],"sal.sassari":[{"target":"marmo.olbia","urgency":0,"shortest_distance_km":186,"ferry_time":0,"ferry_price":0,"cargo":"cargo.digger500","company_truck":"scania_r_6x2_450","trailer_variant":"trailer.overweight.digger500","trailer_definition":"trailer_def.digger500.overweight.digger500","units_count":100,"fill_ratio":1,"trailer_place":0}],"cont_port_it.livorno":[{"target":"te_logistica.firenze","urgency":0,"shortest_distance_km":110,"ferry_time":0,"ferry_price":0,"cargo":"cargo.beverages_c","company_truck":"renault_magnum_6x2_a","trailer_variant":"trailer.scs_flat_c_g","trailer_definition":"trailer_def.scs.flatbed.single_3.container","units_count":33,"fill_ratio":1,"trailer_place":0}],"cesare_smar.milano":[{"target":"exomar.olbia","urgency":2,"shortest_distance_km":1069,"ferry_time":840,"ferry_price":879,"cargo":"cargo.used_plast_c","company_truck":"man_6x4_b","trailer_variant":"trailer.scs_gosck40","trailer_definition":"trailer_def.scs.gooseneck.singl_3e_40.container","units_count":30,"fill_ratio":1,"trailer_place":0}],"sanbuilders.salzburg":[{"target":"exomar.taranto","urgency":2,"shortest_distance_km":1347,"ferry_time":0,"ferry_price":0,"cargo":"cargo.diggers","company_truck":"mercedes_4x2","trailer_variant":"trailer.overweight.digger","trailer_definition":"trailer_def.diggers.overweight.digger","units_count":100,"fill_ratio":1,"trailer_place":0}],"ika_bohag.catania":[{"target":"te_logistica.cagliari","urgency":1,"shortest_distance_km":217,"ferry_time":720,"ferry_price":778,"cargo":"cargo.used_packag","company_truck":"man_6x4_b","trailer_variant":"trailer.scs_curt_a","trailer_definition":"trailer_def.scs.box.single_3.curtain","units_count":33,"fill_ratio":1,"trailer_place":0}],"stokes.dijon":[{"target":"tradeaux.lyon","urgency":0,"shortest_distance_km":199,"ferry_time":0,"ferry_price":0,"cargo":"cargo.mtl_coil","company_truck":"renault_premium_4x2_c","trailer_variant":"trailer.scs_flat_r","trailer_definition":"trailer_def.scs.flatbed.single_3.flatbed_w","units_count":2,"fill_ratio":1,"trailer_place":0}],"cargotras.livorno":[{"target":"exomar.roma","urgency":2,"shortest_distance_km":313,"ferry_time":0,"ferry_price":0,"cargo":"cargo.pesto","company_truck":"iveco_4x2_a","trailer_variant":"trailer.scs_dry_m","trailer_definition":"trailer_def.scs.box.single_3.dryvan_m","units_count":33,"fill_ratio":1,"trailer_place":0},{"target":"exomar.bologna","urgency":2,"shortest_distance_km":252,"ferry_time":0,"ferry_price":0,"cargo":"cargo.logs","company_truck":"iveco_6x2_a","trailer_variant":"trailer.scs_log","trailer_definition":"trailer_def.scs.log.single_3.steel","units_count":2,"fill_ratio":1,"trailer_place":0},{"target":"exomar.bologna","urgency":0,"shortest_distance_km":252,"ferry_time":0,"ferry_price":0,"cargo":"cargo.straw_bales","company_truck":"mercedes_4x2","trailer_variant":"trailer.scs_flat_r","trailer_definition":"trailer_def.scs.flatbed.single_3.flatbed_w","units_count":33,"fill_ratio":1,"trailer_place":0}],"te_logistica.parma":[{"target":"costruzi_hal.genova","urgency":2,"shortest_distance_km":260,"ferry_time":0,"ferry_price":0,"cargo":"cargo.digger1000","company_truck":"man_tgx_euro6_4x2_xl","trailer_variant":"trailer.overweight.digger1000","trailer_definition":"trailer_def.digger1000.overweight.digger1000","units_count":100,"fill_ratio":1,"trailer_place":0}],"piac.cassino":[{"target":"cargotras.livorno","urgency":0,"shortest_distance_km":458,"ferry_time":0,"ferry_price":0,"cargo":"cargo.car_it","company_truck":"mercedes_6x4_a","trailer_variant":"trailer.car_it","trailer_definition":"trailer_def.car_it.car_it","units_count":100,"fill_ratio":1,"trailer_place":0},{"target":"cargotras.olbia","urgency":0,"shortest_distance_km":393,"ferry_time":840,"ferry_price":879,"cargo":"cargo.used_plast","company_truck":"scania_streamline_4x2_c","trailer_variant":"trailer.scs_dry_s","trailer_definition":"trailer_def.scs.box.single_3.dryvan","units_count":33,"fill_ratio":1,"trailer_place":0},{"target":"tras_med.bari","urgency":2,"shortest_distance_km":338,"ferry_time":0,"ferry_price":0,"cargo":"cargo.used_plast_c","company_truck":"scania_4x2_c","trailer_variant":"trailer.scs_flat_c_r","trailer_definition":"trailer_def.scs.flatbed.single_3.container","units_count":33,"fill_ratio":1,"trailer_place":0}],"pp_chimica.bologna":[{"target":"acc.catania","urgency":2,"shortest_distance_km":1225,"ferry_time":20,"ferry_price":347,"cargo":"cargo.acetylene","company_truck":"mercedes_actros_2014_4x2_a","trailer_variant":"trailer.scs_gosck20","trailer_definition":"trailer_def.scs.gooseneck.singl_3e_20.container","units_count":40,"fill_ratio":1,"trailer_place":0},{"target":"exomar.bologna","urgency":0,"shortest_distance_km":93,"ferry_time":0,"ferry_price":0,"cargo":"cargo.oil","company_truck":"scania_streamline_4x2_a","trailer_variant":"trailer.fuel_cistern","trailer_definition":"trailer_def.oil.fuel_cistern","units_count":100,"fill_ratio":1,"trailer_place":0}],"nbfc.liverpool":[{"target":"posped.birmingham","urgency":0,"shortest_distance_km":177,"ferry_time":0,"ferry_price":0,"cargo":"cargo.carbn_pwdr_c","company_truck":"scania_6x4_a","trailer_variant":"trailer.scs_gosck220","trailer_definition":"trailer_def.scs.gooseneck.singl_3e_220.container","units_count":30,"fill_ratio":1,"trailer_place":0}],"tras_med.cagliari":[{"target":"te_logistica.sassari","urgency":0,"shortest_distance_km":205,"ferry_time":0,"ferry_price":0,"cargo":"cargo.ore","company_truck":"daf_xf_euro6_4x2_b","trailer_variant":"trailer.s_ki_solid.ore","trailer_definition":"trailer_def.ore.s_ki_solid.ore","units_count":100,"fill_ratio":1,"trailer_place":0},{"target":"te_logistica.messina","urgency":0,"shortest_distance_km":251,"ferry_time":720,"ferry_price":778,"cargo":"cargo.used_plast","company_truck":"mercedes_6x4_a","trailer_variant":"trailer.scs_dry_ms","trailer_definition":"trailer_def.scs.box.single_3.dryvan_m","units_count":33,"fill_ratio":1,"trailer_place":0}],"ika_bohag.ancona":[{"target":"cargotras.livorno","urgency":1,"shortest_distance_km":365,"ferry_time":0,"ferry_price":0,"cargo":"cargo.empty_palet","company_truck":"scania_streamline_4x2_b","trailer_variant":"trailer.scs_dry","trailer_definition":"trailer_def.scs.box.single_3.dryvan","units_count":33,"fill_ratio":1,"trailer_place":0},{"target":"tras_med.roma","urgency":1,"shortest_distance_km":254,"ferry_time":0,"ferry_price":0,"cargo":"cargo.used_packag","company_truck":"mercedes_actros_2014_4x2_c","trailer_variant":"trailer.scs_curt","trailer_definition":"trailer_def.scs.box.single_3.curtain","units_count":33,"fill_ratio":1,"trailer_place":0}],"acc.terni":[{"target":"tras_med.genova","urgency":0,"shortest_distance_km":483,"ferry_time":0,"ferry_price":0,"cargo":"cargo.sq_tub","company_truck":"man_6x4_b","trailer_variant":"trailer.scs_flat_b","trailer_definition":"trailer_def.scs.flatbed.single_3.flatbed_w","units_count":2,"fill_ratio":1,"trailer_place":0},{"target":"tras_med.cagliari","urgency":0,"shortest_distance_km":398,"ferry_time":840,"ferry_price":879,"cargo":"cargo.seal_bearing","company_truck":"scania_6x4_a","trailer_variant":"trailer.scs_dry","trailer_definition":"trailer_def.scs.box.single_3.dryvan","units_count":33,"fill_ratio":1,"trailer_place":0}],"aaa.cagliari":[{"target":"cargotras.palermo","urgency":0,"shortest_distance_km":20,"ferry_time":720,"ferry_price":778,"cargo":"cargo.scooters","company_truck":"daf_xf_euro6_6x2_a","trailer_variant":"trailer.scs_dry_ms","trailer_definition":"trailer_def.scs.box.single_3.dryvan_m","units_count":33,"fill_ratio":1,"trailer_place":0}],"ika_bohag.roma":[{"target":"cnp.napoli","urgency":1,"shortest_distance_km":272,"ferry_time":0,"ferry_price":0,"cargo":"cargo.empty_palet","company_truck":"scania_4x2_b","trailer_variant":"trailer.scs_dry","trailer_definition":"trailer_def.scs.box.single_3.dryvan","units_count":33,"fill_ratio":1,"trailer_place":0}],"kaarfor.verona":[{"target":"te_logistica.firenze","urgency":1,"shortest_distance_km":240,"ferry_time":0,"ferry_price":0,"cargo":"cargo.empty_palet","company_truck":"scania_4x2_c","trailer_variant":"trailer.scs_dry_a","trailer_definition":"trailer_def.scs.box.single_3.dryvan","units_count":33,"fill_ratio":1,"trailer_place":0}],"cont_port_it.napoli":[{"target":"te_logistica.napoli","urgency":0,"shortest_distance_km":21,"ferry_time":0,"ferry_price":0,"cargo":"cargo.beverages_c","company_truck":"mercedes_actros_2014_6x4_b","trailer_variant":"trailer.scs_flat_c_r","trailer_definition":"trailer_def.scs.flatbed.single_3.container","units_count":33,"fill_ratio":1,"trailer_place":0}],"tras_med.bari":[{"target":"eolo_lines.napoli","urgency":0,"shortest_distance_km":249,"ferry_time":0,"ferry_price":0,"cargo":"cargo.wrk_cloth","company_truck":"mercedes_actros_2014_4x2_c","trailer_variant":"trailer.scs_dry_m","trailer_definition":"trailer_def.scs.box.single_3.dryvan_m","units_count":33,"fill_ratio":1,"trailer_place":0}],"acc.catania":[{"target":"te_logistica.napoli","urgency":1,"shortest_distance_km":601,"ferry_time":20,"ferry_price":347,"cargo":"cargo.cement","company_truck":"iveco_4x2_a","trailer_variant":"trailer.cement","trailer_definition":"trailer_def.cement.cement","units_count":100,"fill_ratio":1,"trailer_place":0}],"marmo.livorno":[{"target":"te_logistica.parma","urgency":1,"shortest_distance_km":166,"ferry_time":0,"ferry_price":0,"cargo":"cargo.gravel","company_truck":"scania_streamline_4x2_b","trailer_variant":"trailer.s_ki_solid.gravel","trailer_definition":"trailer_def.gravel.s_ki_solid.gravel","units_count":100,"fill_ratio":1,"trailer_place":0}],"aaa.pescara":[{"target":"exomar.ancona","urgency":0,"shortest_distance_km":182,"ferry_time":0,"ferry_price":0,"cargo":"cargo.scooters","company_truck":"mercedes_4x2_b","trailer_variant":"trailer.scs_dry_m","trailer_definition":"trailer_def.scs.box.single_3.dryvan_m","units_count":33,"fill_ratio":1,"trailer_place":0},{"target":"cargotras.pescara","urgency":0,"shortest_distance_km":1,"ferry_time":0,"ferry_price":0,"cargo":"cargo.car_it","company_truck":"renault_premium_4x2_c","trailer_variant":"trailer.car_it","trailer_definition":"trailer_def.car_it.car_it","units_count":100,"fill_ratio":1,"trailer_place":0}],"fattoria_f.napoli":[{"target":"cesare_smar.palermo","urgency":1,"shortest_distance_km":653,"ferry_time":20,"ferry_price":347,"cargo":"cargo.milk","company_truck":"daf_4x2_a","trailer_variant":"trailer.scs_dry_m","trailer_definition":"trailer_def.scs.box.single_3.dryvan_m","units_count":33,"fill_ratio":1,"trailer_place":0}],"cnp.catania":[{"target":"cont_port_it.bari","urgency":0,"shortest_distance_km":589,"ferry_time":20,"ferry_price":347,"cargo":"cargo.carbn_pwdr_c","company_truck":"man_6x4_b","trailer_variant":"trailer.scs_flat_c_g","trailer_definition":"trailer_def.scs.flatbed.single_3.container","units_count":33,"fill_ratio":1,"trailer_place":0},{"target":"sal.sassari","urgency":0,"shortest_distance_km":412,"ferry_time":720,"ferry_price":778,"cargo":"cargo.lpg","company_truck":"man_6x4_b","trailer_variant":"trailer.fuel_cistern","trailer_definition":"trailer_def.lpg.fuel_cistern","units_count":100,"fill_ratio":1,"trailer_place":0},{"target":"cargotras.palermo","urgency":0,"shortest_distance_km":245,"ferry_time":0,"ferry_price":0,"cargo":"cargo.oil","company_truck":"daf_xf_euro6_6x4_c","trailer_variant":"trailer.willig.fuel_cistern","trailer_definition":"trailer_def.oil.willig.fuel_cistern","units_count":101,"fill_ratio":1,"trailer_place":0}],"te_logistica.firenze":[{"target":"exomar.bologna","urgency":2,"shortest_distance_km":156,"ferry_time":0,"ferry_price":0,"cargo":"cargo.wshavings","company_truck":"renault_magnum_6x4_a","trailer_variant":"trailer.s_ki_solid.cover","trailer_definition":"trailer_def.wshavings.s_ki_solid.cover","units_count":100,"fill_ratio":1,"trailer_place":0},{"target":"eolo_lines.napoli","urgency":1,"shortest_distance_km":558,"ferry_time":0,"ferry_price":0,"cargo":"cargo.radiators","company_truck":"scania_4x2_a","trailer_variant":"trailer.scs_curt","trailer_definition":"trailer_def.scs.box.single_3.curtain","units_count":33,"fill_ratio":1,"trailer_place":0}],"eurogoodies.dijon":[{"target":"tras_med.genova","urgency":1,"shortest_distance_km":684,"ferry_time":0,"ferry_price":0,"cargo":"cargo.milk_t","company_truck":"scania_streamline_4x2_c","trailer_variant":"trailer.scs_fodt","trailer_definition":"trailer_def.scs.foodtank.single_3.paint","units_count":27,"fill_ratio":1,"trailer_place":0}],"libellula.ancona":[{"target":"exomar.roma","urgency":2,"shortest_distance_km":341,"ferry_time":0,"ferry_price":0,"cargo":"cargo.motorcycles","company_truck":"man_6x4_b","trailer_variant":"trailer.scs_curt_a","trailer_definition":"trailer_def.scs.box.single_3.curtain","units_count":33,"fill_ratio":1,"trailer_place":0}],"spinelli.parma":[{"target":"te_logistica.parma","urgency":1,"shortest_distance_km":18,"ferry_time":0,"ferry_price":0,"cargo":"cargo.tyres","company_truck":"man_tgx_euro6_4x2_xxl","trailer_variant":"trailer.scs_curt_a","trailer_definition":"trailer_def.scs.box.single_3.curtain","units_count":33,"fill_ratio":1,"trailer_place":0},{"target":"cargotras.livorno","urgency":0,"shortest_distance_km":255,"ferry_time":0,"ferry_price":0,"cargo":"cargo.moto_tires","company_truck":"daf_4x2_a","trailer_variant":"trailer.scs_dry_ms","trailer_definition":"trailer_def.scs.box.single_3.dryvan_m","units_count":33,"fill_ratio":1,"trailer_place":0},{"target":"tesore_gust.firenze","urgency":1,"shortest_distance_km":235,"ferry_time":0,"ferry_price":0,"cargo":"cargo.empty_palet","company_truck":"scania_r_4x2_370","trailer_variant":"trailer.scs_curt_s","trailer_definition":"trailer_def.scs.box.single_3.curtain","units_count":33,"fill_ratio":1,"trailer_place":0}],"tesore_gust.napoli":[{"target":"tras_med.bari","urgency":0,"shortest_distance_km":257,"ferry_time":0,"ferry_price":0,"cargo":"cargo.beef_meat","company_truck":"scania_r_6x2_450","trailer_variant":"trailer.scs_ref","trailer_definition":"trailer_def.scs.box.single_3.reefer","units_count":33,"fill_ratio":1,"trailer_place":0}],"quadrelli.bari":[{"target":"te_logistica.cagliari","urgency":1,"shortest_distance_km":265,"ferry_time":840,"ferry_price":879,"cargo":"cargo.excavator","company_truck":"man_6x4_b","trailer_variant":"trailer.overweight.excavator","trailer_definition":"trailer_def.excavator.overweight.excavator","units_count":100,"fill_ratio":1,"trailer_place":0},{"target":"exomar.taranto","urgency":2,"shortest_distance_km":137,"ferry_time":0,"ferry_price":0,"cargo":"cargo.sand","company_truck":"scania_streamline_4x2_a","trailer_variant":"trailer.s_ki_solid.sand","trailer_definition":"trailer_def.sand.s_ki_solid.sand","units_count":100,"fill_ratio":1,"trailer_place":0},{"target":"fui.catania","urgency":0,"shortest_distance_km":536,"ferry_time":20,"ferry_price":347,"cargo":"cargo.excav_soil","company_truck":"man_6x4_b","trailer_variant":"trailer.s_ki_solid.cover","trailer_definition":"trailer_def.excav_soil.s_ki_solid.cover","units_count":100,"fill_ratio":1,"trailer_place":0}],"sal.terni":[{"target":"cargotras.livorno","urgency":2,"shortest_distance_km":403,"ferry_time":0,"ferry_price":0,"cargo":"cargo.logs","company_truck":"mercedes_6x4_a","trailer_variant":"trailer.scs_log","trailer_definition":"trailer_def.scs.log.single_3.steel","units_count":2,"fill_ratio":1,"trailer_place":0},{"target":"fui.firenze","urgency":1,"shortest_distance_km":297,"ferry_time":0,"ferry_price":0,"cargo":"cargo.lumber","company_truck":"scania_4x2_c","trailer_variant":"trailer.scs_flat_c_g","trailer_definition":"trailer_def.scs.flatbed.single_3.container","units_count":2,"fill_ratio":1,"trailer_place":0}],"costruzi_win.taranto":[{"target":"comoto.suzzara","urgency":1,"shortest_distance_km":838,"ferry_time":0,"ferry_price":0,"cargo":"cargo.forklifts","company_truck":"man_6x4_b","trailer_variant":"trailer.overweight.forklifts","trailer_definition":"trailer_def.forklifts.overweight.forklifts","units_count":100,"fill_ratio":1,"trailer_place":0}],"costruzi_bas.firenze":[{"target":"exomar.bologna","urgency":2,"shortest_distance_km":155,"ferry_time":0,"ferry_price":0,"cargo":"cargo.hipresstank","company_truck":"scania_streamline_4x2_c","trailer_variant":"trailer.scs_flat_c_g","trailer_definition":"trailer_def.scs.flatbed.single_3.container","units_count":2,"fill_ratio":1,"trailer_place":0}],"aaa.taranto":[{"target":"cargotras.livorno","urgency":2,"shortest_distance_km":806,"ferry_time":0,"ferry_price":0,"cargo":"cargo.motorcycles","company_truck":"scania_streamline_4x2_c","trailer_variant":"trailer.scs_dry_ms","trailer_definition":"trailer_def.scs.box.single_3.dryvan_m","units_count":33,"fill_ratio":1,"trailer_place":0}],"pp_chimica.roma":[{"target":"acc.taranto","urgency":0,"shortest_distance_km":439,"ferry_time":0,"ferry_price":0,"cargo":"cargo.neon","company_truck":"iveco_4x2_a","trailer_variant":"trailer.scs_gosck20","trailer_definition":"trailer_def.scs.gooseneck.singl_3e_20.container","units_count":40,"fill_ratio":1,"trailer_place":0}],"sal.livorno":[{"target":"marmo.firenze","urgency":0,"shortest_distance_km":110,"ferry_time":0,"ferry_price":0,"cargo":"cargo.digger500","company_truck":"daf_6x2_a","trailer_variant":"trailer.overweight.digger500","trailer_definition":"trailer_def.digger500.overweight.digger500","units_count":100,"fill_ratio":1,"trailer_place":0},{"target":"cargotras.livorno","urgency":2,"shortest_distance_km":34,"ferry_time":0,"ferry_price":0,"cargo":"cargo.logs","company_truck":"scania_streamline_4x2_a","trailer_variant":"trailer.scs_log","trailer_definition":"trailer_def.scs.log.single_3.steel","units_count":2,"fill_ratio":1,"trailer_place":0}],"cnp.napoli":[{"target":"te_logistica.sassari","urgency":2,"shortest_distance_km":218,"ferry_time":840,"ferry_price":879,"cargo":"cargo.petrol","company_truck":"renault_magnum_6x4_a","trailer_variant":"trailer.willig.fuel_cistern","trailer_definition":"trailer_def.petrol.willig.fuel_cistern","units_count":101,"fill_ratio":1,"trailer_place":0}],"spinelli.cassino":[{"target":"eolo_lines.napoli","urgency":0,"shortest_distance_km":171,"ferry_time":0,"ferry_price":0,"cargo":"cargo.moto_tires","company_truck":"renault_premium_4x2_a","trailer_variant":"trailer.scs_dry","trailer_definition":"trailer_def.scs.box.single_3.dryvan","units_count":33,"fill_ratio":1,"trailer_place":0},{"target":"cnp.napoli","urgency":1,"shortest_distance_km":169,"ferry_time":0,"ferry_price":0,"cargo":"cargo.empty_palet","company_truck":"iveco_4x2_c","trailer_variant":"trailer.scs_dry_m","trailer_definition":"trailer_def.scs.box.single_3.dryvan_m","units_count":33,"fill_ratio":1,"trailer_place":0}],"eolo_lines.palermo":[{"target":"c_navale.messina","urgency":0,"shortest_distance_km":208,"ferry_time":0,"ferry_price":0,"cargo":"cargo.motor_oil","company_truck":"scania_streamline_4x2_b","trailer_variant":"trailer.scs_dry","trailer_definition":"trailer_def.scs.box.single_3.dryvan","units_count":33,"fill_ratio":1,"trailer_place":0},{"target":"cesare_smar.sassari","urgency":0,"shortest_distance_km":216,"ferry_time":720,"ferry_price":778,"cargo":"cargo.carrots","company_truck":"renault_t_6x2","trailer_variant":"trailer.scs_dry_a","trailer_definition":"trailer_def.scs.box.single_3.dryvan","units_count":33,"fill_ratio":1,"trailer_place":0}],"eolo_lines.napoli":[{"target":"exomar.olbia","urgency":2,"shortest_distance_km":255,"ferry_time":840,"ferry_price":879,"cargo":"cargo.potatoes","company_truck":"scania_r_6x2_450","trailer_variant":"trailer.scs_curt_a","trailer_definition":"trailer_def.scs.box.single_3.curtain","units_count":33,"fill_ratio":1,"trailer_place":0},{"target":"te_logistica.firenze","urgency":0,"shortest_distance_km":527,"ferry_time":0,"ferry_price":0,"cargo":"cargo.clothes_c","company_truck":"scania_4x2_a","trailer_variant":"trailer.scs_gosck20","trailer_definition":"trailer_def.scs.gooseneck.singl_3e_20.container","units_count":15,"fill_ratio":1,"trailer_place":0},{"target":"te_logistica.cagliari","urgency":0,"shortest_distance_km":13,"ferry_time":840,"ferry_price":879,"cargo":"cargo.chem_sorbent","company_truck":"mercedes_6x4_a","trailer_variant":"trailer.scs_curt_a","trailer_definition":"trailer_def.scs.box.single_3.curtain","units_count":33,"fill_ratio":1,"trailer_place":0}],"exomar.roma":[{"target":"pp_chimica.roma","urgency":2,"shortest_distance_km":127,"ferry_time":0,"ferry_price":0,"cargo":"cargo.overweight","company_truck":"man_4x2_a","trailer_variant":"trailer.scs_flat_c_g","trailer_definition":"trailer_def.scs.flatbed.single_3.container","units_count":1,"fill_ratio":1,"trailer_place":0}],"quadrelli.pescara":[{"target":"tras_med.cagliari","urgency":1,"shortest_distance_km":297,"ferry_time":840,"ferry_price":879,"cargo":"cargo.excavator","company_truck":"man_4x2_a","trailer_variant":"trailer.overweight.excavator","trailer_definition":"trailer_def.excavator.overweight.excavator","units_count":100,"fill_ratio":1,"trailer_place":0}],"cargotras.olbia":[{"target":"exomar.olbia","urgency":0,"shortest_distance_km":2,"ferry_time":0,"ferry_price":0,"cargo":"cargo.car_it","company_truck":"scania_s_6x4_730","trailer_variant":"trailer.car_it","trailer_definition":"trailer_def.car_it.car_it","units_count":100,"fill_ratio":1,"trailer_place":0}],"tras_med.roma":[{"target":"exomar.roma","urgency":1,"shortest_distance_km":1,"ferry_time":0,"ferry_price":0,"cargo":"cargo.bottle_water","company_truck":"mercedes_actros_2014_6x2_a","trailer_variant":"trailer.scs_dry","trailer_definition":"trailer_def.scs.box.single_3.dryvan","units_count":33,"fill_ratio":1,"trailer_place":0}],"piac.napoli":[{"target":"exomar.olbia","urgency":0,"shortest_distance_km":260,"ferry_time":840,"ferry_price":879,"cargo":"cargo.car_it","company_truck":"mercedes_4x2","trailer_variant":"trailer.car_it","trailer_definition":"trailer_def.car_it.car_it","units_count":100,"fill_ratio":1,"trailer_place":0},{"target":"te_logistica.napoli","urgency":1,"shortest_distance_km":16,"ferry_time":0,"ferry_price":0,"cargo":"cargo.used_battery","company_truck":"scania_streamline_6x2_b","trailer_variant":"trailer.scs_curt_a","trailer_definition":"trailer_def.scs.box.single_3.curtain","units_count":33,"fill_ratio":1,"trailer_place":0},{"target":"exomar.olbia","urgency":1,"shortest_distance_km":260,"ferry_time":840,"ferry_price":879,"cargo":"cargo.used_packag","company_truck":"renault_t_4x2","trailer_variant":"trailer.scs_curt","trailer_definition":"trailer_def.scs.box.single_3.curtain","units_count":33,"fill_ratio":1,"trailer_place":0},{"target":"te_logistica.cagliari","urgency":0,"shortest_distance_km":17,"ferry_time":840,"ferry_price":879,"cargo":"cargo.used_plast","company_truck":"scania_streamline_4x2_a","trailer_variant":"trailer.scs_curt_s","trailer_definition":"trailer_def.scs.box.single_3.curtain","units_count":33,"fill_ratio":1,"trailer_place":0}],"cargotras.catanzaro":[{"target":"exomar.ancona","urgency":1,"shortest_distance_km":713,"ferry_time":0,"ferry_price":0,"cargo":"cargo.coal","company_truck":"daf_4x2_b","trailer_variant":"trailer.s_ki_solid.coal","trailer_definition":"trailer_def.coal.s_ki_solid.coal","units_count":100,"fill_ratio":1,"trailer_place":0}],"exomar.taranto":[{"target":"tras_med.bari","urgency":0,"shortest_distance_km":85,"ferry_time":0,"ferry_price":0,"cargo":"cargo.vinegar","company_truck":"daf_4x2_a","trailer_variant":"trailer.scs_dry_m","trailer_definition":"trailer_def.scs.box.single_3.dryvan_m","units_count":33,"fill_ratio":1,"trailer_place":0}],"piac.bologna":[{"target":"cargotras.livorno","urgency":1,"shortest_distance_km":211,"ferry_time":0,"ferry_price":0,"cargo":"cargo.used_packag","company_truck":"mercedes_4x2","trailer_variant":"trailer.scs_curt_s","trailer_definition":"trailer_def.scs.box.single_3.curtain","units_count":33,"fill_ratio":1,"trailer_place":0},{"target":"te_logistica.firenze","urgency":0,"shortest_distance_km":138,"ferry_time":0,"ferry_price":0,"cargo":"cargo.used_plast","company_truck":"scania_6x2_b","trailer_variant":"trailer.scs_dry","trailer_definition":"trailer_def.scs.box.single_3.dryvan","units_count":33,"fill_ratio":1,"trailer_place":0}],"fui.olbia":[{"target":"tras_med.roma","urgency":0,"shortest_distance_km":488,"ferry_time":840,"ferry_price":879,"cargo":"cargo.carrots","company_truck":"man_4x2_c","trailer_variant":"trailer.scs_dry_s","trailer_definition":"trailer_def.scs.box.single_3.dryvan","units_count":33,"fill_ratio":1,"trailer_place":0},{"target":"tesore_gust.firenze","urgency":2,"shortest_distance_km":715,"ferry_time":840,"ferry_price":879,"cargo":"cargo.nuts","company_truck":"renault_t_6x2","trailer_variant":"trailer.scs_dry_ms","trailer_definition":"trailer_def.scs.box.single_3.dryvan_m","units_count":33,"fill_ratio":1,"trailer_place":0}],"cnp.taranto":[{"target":"acc.taranto","urgency":0,"shortest_distance_km":9,"ferry_time":0,"ferry_price":0,"cargo":"cargo.motor_oil","company_truck":"renault_t_6x2","trailer_variant":"trailer.scs_curt_s","trailer_definition":"trailer_def.scs.box.single_3.curtain","units_count":33,"fill_ratio":1,"trailer_place":0},{"target":"pp_chimica.olbia","urgency":1,"shortest_distance_km":453,"ferry_time":840,"ferry_price":879,"cargo":"cargo.motor_oil_c","company_truck":"mercedes_4x2_c","trailer_variant":"trailer.scs_flat_c_g","trailer_definition":"trailer_def.scs.flatbed.single_3.container","units_count":33,"fill_ratio":1,"trailer_place":0},{"target":"te_logistica.messina","urgency":1,"shortest_distance_km":361,"ferry_time":20,"ferry_price":347,"cargo":"cargo.fueltanker","company_truck":"renault_t_4x2h","trailer_variant":"trailer.scs_gosck40","trailer_definition":"trailer_def.scs.gooseneck.singl_3e_40.container","units_count":80,"fill_ratio":1,"trailer_place":0}],"libellula.bologna":[{"target":"te_logistica.firenze","urgency":1,"shortest_distance_km":116,"ferry_time":0,"ferry_price":0,"cargo":"cargo.used_packag","company_truck":"man_6x4_b","trailer_variant":"trailer.scs_dry_a","trailer_definition":"trailer_def.scs.box.single_3.dryvan","units_count":33,"fill_ratio":1,"trailer_place":0}],"euroacres.wien":[{"target":"ika_bohag.ancona","urgency":1,"shortest_distance_km":957,"ferry_time":0,"ferry_price":0,"cargo":"cargo.grass_rolls","company_truck":"mercedes_actros_2014_6x2_a","trailer_variant":"trailer.scs_dry","trailer_definition":"trailer_def.scs.box.single_3.dryvan","units_count":33,"fill_ratio":1,"trailer_place":0}],"comoto.suzzara":[{"target":"exomar.bologna","urgency":2,"shortest_distance_km":156,"ferry_time":0,"ferry_price":0,"cargo":"cargo.iveco_vans","company_truck":"daf_xf_euro6_4x2_c","trailer_variant":"trailer.van_trans_id","trailer_definition":"trailer_def.iveco_vans.van_trans_id","units_count":100,"fill_ratio":1,"trailer_place":0}],"tradeaux.geneve":[{"target":"te_logistica.firenze","urgency":2,"shortest_distance_km":697,"ferry_time":0,"ferry_price":0,"cargo":"cargo.cheese","company_truck":"renault_magnum_6x4_a","trailer_variant":"trailer.scs_ins_a","trailer_definition":"trailer_def.scs.box.single_3.insulated","units_count":33,"fill_ratio":1,"trailer_place":0},{"target":"te_logistica.firenze","urgency":2,"shortest_distance_km":697,"ferry_time":0,"ferry_price":0,"cargo":"cargo.sand","company_truck":"mercedes_6x4_a","trailer_variant":"trailer.s_ki_solid.sand","trailer_definition":"trailer_def.sand.s_ki_solid.sand","units_count":100,"fill_ratio":1,"trailer_place":0}],"ika_bohag.firenze":[{"target":"exomar.olbia","urgency":1,"shortest_distance_km":812,"ferry_time":840,"ferry_price":879,"cargo":"cargo.empty_palet","company_truck":"renault_magnum_6x2_a","trailer_variant":"trailer.scs_dry","trailer_definition":"trailer_def.scs.box.single_3.dryvan","units_count":33,"fill_ratio":1,"trailer_place":0}],"aaa.roma":[{"target":"tras_med.cagliari","urgency":0,"shortest_distance_km":302,"ferry_time":840,"ferry_price":879,"cargo":"cargo.scooters","company_truck":"scania_streamline_4x2_a","trailer_variant":"trailer.scs_dry_s","trailer_definition":"trailer_def.scs.box.single_3.dryvan","units_count":33,"fill_ratio":1,"trailer_place":0}],"fattoria_f.roma":[{"target":"tesore_gust.roma","urgency":2,"shortest_distance_km":147,"ferry_time":0,"ferry_price":0,"cargo":"cargo.prosciutto","company_truck":"renault_premium_6x2_a","trailer_variant":"trailer.scs_ins","trailer_definition":"trailer_def.scs.box.single_3.insulated","units_count":33,"fill_ratio":1,"trailer_place":0},{"target":"tesore_gust.napoli","urgency":0,"shortest_distance_km":191,"ferry_time":0,"ferry_price":0,"cargo":"cargo.beef_meat","company_truck":"scania_r_4x2_370","trailer_variant":"trailer.scs_ref_s","trailer_definition":"trailer_def.scs.box.single_3.reefer","units_count":33,"fill_ratio":1,"trailer_place":0}],"te_logistica.messina":[{"target":"cesare_smar.palermo","urgency":1,"shortest_distance_km":209,"ferry_time":0,"ferry_price":0,"cargo":"cargo.milk_t","company_truck":"scania_6x2_b","trailer_variant":"trailer.scs_fodt","trailer_definition":"trailer_def.scs.foodtank.single_3.paint","units_count":27,"fill_ratio":1,"trailer_place":0},{"target":"acc.catania","urgency":2,"shortest_distance_km":141,"ferry_time":0,"ferry_price":0,"cargo":"cargo.hipresstank","company_truck":"iveco_4x2_c","trailer_variant":"trailer.scs_flat_b","trailer_definition":"trailer_def.scs.flatbed.single_3.flatbed_w","units_count":2,"fill_ratio":1,"trailer_place":0},{"target":"cesare_smar.palermo","urgency":1,"shortest_distance_km":209,"ferry_time":0,"ferry_price":0,"cargo":"cargo.rice_c","company_truck":"scania_4x2_c","trailer_variant":"trailer.scs_gosck220","trailer_definition":"trailer_def.scs.gooseneck.singl_3e_220.container","units_count":30,"fill_ratio":1,"trailer_place":0}],"cnp.ancona":[{"target":"cargotras.pescara","urgency":0,"shortest_distance_km":224,"ferry_time":0,"ferry_price":0,"cargo":"cargo.carbn_pwdr_c","company_truck":"daf_xf_euro6_4x2_a","trailer_variant":"trailer.scs_gosck220","trailer_definition":"trailer_def.scs.gooseneck.singl_3e_220.container","units_count":30,"fill_ratio":1,"trailer_place":0},{"target":"pp_chimica.terni","urgency":0,"shortest_distance_km":156,"ferry_time":0,"ferry_price":0,"cargo":"cargo.motor_oil","company_truck":"daf_xf_euro6_6x4_c","trailer_variant":"trailer.scs_curt","trailer_definition":"trailer_def.scs.box.single_3.curtain","units_count":33,"fill_ratio":1,"trailer_place":0}],"te_logistica.napoli":[{"target":"tras_med.roma","urgency":0,"shortest_distance_km":232,"ferry_time":0,"ferry_price":0,"cargo":"cargo.precast_strs","company_truck":"man_6x4_b","trailer_variant":"trailer.scs_curt_s","trailer_definition":"trailer_def.scs.box.single_3.curtain","units_count":33,"fill_ratio":1,"trailer_place":0},{"target":"exomar.roma","urgency":0,"shortest_distance_km":219,"ferry_time":0,"ferry_price":0,"cargo":"cargo.mason_jars","company_truck":"mercedes_actros_2014_4x2_c","trailer_variant":"trailer.scs_curt_s","trailer_definition":"trailer_def.scs.box.single_3.curtain","units_count":33,"fill_ratio":1,"trailer_place":0},{"target":"cargotras.sassari","urgency":1,"shortest_distance_km":238,"ferry_time":840,"ferry_price":879,"cargo":"cargo.nonalco_beer","company_truck":"daf_xf_euro6_4x2_a","trailer_variant":"trailer.scs_dry_ms","trailer_definition":"trailer_def.scs.box.single_3.dryvan_m","units_count":33,"fill_ratio":1,"trailer_place":0}],"cnp.livorno":[{"target":"te_logistica.napoli","urgency":2,"shortest_distance_km":543,"ferry_time":0,"ferry_price":0,"cargo":"cargo.petrol","company_truck":"man_6x4_b","trailer_variant":"trailer.willig.fuel_cistern","trailer_definition":"trailer_def.petrol.willig.fuel_cistern","units_count":101,"fill_ratio":1,"trailer_place":0}],"sanbuilders.london":[{"target":"exomar.ancona","urgency":2,"shortest_distance_km":1693,"ferry_time":35,"ferry_price":300,"cargo":"cargo.digger1000","company_truck":"renault_t_6x2","trailer_variant":"trailer.overweight.digger1000","trailer_definition":"trailer_def.digger1000.overweight.digger1000","units_count":100,"fill_ratio":1,"trailer_place":0}],"euroacres.torino":[{"target":"te_logistica.cagliari","urgency":1,"shortest_distance_km":927,"ferry_time":840,"ferry_price":879,"cargo":"cargo.milk_t","company_truck":"scania_streamline_4x2_c","trailer_variant":"trailer.scs_fodt","trailer_definition":"trailer_def.scs.foodtank.single_3.paint","units_count":27,"fill_ratio":1,"trailer_place":0}],"fui.catania":[{"target":"cargotras.palermo","urgency":2,"shortest_distance_km":166,"ferry_time":0,"ferry_price":0,"cargo":"cargo.frsh_herbs","company_truck":"renault_t_4x2","trailer_variant":"trailer.scs_ref_s","trailer_definition":"trailer_def.scs.box.single_3.reefer","units_count":33,"fill_ratio":1,"trailer_place":0},{"target":"tras_med.catania","urgency":2,"shortest_distance_km":94,"ferry_time":0,"ferry_price":0,"cargo":"cargo.potatoes","company_truck":"scania_r_6x4_650","trailer_variant":"trailer.scs_dry","trailer_definition":"trailer_def.scs.box.single_3.dryvan","units_count":33,"fill_ratio":1,"trailer_place":0}],"eolo_lines.messina":[{"target":"cesare_smar.palermo","urgency":0,"shortest_distance_km":209,"ferry_time":0,"ferry_price":0,"cargo":"cargo.clothes","company_truck":"renault_premium_6x2_a","trailer_variant":"trailer.scs_dry_a","trailer_definition":"trailer_def.scs.box.single_3.dryvan","units_count":33,"fill_ratio":1,"trailer_place":0}],"libellula.milano":[{"target":"lkwlog.venezia","urgency":0,"shortest_distance_km":332,"ferry_time":0,"ferry_price":0,"cargo":"cargo.scooters","company_truck":"mercedes_actros_2014_6x4_b","trailer_variant":"trailer.scs_dry_a","trailer_definition":"trailer_def.scs.box.single_3.dryvan","units_count":33,"fill_ratio":1,"trailer_place":0}],"cesare_smar.pescara":[{"target":"exomar.ancona","urgency":0,"shortest_distance_km":182,"ferry_time":0,"ferry_price":0,"cargo":"cargo.used_plast","company_truck":"daf_xf_euro6_4x2_c","trailer_variant":"trailer.scs_curt_a","trailer_definition":"trailer_def.scs.box.single_3.curtain","units_count":33,"fill_ratio":1,"trailer_place":0}],"spinelli.milano":[{"target":"te_logistica.firenze","urgency":0,"shortest_distance_km":348,"ferry_time":0,"ferry_price":0,"cargo":"cargo.scrap_metals","company_truck":"scania_streamline_6x2_b","trailer_variant":"trailer.s_ki_solid.cover","trailer_definition":"trailer_def.scrap_metals.s_ki_solid.cover","units_count":100,"fill_ratio":1,"trailer_place":0},{"target":"exomar.ancona","urgency":1,"shortest_distance_km":543,"ferry_time":0,"ferry_price":0,"cargo":"cargo.used_packag","company_truck":"scania_s_6x2_450","trailer_variant":"trailer.scs_dry_ms","trailer_definition":"trailer_def.scs.box.single_3.dryvan_m","units_count":33,"fill_ratio":1,"trailer_place":0}],"fui.roma":[{"target":"te_logistica.napoli","urgency":2,"shortest_distance_km":333,"ferry_time":0,"ferry_price":0,"cargo":"cargo.nuts","company_truck":"mercedes_actros_2014_4x2_c","trailer_variant":"trailer.scs_dry_a","trailer_definition":"trailer_def.scs.box.single_3.dryvan","units_count":33,"fill_ratio":1,"trailer_place":0}],"kaarfor.dortmund":[{"target":"te_logistica.messina","urgency":1,"shortest_distance_km":2141,"ferry_time":20,"ferry_price":347,"cargo":"cargo.empty_palet","company_truck":"man_tgx_euro6_6x4_xlx","trailer_variant":"trailer.scs_curt","trailer_definition":"trailer_def.scs.box.single_3.curtain","units_count":33,"fill_ratio":1,"trailer_place":0}],"quadrelli.catania":[{"target":"fui.olbia","urgency":0,"shortest_distance_km":454,"ferry_time":720,"ferry_price":778,"cargo":"cargo.excav_soil","company_truck":"renault_magnum_4x2_a","trailer_variant":"trailer.s_ki_solid.cover","trailer_definition":"trailer_def.excav_soil.s_ki_solid.cover","units_count":100,"fill_ratio":1,"trailer_place":0},{"target":"costruzi_fla.catanzaro","urgency":0,"shortest_distance_km":346,"ferry_time":20,"ferry_price":347,"cargo":"cargo.marb_blck2","company_truck":"scania_streamline_4x2_c","trailer_variant":"trailer.scs_flat_c_r","trailer_definition":"trailer_def.scs.flatbed.single_3.container","units_count":2,"fill_ratio":1,"trailer_place":0},{"target":"te_logistica.messina","urgency":1,"shortest_distance_km":185,"ferry_time":0,"ferry_price":0,"cargo":"cargo.gravel","company_truck":"scania_4x2_c","trailer_variant":"trailer.s_ki_solid.gravel","trailer_definition":"trailer_def.gravel.s_ki_solid.gravel","units_count":100,"fill_ratio":1,"trailer_place":0}],"eolo_lines.sangiovanni":[{"target":"ika_bohag.catania","urgency":0,"shortest_distance_km":141,"ferry_time":20,"ferry_price":347,"cargo":"cargo.furniture","company_truck":"mercedes_actros_2014_4x2_a","trailer_variant":"trailer.scs_dry","trailer_definition":"trailer_def.scs.box.single_3.dryvan","units_count":33,"fill_ratio":1,"trailer_place":0}],"exomar.olbia":[{"target":"cesare_smar.pescara","urgency":2,"shortest_distance_km":544,"ferry_time":840,"ferry_price":879,"cargo":"cargo.toys","company_truck":"daf_4x2_a","trailer_variant":"trailer.scs_dry_m","trailer_definition":"trailer_def.scs.box.single_3.dryvan_m","units_count":33,"fill_ratio":1,"trailer_place":0}],"bcp.verona":[{"target":"sal.sassari","urgency":0,"shortest_distance_km":930,"ferry_time":840,"ferry_price":879,"cargo":"cargo.digger500","company_truck":"man_4x2_c","trailer_variant":"trailer.overweight.digger500","trailer_definition":"trailer_def.digger500.overweight.digger500","units_count":100,"fill_ratio":1,"trailer_place":0}],"cesare_smar.palermo":[{"target":"cargotras.olbia","urgency":1,"shortest_distance_km":260,"ferry_time":720,"ferry_price":778,"cargo":"cargo.empty_palet","company_truck":"man_6x4_b","trailer_variant":"trailer.scs_curt_a","trailer_definition":"trailer_def.scs.box.single_3.curtain","units_count":33,"fill_ratio":1,"trailer_place":0},{"target":"te_logistica.messina","urgency":2,"shortest_distance_km":206,"ferry_time":0,"ferry_price":0,"cargo":"cargo.used_plast_c","company_truck":"scania_r_6x4_650","trailer_variant":"trailer.scs_gosck40","trailer_definition":"trailer_def.scs.gooseneck.singl_3e_40.container","units_count":30,"fill_ratio":1,"trailer_place":0},{"target":"exomar.olbia","urgency":0,"shortest_distance_km":259,"ferry_time":720,"ferry_price":778,"cargo":"cargo.used_plast","company_truck":"mercedes_4x2_a","trailer_variant":"trailer.scs_dry_s","trailer_definition":"trailer_def.scs.box.single_3.dryvan","units_count":33,"fill_ratio":1,"trailer_place":0}],"sellplan.venezia":[{"target":"tesore_gust.parma","urgency":1,"shortest_distance_km":251,"ferry_time":0,"ferry_price":0,"cargo":"cargo.empty_palet","company_truck":"scania_s_4x2_370","trailer_variant":"trailer.scs_curt_a","trailer_definition":"trailer_def.scs.box.single_3.curtain","units_count":33,"fill_ratio":1,"trailer_place":0},{"target":"exomar.bologna","urgency":1,"shortest_distance_km":181,"ferry_time":0,"ferry_price":0,"cargo":"cargo.used_packag","company_truck":"mercedes_actros_2014_4x2_a","trailer_variant":"trailer.scs_curt","trailer_definition":"trailer_def.scs.box.single_3.curtain","units_count":33,"fill_ratio":1,"trailer_place":0}],"sellplan.groningen":[{"target":"tesore_gust.parma","urgency":1,"shortest_distance_km":1302,"ferry_time":0,"ferry_price":0,"cargo":"cargo.empty_palet","company_truck":"iveco_4x2_a","trailer_variant":"trailer.scs_curt_s","trailer_definition":"trailer_def.scs.box.single_3.curtain","units_count":33,"fill_ratio":1,"trailer_place":0}],"cargotras.pescara":[{"target":"tesore_gust.roma","urgency":0,"shortest_distance_km":267,"ferry_time":0,"ferry_price":0,"cargo":"cargo.sugar","company_truck":"renault_magnum_6x4_a","trailer_variant":"trailer.scs_curt_a","trailer_definition":"trailer_def.scs.box.single_3.curtain","units_count":33,"fill_ratio":1,"trailer_place":0},{"target":"te_logistica.parma","urgency":1,"shortest_distance_km":519,"ferry_time":0,"ferry_price":0,"cargo":"cargo.coal","company_truck":"daf_xf_euro6_6x2_a","trailer_variant":"trailer.s_ki_solid.coal","trailer_definition":"trailer_def.coal.s_ki_solid.coal","units_count":100,"fill_ratio":1,"trailer_place":0}],"cont_port_it.ancona":[{"target":"exomar.ancona","urgency":1,"shortest_distance_km":96,"ferry_time":0,"ferry_price":0,"cargo":"cargo.apples_c","company_truck":"man_6x4_b","trailer_variant":"trailer.scs_flat_c_g","trailer_definition":"trailer_def.scs.flatbed.single_3.container","units_count":33,"fill_ratio":1,"trailer_place":0},{"target":"exomar.ancona","urgency":2,"shortest_distance_km":96,"ferry_time":0,"ferry_price":0,"cargo":"cargo.chem_sorb_c","company_truck":"renault_t_4x2h","trailer_variant":"trailer.scs_gosck20","trailer_definition":"trailer_def.scs.gooseneck.singl_3e_20.container","units_count":15,"fill_ratio":1,"trailer_place":0}]}