{"lkwlog.felixstowe":[{"target":"sanbuilders.newcastle","urgency":1,"shortest_distance_km":524,"ferry_time":0,"ferry_price":0,"cargo":"cargo.roller","company_truck":"man_4x2_a","trailer_variant":"trailer.overweight.roller","trailer_definition":"trailer_def.roller.overweight.roller","units_count":100,"fill_ratio":1,"trailer_place":0}],"trameri.strasbourg":[{"target":"renar.turku","urgency":0,"shortest_distance_km":1885,"ferry_time":540,"ferry_price":1170,"cargo":"cargo.tube","company_truck":"man_6x4_b","trailer_variant":"trailer.overweight.tube","trailer_definition":"trailer_def.tube.overweight.tube","units_count":100,"fill_ratio":1,"trailer_place":0}],"posped.warszawa":[{"target":"sanbuilders.warszawa","urgency":0,"shortest_distance_km":3,"ferry_time":0,"ferry_price":0,"cargo":"cargo.tube","company_truck":"mercedes_actros_2014_4x2_a","trailer_variant":"trailer.overweight.tube","trailer_definition":"trailer_def.tube.overweight.tube","units_count":94,"fill_ratio":1,"trailer_place":0}],"sanbuilders.erfurt":[{"target":"tradeaux.hannover","urgency":1,"shortest_distance_km":250,"ferry_time":0,"ferry_price":0,"cargo":"cargo.roller","company_truck":"mercedes_4x2","trailer_variant":"trailer.overweight.roller","trailer_definition":"trailer_def.roller.overweight.roller","units_count":100,"fill_ratio":1,"trailer_place":0}],"te_logistica.napoli":[{"target":"exomar.ancona","urgency":0,"shortest_distance_km":395,"ferry_time":0,"ferry_price":0,"cargo":"cargo.tube","company_truck":"iveco_4x2_b","trailer_variant":"trailer.overweight.tube","trailer_definition":"trailer_def.tube.overweight.tube","units_count":100,"fill_ratio":1,"trailer_place":0}],"trameri.amsterdam":[{"target":"quarry.salzburg","urgency":0,"shortest_distance_km":1075,"ferry_time":0,"ferry_price":0,"cargo":"cargo.tube","company_truck":"man_4x2_c","trailer_variant":"trailer.overweight.tube","trailer_definition":"trailer_def.tube.overweight.tube","units_count":100,"fill_ratio":1,"trailer_place":0}],"trameri.swansea":[{"target":"nbfc.london","urgency":0,"shortest_distance_km":360,"ferry_time":0,"ferry_price":0,"cargo":"cargo.tube","company_truck":"scania_4x2_a","trailer_variant":"trailer.overweight.tube","trailer_definition":"trailer_def.tube.overweight.tube","units_count":94,"fill_ratio":1,"trailer_place":0}],"sanbuilders.birmingham":[{"target":"stokes.cardiff","urgency":1,"shortest_distance_km":229,"ferry_time":0,"ferry_price":0,"cargo":"cargo.roller","company_truck":"renault_premium_4x2_c","trailer_variant":"trailer.overweight.roller","trailer_definition":"trailer_def.roller.overweight.roller","units_count":100,"fill_ratio":1,"trailer_place":0}],"sanbuilders.edinburgh":[{"target":"tradeaux.felixstowe","urgency":1,"shortest_distance_km":667,"ferry_time":0,"ferry_price":0,"cargo":"cargo.roller","company_truck":"man_tgx_euro6_4x2_xxl","trailer_variant":"trailer.overweight.roller","trailer_definition":"trailer_def.roller.overweight.roller","units_count":100,"fill_ratio":1,"trailer_place":0}]}