{"renar.vaxjo":[{"target":"gnt.helsingborg","urgency":1,"shortest_distance_km":174,"ferry_time":0,"ferry_price":0,"cargo":"cargo.graph_grease","company_truck":"mercedes_6x4_a","trailer_variant":"trailer.scs_dry_ms","trailer_definition":"trailer_def.scs.box.single_3.dryvan_m","units_count":33,"fill_ratio":1,"trailer_place":0}],"posped.birmingham":[{"target":"transinet.rotterdam","urgency":2,"shortest_distance_km":752,"ferry_time":35,"ferry_price":300,"cargo":"cargo.pet_food","company_truck":"daf_xf_euro6_4x2_b","trailer_variant":"trailer.scs_dry_a","trailer_definition":"trailer_def.scs.box.single_3.dryvan","units_count":33,"fill_ratio":1,"trailer_place":0}],"voitureux.paris":[{"target":"gnt.kalmar","urgency":1,"shortest_distance_km":1706,"ferry_time":0,"ferry_price":0,"cargo":"cargo.empty_palet","company_truck":"man_6x4_b","trailer_variant":"trailer.scs_dry_a","trailer_definition":"trailer_def.scs.box.single_3.dryvan","units_count":33,"fill_ratio":1,"trailer_place":0}],"norrsken.goteborg":[{"target":"gnt.kalmar","urgency":1,"shortest_distance_km":332,"ferry_time":0,"ferry_price":0,"cargo":"cargo.grapes","company_truck":"double/daf_4x2_a","trailer_variant":"trailer.scs_ref_b2","trailer_definition":"trailer_def.scs.box.bdouble_3_3.reefer","units_count":53,"fill_ratio":1,"trailer_place":0},{"target":"norr_food.helsingborg","urgency":0,"shortest_distance_km":207,"ferry_time":0,"ferry_price":0,"cargo":"cargo.peas","company_truck":"double/renault_t_4x2h","trailer_variant":"trailer.scs_curt_b2","trailer_definition":"trailer_def.scs.box.bdouble_3_3.curtain","units_count":53,"fill_ratio":1,"trailer_place":0}],"drekkar.bergen":[{"target":"norr_food.helsingborg","urgency":2,"shortest_distance_km":941,"ferry_time":0,"ferry_price":0,"cargo":"cargo.oranges","company_truck":"double/renault_premium_4x2_a","trailer_variant":"trailer.scs_ref_2","trailer_definition":"trailer_def.scs.box.double_3_2.reefer","units_count":53,"fill_ratio":1,"trailer_place":0},{"target":"gnt.bergen","urgency":2,"shortest_distance_km":13,"ferry_time":0,"ferry_price":0,"cargo":"cargo.transmis","company_truck":"scania_s_6x2_450","trailer_variant":"trailer.scs_dry","trailer_definition":"trailer_def.scs.box.single_3.dryvan","units_count":33,"fill_ratio":1,"trailer_place":0},{"target":"polarislines.bergen","urgency":1,"shortest_distance_km":15,"ferry_time":0,"ferry_price":0,"cargo":"cargo.vinegar_c","company_truck":"daf_xf_euro6_4x2_b","trailer_variant":"trailer.scs_gosck20","trailer_definition":"trailer_def.scs.gooseneck.singl_3e_20.container","units_count":15,"fill_ratio":1,"trailer_place":0}],"nbfc.aberdeen":[{"target":"ns_oil.goteborg","urgency":1,"shortest_distance_km":967,"ferry_time":1335,"ferry_price":1991,"cargo":"cargo.motor_oil_c","company_truck":"scania_streamline_4x2_a","trailer_variant":"trailer.scs_gosck40","trailer_definition":"trailer_def.scs.gooseneck.singl_3e_40.container","units_count":30,"fill_ratio":1,"trailer_place":0}],"norr_food.vaxjo":[{"target":"gnt.jonkoping","urgency":0,"shortest_distance_km":103,"ferry_time":0,"ferry_price":0,"cargo":"cargo.used_plast","company_truck":"iveco_6x2_a","trailer_variant":"trailer.scs_dry_s","trailer_definition":"trailer_def.scs.box.single_3.dryvan","units_count":33,"fill_ratio":1,"trailer_place":0}],"agronord.esbjerg":[{"target":"polarislines.esbjerg","urgency":0,"shortest_distance_km":92,"ferry_time":0,"ferry_price":0,"cargo":"cargo.maple_syrup","company_truck":"scania_4x2_c","trailer_variant":"trailer.scs_curt_s","trailer_definition":"trailer_def.scs.box.single_3.curtain","units_count":33,"fill_ratio":1,"trailer_place":0},{"target":"norrsken.aalborg","urgency":0,"shortest_distance_km":262,"ferry_time":0,"ferry_price":0,"cargo":"cargo.carrots_c","company_truck":"mercedes_4x2_c","trailer_variant":"trailer.scs_gosck20","trailer_definition":"trailer_def.scs.gooseneck.singl_3e_20.container","units_count":15,"fill_ratio":1,"trailer_place":0},{"target":"norr_food.linkoping","urgency":0,"shortest_distance_km":546,"ferry_time":195,"ferry_price":677,"cargo":"cargo.honey","company_truck":"iveco_4x2_c","trailer_variant":"trailer.scs_curt_s","trailer_definition":"trailer_def.scs.box.single_3.curtain","units_count":33,"fill_ratio":1,"trailer_place":0}],"eurogoodies.liverpool":[{"target":"tradeaux.grimsby","urgency":2,"shortest_distance_km":269,"ferry_time":0,"ferry_price":0,"cargo":"cargo.pet_food","company_truck":"iveco_4x2_b","trailer_variant":"trailer.scs_dry_m","trailer_definition":"trailer_def.scs.box.single_3.dryvan_m","units_count":33,"fill_ratio":1,"trailer_place":0}],"polar_fish.goteborg":[{"target":"norr_food.oslo","urgency":2,"shortest_distance_km":317,"ferry_time":0,"ferry_price":0,"cargo":"cargo.caviar","company_truck":"renault_t_4x2h","trailer_variant":"trailer.scs_ref_a","trailer_definition":"trailer_def.scs.box.single_3.reefer","units_count":33,"fill_ratio":1,"trailer_place":0},{"target":"polarislines.karlskrona","urgency":2,"shortest_distance_km":383,"ferry_time":0,"ferry_price":0,"cargo":"cargo.smokd_sprats","company_truck":"man_6x4_b","trailer_variant":"trailer.scs_ref_2","trailer_definition":"trailer_def.scs.box.double_3_2.reefer","units_count":53,"fill_ratio":1,"trailer_place":0}],"scania_fac.sodertalje":[{"target":"renar.vaxjo","urgency":1,"shortest_distance_km":372,"ferry_time":0,"ferry_price":0,"cargo":"cargo.empty_palet","company_truck":"renault_t_6x2","trailer_variant":"trailer.scs_dry_a","trailer_definition":"trailer_def.scs.box.single_3.dryvan","units_count":33,"fill_ratio":1,"trailer_place":0},{"target":"renar.vasteraas","urgency":0,"shortest_distance_km":161,"ferry_time":0,"ferry_price":0,"cargo":"cargo.empty_barr","company_truck":"double/renault_premium_4x2_a","trailer_variant":"trailer.scs_curt_b2","trailer_definition":"trailer_def.scs.box.bdouble_3_3.curtain","units_count":53,"fill_ratio":1,"trailer_place":0}],"konstnr_wind.gedser":[{"target":"drekkar.karlskrona","urgency":1,"shortest_distance_km":353,"ferry_time":0,"ferry_price":0,"cargo":"cargo.empty_palet","company_truck":"scania_streamline_6x2_b","trailer_variant":"trailer.scs_dry_m","trailer_definition":"trailer_def.scs.box.single_3.dryvan_m","units_count":33,"fill_ratio":1,"trailer_place":0},{"target":"norr_food.odense","urgency":1,"shortest_distance_km":198,"ferry_time":0,"ferry_price":0,"cargo":"cargo.forklifts","company_truck":"scania_streamline_4x2_c","trailer_variant":"trailer.overweight.forklifts","trailer_definition":"trailer_def.forklifts.overweight.forklifts","units_count":100,"fill_ratio":1,"trailer_place":0}],"transinet.brussel":[{"target":"tradeaux.felixstowe","urgency":1,"shortest_distance_km":497,"ferry_time":35,"ferry_price":300,"cargo":"cargo.volvo_cars","company_truck":"man_4x2_a","trailer_variant":"trailer.car_volvo","trailer_definition":"trailer_def.volvo_cars.car_volvo","units_count":100,"fill_ratio":1,"trailer_place":0}],"polarislines.kristiansand":[{"target":"renar.stavanger","urgency":0,"shortest_distance_km":193,"ferry_time":0,"ferry_price":0,"cargo":"cargo.plant_substr","company_truck":"man_4x2_c","trailer_variant":"trailer.scs_brick_r","trailer_definition":"trailer_def.scs.flatbed.single_3.brick","units_count":33,"fill_ratio":1,"trailer_place":0},{"target":"renar.stavanger","urgency":0,"shortest_distance_km":193,"ferry_time":0,"ferry_price":0,"cargo":"cargo.flour","company_truck":"double/man_euro6_4x2_xxl","trailer_variant":"trailer.scs_curt_2","trailer_definition":"trailer_def.scs.box.double_3_2.curtain","units_count":53,"fill_ratio":1,"trailer_place":0},{"target":"renar.vaxjo","urgency":0,"shortest_distance_km":770,"ferry_time":0,"ferry_price":0,"cargo":"cargo.elect_wiring","company_truck":"double/scania_4x2_a","trailer_variant":"trailer.scs_dry_2","trailer_definition":"trailer_def.scs.box.double_3_2.dryvan","units_count":53,"fill_ratio":1,"trailer_place":0}],"transinet.sheffield":[{"target":"eurogoodies.metz","urgency":0,"shortest_distance_km":910,"ferry_time":35,"ferry_price":300,"cargo":"cargo.atl_cod_flt","company_truck":"scania_r_6x4_650","trailer_variant":"trailer.scs_ref_s","trailer_definition":"trailer_def.scs.box.single_3.reefer","units_count":33,"fill_ratio":1,"trailer_place":0}],"wgcc.manchester":[{"target":"agronord.esbjerg","urgency":1,"shortest_distance_km":283,"ferry_time":1140,"ferry_price":1314,"cargo":"cargo.potassium","company_truck":"scania_s_4x2_580","trailer_variant":"trailer.scs_flat_c_r","trailer_definition":"trailer_def.scs.flatbed.single_3.container","units_count":87,"fill_ratio":1,"trailer_place":0}],"nbfc.duisburg":[{"target":"ns_chem.kristiansand","urgency":2,"shortest_distance_km":862,"ferry_time":195,"ferry_price":1052,"cargo":"cargo.nitrocel","company_truck":"daf_xf_euro6_6x2_a","trailer_variant":"trailer.scs_gosck220","trailer_definition":"trailer_def.scs.gooseneck.singl_3e_220.container","units_count":80,"fill_ratio":1,"trailer_place":0}],"euroacres.liverpool":[{"target":"eurogoodies.liverpool","urgency":0,"shortest_distance_km":13,"ferry_time":0,"ferry_price":0,"cargo":"cargo.rye","company_truck":"mercedes_actros_2014_6x2_a","trailer_variant":"trailer.s_ki_solid.cover","trailer_definition":"trailer_def.rye.s_ki_solid.cover","units_count":100,"fill_ratio":1,"trailer_place":0}],"eurogoodies.munchen":[{"target":"sellplan.torino","urgency":0,"shortest_distance_km":733,"ferry_time":0,"ferry_price":0,"cargo":"cargo.salm_fillet","company_truck":"daf_xf_euro6_4x2_b","trailer_variant":"trailer.scs_ref_s","trailer_definition":"trailer_def.scs.box.single_3.reefer","units_count":33,"fill_ratio":1,"trailer_place":0}],"norr_food.kobenhavn":[{"target":"renar.kobenhavn","urgency":0,"shortest_distance_km":1,"ferry_time":0,"ferry_price":0,"cargo":"cargo.used_plast","company_truck":"daf_4x2_b","trailer_variant":"trailer.scs_curt_a","trailer_definition":"trailer_def.scs.box.single_3.curtain","units_count":33,"fill_ratio":1,"trailer_place":0}],"ns_chem.malmo":[{"target":"agronord.kalmar","urgency":1,"shortest_distance_km":301,"ferry_time":0,"ferry_price":0,"cargo":"cargo.potassium","company_truck":"scania_r_4x2_520","trailer_variant":"trailer.scs_gosck40","trailer_definition":"trailer_def.scs.gooseneck.singl_3e_40.container","units_count":80,"fill_ratio":1,"trailer_place":0}],"tree_et.metz":[{"target":"posped.koln","urgency":0,"shortest_distance_km":344,"ferry_time":0,"ferry_price":0,"cargo":"cargo.wood_bark","company_truck":"scania_s_6x4_730","trailer_variant":"trailer.s_ki_solid.cover","trailer_definition":"trailer_def.wood_bark.s_ki_solid.cover","units_count":100,"fill_ratio":1,"trailer_place":0}],"norr_food.stockholm":[{"target":"drekkar.malmo","urgency":0,"shortest_distance_km":524,"ferry_time":0,"ferry_price":0,"cargo":"cargo.used_plast","company_truck":"double/iveco_4x2_a","trailer_variant":"trailer.scs_curt_2","trailer_definition":"trailer_def.scs.box.double_3_2.curtain","units_count":53,"fill_ratio":1,"trailer_place":0}],"nord_crown.bergen":[{"target":"drekkar.bergen","urgency":0,"shortest_distance_km":1,"ferry_time":0,"ferry_price":0,"cargo":"cargo.canned_beef","company_truck":"renault_t_6x2","trailer_variant":"trailer.scs_ref_s","trailer_definition":"trailer_def.scs.box.single_3.reefer","units_count":33,"fill_ratio":1,"trailer_place":0},{"target":"gnt.bergen","urgency":0,"shortest_distance_km":12,"ferry_time":0,"ferry_price":0,"cargo":"cargo.beef_meat","company_truck":"double/iveco_h_4x2_a","trailer_variant":"trailer.scs_ref_b2","trailer_definition":"trailer_def.scs.box.bdouble_3_3.reefer","units_count":52,"fill_ratio":1,"trailer_place":0},{"target":"drekkar.bergen","urgency":2,"shortest_distance_km":1,"ferry_time":0,"ferry_price":0,"cargo":"cargo.sausages","company_truck":"double/renault_magnum_4x2_a","trailer_variant":"trailer.scs_ins_b2","trailer_definition":"trailer_def.scs.box.bdouble_3_3.insulated","units_count":53,"fill_ratio":1,"trailer_place":0}],"norrsken.aalborg":[{"target":"renar.kobenhavn","urgency":0,"shortest_distance_km":343,"ferry_time":0,"ferry_price":0,"cargo":"cargo.used_plast","company_truck":"double/renault_magnum_4x2_a","trailer_variant":"trailer.scs_dry_b2","trailer_definition":"trailer_def.scs.box.bdouble_3_3.dryvan","units_count":53,"fill_ratio":1,"trailer_place":0},{"target":"norr_food.kobenhavn","urgency":1,"shortest_distance_km":342,"ferry_time":0,"ferry_price":0,"cargo":"cargo.smokd_eel","company_truck":"scania_6x2_b","trailer_variant":"trailer.scs_ins_a","trailer_definition":"trailer_def.scs.box.single_3.insulated","units_count":33,"fill_ratio":1,"trailer_place":0}],"polar_fish.aalborg":[{"target":"norr_food.odense","urgency":2,"shortest_distance_km":238,"ferry_time":0,"ferry_price":0,"cargo":"cargo.fresh_fish","company_truck":"man_4x2_c","trailer_variant":"trailer.scs_ref_s","trailer_definition":"trailer_def.scs.box.single_3.reefer","units_count":33,"fill_ratio":1,"trailer_place":0}],"euroacres.groningen":[{"target":"eurogoodies.bremen","urgency":0,"shortest_distance_km":196,"ferry_time":0,"ferry_price":0,"cargo":"cargo.pears","company_truck":"double/renault_premium_4x2_a","trailer_variant":"trailer.scs_curt_2","trailer_definition":"trailer_def.scs.box.double_3_2.curtain","units_count":40,"fill_ratio":1,"trailer_place":0}],"polarislines.esbjerg":[{"target":"norr_food.odense","urgency":0,"shortest_distance_km":147,"ferry_time":0,"ferry_price":0,"cargo":"cargo.salm_fillet","company_truck":"double/renault_premium_4x2_a","trailer_variant":"trailer.scs_ins_2","trailer_definition":"trailer_def.scs.box.double_3_2.insulated","units_count":53,"fill_ratio":1,"trailer_place":0}],"ika_bohag.oslo":[{"target":"norrsken.goteborg","urgency":1,"shortest_distance_km":329,"ferry_time":0,"ferry_price":0,"cargo":"cargo.used_packag","company_truck":"mercedes_actros_2014_6x2_a","trailer_variant":"trailer.scs_curt_s","trailer_definition":"trailer_def.scs.box.single_3.curtain","units_count":33,"fill_ratio":1,"trailer_place":0},{"target":"drekkar.vaxjo","urgency":1,"shortest_distance_km":548,"ferry_time":0,"ferry_price":0,"cargo":"cargo.empty_palet","company_truck":"man_6x4_b","trailer_variant":"trailer.scs_dry","trailer_definition":"trailer_def.scs.box.single_3.dryvan","units_count":33,"fill_ratio":1,"trailer_place":0}],"posped.bremen":[{"target":"kaarfor.amsterdam","urgency":2,"shortest_distance_km":302,"ferry_time":0,"ferry_price":0,"cargo":"cargo.smokd_sprats","company_truck":"daf_4x2_b","trailer_variant":"trailer.scs_ref_a","trailer_definition":"trailer_def.scs.box.single_3.reefer","units_count":33,"fill_ratio":1,"trailer_place":0}],"norr_food.kalmar":[{"target":"drekkar.vaxjo","urgency":2,"shortest_distance_km":76,"ferry_time":0,"ferry_price":0,"cargo":"cargo.used_plast_c","company_truck":"iveco_4x2_c","trailer_variant":"trailer.scs_gosck40","trailer_definition":"trailer_def.scs.gooseneck.singl_3e_40.container","units_count":30,"fill_ratio":1,"trailer_place":0},{"target":"drekkar.malmo","urgency":1,"shortest_distance_km":304,"ferry_time":0,"ferry_price":0,"cargo":"cargo.used_packag","company_truck":"man_6x4_b","trailer_variant":"trailer.scs_dry_2","trailer_definition":"trailer_def.scs.box.double_3_2.dryvan","units_count":53,"fill_ratio":1,"trailer_place":0}],"bcp.birmingham":[{"target":"tradeaux.geneve","urgency":0,"shortest_distance_km":1178,"ferry_time":35,"ferry_price":300,"cargo":"cargo.empty_barr","company_truck":"renault_premium_4x2_a","trailer_variant":"trailer.scs_dry_ms","trailer_definition":"trailer_def.scs.box.single_3.dryvan_m","units_count":33,"fill_ratio":1,"trailer_place":0}],"eurogoodies.szczecin":[{"target":"tradeaux.rostock","urgency":2,"shortest_distance_km":191,"ferry_time":0,"ferry_price":0,"cargo":"cargo.pork_meat","company_truck":"scania_s_4x2_580","trailer_variant":"trailer.scs_ref","trailer_definition":"trailer_def.scs.box.single_3.reefer","units_count":33,"fill_ratio":1,"trailer_place":0}],"transinet.rotterdam":[{"target":"tradeaux.lille","urgency":0,"shortest_distance_km":224,"ferry_time":0,"ferry_price":0,"cargo":"cargo.truck_rims","company_truck":"iveco_h_4x2_a","trailer_variant":"trailer.scs_curt","trailer_definition":"trailer_def.scs.box.single_3.curtain","units_count":33,"fill_ratio":1,"trailer_place":0}],"eurogoodies.groningen":[{"target":"polarislines.kristiansand","urgency":1,"shortest_distance_km":797,"ferry_time":195,"ferry_price":1052,"cargo":"cargo.salt_spice_c","company_truck":"scania_s_6x4_730","trailer_variant":"trailer.scs_gosck220","trailer_definition":"trailer_def.scs.gooseneck.singl_3e_220.container","units_count":30,"fill_ratio":1,"trailer_place":0}],"nord_crown.odense":[{"target":"polarislines.trelleborg","urgency":0,"shortest_distance_km":190,"ferry_time":0,"ferry_price":0,"cargo":"cargo.vinegar","company_truck":"scania_streamline_6x2_b","trailer_variant":"trailer.scs_dry_a","trailer_definition":"trailer_def.scs.box.single_3.dryvan","units_count":33,"fill_ratio":1,"trailer_place":0},{"target":"norr_food.odense","urgency":0,"shortest_distance_km":6,"ferry_time":0,"ferry_price":0,"cargo":"cargo.beef_meat","company_truck":"scania_streamline_4x2_b","trailer_variant":"trailer.scs_ref_a","trailer_definition":"trailer_def.scs.box.single_3.reefer","units_count":33,"fill_ratio":1,"trailer_place":0}],"tree_et.aberdeen":[{"target":"stokes.aberdeen","urgency":0,"shortest_distance_km":3,"ferry_time":0,"ferry_price":0,"cargo":"cargo.wood_bark","company_truck":"scania_r_4x2_370","trailer_variant":"trailer.s_ki_solid.cover","trailer_definition":"trailer_def.wood_bark.s_ki_solid.cover","units_count":100,"fill_ratio":1,"trailer_place":0},{"target":"konstnr_br.malmo","urgency":2,"shortest_distance_km":943,"ferry_time":1140,"ferry_price":1314,"cargo":"cargo.wooden_beams","company_truck":"scania_r_4x2_370","trailer_variant":"trailer.scs_curt_a","trailer_definition":"trailer_def.scs.box.single_3.curtain","units_count":33,"fill_ratio":1,"trailer_place":0}],"norr_food.odense":[{"target":"gnt.kalmar","urgency":2,"shortest_distance_km":465,"ferry_time":0,"ferry_price":0,"cargo":"cargo.used_plast_c","company_truck":"renault_magnum_4x2_a","trailer_variant":"trailer.scs_gosck20","trailer_definition":"trailer_def.scs.gooseneck.singl_3e_20.container","units_count":15,"fill_ratio":1,"trailer_place":0}],"polar_fish.stavanger":[{"target":"polarislines.oslo","urgency":2,"shortest_distance_km":529,"ferry_time":0,"ferry_price":0,"cargo":"cargo.fresh_fish","company_truck":"man_6x4_b","trailer_variant":"trailer.scs_ref_b2","trailer_definition":"trailer_def.scs.box.bdouble_3_3.reefer","units_count":53,"fill_ratio":1,"trailer_place":0},{"target":"polarislines.kristiansand","urgency":2,"shortest_distance_km":171,"ferry_time":0,"ferry_price":0,"cargo":"cargo.smokd_sprats","company_truck":"double/daf_xf_euro6_4x2_a","trailer_variant":"trailer.scs_curt_b2","trailer_definition":"trailer_def.scs.box.bdouble_3_3.curtain","units_count":53,"fill_ratio":1,"trailer_place":0}],"lkwlog.manchester":[{"target":"kaarfor.swansea","urgency":0,"shortest_distance_km":311,"ferry_time":0,"ferry_price":0,"cargo":"cargo.atl_cod_flt","company_truck":"man_6x4_b","trailer_variant":"trailer.scs_ins_s","trailer_definition":"trailer_def.scs.box.single_3.insulated","units_count":33,"fill_ratio":1,"trailer_place":0},{"target":"drekkar.malmo","urgency":0,"shortest_distance_km":517,"ferry_time":1140,"ferry_price":1314,"cargo":"cargo.ore","company_truck":"daf_xf_euro6_4x2_c","trailer_variant":"trailer.s_ki_solid.ore","trailer_definition":"trailer_def.ore.s_ki_solid.ore","units_count":100,"fill_ratio":1,"trailer_place":0}],"volvo_fac.goteborg":[{"target":"renar.kobenhavn","urgency":0,"shortest_distance_km":404,"ferry_time":0,"ferry_price":0,"cargo":"cargo.empty_barr","company_truck":"scania_6x4_a","trailer_variant":"trailer.scs_curt_a","trailer_definition":"trailer_def.scs.box.single_3.curtain","units_count":33,"fill_ratio":1,"trailer_place":0}],"stokes.amsterdam":[{"target":"transinet.osnabruck","urgency":1,"shortest_distance_km":200,"ferry_time":0,"ferry_price":0,"cargo":"cargo.pet_food_c","company_truck":"daf_xf_euro6_6x2_a","trailer_variant":"trailer.scs_gosck40","trailer_definition":"trailer_def.scs.gooseneck.singl_3e_40.container","units_count":30,"fill_ratio":1,"trailer_place":0}],"euroacres.osnabruck":[{"target":"tradeaux.paris","urgency":2,"shortest_distance_km":690,"ferry_time":0,"ferry_price":0,"cargo":"cargo.pork_meat","company_truck":"renault_premium_6x2_a","trailer_variant":"trailer.scs_ref","trailer_definition":"trailer_def.scs.box.single_3.reefer","units_count":33,"fill_ratio":1,"trailer_place":0}],"polarislines.hirtshals":[{"target":"ns_oil.kalmar","urgency":0,"shortest_distance_km":448,"ferry_time":195,"ferry_price":677,"cargo":"cargo.empty_barr","company_truck":"scania_streamline_6x2_b","trailer_variant":"trailer.scs_curt_a","trailer_definition":"trailer_def.scs.box.single_3.curtain","units_count":33,"fill_ratio":1,"trailer_place":0},{"target":"norrsken.goteborg","urgency":0,"shortest_distance_km":194,"ferry_time":195,"ferry_price":677,"cargo":"cargo.plant_substr","company_truck":"renault_t_4x2h","trailer_variant":"trailer.scs_dry","trailer_definition":"trailer_def.scs.box.single_3.dryvan","units_count":33,"fill_ratio":1,"trailer_place":0}],"polarislines.oslo":[{"target":"norrsken.goteborg","urgency":2,"shortest_distance_km":331,"ferry_time":0,"ferry_price":0,"cargo":"cargo.chem_sorb_c","company_truck":"renault_premium_6x4_a","trailer_variant":"trailer.scs_flat_c_g","trailer_definition":"trailer_def.scs.flatbed.single_3.container","units_count":33,"fill_ratio":1,"trailer_place":0},{"target":"norrsken.stockholm","urgency":0,"shortest_distance_km":563,"ferry_time":0,"ferry_price":0,"cargo":"cargo.plumb_suppl","company_truck":"double/renault_t_4x2h","trailer_variant":"trailer.scs_curt_2","trailer_definition":"trailer_def.scs.box.double_3_2.curtain","units_count":53,"fill_ratio":1,"trailer_place":0}],"stokes.liege":[{"target":"sellplan.osnabruck","urgency":1,"shortest_distance_km":334,"ferry_time":0,"ferry_price":0,"cargo":"cargo.salt_spices","company_truck":"man_4x2_a","trailer_variant":"trailer.scs_dry","trailer_definition":"trailer_def.scs.box.single_3.dryvan","units_count":33,"fill_ratio":1,"trailer_place":0}],"euroacres.magdeburg":[{"target":"drekkar.malmo","urgency":0,"shortest_distance_km":509,"ferry_time":105,"ferry_price":404,"cargo":"cargo.rye","company_truck":"renault_t_6x2","trailer_variant":"trailer.s_ki_solid.cover","trailer_definition":"trailer_def.rye.s_ki_solid.cover","units_count":100,"fill_ratio":1,"trailer_place":0}],"polarislines.bergen":[{"target":"gnt.bergen","urgency":0,"shortest_distance_km":3,"ferry_time":0,"ferry_price":0,"cargo":"cargo.maple_syrup","company_truck":"man_6x4_b","trailer_variant":"trailer.scs_dry_b2","trailer_definition":"trailer_def.scs.box.bdouble_3_3.dryvan","units_count":53,"fill_ratio":1,"trailer_place":0},{"target":"gnt.bergen","urgency":0,"shortest_distance_km":3,"ferry_time":0,"ferry_price":0,"cargo":"cargo.furniture","company_truck":"mercedes_actros_2014_4x2_b","trailer_variant":"trailer.scs_dry_a","trailer_definition":"trailer_def.scs.box.single_3.dryvan","units_count":33,"fill_ratio":1,"trailer_place":0},{"target":"drekkar.bergen","urgency":0,"shortest_distance_km":15,"ferry_time":0,"ferry_price":0,"cargo":"cargo.pears","company_truck":"man_6x4_b","trailer_variant":"trailer.scs_curt_a","trailer_definition":"trailer_def.scs.box.single_3.curtain","units_count":33,"fill_ratio":1,"trailer_place":0},{"target":"gnt.bergen","urgency":1,"shortest_distance_km":3,"ferry_time":0,"ferry_price":0,"cargo":"cargo.beverages_t","company_truck":"iveco_4x2_b","trailer_variant":"trailer.scs_fodt","trailer_definition":"trailer_def.scs.foodtank.single_3.paint","units_count":30,"fill_ratio":1,"trailer_place":0},{"target":"ns_oil.stavanger","urgency":1,"shortest_distance_km":446,"ferry_time":0,"ferry_price":0,"cargo":"cargo.motor_oil_c","company_truck":"daf_xf_euro6_4x2_b","trailer_variant":"trailer.scs_gosck40","trailer_definition":"trailer_def.scs.gooseneck.singl_3e_40.container","units_count":30,"fill_ratio":1,"trailer_place":0}],"bjork.vaxjo":[{"target":"nord_sten.linkoping","urgency":1,"shortest_distance_km":292,"ferry_time":0,"ferry_price":0,"cargo":"cargo.excavator","company_truck":"iveco_h_4x2_a","trailer_variant":"trailer.overweight.excavator","trailer_definition":"trailer_def.excavator.overweight.excavator","units_count":100,"fill_ratio":1,"trailer_place":0}],"vitas_pwr.esbjerg":[{"target":"gnt.kristiansand","urgency":0,"shortest_distance_km":328,"ferry_time":195,"ferry_price":1052,"cargo":"cargo.windml_eng","company_truck":"renault_t_4x2","trailer_variant":"trailer.overweight.windplant","trailer_definition":"trailer_def.windml_eng.overweight.windplant","units_count":100,"fill_ratio":1,"trailer_place":0},{"target":"drekkar.karlskrona","urgency":1,"shortest_distance_km":507,"ferry_time":0,"ferry_price":0,"cargo":"cargo.empty_palet","company_truck":"mercedes_4x2_c","trailer_variant":"trailer.scs_dry_s","trailer_definition":"trailer_def.scs.box.single_3.dryvan","units_count":33,"fill_ratio":1,"trailer_place":0}],"tradeaux.frankfurt":[{"target":"eurogoodies.mannheim","urgency":2,"shortest_distance_km":94,"ferry_time":0,"ferry_price":0,"cargo":"cargo.fish_chips","company_truck":"double/scania_4x2_a","trailer_variant":"trailer.scs_ref_2","trailer_definition":"trailer_def.scs.box.double_3_2.reefer","units_count":30,"fill_ratio":1,"trailer_place":0}],"gnt.helsingborg":[{"target":"norrsken.goteborg","urgency":0,"shortest_distance_km":206,"ferry_time":0,"ferry_price":0,"cargo":"cargo.tomatoes","company_truck":"iveco_6x2_a","trailer_variant":"trailer.scs_ins","trailer_definition":"trailer_def.scs.box.single_3.insulated","units_count":33,"fill_ratio":1,"trailer_place":0}],"norr_food.vasteraas":[{"target":"renar.vasteraas","urgency":1,"shortest_distance_km":1,"ferry_time":0,"ferry_price":0,"cargo":"cargo.used_packag","company_truck":"double/renault_premium_4x2_a","trailer_variant":"trailer.scs_dry_b2","trailer_definition":"trailer_def.scs.box.bdouble_3_3.dryvan","units_count":53,"fill_ratio":1,"trailer_place":0}],"euroacres.carlisle":[{"target":"posped.rotterdam","urgency":0,"shortest_distance_km":323,"ferry_time":660,"ferry_price":995,"cargo":"cargo.chicken_meat","company_truck":"iveco_4x2_c","trailer_variant":"trailer.scs_ref_a","trailer_definition":"trailer_def.scs.box.single_3.reefer","units_count":33,"fill_ratio":1,"trailer_place":0}],"stokes.zurich":[{"target":"trameri.lille","urgency":2,"shortest_distance_km":676,"ferry_time":0,"ferry_price":0,"cargo":"cargo.ibc_cont","company_truck":"man_6x4_b","trailer_variant":"trailer.scs_curt","trailer_definition":"trailer_def.scs.box.single_3.curtain","units_count":33,"fill_ratio":1,"trailer_place":0}],"gnt.kalmar":[{"target":"norr_food.vaxjo","urgency":1,"shortest_distance_km":76,"ferry_time":0,"ferry_price":0,"cargo":"cargo.milk","company_truck":"double/daf_xf_euro6_4x2_a","trailer_variant":"trailer.scs_curt_2","trailer_definition":"trailer_def.scs.box.double_3_2.curtain","units_count":53,"fill_ratio":1,"trailer_place":0}],"konstnr_hs.helsingborg":[{"target":"nord_sten.vaxjo","urgency":2,"shortest_distance_km":154,"ferry_time":0,"ferry_price":0,"cargo":"cargo.digger1000","company_truck":"mercedes_4x2_a","trailer_variant":"trailer.overweight.digger1000","trailer_definition":"trailer_def.digger1000.overweight.digger1000","units_count":100,"fill_ratio":1,"trailer_place":0}],"eurogoodies.salzburg":[{"target":"sellplan.prague","urgency":1,"shortest_distance_km":383,"ferry_time":0,"ferry_price":0,"cargo":"cargo.smokd_eel","company_truck":"mercedes_actros_2014_4x2_c","trailer_variant":"trailer.scs_ref_a","trailer_definition":"trailer_def.scs.box.single_3.reefer","units_count":33,"fill_ratio":1,"trailer_place":0}],"marina.oslo":[{"target":"polarislines.kristiansand","urgency":1,"shortest_distance_km":342,"ferry_time":0,"ferry_price":0,"cargo":"cargo.princess","company_truck":"renault_premium_6x2_a","trailer_variant":"trailer.overweight.boat","trailer_definition":"trailer_def.princess.overweight.boat","units_count":100,"fill_ratio":1,"trailer_place":0}],"ms_stein.stavanger":[{"target":"konstnr.oslo","urgency":2,"shortest_distance_km":465,"ferry_time":0,"ferry_price":0,"cargo":"cargo.stones","company_truck":"renault_premium_4x2_a","trailer_variant":"trailer.s_ki_solid.cover","trailer_definition":"trailer_def.stones.s_ki_solid.cover","units_count":100,"fill_ratio":1,"trailer_place":0},{"target":"konstnr.oslo","urgency":1,"shortest_distance_km":465,"ferry_time":0,"ferry_price":0,"cargo":"cargo.excavator","company_truck":"scania_4x2_c","trailer_variant":"trailer.overweight.excavator","trailer_definition":"trailer_def.excavator.overweight.excavator","units_count":100,"fill_ratio":1,"trailer_place":0}],"tradeaux.hannover":[{"target":"norr_food.vaxjo","urgency":0,"shortest_distance_km":905,"ferry_time":0,"ferry_price":0,"cargo":"cargo.plast_film_c","company_truck":"scania_r_6x4_650","trailer_variant":"trailer.scs_gosck40","trailer_definition":"trailer_def.scs.gooseneck.singl_3e_40.container","units_count":30,"fill_ratio":1,"trailer_place":0}],"eurogoodies.edinburgh":[{"target":"lkwlog.amsterdam","urgency":0,"shortest_distance_km":502,"ferry_time":660,"ferry_price":995,"cargo":"cargo.onion","company_truck":"man_6x4_b","trailer_variant":"trailer.scs_curt_a","trailer_definition":"trailer_def.scs.box.single_3.curtain","units_count":33,"fill_ratio":1,"trailer_place":0}],"tree_et.hannover":[{"target":"agronord.goteborg","urgency":1,"shortest_distance_km":1054,"ferry_time":0,"ferry_price":0,"cargo":"cargo.lumber","company_truck":"man_6x4_b","trailer_variant":"trailer.scs_flat_c_r","trailer_definition":"trailer_def.scs.flatbed.single_3.container","units_count":2,"fill_ratio":1,"trailer_place":0}],"gnt.jonkoping":[{"target":"norr_food.karlskrona","urgency":0,"shortest_distance_km":196,"ferry_time":0,"ferry_price":0,"cargo":"cargo.flour","company_truck":"double/iveco_4x2_a","trailer_variant":"trailer.scs_curt_2","trailer_definition":"trailer_def.scs.box.double_3_2.curtain","units_count":53,"fill_ratio":1,"trailer_place":0},{"target":"drekkar.linkoping","urgency":1,"shortest_distance_km":126,"ferry_time":0,"ferry_price":0,"cargo":"cargo.coal","company_truck":"mercedes_actros_2014_4x2_c","trailer_variant":"trailer.s_ki_solid.coal","trailer_definition":"trailer_def.coal.s_ki_solid.coal","units_count":100,"fill_ratio":1,"trailer_place":0}],"polarislines.nynashamn":[{"target":"drekkar.linkoping","urgency":2,"shortest_distance_km":155,"ferry_time":0,"ferry_price":0,"cargo":"cargo.refl_posts","company_truck":"double/daf_4x2_a","trailer_variant":"trailer.scs_dry_b2","trailer_definition":"trailer_def.scs.box.bdouble_3_3.dryvan","units_count":53,"fill_ratio":1,"trailer_place":0},{"target":"gnt.uppsala","urgency":0,"shortest_distance_km":109,"ferry_time":0,"ferry_price":0,"cargo":"cargo.plant_substr","company_truck":"scania_s_4x2_580","trailer_variant":"trailer.scs_brick_b","trailer_definition":"trailer_def.scs.flatbed.single_3.brick","units_count":33,"fill_ratio":1,"trailer_place":0}],"euroacres.berlin":[{"target":"drekkar.karlskrona","urgency":1,"shortest_distance_km":592,"ferry_time":105,"ferry_price":404,"cargo":"cargo.milk","company_truck":"double/renault_magnum_4x2_a","trailer_variant":"trailer.scs_dry_2","trailer_definition":"trailer_def.scs.box.double_3_2.dryvan","units_count":26,"fill_ratio":1,"trailer_place":0},{"target":"norr_food.karlskrona","urgency":1,"shortest_distance_km":592,"ferry_time":105,"ferry_price":404,"cargo":"cargo.wheat","company_truck":"iveco_h_4x2_a","trailer_variant":"trailer.s_ki_solid.cover","trailer_definition":"trailer_def.wheat.s_ki_solid.cover","units_count":100,"fill_ratio":1,"trailer_place":0}],"eurogoodies.metz":[{"target":"tradeaux.grimsby","urgency":0,"shortest_distance_km":900,"ferry_time":35,"ferry_price":300,"cargo":"cargo.canned_pork","company_truck":"scania_r_6x2_450","trailer_variant":"trailer.scs_ins_s","trailer_definition":"trailer_def.scs.box.single_3.insulated","units_count":32,"fill_ratio":1,"trailer_place":0}],"renar.vasteraas":[{"target":"scania_fac.sodertalje","urgency":1,"shortest_distance_km":138,"ferry_time":0,"ferry_price":0,"cargo":"cargo.shock_absorb","company_truck":"renault_t_6x2","trailer_variant":"trailer.scs_dry_m","trailer_definition":"trailer_def.scs.box.single_3.dryvan_m","units_count":33,"fill_ratio":1,"trailer_place":0}],"stokes.kiel":[{"target":"gnt.jonkoping","urgency":0,"shortest_distance_km":695,"ferry_time":0,"ferry_price":0,"cargo":"cargo.pears","company_truck":"mercedes_actros_2014_4x2_a","trailer_variant":"trailer.scs_curt_a","trailer_definition":"trailer_def.scs.box.single_3.curtain","units_count":33,"fill_ratio":1,"trailer_place":0}],"eurogoodies.klagenfurt":[{"target":"tradeaux.klagenfurt","urgency":1,"shortest_distance_km":2,"ferry_time":0,"ferry_price":0,"cargo":"cargo.smokd_eel","company_truck":"mercedes_4x2_b","trailer_variant":"trailer.scs_ref","trailer_definition":"trailer_def.scs.box.single_3.reefer","units_count":33,"fill_ratio":1,"trailer_place":0},{"target":"gnt.helsingborg","urgency":0,"shortest_distance_km":1312,"ferry_time":105,"ferry_price":404,"cargo":"cargo.salm_fillet","company_truck":"scania_4x2_c","trailer_variant":"trailer.scs_ref_a","trailer_definition":"trailer_def.scs.box.single_3.reefer","units_count":33,"fill_ratio":1,"trailer_place":0}],"nord_crown.aalborg":[{"target":"norr_food.odense","urgency":1,"shortest_distance_km":249,"ferry_time":0,"ferry_price":0,"cargo":"cargo.vinegar_c","company_truck":"daf_xf_euro6_6x2_a","trailer_variant":"trailer.scs_gosck220","trailer_definition":"trailer_def.scs.gooseneck.singl_3e_220.container","units_count":30,"fill_ratio":1,"trailer_place":0}],"ika_bohag.stavanger":[{"target":"norrsken.aalborg","urgency":1,"shortest_distance_km":274,"ferry_time":195,"ferry_price":1052,"cargo":"cargo.pot_flowers","company_truck":"renault_magnum_4x2_a","trailer_variant":"trailer.scs_ins","trailer_definition":"trailer_def.scs.box.single_3.insulated","units_count":33,"fill_ratio":1,"trailer_place":0}],"polar_fish.bergen":[{"target":"gnt.bergen","urgency":0,"shortest_distance_km":12,"ferry_time":0,"ferry_price":0,"cargo":"cargo.atl_cod_flt","company_truck":"scania_s_6x2_450","trailer_variant":"trailer.scs_ins","trailer_definition":"trailer_def.scs.box.single_3.insulated","units_count":33,"fill_ratio":1,"trailer_place":0}],"polarislines.stavanger":[{"target":"gnt.kristiansand","urgency":2,"shortest_distance_km":172,"ferry_time":0,"ferry_price":0,"cargo":"cargo.sausages","company_truck":"daf_6x2_a","trailer_variant":"trailer.scs_ins","trailer_definition":"trailer_def.scs.box.single_3.insulated","units_count":33,"fill_ratio":1,"trailer_place":0},{"target":"volvo_fac.goteborg","urgency":0,"shortest_distance_km":706,"ferry_time":0,"ferry_price":0,"cargo":"cargo.motor_oil","company_truck":"scania_r_6x4_650","trailer_variant":"trailer.scs_dry","trailer_definition":"trailer_def.scs.box.single_3.dryvan","units_count":33,"fill_ratio":1,"trailer_place":0}],"tree_et.bratislava":[{"target":"euroacres.wien","urgency":2,"shortest_distance_km":163,"ferry_time":0,"ferry_price":0,"cargo":"cargo.wooden_beams","company_truck":"scania_s_6x4_730","trailer_variant":"trailer.scs_dry_ms","trailer_definition":"trailer_def.scs.box.single_3.dryvan_m","units_count":32,"fill_ratio":1,"trailer_place":0},{"target":"nord_crown.odense","urgency":1,"shortest_distance_km":1025,"ferry_time":105,"ferry_price":404,"cargo":"cargo.forklifts","company_truck":"renault_magnum_6x2_a","trailer_variant":"trailer.overweight.forklifts","trailer_definition":"trailer_def.forklifts.overweight.forklifts","units_count":100,"fill_ratio":1,"trailer_place":0}],"ns_oil.oslo":[{"target":"sag_tre.oslo","urgency":0,"shortest_distance_km":147,"ferry_time":0,"ferry_price":0,"cargo":"cargo.oil","company_truck":"man_tgx_euro6_4x2_xxl","trailer_variant":"trailer.willig.fuel_cistern","trailer_definition":"trailer_def.oil.willig.fuel_cistern","units_count":101,"fill_ratio":1,"trailer_place":0},{"target":"ms_stein.kristiansand","urgency":1,"shortest_distance_km":368,"ferry_time":0,"ferry_price":0,"cargo":"cargo.fueltanker","company_truck":"mercedes_6x4_a","trailer_variant":"trailer.scs_flat_c_g","trailer_definition":"trailer_def.scs.flatbed.single_3.container","units_count":87,"fill_ratio":1,"trailer_place":0}],"lkwlog.dover":[{"target":"norr_food.jonkoping","urgency":2,"shortest_distance_km":1632,"ferry_time":91,"ferry_price":384,"cargo":"cargo.garlic","company_truck":"man_4x2_a","trailer_variant":"trailer.scs_dry_a","trailer_definition":"trailer_def.scs.box.single_3.dryvan","units_count":33,"fill_ratio":1,"trailer_place":0}],"norrsken.malmo":[{"target":"norr_food.karlskrona","urgency":1,"shortest_distance_km":208,"ferry_time":0,"ferry_price":0,"cargo":"cargo.carb_water","company_truck":"scania_4x2_b","trailer_variant":"trailer.scs_dry","trailer_definition":"trailer_def.scs.box.single_3.dryvan","units_count":33,"fill_ratio":1,"trailer_place":0}],"polarislines.karlskrona":[{"target":"gnt.kristiansand","urgency":0,"shortest_distance_km":866,"ferry_time":0,"ferry_price":0,"cargo":"cargo.clothes","company_truck":"double/renault_t_4x2h","trailer_variant":"trailer.scs_dry_b2","trailer_definition":"trailer_def.scs.box.bdouble_3_3.dryvan","units_count":53,"fill_ratio":1,"trailer_place":0},{"target":"renar.kobenhavn","urgency":0,"shortest_distance_km":319,"ferry_time":0,"ferry_price":0,"cargo":"cargo.chem_sorbent","company_truck":"scania_4x2_b","trailer_variant":"trailer.scs_curt","trailer_definition":"trailer_def.scs.box.single_3.curtain","units_count":33,"fill_ratio":1,"trailer_place":0}],"vitas_pwr.aalborg":[{"target":"norrsken.goteborg","urgency":2,"shortest_distance_km":216,"ferry_time":195,"ferry_price":677,"cargo":"cargo.windml_tube","company_truck":"iveco_4x2_a","trailer_variant":"trailer.overweight.tubeair","trailer_definition":"trailer_def.windml_tube.overweight.tubeair","units_count":100,"fill_ratio":1,"trailer_place":0},{"target":"norrsken.goteborg","urgency":0,"shortest_distance_km":216,"ferry_time":195,"ferry_price":677,"cargo":"cargo.windml_eng","company_truck":"man_tgx_euro6_4x2_xxl","trailer_variant":"trailer.overweight.windplant","trailer_definition":"trailer_def.windml_eng.overweight.windplant","units_count":100,"fill_ratio":1,"trailer_place":0}],"nord_crown.orebro":[{"target":"norrsken.aalborg","urgency":0,"shortest_distance_km":493,"ferry_time":195,"ferry_price":677,"cargo":"cargo.canned_pork","company_truck":"scania_streamline_4x2_b","trailer_variant":"trailer.scs_ins_s","trailer_definition":"trailer_def.scs.box.single_3.insulated","units_count":33,"fill_ratio":1,"trailer_place":0},{"target":"renar.oslo","urgency":0,"shortest_distance_km":336,"ferry_time":0,"ferry_price":0,"cargo":"cargo.canned_beef","company_truck":"scania_4x2_c","trailer_variant":"trailer.scs_ins","trailer_definition":"trailer_def.scs.box.single_3.insulated","units_count":33,"fill_ratio":1,"trailer_place":0}],"wgcc.grimsby":[{"target":"ns_oil.stavanger","urgency":2,"shortest_distance_km":645,"ferry_time":1335,"ferry_price":2366,"cargo":"cargo.petrol","company_truck":"scania_r_4x2_370","trailer_variant":"trailer.fuel_cistern","trailer_definition":"trailer_def.petrol.fuel_cistern","units_count":100,"fill_ratio":1,"trailer_place":0},{"target":"ns_chem.malmo","urgency":2,"shortest_distance_km":469,"ferry_time":1140,"ferry_price":1314,"cargo":"cargo.chlorine","company_truck":"daf_6x2_a","trailer_variant":"trailer.scs_gosck20","trailer_definition":"trailer_def.scs.gooseneck.singl_3e_20.container","units_count":40,"fill_ratio":1,"trailer_place":0},{"target":"ns_chem.stockholm","urgency":0,"shortest_distance_km":1043,"ferry_time":1140,"ferry_price":1314,"cargo":"cargo.cyanide","company_truck":"man_4x2_c","trailer_variant":"trailer.scs_gosck40","trailer_definition":"trailer_def.scs.gooseneck.singl_3e_40.container","units_count":80,"fill_ratio":1,"trailer_place":0}],"konstnr.stockholm":[{"target":"gnt.kalmar","urgency":2,"shortest_distance_km":336,"ferry_time":0,"ferry_price":0,"cargo":"cargo.diggers","company_truck":"man_6x4_b","trailer_variant":"trailer.overweight.digger","trailer_definition":"trailer_def.diggers.overweight.digger","units_count":100,"fill_ratio":1,"trailer_place":0}],"renar.kobenhavn":[{"target":"ika_bohag.linkoping","urgency":0,"shortest_distance_km":468,"ferry_time":0,"ferry_price":0,"cargo":"cargo.clothes","company_truck":"daf_6x2_a","trailer_variant":"trailer.scs_curt_s","trailer_definition":"trailer_def.scs.box.single_3.curtain","units_count":33,"fill_ratio":1,"trailer_place":0}],"fcp.manchester":[{"target":"bjork.kristiansand","urgency":2,"shortest_distance_km":520,"ferry_time":1335,"ferry_price":2366,"cargo":"cargo.digger1000","company_truck":"renault_magnum_4x2_a","trailer_variant":"trailer.overweight.digger1000","trailer_definition":"trailer_def.digger1000.overweight.digger1000","units_count":100,"fill_ratio":1,"trailer_place":0}],"eurogoodies.cardiff":[{"target":"stokes.cardiff","urgency":0,"shortest_distance_km":1,"ferry_time":0,"ferry_price":0,"cargo":"cargo.chicken_meat","company_truck":"man_4x2_a","trailer_variant":"trailer.scs_ins","trailer_definition":"trailer_def.scs.box.single_3.insulated","units_count":33,"fill_ratio":1,"trailer_place":0}],"ika_bohag.kobenhavn":[{"target":"drekkar.malmo","urgency":1,"shortest_distance_km":75,"ferry_time":0,"ferry_price":0,"cargo":"cargo.empty_palet","company_truck":"renault_premium_4x2_c","trailer_variant":"trailer.scs_dry_a","trailer_definition":"trailer_def.scs.box.single_3.dryvan","units_count":33,"fill_ratio":1,"trailer_place":0}],"trameri.lille":[{"target":"drekkar.karlskrona","urgency":0,"shortest_distance_km":1439,"ferry_time":0,"ferry_price":0,"cargo":"cargo.plast_film_c","company_truck":"scania_r_4x2_520","trailer_variant":"trailer.scs_gosck20","trailer_definition":"trailer_def.scs.gooseneck.singl_3e_20.container","units_count":15,"fill_ratio":1,"trailer_place":0},{"target":"drekkar.odense","urgency":1,"shortest_distance_km":1073,"ferry_time":0,"ferry_price":0,"cargo":"cargo.emptytank","company_truck":"man_6x4_b","trailer_variant":"trailer.scs_flat_b","trailer_definition":"trailer_def.scs.flatbed.single_3.flatbed_w","units_count":2,"fill_ratio":1,"trailer_place":0}],"ika_bohag.uppsala":[{"target":"norr_food.karlskrona","urgency":1,"shortest_distance_km":554,"ferry_time":0,"ferry_price":0,"cargo":"cargo.pot_flowers","company_truck":"scania_r_6x4_650","trailer_variant":"trailer.scs_ins","trailer_definition":"trailer_def.scs.box.single_3.insulated","units_count":33,"fill_ratio":1,"trailer_place":0}],"euroacres.bremen":[{"target":"transinet.southampton","urgency":0,"shortest_distance_km":942,"ferry_time":35,"ferry_price":300,"cargo":"cargo.pears","company_truck":"man_6x4_b","trailer_variant":"trailer.scs_ref","trailer_definition":"trailer_def.scs.box.single_3.reefer","units_count":33,"fill_ratio":1,"trailer_place":0}],"eurogoodies.dusseldorf":[{"target":"posped.metz","urgency":0,"shortest_distance_km":336,"ferry_time":0,"ferry_price":0,"cargo":"cargo.salm_fillet","company_truck":"man_6x4_b","trailer_variant":"trailer.scs_ref_s","trailer_definition":"trailer_def.scs.box.single_3.reefer","units_count":33,"fill_ratio":1,"trailer_place":0}],"euroacres.brno":[{"target":"eurogoodies.wien","urgency":2,"shortest_distance_km":176,"ferry_time":0,"ferry_price":0,"cargo":"cargo.pork_meat","company_truck":"scania_s_4x2_370","trailer_variant":"trailer.scs_ins","trailer_definition":"trailer_def.scs.box.single_3.insulated","units_count":33,"fill_ratio":1,"trailer_place":0}],"bhv.goteborg":[{"target":"drekkar.linkoping","urgency":1,"shortest_distance_km":279,"ferry_time":0,"ferry_price":0,"cargo":"cargo.volvo_cars","company_truck":"scania_s_6x2_450","trailer_variant":"trailer.car_volvo","trailer_definition":"trailer_def.volvo_cars.car_volvo","units_count":100,"fill_ratio":1,"trailer_place":0}],"drekkar.malmo":[{"target":"polarislines.trelleborg","urgency":0,"shortest_distance_km":31,"ferry_time":0,"ferry_price":0,"cargo":"cargo.canned_tuna","company_truck":"scania_s_6x2_450","trailer_variant":"trailer.scs_ins_s","trailer_definition":"trailer_def.scs.box.single_3.insulated","units_count":33,"fill_ratio":1,"trailer_place":0}],"sag_tre.oslo":[{"target":"ika_bohag.linkoping","urgency":1,"shortest_distance_km":522,"ferry_time":0,"ferry_price":0,"cargo":"cargo.forklifts","company_truck":"mercedes_6x4_a","trailer_variant":"trailer.overweight.forklifts","trailer_definition":"trailer_def.forklifts.overweight.forklifts","units_count":100,"fill_ratio":1,"trailer_place":0}],"trameri.liverpool":[{"target":"gnt.helsingborg","urgency":1,"shortest_distance_km":631,"ferry_time":1140,"ferry_price":1314,"cargo":"cargo.emptytank","company_truck":"man_4x2_a","trailer_variant":"trailer.scs_flat_b","trailer_definition":"trailer_def.scs.flatbed.single_3.flatbed_w","units_count":2,"fill_ratio":1,"trailer_place":0}],"posped.carlisle":[{"target":"norr_food.helsingborg","urgency":2,"shortest_distance_km":678,"ferry_time":1140,"ferry_price":1314,"cargo":"cargo.fish_chips","company_truck":"scania_4x2_a","trailer_variant":"trailer.scs_ref_s","trailer_definition":"trailer_def.scs.box.single_3.reefer","units_count":33,"fill_ratio":1,"trailer_place":0}],"eurogoodies.bern":[{"target":"posped.strasbourg","urgency":0,"shortest_distance_km":221,"ferry_time":0,"ferry_price":0,"cargo":"cargo.lamb_stom","company_truck":"renault_t_4x2","trailer_variant":"trailer.scs_ins","trailer_definition":"trailer_def.scs.box.single_3.insulated","units_count":33,"fill_ratio":1,"trailer_place":0}],"renar.stavanger":[{"target":"gnt.kristiansand","urgency":0,"shortest_distance_km":182,"ferry_time":0,"ferry_price":0,"cargo":"cargo.beef_meat","company_truck":"double/scania_4x2_a","trailer_variant":"trailer.scs_ref_2","trailer_definition":"trailer_def.scs.box.double_3_2.reefer","units_count":53,"fill_ratio":1,"trailer_place":0},{"target":"polarislines.stavanger","urgency":2,"shortest_distance_km":23,"ferry_time":0,"ferry_price":0,"cargo":"cargo.fuel_tanks","company_truck":"man_4x2_a","trailer_variant":"trailer.scs_dry_s","trailer_definition":"trailer_def.scs.box.single_3.dryvan","units_count":33,"fill_ratio":1,"trailer_place":0}],"drekkar.odense":[{"target":"renar.kobenhavn","urgency":0,"shortest_distance_km":127,"ferry_time":0,"ferry_price":0,"cargo":"cargo.carrots_c","company_truck":"mercedes_actros_2014_6x4_b","trailer_variant":"trailer.scs_flat_c_r","trailer_definition":"trailer_def.scs.flatbed.single_3.container","units_count":33,"fill_ratio":1,"trailer_place":0},{"target":"norr_food.vaxjo","urgency":2,"shortest_distance_km":415,"ferry_time":0,"ferry_price":0,"cargo":"cargo.pork_meat","company_truck":"man_6x4_b","trailer_variant":"trailer.scs_ref_b2","trailer_definition":"trailer_def.scs.box.bdouble_3_3.reefer","units_count":53,"fill_ratio":1,"trailer_place":0}],"kaarfor.edinburgh":[{"target":"drekkar.odense","urgency":1,"shortest_distance_km":532,"ferry_time":1140,"ferry_price":1314,"cargo":"cargo.used_packag","company_truck":"man_tgx_euro6_4x2_xl","trailer_variant":"trailer.scs_curt","trailer_definition":"trailer_def.scs.box.single_3.curtain","units_count":33,"fill_ratio":1,"trailer_place":0}],"drekkar.karlskrona":[{"target":"norr_food.vaxjo","urgency":0,"shortest_distance_km":71,"ferry_time":0,"ferry_price":0,"cargo":"cargo.clothes_c","company_truck":"man_6x4_b","trailer_variant":"trailer.scs_flat_c_r","trailer_definition":"trailer_def.scs.flatbed.single_3.container","units_count":33,"fill_ratio":1,"trailer_place":0}],"lkwlog.hamburg":[{"target":"drekkar.karlskrona","urgency":1,"shortest_distance_km":746,"ferry_time":0,"ferry_price":0,"cargo":"cargo.chimney_syst","company_truck":"man_6x4_b","trailer_variant":"trailer.scs_curt_2","trailer_definition":"trailer_def.scs.box.double_3_2.curtain","units_count":33,"fill_ratio":1,"trailer_place":0},{"target":"agronord.goteborg","urgency":0,"shortest_distance_km":935,"ferry_time":0,"ferry_price":0,"cargo":"cargo.wood_bark","company_truck":"renault_premium_6x2_a","trailer_variant":"trailer.s_ki_solid.cover","trailer_definition":"trailer_def.wood_bark.s_ki_solid.cover","units_count":100,"fill_ratio":1,"trailer_place":0}],"gnt.bergen":[{"target":"renar.oslo","urgency":1,"shortest_distance_km":579,"ferry_time":0,"ferry_price":0,"cargo":"cargo.cauliflower","company_truck":"daf_xf_euro6_6x2_a","trailer_variant":"trailer.scs_dry_ms","trailer_definition":"trailer_def.scs.box.single_3.dryvan_m","units_count":33,"fill_ratio":1,"trailer_place":0},{"target":"ns_oil.goteborg","urgency":2,"shortest_distance_km":747,"ferry_time":0,"ferry_price":0,"cargo":"cargo.chem_sorb_c","company_truck":"iveco_4x2_c","trailer_variant":"trailer.scs_gosck40","trailer_definition":"trailer_def.scs.gooseneck.singl_3e_40.container","units_count":30,"fill_ratio":1,"trailer_place":0}],"konstnr_br.linkoping":[{"target":"norrsken.stockholm","urgency":1,"shortest_distance_km":137,"ferry_time":0,"ferry_price":0,"cargo":"cargo.scaffoldings","company_truck":"renault_premium_4x2_c","trailer_variant":"trailer.scs_dry_a","trailer_definition":"trailer_def.scs.box.single_3.dryvan","units_count":33,"fill_ratio":1,"trailer_place":0}],"eurogoodies.erfurt":[{"target":"norr_food.linkoping","urgency":1,"shortest_distance_km":1077,"ferry_time":105,"ferry_price":404,"cargo":"cargo.carb_water","company_truck":"scania_streamline_4x2_b","trailer_variant":"trailer.scs_dry","trailer_definition":"trailer_def.scs.box.single_3.dryvan","units_count":29,"fill_ratio":1,"trailer_place":0}],"cont_port.oslo":[{"target":"polar_fish.stavanger","urgency":1,"shortest_distance_km":525,"ferry_time":0,"ferry_price":0,"cargo":"cargo.salt_spice_c","company_truck":"mercedes_actros_2014_4x2_b","trailer_variant":"trailer.scs_flat_c_r","trailer_definition":"trailer_def.scs.flatbed.single_3.container","units_count":33,"fill_ratio":1,"trailer_place":0}],"aria_fd_trbg.trelleborg":[{"target":"norr_food.karlskrona","urgency":0,"shortest_distance_km":173,"ferry_time":0,"ferry_price":0,"cargo":"cargo.beef_meat","company_truck":"double/renault_premium_4x2_a","trailer_variant":"trailer.scs_ref_2","trailer_definition":"trailer_def.scs.box.double_3_2.reefer","units_count":53,"fill_ratio":1,"trailer_place":0},{"target":"drekkar.malmo","urgency":1,"shortest_distance_km":48,"ferry_time":0,"ferry_price":0,"cargo":"cargo.sheep_wool","company_truck":"double/iveco_4x2_a","trailer_variant":"trailer.scs_dry_b2","trailer_definition":"trailer_def.scs.box.bdouble_3_3.dryvan","units_count":53,"fill_ratio":1,"trailer_place":0}],"polarislines.gedser":[{"target":"drekkar.odense","urgency":1,"shortest_distance_km":204,"ferry_time":0,"ferry_price":0,"cargo":"cargo.stone_wool","company_truck":"man_tgx_euro6_6x4_xlx","trailer_variant":"trailer.scs_dry_m","trailer_definition":"trailer_def.scs.box.single_3.dryvan_m","units_count":33,"fill_ratio":1,"trailer_place":0},{"target":"drekkar.malmo","urgency":1,"shortest_distance_km":175,"ferry_time":0,"ferry_price":0,"cargo":"cargo.smokd_eel","company_truck":"double/mercedes_actros_2014_4x2_a","trailer_variant":"trailer.scs_ref_b2","trailer_definition":"trailer_def.scs.box.bdouble_3_3.reefer","units_count":53,"fill_ratio":1,"trailer_place":0}],"eurogoodies.magdeburg":[{"target":"lkwlog.brno","urgency":1,"shortest_distance_km":634,"ferry_time":0,"ferry_price":0,"cargo":"cargo.sheep_wool","company_truck":"renault_t_6x2","trailer_variant":"trailer.scs_curt","trailer_definition":"trailer_def.scs.box.single_3.curtain","units_count":33,"fill_ratio":1,"trailer_place":0}],"renar.oslo":[{"target":"norr_food.uppsala","urgency":2,"shortest_distance_km":512,"ferry_time":0,"ferry_price":0,"cargo":"cargo.beverages","company_truck":"double/renault_t_4x2h","trailer_variant":"trailer.scs_ins_2","trailer_definition":"trailer_def.scs.box.double_3_2.insulated","units_count":51,"fill_ratio":1,"trailer_place":0},{"target":"drekkar.odense","urgency":2,"shortest_distance_km":707,"ferry_time":0,"ferry_price":0,"cargo":"cargo.smokd_sprats","company_truck":"renault_t_4x2","trailer_variant":"trailer.scs_ins","trailer_definition":"trailer_def.scs.box.single_3.insulated","units_count":33,"fill_ratio":1,"trailer_place":0}],"transinet.torino":[{"target":"cesare_smar.milano","urgency":0,"shortest_distance_km":149,"ferry_time":0,"ferry_price":0,"cargo":"cargo.cott_cheese","company_truck":"mercedes_4x2_a","trailer_variant":"trailer.scs_ref_s","trailer_definition":"trailer_def.scs.box.single_3.reefer","units_count":33,"fill_ratio":1,"trailer_place":0}],"norrsken.orebro":[{"target":"drekkar.linkoping","urgency":1,"shortest_distance_km":159,"ferry_time":0,"ferry_price":0,"cargo":"cargo.salt_spices","company_truck":"scania_streamline_4x2_b","trailer_variant":"trailer.scs_dry_m","trailer_definition":"trailer_def.scs.box.single_3.dryvan_m","units_count":33,"fill_ratio":1,"trailer_place":0},{"target":"renar.vasteraas","urgency":2,"shortest_distance_km":98,"ferry_time":0,"ferry_price":0,"cargo":"cargo.used_plast_c","company_truck":"renault_premium_4x2_a","trailer_variant":"trailer.scs_flat_c_g","trailer_definition":"trailer_def.scs.flatbed.single_3.container","units_count":33,"fill_ratio":1,"trailer_place":0}],"ika_bohag.odense":[{"target":"norrsken.aalborg","urgency":1,"shortest_distance_km":217,"ferry_time":0,"ferry_price":0,"cargo":"cargo.empty_palet","company_truck":"scania_r_4x2_370","trailer_variant":"trailer.scs_dry_s","trailer_definition":"trailer_def.scs.box.single_3.dryvan","units_count":33,"fill_ratio":1,"trailer_place":0}],"posped.bratislava":[{"target":"drekkar.vaxjo","urgency":1,"shortest_distance_km":1272,"ferry_time":105,"ferry_price":404,"cargo":"cargo.truck_batt_c","company_truck":"scania_s_4x2_370","trailer_variant":"trailer.scs_gosck220","trailer_definition":"trailer_def.scs.gooseneck.singl_3e_220.container","units_count":30,"fill_ratio":1,"trailer_place":0}],"aria_fd_jnpg.jonkoping":[{"target":"renar.vasteraas","urgency":1,"shortest_distance_km":288,"ferry_time":0,"ferry_price":0,"cargo":"cargo.milk","company_truck":"iveco_4x2_c","trailer_variant":"trailer.scs_curt","trailer_definition":"trailer_def.scs.box.single_3.curtain","units_count":33,"fill_ratio":1,"trailer_place":0},{"target":"gnt.jonkoping","urgency":1,"shortest_distance_km":121,"ferry_time":0,"ferry_price":0,"cargo":"cargo.drymilk","company_truck":"daf_xf_euro6_6x4_c","trailer_variant":"trailer.scs_dry","trailer_definition":"trailer_def.scs.box.single_3.dryvan","units_count":33,"fill_ratio":1,"trailer_place":0}],"tree_et.manchester":[{"target":"norrsken.aalborg","urgency":1,"shortest_distance_km":435,"ferry_time":1140,"ferry_price":1314,"cargo":"cargo.empty_palet","company_truck":"scania_s_4x2_580","trailer_variant":"trailer.scs_dry_a","trailer_definition":"trailer_def.scs.box.single_3.dryvan","units_count":33,"fill_ratio":1,"trailer_place":0}],"drekkar.linkoping":[{"target":"gnt.uppsala","urgency":2,"shortest_distance_km":220,"ferry_time":0,"ferry_price":0,"cargo":"cargo.fuel_tanks","company_truck":"double/renault_t_4x2h","trailer_variant":"trailer.scs_dry_b2","trailer_definition":"trailer_def.scs.box.bdouble_3_3.dryvan","units_count":53,"fill_ratio":1,"trailer_place":0}],"bcp.stuttgart":[{"target":"tradeaux.frankfurt","urgency":0,"shortest_distance_km":226,"ferry_time":0,"ferry_price":0,"cargo":"cargo.empty_barr","company_truck":"renault_premium_6x2_a","trailer_variant":"trailer.scs_dry_ms","trailer_definition":"trailer_def.scs.box.single_3.dryvan_m","units_count":33,"fill_ratio":1,"trailer_place":0}],"drekkar.uppsala":[{"target":"renar.vasteraas","urgency":0,"shortest_distance_km":92,"ferry_time":0,"ferry_price":0,"cargo":"cargo.honey","company_truck":"double/mercedes_4x2_a","trailer_variant":"trailer.scs_curt_b2","trailer_definition":"trailer_def.scs.box.bdouble_3_3.curtain","units_count":53,"fill_ratio":1,"trailer_place":0}],"polarislines.trelleborg":[{"target":"drekkar.malmo","urgency":1,"shortest_distance_km":31,"ferry_time":0,"ferry_price":0,"cargo":"cargo.guard_rails","company_truck":"scania_6x4_a","trailer_variant":"trailer.scs_dry","trailer_definition":"trailer_def.scs.box.single_3.dryvan","units_count":33,"fill_ratio":1,"trailer_place":0},{"target":"drekkar.karlskrona","urgency":1,"shortest_distance_km":179,"ferry_time":0,"ferry_price":0,"cargo":"cargo.beverages_t","company_truck":"scania_r_6x2_450","trailer_variant":"trailer.scs_fodt","trailer_definition":"trailer_def.scs.foodtank.single_3.paint","units_count":29,"fill_ratio":1,"trailer_place":0}],"ika_bohag.orebro":[{"target":"drekkar.linkoping","urgency":1,"shortest_distance_km":118,"ferry_time":0,"ferry_price":0,"cargo":"cargo.empty_palet","company_truck":"daf_4x2_b","trailer_variant":"trailer.scs_dry_ms","trailer_definition":"trailer_def.scs.box.single_3.dryvan_m","units_count":33,"fill_ratio":1,"trailer_place":0},{"target":"norrsken.goteborg","urgency":1,"shortest_distance_km":238,"ferry_time":0,"ferry_price":0,"cargo":"cargo.used_packag","company_truck":"renault_t_4x2h","trailer_variant":"trailer.scs_curt","trailer_definition":"trailer_def.scs.box.single_3.curtain","units_count":33,"fill_ratio":1,"trailer_place":0}],"nord_sten.vaxjo":[{"target":"agronord.esbjerg","urgency":2,"shortest_distance_km":610,"ferry_time":0,"ferry_price":0,"cargo":"cargo.digger1000","company_truck":"scania_r_6x4_650","trailer_variant":"trailer.overweight.digger1000","trailer_definition":"trailer_def.digger1000.overweight.digger1000","units_count":100,"fill_ratio":1,"trailer_place":0},{"target":"konstnr.oslo","urgency":2,"shortest_distance_km":552,"ferry_time":0,"ferry_price":0,"cargo":"cargo.stones","company_truck":"iveco_4x2_c","trailer_variant":"trailer.s_ki_solid.cover","trailer_definition":"trailer_def.stones.s_ki_solid.cover","units_count":100,"fill_ratio":1,"trailer_place":0}],"ika_bohag.malmo":[{"target":"drekkar.odense","urgency":1,"shortest_distance_km":173,"ferry_time":0,"ferry_price":0,"cargo":"cargo.used_packag","company_truck":"mercedes_actros_2014_4x2_b","trailer_variant":"trailer.scs_curt_s","trailer_definition":"trailer_def.scs.box.single_3.curtain","units_count":33,"fill_ratio":1,"trailer_place":0}],"norr_food.jonkoping":[{"target":"drekkar.uppsala","urgency":2,"shortest_distance_km":352,"ferry_time":0,"ferry_price":0,"cargo":"cargo.used_plast_c","company_truck":"scania_s_4x2_580","trailer_variant":"trailer.scs_gosck20","trailer_definition":"trailer_def.scs.gooseneck.singl_3e_20.container","units_count":15,"fill_ratio":1,"trailer_place":0}],"polarislines.kapellskar":[{"target":"konstnr.kobenhavn","urgency":0,"shortest_distance_km":737,"ferry_time":0,"ferry_price":0,"cargo":"cargo.plumb_suppl","company_truck":"mercedes_6x2_b","trailer_variant":"trailer.scs_dry_a","trailer_definition":"trailer_def.scs.box.single_3.dryvan","units_count":33,"fill_ratio":1,"trailer_place":0}],"agronord.kristiansand":[{"target":"norrsken.orebro","urgency":0,"shortest_distance_km":711,"ferry_time":0,"ferry_price":0,"cargo":"cargo.tomatoes","company_truck":"double/daf_4x2_a","trailer_variant":"trailer.scs_ref_2","trailer_definition":"trailer_def.scs.box.double_3_2.reefer","units_count":53,"fill_ratio":1,"trailer_place":0},{"target":"norr_food.kobenhavn","urgency":0,"shortest_distance_km":504,"ferry_time":195,"ferry_price":1052,"cargo":"cargo.carrots_c","company_truck":"mercedes_actros_2014_4x2_a","trailer_variant":"trailer.scs_gosck20","trailer_definition":"trailer_def.scs.gooseneck.singl_3e_20.container","units_count":15,"fill_ratio":1,"trailer_place":0}],"posped.linz":[{"target":"gnt.helsingborg","urgency":0,"shortest_distance_km":1096,"ferry_time":105,"ferry_price":404,"cargo":"cargo.vent_tube","company_truck":"scania_r_4x2_520","trailer_variant":"trailer.scs_flat_b","trailer_definition":"trailer_def.scs.flatbed.single_3.flatbed_w","units_count":2,"fill_ratio":1,"trailer_place":0}],"euroacres.dover":[{"target":"eurogoodies.reims","urgency":0,"shortest_distance_km":287,"ferry_time":91,"ferry_price":384,"cargo":"cargo.pears","company_truck":"renault_magnum_6x4_a","trailer_variant":"trailer.scs_dry","trailer_definition":"trailer_def.scs.box.single_3.dryvan","units_count":33,"fill_ratio":1,"trailer_place":0}],"polarislines.goteborg":[{"target":"norr_food.jonkoping","urgency":2,"shortest_distance_km":182,"ferry_time":0,"ferry_price":0,"cargo":"cargo.beverages","company_truck":"man_6x4_b","trailer_variant":"trailer.scs_curt_s","trailer_definition":"trailer_def.scs.box.single_3.curtain","units_count":33,"fill_ratio":1,"trailer_place":0}],"nord_crown.stavanger":[{"target":"norr_food.karlskrona","urgency":1,"shortest_distance_km":1025,"ferry_time":0,"ferry_price":0,"cargo":"cargo.vinegar_c","company_truck":"scania_s_6x4_730","trailer_variant":"trailer.scs_flat_c_g","trailer_definition":"trailer_def.scs.flatbed.single_3.container","units_count":33,"fill_ratio":1,"trailer_place":0},{"target":"polarislines.kristiansand","urgency":0,"shortest_distance_km":171,"ferry_time":0,"ferry_price":0,"cargo":"cargo.liver_paste","company_truck":"man_6x4_b","trailer_variant":"trailer.scs_ref","trailer_definition":"trailer_def.scs.box.single_3.reefer","units_count":33,"fill_ratio":1,"trailer_place":0}],"gnt.kristiansand":[{"target":"renar.stavanger","urgency":2,"shortest_distance_km":190,"ferry_time":0,"ferry_price":0,"cargo":"cargo.windml_tube","company_truck":"renault_magnum_4x2_a","trailer_variant":"trailer.overweight.tubeair","trailer_definition":"trailer_def.windml_tube.overweight.tubeair","units_count":100,"fill_ratio":1,"trailer_place":0},{"target":"renar.stavanger","urgency":2,"shortest_distance_km":190,"ferry_time":0,"ferry_price":0,"cargo":"cargo.nuts","company_truck":"mercedes_4x2_c","trailer_variant":"trailer.scs_dry_s","trailer_definition":"trailer_def.scs.box.single_3.dryvan","units_count":33,"fill_ratio":1,"trailer_place":0}],"lisette_log.paris":[{"target":"norrsken.malmo","urgency":0,"shortest_distance_km":1428,"ferry_time":0,"ferry_price":0,"cargo":"cargo.tableware","company_truck":"mercedes_actros_2014_4x2_a","trailer_variant":"trailer.scs_dry_m","trailer_definition":"trailer_def.scs.box.single_3.dryvan_m","units_count":33,"fill_ratio":1,"trailer_place":0}],"ika_bohag.aalborg":[{"target":"norr_food.odense","urgency":1,"shortest_distance_km":220,"ferry_time":0,"ferry_price":0,"cargo":"cargo.pot_flowers","company_truck":"man_6x4_b","trailer_variant":"trailer.scs_ins_s","trailer_definition":"trailer_def.scs.box.single_3.insulated","units_count":33,"fill_ratio":1,"trailer_place":0},{"target":"nord_crown.orebro","urgency":1,"shortest_distance_km":491,"ferry_time":195,"ferry_price":677,"cargo":"cargo.empty_palet","company_truck":"scania_r_6x4_650","trailer_variant":"trailer.scs_dry_a","trailer_definition":"trailer_def.scs.box.single_3.dryvan","units_count":33,"fill_ratio":1,"trailer_place":0}],"norrsken.karlskrona":[{"target":"drekkar.odense","urgency":2,"shortest_distance_km":412,"ferry_time":0,"ferry_price":0,"cargo":"cargo.watermelons","company_truck":"man_6x4_b","trailer_variant":"trailer.scs_ins","trailer_definition":"trailer_def.scs.box.single_3.insulated","units_count":33,"fill_ratio":1,"trailer_place":0},{"target":"ika_bohag.uppsala","urgency":0,"shortest_distance_km":553,"ferry_time":0,"ferry_price":0,"cargo":"cargo.young_seed","company_truck":"mercedes_actros_2014_4x2_a","trailer_variant":"trailer.scs_ins","trailer_definition":"trailer_def.scs.box.single_3.insulated","units_count":33,"fill_ratio":1,"trailer_place":0}],"stokes.poznan":[{"target":"norrsken.aalborg","urgency":0,"shortest_distance_km":922,"ferry_time":0,"ferry_price":0,"cargo":"cargo.polyst_box","company_truck":"daf_xf_euro6_6x2_a","trailer_variant":"trailer.scs_curt_s","trailer_definition":"trailer_def.scs.box.single_3.curtain","units_count":33,"fill_ratio":1,"trailer_place":0}],"konstnr.oslo":[{"target":"sag_tre.oslo","urgency":2,"shortest_distance_km":100,"ferry_time":0,"ferry_price":0,"cargo":"cargo.hipresstank","company_truck":"scania_s_4x2_580","trailer_variant":"trailer.scs_flat_c_g","trailer_definition":"trailer_def.scs.flatbed.single_3.container","units_count":2,"fill_ratio":1,"trailer_place":0}]}