{"stokes.dusseldorf":[{"target":"transinet.hamburg","urgency":2,"shortest_distance_km":416,"ferry_time":0,"ferry_price":0,"cargo":"cargo.tracks","company_truck":"mercedes_actros_2014_4x2_c","trailer_variant":"trailer.overweight.tracks","trailer_definition":"trailer_def.tracks.overweight.tracks","units_count":100,"fill_ratio":1,"trailer_place":0}],"euroacres.erfurt":[{"target":"transinet.torino","urgency":0,"shortest_distance_km":1083,"ferry_time":0,"ferry_price":0,"cargo":"cargo.tractors","company_truck":"daf_4x2_a","trailer_variant":"trailer.overweight.tractors","trailer_definition":"trailer_def.tractors.overweight.tractors","units_count":100,"fill_ratio":1,"trailer_place":0}],"quarry.reims":[{"target":"stokes.plymouth","urgency":2,"shortest_distance_km":829,"ferry_time":35,"ferry_price":300,"cargo":"cargo.tracks","company_truck":"mercedes_4x2_b","trailer_variant":"trailer.overweight.tracks","trailer_definition":"trailer_def.tracks.overweight.tracks","units_count":100,"fill_ratio":1,"trailer_place":0}],"stokes.calais":[{"target":"lkwlog.luxembourg","urgency":1,"shortest_distance_km":372,"ferry_time":0,"ferry_price":0,"cargo":"cargo.yacht","company_truck":"iveco_4x2_b","trailer_variant":"trailer.overweight.yacht","trailer_definition":"trailer_def.yacht.overweight.yacht","units_count":100,"fill_ratio":1,"trailer_place":0}],"tree_et.graz":[{"target":"euroacres.dresden","urgency":0,"shortest_distance_km":551,"ferry_time":0,"ferry_price":0,"cargo":"cargo.tractor","company_truck":"daf_xf_euro6_6x4_c","trailer_variant":"trailer.overweight.tractor","trailer_definition":"trailer_def.tractor.overweight.tractor","units_count":100,"fill_ratio":1,"trailer_place":0}],"tree_et.felixstowe":[{"target":"lkwlog.calais","urgency":0,"shortest_distance_km":218,"ferry_time":91,"ferry_price":384,"cargo":"cargo.tractor","company_truck":"renault_premium_6x2_a","trailer_variant":"trailer.overweight.tractor","trailer_definition":"trailer_def.tractor.overweight.tractor","units_count":100,"fill_ratio":1,"trailer_place":0}],"tree_et.zurich":[{"target":"posped.strasbourg","urgency":0,"shortest_distance_km":229,"ferry_time":0,"ferry_price":0,"cargo":"cargo.tractors","company_truck":"mercedes_6x4_a","trailer_variant":"trailer.overweight.tractors","trailer_definition":"trailer_def.tractors.overweight.tractors","units_count":100,"fill_ratio":1,"trailer_place":0}],"euroacres.cambridge":[{"target":"transinet.torino","urgency":0,"shortest_distance_km":1280,"ferry_time":35,"ferry_price":300,"cargo":"cargo.tractor","company_truck":"renault_magnum_6x2_a","trailer_variant":"trailer.overweight.tractor","trailer_definition":"trailer_def.tractor.overweight.tractor","units_count":100,"fill_ratio":1,"trailer_place":0}],"fcp.poznan":[{"target":"stokes.poznan","urgency":0,"shortest_distance_km":1,"ferry_time":0,"ferry_price":0,"cargo":"cargo.tractors","company_truck":"man_tgx_euro6_4x2_xxl","trailer_variant":"trailer.overweight.tractors","trailer_definition":"trailer_def.tractors.overweight.tractors","units_count":100,"fill_ratio":1,"trailer_place":0}],"quarry.salzburg":[{"target":"sanbuilders.salzburg","urgency":1,"shortest_distance_km":77,"ferry_time":0,"ferry_price":0,"cargo":"cargo.driller","company_truck":"renault_premium_4x2_c","trailer_variant":"trailer.overweight.driller","trailer_definition":"trailer_def.driller.overweight.driller","units_count":100,"fill_ratio":1,"trailer_place":0}],"transinet.southampton":[{"target":"stokes.liege","urgency":1,"shortest_distance_km":512,"ferry_time":35,"ferry_price":300,"cargo":"cargo.driller","company_truck":"daf_xf_euro6_6x2_a","trailer_variant":"trailer.overweight.driller","trailer_definition":"trailer_def.driller.overweight.driller","units_count":100,"fill_ratio":1,"trailer_place":0}],"quarry.sheffield":[{"target":"posped.carlisle","urgency":2,"shortest_distance_km":290,"ferry_time":0,"ferry_price":0,"cargo":"cargo.tracks","company_truck":"man_6x4_b","trailer_variant":"trailer.overweight.tracks","trailer_definition":"trailer_def.tracks.overweight.tracks","units_count":100,"fill_ratio":1,"trailer_place":0}]}